# Blender 4.0.2
# www.blender.org
o acrylic_face
v 23.762451 3.640076 0.000000
v 42.591343 11.170054 0.000000
v 23.810806 3.497635 0.000000
v 42.540890 11.318691 0.000000
v 23.840149 14.201889 0.000000
v 23.849991 14.351990 0.000000
v 23.810806 14.054352 0.000000
v 23.695923 3.774994 0.000000
v 23.762451 13.911911 0.000000
v 23.695923 13.776993 0.000000
v 23.612350 3.900070 0.000000
v 23.612350 13.651917 0.000000
v 23.513168 4.013168 0.000000
v 23.513168 13.538818 0.000000
v 23.400070 4.112350 0.000000
v 23.400070 13.439636 0.000000
v 23.274994 4.195923 0.000000
v 23.274994 13.356064 0.000000
v 23.140076 4.262451 0.000000
v 23.140076 13.289536 0.000000
v 22.997635 4.310806 0.000000
v 22.997635 13.241180 0.000000
v 22.850098 4.340149 0.000000
v 22.850098 13.211838 0.000000
v 19.070587 8.220810 0.000000
v 22.699997 4.349991 0.000000
v 19.099991 7.772247 0.000000
v 22.549881 4.340149 0.000000
v 22.699997 13.201996 0.000000
v 19.070587 7.323669 0.000000
v 22.402344 4.310806 0.000000
v 18.982895 8.661697 0.000000
v 22.259903 4.262451 0.000000
v 22.549881 13.211838 0.000000
v 18.982895 6.882782 0.000000
v 22.125000 4.195923 0.000000
v 18.838394 9.087372 0.000000
v 18.838394 6.457108 0.000000
v 21.999924 4.112350 0.000000
v 22.402344 13.241180 0.000000
v 21.886826 4.013168 0.000000
v 22.259903 13.289536 0.000000
v 18.639572 6.053940 0.000000
v 21.787643 3.900070 0.000000
v 18.639572 9.490540 0.000000
v 21.704056 3.774994 0.000000
v 22.125000 13.356064 0.000000
v 18.389832 5.680176 0.000000
v 21.637527 3.640076 0.000000
v 18.389832 9.864319 0.000000
v 21.589172 3.497635 0.000000
v 21.999924 13.439636 0.000000
v 18.093430 5.342194 0.000000
v 21.559830 3.350098 0.000000
v 21.886826 13.538818 0.000000
v 17.755463 5.045807 0.000000
v 21.549988 3.199997 0.000000
v 18.093430 10.202286 0.000000
v 42.500000 11.629274 0.000000
v 42.500000 16.567724 0.000000
v 23.840149 14.502090 0.000000
v 23.810806 14.649628 0.000000
v 42.510265 16.724356 0.000000
v 23.762451 14.792084 0.000000
v 42.540890 16.878307 0.000000
v 23.695923 14.926987 0.000000
v 42.591343 17.026945 0.000000
v 23.612350 15.052063 0.000000
v 42.660770 17.167725 0.000000
v 23.513168 15.165161 0.000000
v 42.747974 17.298237 0.000000
v 23.400070 15.264343 0.000000
v 42.795113 17.351990 0.000000
v 23.274994 15.347916 0.000000
v 23.140076 15.414459 0.000000
v 22.997635 15.462814 0.000000
v 22.850098 15.492157 0.000000
v 22.699997 15.501999 0.000000
v 9.179993 17.351990 0.000000
v 22.549881 15.492157 0.000000
v 21.787643 13.651917 0.000000
v 21.704056 13.776993 0.000000
v 17.755463 10.498688 0.000000
v 21.637527 13.911911 0.000000
v 17.381699 10.748428 0.000000
v 21.589172 14.054352 0.000000
v 21.559830 14.201889 0.000000
v 16.978516 10.947250 0.000000
v 21.549988 14.351990 0.000000
v 16.552856 11.091736 0.000000
v 21.559830 14.502090 0.000000
v 21.589172 14.649628 0.000000
v 16.111954 11.179443 0.000000
v 21.637527 14.792084 0.000000
v 15.663391 11.208847 0.000000
v 21.704056 14.926987 0.000000
v 21.787643 15.052063 0.000000
v 21.886826 15.165161 0.000000
v 21.999924 15.264343 0.000000
v 22.402344 15.462814 0.000000
v 22.259903 15.414459 0.000000
v 22.125000 15.347916 0.000000
v 7.479996 20.243988 0.000000
v 9.179993 51.799500 0.000000
v 6.096588 11.208847 0.000000
v 5.648026 11.179443 0.000000
v 5.207138 11.091736 0.000000
v 0.000000 20.243988 0.000000
v 4.781464 10.947250 0.000000
v 4.378296 10.748428 0.000000
v 4.004517 10.498688 0.000000
v 3.666550 10.202286 0.000000
v 3.370148 9.864319 0.000000
v 3.120407 9.490540 0.000000
v 2.921585 9.087372 0.000000
v 0.000000 0.000000 0.000000
v 2.689392 8.220810 0.000000
v 2.659988 7.772247 0.000000
v 2.777084 8.661697 0.000000
v 61.711197 66.920593 0.000000
v 58.462997 66.507858 0.000000
v 61.711197 66.987534 0.000000
v 75.837067 68.098015 0.000000
v 73.626999 67.990005 0.000000
v 75.837067 68.331940 0.000000
v 88.790985 68.286438 0.000000
v 89.962921 68.331940 0.000000
v 89.962921 68.252075 0.000000
v 88.875992 72.249390 0.000000
v 85.000000 68.323486 0.000000
v 85.000000 72.299988 0.000000
v 81.209000 68.286438 0.000000
v 81.123993 72.249390 0.000000
v 80.037064 68.331940 0.000000
v 80.037064 68.252075 0.000000
v 80.031921 68.410263 0.000000
v 80.016617 68.487228 0.000000
v 79.991394 68.561554 0.000000
v 79.956680 68.631943 0.000000
v 79.913071 68.697205 0.000000
v 79.861328 68.756210 0.000000
v 79.802322 68.807953 0.000000
v 79.737061 68.851562 0.000000
v 79.666672 68.886276 0.000000
v 79.592346 68.911499 0.000000
v 79.515381 68.926804 0.000000
v 79.437057 68.931946 0.000000
v 77.247986 72.097549 0.000000
v 76.437057 68.931946 0.000000
v 76.358749 68.926804 0.000000
v 76.281769 68.911499 0.000000
v 76.207443 68.886276 0.000000
v 73.371994 71.844498 0.000000
v 76.137054 68.851562 0.000000
v 76.071808 68.807953 0.000000
v 76.012802 68.756210 0.000000
v 75.961044 68.697205 0.000000
v 75.917450 68.631943 0.000000
v 75.882736 68.561554 0.000000
v 75.842194 68.410263 0.000000
v 75.857498 68.487228 0.000000
v 69.835999 67.730637 0.000000
v 69.495987 71.490234 0.000000
v 66.044998 67.397156 0.000000
v 65.735458 67.411804 0.000000
v 65.773865 67.368004 0.000000
v 65.676453 67.463547 0.000000
v 65.611191 67.507156 0.000000
v 65.619995 71.034744 0.000000
v 65.540802 67.541870 0.000000
v 65.466476 67.567093 0.000000
v 65.389511 67.582413 0.000000
v 65.311188 67.587540 0.000000
v 61.743988 70.478027 0.000000
v 62.311188 67.587540 0.000000
v 62.232880 67.582413 0.000000
v 62.155899 67.567093 0.000000
v 62.081589 67.541870 0.000000
v 62.011200 67.507156 0.000000
v 61.945938 67.463547 0.000000
v 61.886932 67.411804 0.000000
v 61.835175 67.352798 0.000000
v 57.867996 69.820099 0.000000
v 61.791580 67.287537 0.000000
v 61.756866 67.217148 0.000000
v 61.731644 67.142838 0.000000
v 61.716324 67.065857 0.000000
v 54.671997 65.952057 0.000000
v 53.991989 69.060959 0.000000
v 50.880997 65.322144 0.000000
v 50.115997 68.200577 0.000000
v 48.601089 64.898743 0.000000
v 48.185333 64.898743 0.000000
v 46.239990 67.238998 0.000000
v 48.107010 64.893600 0.000000
v 48.030029 64.878296 0.000000
v 47.955719 64.853058 0.000000
v 47.885330 64.818359 0.000000
v 47.089996 64.618118 0.000000
v 47.820068 64.774750 0.000000
v 47.789616 64.748047 0.000000
v 43.298996 63.839981 0.000000
v 42.363998 66.176178 0.000000
v 39.507996 62.987747 0.000000
v 38.487991 65.012146 0.000000
v 35.716995 62.061401 0.000000
v 34.612000 63.746902 0.000000
v 31.925995 61.060959 0.000000
v 30.735992 62.380432 0.000000
v 28.134995 59.986404 0.000000
v 26.859985 60.912735 0.000000
v 24.562424 58.903931 0.000000
v 22.983994 59.343826 0.000000
v 23.370026 58.421265 0.000000
v 19.512970 56.759308 0.000000
v 19.107986 57.673706 0.000000
v 15.657623 54.997406 0.000000
v 15.231995 55.902359 0.000000
v 11.800552 53.133987 0.000000
v 11.355988 54.029785 0.000000
v 7.479996 52.056000 0.000000
v 144.920410 6.053940 0.000000
v 141.673172 4.013168 0.000000
v 144.721588 6.457108 0.000000
v 144.489395 8.220810 0.000000
v 142.000153 14.201889 0.000000
v 142.009995 14.351990 0.000000
v 141.560074 4.112350 0.000000
v 141.970810 14.054352 0.000000
v 141.434998 4.195923 0.000000
v 141.922455 13.911911 0.000000
v 144.577087 6.882782 0.000000
v 141.855927 13.776993 0.000000
v 141.300079 4.262451 0.000000
v 141.772354 13.651917 0.000000
v 144.489395 7.323669 0.000000
v 141.673172 13.538818 0.000000
v 141.157639 4.310806 0.000000
v 141.560074 13.439636 0.000000
v 141.010101 4.340149 0.000000
v 141.434998 13.356064 0.000000
v 144.459991 7.772247 0.000000
v 141.300079 13.289536 0.000000
v 140.859985 4.349991 0.000000
v 141.157639 13.241180 0.000000
v 141.010101 13.211838 0.000000
v 140.709885 4.340149 0.000000
v 140.859985 13.201996 0.000000
v 140.709885 13.211838 0.000000
v 140.562347 4.310806 0.000000
v 140.562347 13.241180 0.000000
v 140.419907 4.262451 0.000000
v 140.419907 13.289536 0.000000
v 140.284988 4.195923 0.000000
v 140.284988 13.356064 0.000000
v 140.159912 4.112350 0.000000
v 140.159912 13.439636 0.000000
v 140.046814 4.013168 0.000000
v 140.046814 13.538818 0.000000
v 139.947632 3.900070 0.000000
v 139.947632 13.651917 0.000000
v 127.408653 11.170054 0.000000
v 139.864059 3.774994 0.000000
v 127.339233 11.029275 0.000000
v 139.797531 3.640076 0.000000
v 127.459106 11.318691 0.000000
v 127.252022 10.898761 0.000000
v 139.749176 3.497635 0.000000
v 139.864059 13.776993 0.000000
v 127.148529 10.780746 0.000000
v 139.719833 3.350098 0.000000
v 127.489731 11.472643 0.000000
v 127.030510 10.677251 0.000000
v 139.709991 3.199997 0.000000
v 139.797531 13.911911 0.000000
v 167.310593 8.220810 0.000000
v 170.000000 0.000000 0.000000
v 167.339996 7.772247 0.000000
v 167.310593 7.323669 0.000000
v 167.222900 6.882782 0.000000
v 167.078400 6.457108 0.000000
v 166.879578 6.053940 0.000000
v 166.629837 5.680176 0.000000
v 166.333435 5.342194 0.000000
v 165.995468 5.045807 0.000000
v 165.621689 4.796066 0.000000
v 165.218521 4.597244 0.000000
v 164.792847 4.452744 0.000000
v 164.351959 4.365036 0.000000
v 163.903397 4.335648 0.000000
v 159.436600 4.335648 0.000000
v 158.988022 4.365036 0.000000
v 152.811966 4.365036 0.000000
v 158.547134 4.452744 0.000000
v 156.029388 7.323669 0.000000
v 155.799988 7.772247 0.000000
v 156.000000 7.772247 0.000000
v 155.770599 7.323669 0.000000
v 156.117096 6.882782 0.000000
v 155.682892 6.882782 0.000000
v 156.261581 6.457108 0.000000
v 155.538391 6.457108 0.000000
v 156.460403 6.053940 0.000000
v 155.339569 6.053940 0.000000
v 156.710159 5.680176 0.000000
v 155.089828 5.680176 0.000000
v 157.006546 5.342194 0.000000
v 154.793442 5.342194 0.000000
v 157.344528 5.045807 0.000000
v 154.455460 5.045807 0.000000
v 157.718292 4.796066 0.000000
v 154.081696 4.796066 0.000000
v 158.121460 4.597244 0.000000
v 153.252853 4.452744 0.000000
v 153.678528 4.597244 0.000000
v 152.363388 4.335648 0.000000
v 141.300079 2.137527 0.000000
v 141.434998 2.204056 0.000000
v 145.170151 5.680176 0.000000
v 141.855927 3.774994 0.000000
v 141.922455 3.640076 0.000000
v 141.970810 3.497635 0.000000
v 145.466553 5.342194 0.000000
v 142.000153 3.350098 0.000000
v 145.804520 5.045807 0.000000
v 142.009995 3.199997 0.000000
v 142.000153 3.049881 0.000000
v 146.178299 4.796066 0.000000
v 141.970810 2.902344 0.000000
v 146.581467 4.597244 0.000000
v 141.855927 2.625000 0.000000
v 147.007141 4.452744 0.000000
v 141.772354 2.499924 0.000000
v 147.448029 4.365036 0.000000
v 141.560074 2.287643 0.000000
v 147.896591 4.335648 0.000000
v 141.922455 2.759903 0.000000
v 141.673172 2.386826 0.000000
v 141.157639 2.089172 0.000000
v 141.010101 2.059830 0.000000
v 140.859985 2.049988 0.000000
v 140.709885 2.059830 0.000000
v 127.500000 11.629274 0.000000
v 139.749176 14.054352 0.000000
v 126.900002 10.590044 0.000000
v 139.719833 3.049881 0.000000
v 126.759216 10.520619 0.000000
v 139.749176 2.902344 0.000000
v 126.610580 10.470163 0.000000
v 139.797531 2.759903 0.000000
v 126.456635 10.439541 0.000000
v 139.864059 2.625000 0.000000
v 126.300003 10.429275 0.000000
v 139.947632 2.499924 0.000000
v 140.046814 2.386826 0.000000
v 140.159912 2.287643 0.000000
v 139.719833 14.201889 0.000000
v 139.709991 14.351990 0.000000
v 43.700001 10.429275 0.000000
v 140.284988 2.204056 0.000000
v 23.274994 2.204056 0.000000
v 140.419907 2.137527 0.000000
v 23.140076 2.137527 0.000000
v 140.562347 2.089172 0.000000
v 22.997635 2.089172 0.000000
v 42.510265 11.472643 0.000000
v 42.660770 11.029275 0.000000
v 23.840149 3.350098 0.000000
v 42.747974 10.898761 0.000000
v 23.849991 3.199997 0.000000
v 42.851471 10.780746 0.000000
v 23.840149 3.049881 0.000000
v 42.969486 10.677251 0.000000
v 23.810806 2.902344 0.000000
v 43.099998 10.590044 0.000000
v 23.762451 2.759903 0.000000
v 43.240780 10.520619 0.000000
v 23.695923 2.625000 0.000000
v 43.389416 10.470163 0.000000
v 23.612350 2.499924 0.000000
v 43.543369 10.439541 0.000000
v 23.400070 2.287643 0.000000
v 23.513168 2.386826 0.000000
v 22.850098 2.059830 0.000000
v 21.559830 3.049881 0.000000
v 17.381699 4.796066 0.000000
v 21.589172 2.902344 0.000000
v 16.978516 4.597244 0.000000
v 21.637527 2.759903 0.000000
v 21.704056 2.625000 0.000000
v 16.552856 4.452744 0.000000
v 21.787643 2.499924 0.000000
v 16.111954 4.365036 0.000000
v 21.886826 2.386826 0.000000
v 21.999924 2.287643 0.000000
v 15.663391 4.335648 0.000000
v 22.125000 2.204056 0.000000
v 22.259903 2.137527 0.000000
v 22.402344 2.089172 0.000000
v 22.549881 2.059830 0.000000
v 6.096588 4.335648 0.000000
v 2.689392 7.323669 0.000000
v 2.777084 6.882782 0.000000
v 2.921585 6.457108 0.000000
v 3.120407 6.053940 0.000000
v 3.370148 5.680176 0.000000
v 3.666550 5.342194 0.000000
v 4.004517 5.045807 0.000000
v 4.378296 4.796066 0.000000
v 4.781464 4.597244 0.000000
v 5.207138 4.452744 0.000000
v 5.648026 4.365036 0.000000
v 22.699997 2.049988 0.000000
v 170.000000 20.243988 0.000000
v 167.222900 8.661697 0.000000
v 167.078400 9.087372 0.000000
v 166.879578 9.490540 0.000000
v 166.629837 9.864319 0.000000
v 166.333435 10.202286 0.000000
v 165.995468 10.498688 0.000000
v 165.621689 10.748428 0.000000
v 165.218521 10.947250 0.000000
v 164.792847 11.091736 0.000000
v 160.819992 17.351990 0.000000
v 164.351959 11.179443 0.000000
v 163.903397 11.208847 0.000000
v 162.519989 20.243988 0.000000
v 160.819992 51.799500 0.000000
v 159.436600 11.208847 0.000000
v 158.988022 11.179443 0.000000
v 158.547134 11.091736 0.000000
v 158.121460 10.947250 0.000000
v 153.678528 10.947250 0.000000
v 157.718292 10.748428 0.000000
v 154.081696 10.748428 0.000000
v 157.344528 10.498688 0.000000
v 154.455460 10.498688 0.000000
v 157.006546 10.202286 0.000000
v 154.793442 10.202286 0.000000
v 156.710159 9.864319 0.000000
v 155.089828 9.864319 0.000000
v 156.460403 9.490540 0.000000
v 156.029388 8.220810 0.000000
v 155.770599 8.220810 0.000000
v 156.117096 8.661697 0.000000
v 155.682892 8.661697 0.000000
v 156.261581 9.087372 0.000000
v 155.538391 9.087372 0.000000
v 155.339569 9.490540 0.000000
v 153.252853 11.091736 0.000000
v 152.811966 11.179443 0.000000
v 152.363388 11.208847 0.000000
v 141.772354 15.052063 0.000000
v 147.896591 11.208847 0.000000
v 141.922455 14.792084 0.000000
v 147.448029 11.179443 0.000000
v 141.970810 14.649628 0.000000
v 147.007141 11.091736 0.000000
v 146.581467 10.947250 0.000000
v 141.772354 3.900070 0.000000
v 144.577087 8.661697 0.000000
v 144.721588 9.087372 0.000000
v 144.920410 9.490540 0.000000
v 145.170151 9.864319 0.000000
v 145.466553 10.202286 0.000000
v 145.804520 10.498688 0.000000
v 146.178299 10.748428 0.000000
v 142.000153 14.502090 0.000000
v 141.855927 14.926987 0.000000
v 141.673172 15.165161 0.000000
v 141.560074 15.264343 0.000000
v 141.434998 15.347916 0.000000
v 141.300079 15.414459 0.000000
v 141.157639 15.462814 0.000000
v 141.010101 15.492157 0.000000
v 140.859985 15.501999 0.000000
v 127.204887 17.351990 0.000000
v 140.709885 15.492157 0.000000
v 127.500000 16.567724 0.000000
v 139.719833 14.502090 0.000000
v 139.749176 14.649628 0.000000
v 139.797531 14.792084 0.000000
v 127.489731 16.724356 0.000000
v 139.864059 14.926987 0.000000
v 127.459106 16.878307 0.000000
v 139.947632 15.052063 0.000000
v 127.408653 17.026945 0.000000
v 140.046814 15.165161 0.000000
v 127.339233 17.167725 0.000000
v 140.159912 15.264343 0.000000
v 127.252022 17.298237 0.000000
v 140.284988 15.347916 0.000000
v 140.419907 15.414459 0.000000
v 140.562347 15.462814 0.000000
v 162.519989 52.056000 0.000000
v 158.643997 54.029785 0.000000
v 158.199432 53.133987 0.000000
v 154.767990 55.902359 0.000000
v 154.342361 54.997406 0.000000
v 150.891998 57.673706 0.000000
v 150.487015 56.759308 0.000000
v 147.015991 59.343826 0.000000
v 146.629959 58.421265 0.000000
v 145.437561 58.903931 0.000000
v 143.139999 60.912735 0.000000
v 141.864990 59.986404 0.000000
v 139.263992 62.380432 0.000000
v 138.073990 61.060959 0.000000
v 135.387985 63.746902 0.000000
v 134.282990 62.061401 0.000000
v 131.511993 65.012146 0.000000
v 130.491989 62.987747 0.000000
v 127.635986 66.176178 0.000000
v 126.700989 63.839981 0.000000
v 123.759995 67.238998 0.000000
v 122.909988 64.618118 0.000000
v 122.179916 64.774750 0.000000
v 122.210373 64.748047 0.000000
v 122.114655 64.818359 0.000000
v 122.044266 64.853058 0.000000
v 121.969955 64.878296 0.000000
v 121.892975 64.893600 0.000000
v 121.814651 64.898743 0.000000
v 119.883987 68.200577 0.000000
v 121.398895 64.898743 0.000000
v 119.118988 65.322144 0.000000
v 116.007996 69.060959 0.000000
v 115.327988 65.952057 0.000000
v 112.131989 69.820099 0.000000
v 111.536987 66.507858 0.000000
v 108.288788 66.987534 0.000000
v 108.288788 66.920593 0.000000
v 108.283661 67.065857 0.000000
v 108.268341 67.142838 0.000000
v 108.243118 67.217148 0.000000
v 108.208405 67.287537 0.000000
v 108.164810 67.352798 0.000000
v 108.255997 70.478027 0.000000
v 108.113052 67.411804 0.000000
v 108.054047 67.463547 0.000000
v 107.988785 67.507156 0.000000
v 107.918396 67.541870 0.000000
v 107.844086 67.567093 0.000000
v 107.767105 67.582413 0.000000
v 107.688797 67.587540 0.000000
v 104.688797 67.587540 0.000000
v 104.379990 71.034744 0.000000
v 104.610474 67.582413 0.000000
v 104.533508 67.567093 0.000000
v 104.459183 67.541870 0.000000
v 103.954987 67.397156 0.000000
v 104.388794 67.507156 0.000000
v 104.323532 67.463547 0.000000
v 104.264526 67.411804 0.000000
v 104.226120 67.368004 0.000000
v 100.503998 71.490234 0.000000
v 100.163986 67.730637 0.000000
v 96.627991 71.844498 0.000000
v 96.372986 67.990005 0.000000
v 94.162918 68.331940 0.000000
v 94.162918 68.098015 0.000000
v 94.157791 68.410263 0.000000
v 94.142487 68.487228 0.000000
v 94.117249 68.561554 0.000000
v 94.082535 68.631943 0.000000
v 94.038940 68.697205 0.000000
v 93.987183 68.756210 0.000000
v 93.928177 68.807953 0.000000
v 93.862930 68.851562 0.000000
v 93.792542 68.886276 0.000000
v 92.751999 72.097549 0.000000
v 93.718216 68.911499 0.000000
v 93.641235 68.926804 0.000000
v 93.562927 68.931946 0.000000
v 90.562927 68.931946 0.000000
v 90.484604 68.926804 0.000000
v 90.407639 68.911499 0.000000
v 90.333313 68.886276 0.000000
v 90.262924 68.851562 0.000000
v 90.197662 68.807953 0.000000
v 90.138657 68.756210 0.000000
v 90.086914 68.697205 0.000000
v 90.043304 68.631943 0.000000
v 90.008591 68.561554 0.000000
v 89.983368 68.487228 0.000000
v 89.968063 68.410263 0.000000
v 23.762451 13.911911 2.000000
v 42.510265 11.472643 2.000000
v 23.810806 14.054352 2.000000
v 42.540890 11.318691 2.000000
v 23.840149 3.350098 2.000000
v 23.849991 3.199997 2.000000
v 23.810806 3.497635 2.000000
v 23.695923 13.776993 2.000000
v 23.762451 3.640076 2.000000
v 23.695923 3.774994 2.000000
v 23.612350 13.651917 2.000000
v 23.612350 3.900070 2.000000
v 23.513168 13.538818 2.000000
v 23.513168 4.013168 2.000000
v 23.400070 13.439636 2.000000
v 23.400070 4.112350 2.000000
v 23.274994 13.356064 2.000000
v 23.274994 4.195923 2.000000
v 23.140076 13.289536 2.000000
v 23.140076 4.262451 2.000000
v 22.997635 13.241180 2.000000
v 22.997635 4.310806 2.000000
v 22.850098 13.211838 2.000000
v 22.850098 4.340149 2.000000
v 19.070587 8.220810 2.000000
v 22.699997 13.201996 2.000000
v 18.982895 8.661697 2.000000
v 22.549881 13.211838 2.000000
v 22.699997 4.349991 2.000000
v 18.838394 9.087372 2.000000
v 22.402344 13.241180 2.000000
v 19.099991 7.772247 2.000000
v 22.259903 13.289536 2.000000
v 22.549881 4.340149 2.000000
v 18.639572 9.490540 2.000000
v 22.125000 13.356064 2.000000
v 19.070587 7.323669 2.000000
v 18.389832 9.864319 2.000000
v 21.999924 13.439636 2.000000
v 22.402344 4.310806 2.000000
v 21.886826 13.538818 2.000000
v 22.259903 4.262451 2.000000
v 18.093430 10.202286 2.000000
v 21.787643 13.651917 2.000000
v 18.982895 6.882782 2.000000
v 21.704056 13.776993 2.000000
v 22.125000 4.195923 2.000000
v 17.755463 10.498688 2.000000
v 21.637527 13.911911 2.000000
v 18.838394 6.457108 2.000000
v 17.381699 10.748428 2.000000
v 21.589172 14.054352 2.000000
v 21.999924 4.112350 2.000000
v 21.559830 14.201889 2.000000
v 21.886826 4.013168 2.000000
v 16.978516 10.947250 2.000000
v 21.549988 14.351990 2.000000
v 18.639572 6.053940 2.000000
v 42.500000 16.567724 2.000000
v 23.849991 14.351990 2.000000
v 42.500000 11.629274 2.000000
v 23.810806 14.649628 2.000000
v 42.510265 16.724356 2.000000
v 23.762451 14.792084 2.000000
v 42.540890 16.878307 2.000000
v 23.695923 14.926987 2.000000
v 42.591343 17.026945 2.000000
v 23.612350 15.052063 2.000000
v 42.660770 17.167725 2.000000
v 23.513168 15.165161 2.000000
v 42.747974 17.298237 2.000000
v 23.400070 15.264343 2.000000
v 42.795113 17.351990 2.000000
v 23.840149 14.502090 2.000000
v 23.274994 15.347916 2.000000
v 23.140076 15.414459 2.000000
v 22.997635 15.462814 2.000000
v 22.850098 15.492157 2.000000
v 22.699997 15.501999 2.000000
v 9.179993 17.351990 2.000000
v 21.787643 3.900070 2.000000
v 16.552856 11.091736 2.000000
v 21.559830 14.502090 2.000000
v 21.589172 14.649628 2.000000
v 16.111954 11.179443 2.000000
v 21.637527 14.792084 2.000000
v 21.704056 3.774994 2.000000
v 15.663391 11.208847 2.000000
v 21.704056 14.926987 2.000000
v 21.787643 15.052063 2.000000
v 21.886826 15.165161 2.000000
v 21.999924 15.264343 2.000000
v 22.125000 15.347916 2.000000
v 22.549881 15.492157 2.000000
v 22.402344 15.462814 2.000000
v 22.259903 15.414459 2.000000
v 9.179993 51.799500 2.000000
v 7.479996 20.243988 2.000000
v 6.096588 11.208847 2.000000
v 5.207138 11.091736 2.000000
v 5.648026 11.179443 2.000000
v 0.000000 20.243988 2.000000
v 4.781464 10.947250 2.000000
v 4.378296 10.748428 2.000000
v 4.004517 10.498688 2.000000
v 3.666550 10.202286 2.000000
v 3.370148 9.864319 2.000000
v 3.120407 9.490540 2.000000
v 0.000000 0.000000 2.000000
v 2.689392 8.220810 2.000000
v 2.777084 8.661697 2.000000
v 2.921585 9.087372 2.000000
v 81.209000 68.286438 2.000000
v 80.031921 68.410263 2.000000
v 80.037064 68.331940 2.000000
v 80.016617 68.487228 2.000000
v 79.991394 68.561554 2.000000
v 79.956680 68.631943 2.000000
v 79.913071 68.697205 2.000000
v 79.861328 68.756210 2.000000
v 81.123993 72.249390 2.000000
v 79.802322 68.807953 2.000000
v 79.737061 68.851562 2.000000
v 79.666672 68.886276 2.000000
v 79.592346 68.911499 2.000000
v 79.515381 68.926804 2.000000
v 79.437057 68.931946 2.000000
v 77.247986 72.097549 2.000000
v 76.437057 68.931946 2.000000
v 76.358749 68.926804 2.000000
v 76.281769 68.911499 2.000000
v 76.207443 68.886276 2.000000
v 73.371994 71.844498 2.000000
v 76.137054 68.851562 2.000000
v 76.071808 68.807953 2.000000
v 76.012802 68.756210 2.000000
v 75.961044 68.697205 2.000000
v 73.626999 67.990005 2.000000
v 75.837067 68.331940 2.000000
v 75.837067 68.098015 2.000000
v 75.842194 68.410263 2.000000
v 75.857498 68.487228 2.000000
v 75.882736 68.561554 2.000000
v 75.917450 68.631943 2.000000
v 69.835999 67.730637 2.000000
v 69.495987 71.490234 2.000000
v 66.044998 67.397156 2.000000
v 65.619995 71.034744 2.000000
v 65.735458 67.411804 2.000000
v 65.773865 67.368004 2.000000
v 65.540802 67.541870 2.000000
v 65.676453 67.463547 2.000000
v 65.611191 67.507156 2.000000
v 65.466476 67.567093 2.000000
v 65.389511 67.582413 2.000000
v 65.311188 67.587540 2.000000
v 61.743988 70.478027 2.000000
v 62.311188 67.587540 2.000000
v 62.232880 67.582413 2.000000
v 62.155899 67.567093 2.000000
v 62.081589 67.541870 2.000000
v 62.011200 67.507156 2.000000
v 61.945938 67.463547 2.000000
v 61.886932 67.411804 2.000000
v 61.835175 67.352798 2.000000
v 57.867996 69.820099 2.000000
v 61.791580 67.287537 2.000000
v 58.462997 66.507858 2.000000
v 61.756866 67.217148 2.000000
v 61.731644 67.142838 2.000000
v 61.711197 66.987534 2.000000
v 61.711197 66.920593 2.000000
v 61.716324 67.065857 2.000000
v 54.671997 65.952057 2.000000
v 53.991989 69.060959 2.000000
v 50.880997 65.322144 2.000000
v 50.115997 68.200577 2.000000
v 48.601089 64.898743 2.000000
v 48.185333 64.898743 2.000000
v 46.239990 67.238998 2.000000
v 48.107010 64.893600 2.000000
v 48.030029 64.878296 2.000000
v 47.955719 64.853058 2.000000
v 47.885330 64.818359 2.000000
v 47.089996 64.618118 2.000000
v 47.820068 64.774750 2.000000
v 47.789616 64.748047 2.000000
v 43.298996 63.839981 2.000000
v 42.363998 66.176178 2.000000
v 39.507996 62.987747 2.000000
v 38.487991 65.012146 2.000000
v 35.716995 62.061401 2.000000
v 34.612000 63.746902 2.000000
v 31.925995 61.060959 2.000000
v 30.735992 62.380432 2.000000
v 28.134995 59.986404 2.000000
v 26.859985 60.912735 2.000000
v 24.562424 58.903931 2.000000
v 22.983994 59.343826 2.000000
v 23.370026 58.421265 2.000000
v 19.512970 56.759308 2.000000
v 19.107986 57.673706 2.000000
v 15.657623 54.997406 2.000000
v 15.231995 55.902359 2.000000
v 11.800552 53.133987 2.000000
v 11.355988 54.029785 2.000000
v 7.479996 52.056000 2.000000
v 145.466553 10.202286 2.000000
v 141.673172 13.538818 2.000000
v 145.170151 9.864319 2.000000
v 144.489395 8.220810 2.000000
v 142.000153 3.350098 2.000000
v 142.009995 3.199997 2.000000
v 141.560074 13.439636 2.000000
v 141.970810 3.497635 2.000000
v 141.434998 13.356064 2.000000
v 141.922455 3.640076 2.000000
v 144.920410 9.490540 2.000000
v 141.855927 3.774994 2.000000
v 141.300079 13.289536 2.000000
v 141.772354 3.900070 2.000000
v 144.721588 9.087372 2.000000
v 141.673172 4.013168 2.000000
v 141.157639 13.241180 2.000000
v 141.560074 4.112350 2.000000
v 141.010101 13.211838 2.000000
v 141.434998 4.195923 2.000000
v 144.577087 8.661697 2.000000
v 141.300079 4.262451 2.000000
v 140.859985 13.201996 2.000000
v 141.157639 4.310806 2.000000
v 141.010101 4.340149 2.000000
v 140.709885 13.211838 2.000000
v 140.859985 4.349991 2.000000
v 140.709885 4.340149 2.000000
v 140.562347 13.241180 2.000000
v 140.562347 4.310806 2.000000
v 140.419907 13.289536 2.000000
v 140.419907 4.262451 2.000000
v 140.284988 13.356064 2.000000
v 140.284988 4.195923 2.000000
v 140.159912 13.439636 2.000000
v 140.159912 4.112350 2.000000
v 140.046814 13.538818 2.000000
v 140.046814 4.013168 2.000000
v 139.947632 13.651917 2.000000
v 139.947632 3.900070 2.000000
v 127.459106 11.318691 2.000000
v 139.864059 13.776993 2.000000
v 127.408653 11.170054 2.000000
v 127.489731 11.472643 2.000000
v 139.797531 13.911911 2.000000
v 139.864059 3.774994 2.000000
v 127.500000 11.629274 2.000000
v 139.749176 14.054352 2.000000
v 139.719833 14.201889 2.000000
v 127.339233 11.029275 2.000000
v 139.709991 14.351990 2.000000
v 139.797531 3.640076 2.000000
v 162.519989 52.056000 2.000000
v 160.819992 51.799500 2.000000
v 162.519989 20.243988 2.000000
v 158.643997 54.029785 2.000000
v 158.199432 53.133987 2.000000
v 154.767990 55.902359 2.000000
v 154.342361 54.997406 2.000000
v 150.891998 57.673706 2.000000
v 150.487015 56.759308 2.000000
v 147.015991 59.343826 2.000000
v 146.629959 58.421265 2.000000
v 145.437561 58.903931 2.000000
v 143.139999 60.912735 2.000000
v 141.864990 59.986404 2.000000
v 139.263992 62.380432 2.000000
v 138.073990 61.060959 2.000000
v 135.387985 63.746902 2.000000
v 134.282990 62.061401 2.000000
v 131.511993 65.012146 2.000000
v 130.491989 62.987747 2.000000
v 127.635986 66.176178 2.000000
v 126.700989 63.839981 2.000000
v 123.759995 67.238998 2.000000
v 122.909988 64.618118 2.000000
v 122.114655 64.818359 2.000000
v 122.179916 64.774750 2.000000
v 122.210373 64.748047 2.000000
v 122.044266 64.853058 2.000000
v 121.969955 64.878296 2.000000
v 121.892975 64.893600 2.000000
v 121.814651 64.898743 2.000000
v 119.883987 68.200577 2.000000
v 121.398895 64.898743 2.000000
v 119.118988 65.322144 2.000000
v 116.007996 69.060959 2.000000
v 115.327988 65.952057 2.000000
v 112.131989 69.820099 2.000000
v 111.536987 66.507858 2.000000
v 108.208405 67.287537 2.000000
v 108.283661 67.065857 2.000000
v 108.288788 66.987534 2.000000
v 108.268341 67.142838 2.000000
v 108.164810 67.352798 2.000000
v 108.255997 70.478027 2.000000
v 108.243118 67.217148 2.000000
v 108.113052 67.411804 2.000000
v 108.054047 67.463547 2.000000
v 107.988785 67.507156 2.000000
v 107.918396 67.541870 2.000000
v 107.844086 67.567093 2.000000
v 107.767105 67.582413 2.000000
v 107.688797 67.587540 2.000000
v 104.688797 67.587540 2.000000
v 104.379990 71.034744 2.000000
v 104.610474 67.582413 2.000000
v 104.533508 67.567093 2.000000
v 104.459183 67.541870 2.000000
v 103.954987 67.397156 2.000000
v 104.388794 67.507156 2.000000
v 104.323532 67.463547 2.000000
v 104.264526 67.411804 2.000000
v 104.226120 67.368004 2.000000
v 100.503998 71.490234 2.000000
v 100.163986 67.730637 2.000000
v 96.627991 71.844498 2.000000
v 96.372986 67.990005 2.000000
v 94.038940 68.697205 2.000000
v 94.157791 68.410263 2.000000
v 94.162918 68.331940 2.000000
v 94.142487 68.487228 2.000000
v 94.117249 68.561554 2.000000
v 94.082535 68.631943 2.000000
v 93.987183 68.756210 2.000000
v 93.928177 68.807953 2.000000
v 93.862930 68.851562 2.000000
v 93.792542 68.886276 2.000000
v 92.751999 72.097549 2.000000
v 93.718216 68.911499 2.000000
v 93.641235 68.926804 2.000000
v 93.562927 68.931946 2.000000
v 90.562927 68.931946 2.000000
v 88.875992 72.249390 2.000000
v 90.484604 68.926804 2.000000
v 90.407639 68.911499 2.000000
v 90.333313 68.886276 2.000000
v 90.262924 68.851562 2.000000
v 90.197662 68.807953 2.000000
v 90.138657 68.756210 2.000000
v 88.790985 68.286438 2.000000
v 90.086914 68.697205 2.000000
v 90.043304 68.631943 2.000000
v 90.008591 68.561554 2.000000
v 89.983368 68.487228 2.000000
v 89.968063 68.410263 2.000000
v 89.962921 68.331940 2.000000
v 89.962921 68.252075 2.000000
v 85.000000 72.299988 2.000000
v 85.000000 68.323486 2.000000
v 80.037064 68.252075 2.000000
v 167.310593 8.220810 2.000000
v 170.000000 0.000000 2.000000
v 170.000000 20.243988 2.000000
v 167.339996 7.772247 2.000000
v 167.222900 8.661697 2.000000
v 167.078400 9.087372 2.000000
v 166.879578 9.490540 2.000000
v 166.629837 9.864319 2.000000
v 166.333435 10.202286 2.000000
v 165.995468 10.498688 2.000000
v 165.621689 10.748428 2.000000
v 165.218521 10.947250 2.000000
v 164.792847 11.091736 2.000000
v 160.819992 17.351990 2.000000
v 164.351959 11.179443 2.000000
v 163.903397 11.208847 2.000000
v 159.436600 11.208847 2.000000
v 158.988022 11.179443 2.000000
v 158.547134 11.091736 2.000000
v 158.121460 10.947250 2.000000
v 153.678528 10.947250 2.000000
v 157.718292 10.748428 2.000000
v 154.081696 10.748428 2.000000
v 154.455460 10.498688 2.000000
v 157.344528 10.498688 2.000000
v 157.006546 10.202286 2.000000
v 156.029388 8.220810 2.000000
v 155.799988 7.772247 2.000000
v 156.000000 7.772247 2.000000
v 155.770599 8.220810 2.000000
v 156.117096 8.661697 2.000000
v 155.682892 8.661697 2.000000
v 156.261581 9.087372 2.000000
v 155.538391 9.087372 2.000000
v 156.460403 9.490540 2.000000
v 154.793442 10.202286 2.000000
v 156.710159 9.864319 2.000000
v 155.339569 9.490540 2.000000
v 155.089828 9.864319 2.000000
v 153.252853 11.091736 2.000000
v 152.811966 11.179443 2.000000
v 152.363388 11.208847 2.000000
v 141.772354 15.052063 2.000000
v 147.896591 11.208847 2.000000
v 141.855927 14.926987 2.000000
v 141.922455 14.792084 2.000000
v 141.772354 13.651917 2.000000
v 141.855927 13.776993 2.000000
v 145.804520 10.498688 2.000000
v 141.922455 13.911911 2.000000
v 146.178299 10.748428 2.000000
v 141.970810 14.054352 2.000000
v 142.000153 14.201889 2.000000
v 146.581467 10.947250 2.000000
v 142.009995 14.351990 2.000000
v 141.970810 14.649628 2.000000
v 147.448029 11.179443 2.000000
v 147.007141 11.091736 2.000000
v 142.000153 14.502090 2.000000
v 141.673172 15.165161 2.000000
v 141.560074 15.264343 2.000000
v 141.434998 15.347916 2.000000
v 141.300079 15.414459 2.000000
v 141.157639 15.462814 2.000000
v 141.010101 15.492157 2.000000
v 140.859985 15.501999 2.000000
v 127.204887 17.351990 2.000000
v 127.500000 16.567724 2.000000
v 139.719833 14.502090 2.000000
v 139.749176 14.649628 2.000000
v 139.797531 14.792084 2.000000
v 127.489731 16.724356 2.000000
v 139.864059 14.926987 2.000000
v 127.459106 16.878307 2.000000
v 139.947632 15.052063 2.000000
v 127.408653 17.026945 2.000000
v 140.046814 15.165161 2.000000
v 127.339233 17.167725 2.000000
v 140.159912 15.264343 2.000000
v 127.252022 17.298237 2.000000
v 140.284988 15.347916 2.000000
v 140.419907 15.414459 2.000000
v 140.562347 15.462814 2.000000
v 140.709885 15.492157 2.000000
v 167.310593 7.323669 2.000000
v 167.222900 6.882782 2.000000
v 167.078400 6.457108 2.000000
v 166.879578 6.053940 2.000000
v 166.629837 5.680176 2.000000
v 166.333435 5.342194 2.000000
v 165.995468 5.045807 2.000000
v 165.621689 4.796066 2.000000
v 165.218521 4.597244 2.000000
v 164.792847 4.452744 2.000000
v 164.351959 4.365036 2.000000
v 163.903397 4.335648 2.000000
v 159.436600 4.335648 2.000000
v 158.988022 4.365036 2.000000
v 152.811966 4.365036 2.000000
v 158.547134 4.452744 2.000000
v 153.252853 4.452744 2.000000
v 158.121460 4.597244 2.000000
v 156.029388 7.323669 2.000000
v 155.770599 7.323669 2.000000
v 156.117096 6.882782 2.000000
v 155.682892 6.882782 2.000000
v 156.261581 6.457108 2.000000
v 155.538391 6.457108 2.000000
v 156.460403 6.053940 2.000000
v 155.339569 6.053940 2.000000
v 156.710159 5.680176 2.000000
v 155.089828 5.680176 2.000000
v 157.006546 5.342194 2.000000
v 154.793442 5.342194 2.000000
v 157.344528 5.045807 2.000000
v 154.455460 5.045807 2.000000
v 157.718292 4.796066 2.000000
v 154.081696 4.796066 2.000000
v 153.678528 4.597244 2.000000
v 152.363388 4.335648 2.000000
v 141.434998 2.204056 2.000000
v 147.896591 4.335648 2.000000
v 141.560074 2.287643 2.000000
v 147.448029 4.365036 2.000000
v 144.459991 7.772247 2.000000
v 144.489395 7.323669 2.000000
v 144.577087 6.882782 2.000000
v 144.721588 6.457108 2.000000
v 144.920410 6.053940 2.000000
v 145.170151 5.680176 2.000000
v 145.466553 5.342194 2.000000
v 145.804520 5.045807 2.000000
v 142.000153 3.049881 2.000000
v 146.178299 4.796066 2.000000
v 141.970810 2.902344 2.000000
v 146.581467 4.597244 2.000000
v 141.922455 2.759903 2.000000
v 141.855927 2.625000 2.000000
v 147.007141 4.452744 2.000000
v 141.772354 2.499924 2.000000
v 141.673172 2.386826 2.000000
v 141.300079 2.137527 2.000000
v 141.157639 2.089172 2.000000
v 141.010101 2.059830 2.000000
v 140.859985 2.049988 2.000000
v 140.709885 2.059830 2.000000
v 127.252022 10.898761 2.000000
v 139.749176 3.497635 2.000000
v 127.148529 10.780746 2.000000
v 139.719833 3.350098 2.000000
v 127.030510 10.677251 2.000000
v 139.709991 3.199997 2.000000
v 126.900002 10.590044 2.000000
v 139.719833 3.049881 2.000000
v 126.759216 10.520619 2.000000
v 139.749176 2.902344 2.000000
v 126.610580 10.470163 2.000000
v 139.797531 2.759903 2.000000
v 126.456635 10.439541 2.000000
v 139.864059 2.625000 2.000000
v 126.300003 10.429275 2.000000
v 139.947632 2.499924 2.000000
v 140.046814 2.386826 2.000000
v 140.159912 2.287643 2.000000
v 43.700001 10.429275 2.000000
v 140.284988 2.204056 2.000000
v 23.274994 2.204056 2.000000
v 140.419907 2.137527 2.000000
v 23.140076 2.137527 2.000000
v 23.513168 2.386826 2.000000
v 43.543369 10.439541 2.000000
v 23.840149 14.201889 2.000000
v 42.591343 11.170054 2.000000
v 42.660770 11.029275 2.000000
v 42.747974 10.898761 2.000000
v 42.851471 10.780746 2.000000
v 23.840149 3.049881 2.000000
v 42.969486 10.677251 2.000000
v 23.810806 2.902344 2.000000
v 43.099998 10.590044 2.000000
v 23.762451 2.759903 2.000000
v 43.240780 10.520619 2.000000
v 23.695923 2.625000 2.000000
v 43.389416 10.470163 2.000000
v 23.612350 2.499924 2.000000
v 23.400070 2.287643 2.000000
v 140.562347 2.089172 2.000000
v 22.997635 2.089172 2.000000
v 22.850098 2.059830 2.000000
v 22.699997 2.049988 2.000000
v 18.389832 5.680176 2.000000
v 21.637527 3.640076 2.000000
v 21.589172 3.497635 2.000000
v 18.093430 5.342194 2.000000
v 21.559830 3.350098 2.000000
v 17.755463 5.045807 2.000000
v 21.549988 3.199997 2.000000
v 21.559830 3.049881 2.000000
v 17.381699 4.796066 2.000000
v 21.589172 2.902344 2.000000
v 16.978516 4.597244 2.000000
v 21.637527 2.759903 2.000000
v 21.704056 2.625000 2.000000
v 16.552856 4.452744 2.000000
v 21.787643 2.499924 2.000000
v 16.111954 4.365036 2.000000
v 21.886826 2.386826 2.000000
v 21.999924 2.287643 2.000000
v 15.663391 4.335648 2.000000
v 22.125000 2.204056 2.000000
v 22.259903 2.137527 2.000000
v 6.096588 4.335648 2.000000
v 22.402344 2.089172 2.000000
v 5.648026 4.365036 2.000000
v 2.659988 7.772247 2.000000
v 2.689392 7.323669 2.000000
v 22.549881 2.059830 2.000000
v 5.207138 4.452744 2.000000
v 4.781464 4.597244 2.000000
v 4.378296 4.796066 2.000000
v 4.004517 5.045807 2.000000
v 3.666550 5.342194 2.000000
v 3.370148 5.680176 2.000000
v 3.120407 6.053940 2.000000
v 2.921585 6.457108 2.000000
v 2.777084 6.882782 2.000000
v 108.288788 66.920593 2.000000
v 94.162918 68.098015 2.000000
vn -0.0000 -0.0000 -1.0000
vn -0.0000 -0.0000 1.0000
vn -0.0000 1.0000 -0.0000
vn 1.0000 -0.0000 -0.0000
vn 0.4538 0.8911 -0.0000
vn 0.4350 0.9004 -0.0000
vn 0.4157 0.9095 -0.0000
vn 0.3957 0.9184 -0.0000
vn 0.3752 0.9269 -0.0000
vn 0.3541 0.9352 -0.0000
vn 0.3325 0.9431 -0.0000
vn 0.3103 0.9506 -0.0000
vn 0.2876 0.9577 -0.0000
vn 0.2644 0.9644 -0.0000
vn 0.2408 0.9706 -0.0000
vn 0.2167 0.9762 -0.0000
vn 0.1922 0.9814 -0.0000
vn 0.1674 0.9859 -0.0000
vn 0.1422 0.9898 -0.0000
vn 0.1167 0.9932 -0.0000
vn 0.0910 0.9958 -0.0000
vn 0.0651 0.9979 -0.0000
vn 0.0391 0.9992 -0.0000
vn 0.0131 0.9999 -0.0000
vn -0.0131 0.9999 -0.0000
vn -0.0391 0.9992 -0.0000
vn -0.0651 0.9979 -0.0000
vn -0.0910 0.9958 -0.0000
vn -0.1167 0.9932 -0.0000
vn -0.1422 0.9898 -0.0000
vn -0.1674 0.9859 -0.0000
vn -0.1922 0.9814 -0.0000
vn -0.2167 0.9762 -0.0000
vn -0.2408 0.9706 -0.0000
vn -0.2644 0.9644 -0.0000
vn -0.2876 0.9577 -0.0000
vn -0.3103 0.9506 -0.0000
vn -0.3325 0.9431 -0.0000
vn -0.3541 0.9352 -0.0000
vn -0.3752 0.9269 -0.0000
vn -0.3957 0.9184 -0.0000
vn -0.4157 0.9095 -0.0000
vn -0.4350 0.9004 -0.0000
vn -0.4538 0.8911 -0.0000
vn -1.0000 -0.0000 -0.0000
vn -0.0000 -1.0000 -0.0000
vn -0.4157 -0.9095 -0.0000
vn -0.0293 -0.9996 -0.0000
vn 0.0876 -0.9962 -0.0000
vn -0.1069 -0.9943 -0.0000
vn -0.3957 -0.9184 -0.0000
vn 0.3957 -0.9184 -0.0000
vn 0.0293 -0.9996 -0.0000
vn -0.3752 -0.9269 -0.0000
vn -0.2900 -0.9570 -0.0000
vn 0.1639 -0.9865 -0.0000
vn 0.2900 -0.9570 -0.0000
vn 0.1069 -0.9943 -0.0000
vn -0.0683 -0.9977 -0.0000
vn 0.2727 -0.9621 -0.0000
vn 0.1826 -0.9832 -0.0000
vn -0.4538 -0.8911 -0.0000
vn -0.2552 -0.9669 -0.0000
vn 0.4350 -0.9004 -0.0000
vn 0.0098 -1.0000 -0.0000
vn -0.2727 -0.9621 -0.0000
vn 0.2552 -0.9669 -0.0000
vn -0.1639 -0.9865 -0.0000
vn 0.2374 -0.9714 -0.0000
vn 0.1261 -0.9920 -0.0000
vn -0.0876 -0.9962 -0.0000
vn -0.2011 -0.9796 -0.0000
vn -0.0098 -1.0000 -0.0000
vn -0.4350 -0.9004 -0.0000
vn -0.1261 -0.9920 -0.0000
vn 0.4538 -0.8911 -0.0000
vn 0.1451 -0.9894 -0.0000
vn 0.3752 -0.9269 -0.0000
vn -0.1826 -0.9832 -0.0000
vn 0.2011 -0.9796 -0.0000
vn 0.2193 -0.9757 -0.0000
vn 0.0683 -0.9977 -0.0000
vn -0.2193 -0.9757 -0.0000
vn -0.0488 -0.9988 -0.0000
vn -0.1451 -0.9894 -0.0000
vn -0.2374 -0.9714 -0.0000
vn 0.4157 -0.9095 -0.0000
vn 0.0488 -0.9988 -0.0000
vn -0.9979 -0.0655 -0.0000
vn -0.9808 -0.1950 -0.0000
vn -0.9470 -0.3214 -0.0000
vn -0.8969 -0.4423 -0.0000
vn -0.8315 -0.5556 -0.0000
vn -0.7519 -0.6593 -0.0000
vn -0.6593 -0.7519 -0.0000
vn -0.5556 -0.8315 -0.0000
vn -0.4423 -0.8969 -0.0000
vn -0.3214 -0.9470 -0.0000
vn -0.1950 -0.9808 -0.0000
vn -0.0655 -0.9979 -0.0000
vn 0.0655 -0.9979 -0.0000
vn 0.1950 -0.9808 -0.0000
vn 0.3214 -0.9470 -0.0000
vn 0.4423 -0.8969 -0.0000
vn 0.5557 -0.8314 -0.0000
vn 0.6593 -0.7519 -0.0000
vn 0.7518 -0.6594 -0.0000
vn 0.8315 -0.5555 -0.0000
vn 0.8969 -0.4423 -0.0000
vn 0.9469 -0.3215 -0.0000
vn 0.9808 -0.1950 -0.0000
vn 0.9979 -0.0653 -0.0000
vn -0.9979 -0.0653 -0.0000
vn -0.9469 -0.3215 -0.0000
vn -0.8315 -0.5555 -0.0000
vn -0.7518 -0.6594 -0.0000
vn -0.5557 -0.8314 -0.0000
vn 0.5556 -0.8315 -0.0000
vn 0.7519 -0.6593 -0.0000
vn 0.8315 -0.5556 -0.0000
vn 0.9470 -0.3214 -0.0000
vn 0.9979 -0.0655 -0.0000
vn -0.1952 -0.9808 -0.0000
vn -0.0653 -0.9979 -0.0000
vn 0.0653 -0.9979 -0.0000
vn 0.1952 -0.9808 -0.0000
vn 0.3214 -0.9469 -0.0000
vn 0.9469 -0.3214 -0.0000
vn 0.9808 -0.1952 -0.0000
vn -0.9808 -0.1952 -0.0000
vn -0.9469 -0.3214 -0.0000
vn -0.3214 -0.9469 -0.0000
vn 0.3216 -0.9469 -0.0000
vn 0.4422 -0.8969 -0.0000
vn 0.6593 -0.7518 -0.0000
vn -0.4422 -0.8969 -0.0000
vn -0.3216 -0.9469 -0.0000
vn 0.9808 0.1951 -0.0000
vn 0.9979 0.0654 -0.0000
vn -0.8969 0.4422 -0.0000
vn -0.8969 0.4423 -0.0000
vn 0.9808 -0.1951 -0.0000
vn -0.8314 -0.5556 -0.0000
vn -0.5556 0.8315 -0.0000
vn 0.9979 -0.0654 -0.0000
vn 0.4423 0.8969 -0.0000
vn 0.3214 0.9469 -0.0000
vn -0.9808 -0.1951 -0.0000
vn -0.8969 -0.4422 -0.0000
vn -0.9979 -0.0654 -0.0000
vn -0.8314 0.5556 -0.0000
vn -0.8315 0.5556 -0.0000
vn -0.9469 0.3214 -0.0000
vn -0.9469 0.3215 -0.0000
vn 0.8969 0.4423 -0.0000
vn -0.7518 0.6594 -0.0000
vn -0.7519 0.6593 -0.0000
vn -0.4423 0.8969 -0.0000
vn -0.9979 0.0654 -0.0000
vn 0.8315 0.5556 -0.0000
vn 0.1951 0.9808 -0.0000
vn 0.7518 0.6593 -0.0000
vn 0.7518 0.6594 -0.0000
vn -0.0654 0.9979 -0.0000
vn -0.1951 0.9808 -0.0000
vn -0.3214 0.9469 -0.0000
vn -0.6594 0.7518 -0.0000
vn -0.6593 0.7519 -0.0000
vn 0.6593 0.7519 -0.0000
vn 0.6594 0.7518 -0.0000
vn -0.9808 0.1951 -0.0000
vn 0.0654 0.9979 -0.0000
vn 0.5556 0.8315 -0.0000
vn 0.9469 0.3214 -0.0000
vn -0.3215 0.9469 -0.0000
vn -0.6593 0.7518 -0.0000
vn -0.7518 0.6593 -0.0000
vn -0.6594 -0.7518 -0.0000
vn -0.1951 -0.9808 -0.0000
vn -0.0654 -0.9979 -0.0000
vn 0.0654 -0.9979 -0.0000
vn 0.1951 -0.9808 -0.0000
vn 0.6594 -0.7518 -0.0000
vn 0.6593 0.7518 -0.0000
vn -0.8315 0.5555 -0.0000
vn -0.7518 -0.6593 -0.0000
vn -0.6593 -0.7518 -0.0000
vn 0.7518 -0.6593 -0.0000
vn 0.9808 0.1950 -0.0000
vn 0.8315 0.5555 -0.0000
vn 0.7519 0.6593 -0.0000
vn 0.3215 0.9469 -0.0000
vn -0.9808 0.1950 -0.0000
vn -0.4423 -0.8968 -0.0000
vn -0.3215 -0.9469 -0.0000
vn 0.3215 -0.9469 -0.0000
vn 0.4424 -0.8968 -0.0000
vn 0.8314 -0.5556 -0.0000
vn 0.9469 0.3215 -0.0000
vn 0.8314 0.5556 -0.0000
vn -0.1950 0.9808 -0.0000
vn -0.5555 0.8315 -0.0000
vn -0.5556 0.8314 -0.0000
vn -0.9470 0.3214 -0.0000
vn -0.9808 0.1952 -0.0000
vn -0.9979 0.0655 -0.0000
vn -0.9979 0.0653 -0.0000
vn -0.9470 -0.3213 -0.0000
vn -0.5556 -0.8314 -0.0000
vn -0.5555 -0.8315 -0.0000
vn 0.4423 -0.8968 -0.0000
vn 0.5556 -0.8314 -0.0000
vn 0.5555 -0.8315 -0.0000
vn 0.9470 -0.3213 -0.0000
vn 0.9979 0.0653 -0.0000
vn 0.9979 0.0655 -0.0000
vn 0.9808 0.1952 -0.0000
vn 0.9470 0.3214 -0.0000
vn 0.5555 0.8315 -0.0000
vn 0.5556 0.8314 -0.0000
vn 0.1950 0.9808 -0.0000
vn -0.5557 0.8314 -0.0000
vn 0.5557 0.8314 -0.0000
s 0
f 1//1 2//1 3//1
f 4//1 5//1 6//1
f 2//1 1//1 4//1
f 4//1 7//1 5//1
f 8//1 4//1 1//1
f 4//1 9//1 7//1
f 10//1 4//1 8//1
f 4//1 10//1 9//1
f 11//1 10//1 8//1
f 11//1 12//1 10//1
f 13//1 12//1 11//1
f 13//1 14//1 12//1
f 15//1 14//1 13//1
f 15//1 16//1 14//1
f 17//1 16//1 15//1
f 17//1 18//1 16//1
f 19//1 18//1 17//1
f 19//1 20//1 18//1
f 21//1 20//1 19//1
f 21//1 22//1 20//1
f 23//1 22//1 21//1
f 23//1 24//1 22//1
f 25//1 23//1 26//1
f 23//1 25//1 24//1
f 27//1 26//1 28//1
f 24//1 25//1 29//1
f 30//1 28//1 31//1
f 32//1 29//1 25//1
f 30//1 31//1 33//1
f 29//1 32//1 34//1
f 35//1 33//1 36//1
f 37//1 34//1 32//1
f 38//1 36//1 39//1
f 34//1 37//1 40//1
f 38//1 39//1 41//1
f 40//1 37//1 42//1
f 43//1 41//1 44//1
f 45//1 42//1 37//1
f 43//1 44//1 46//1
f 42//1 45//1 47//1
f 48//1 46//1 49//1
f 50//1 47//1 45//1
f 48//1 49//1 51//1
f 47//1 50//1 52//1
f 53//1 51//1 54//1
f 52//1 50//1 55//1
f 56//1 54//1 57//1
f 58//1 55//1 50//1
f 59//1 6//1 60//1
f 61//1 60//1 6//1
f 62//1 60//1 61//1
f 60//1 62//1 63//1
f 64//1 63//1 62//1
f 63//1 64//1 65//1
f 66//1 65//1 64//1
f 65//1 66//1 67//1
f 68//1 67//1 66//1
f 67//1 68//1 69//1
f 70//1 69//1 68//1
f 69//1 70//1 71//1
f 72//1 71//1 70//1
f 71//1 72//1 73//1
f 74//1 73//1 72//1
f 75//1 73//1 74//1
f 76//1 73//1 75//1
f 77//1 73//1 76//1
f 78//1 73//1 77//1
f 79//1 78//1 80//1
f 55//1 58//1 81//1
f 81//1 58//1 82//1
f 83//1 82//1 58//1
f 82//1 83//1 84//1
f 85//1 84//1 83//1
f 84//1 85//1 86//1
f 86//1 85//1 87//1
f 88//1 87//1 85//1
f 87//1 88//1 89//1
f 90//1 89//1 88//1
f 89//1 90//1 91//1
f 91//1 90//1 92//1
f 93//1 92//1 90//1
f 92//1 93//1 94//1
f 95//1 94//1 93//1
f 94//1 95//1 96//1
f 79//1 96//1 95//1
f 96//1 79//1 97//1
f 97//1 79//1 98//1
f 98//1 79//1 99//1
f 78//1 79//1 73//1
f 100//1 79//1 80//1
f 101//1 79//1 100//1
f 102//1 79//1 101//1
f 99//1 79//1 102//1
f 79//1 103//1 104//1
f 105//1 79//1 95//1
f 106//1 79//1 105//1
f 107//1 79//1 106//1
f 79//1 107//1 103//1
f 108//1 107//1 109//1
f 108//1 109//1 110//1
f 108//1 110//1 111//1
f 108//1 111//1 112//1
f 108//1 112//1 113//1
f 108//1 113//1 114//1
f 108//1 114//1 115//1
f 116//1 117//1 118//1
f 108//1 117//1 116//1
f 107//1 108//1 103//1
f 119//1 108//1 115//1
f 117//1 108//1 119//1
f 120//1 121//1 122//1
f 123//1 124//1 125//1
f 126//1 127//1 128//1
f 127//1 126//1 129//1
f 130//1 129//1 126//1
f 130//1 131//1 129//1
f 132//1 131//1 130//1
f 132//1 133//1 131//1
f 134//1 132//1 135//1
f 136//1 132//1 134//1
f 137//1 132//1 136//1
f 138//1 132//1 137//1
f 139//1 132//1 138//1
f 140//1 132//1 139//1
f 141//1 132//1 140//1
f 132//1 141//1 133//1
f 142//1 133//1 141//1
f 143//1 133//1 142//1
f 144//1 133//1 143//1
f 145//1 133//1 144//1
f 146//1 133//1 145//1
f 147//1 133//1 146//1
f 147//1 148//1 133//1
f 149//1 148//1 147//1
f 150//1 148//1 149//1
f 151//1 148//1 150//1
f 152//1 148//1 151//1
f 153//1 152//1 154//1
f 153//1 154//1 155//1
f 153//1 155//1 156//1
f 153//1 156//1 157//1
f 124//1 157//1 158//1
f 124//1 158//1 159//1
f 124//1 160//1 125//1
f 124//1 161//1 160//1
f 124//1 159//1 161//1
f 157//1 124//1 153//1
f 152//1 153//1 148//1
f 162//1 153//1 124//1
f 162//1 163//1 153//1
f 164//1 163//1 162//1
f 165//1 164//1 166//1
f 167//1 164//1 165//1
f 168//1 164//1 167//1
f 164//1 169//1 163//1
f 170//1 164//1 168//1
f 164//1 170//1 169//1
f 171//1 169//1 170//1
f 172//1 169//1 171//1
f 173//1 169//1 172//1
f 174//1 173//1 175//1
f 174//1 175//1 176//1
f 174//1 176//1 177//1
f 174//1 177//1 178//1
f 174//1 178//1 179//1
f 174//1 179//1 180//1
f 174//1 180//1 181//1
f 173//1 174//1 169//1
f 182//1 174//1 181//1
f 183//1 182//1 184//1
f 121//1 184//1 185//1
f 121//1 185//1 186//1
f 121//1 186//1 187//1
f 121//1 187//1 122//1
f 184//1 121//1 183//1
f 182//1 183//1 174//1
f 188//1 183//1 121//1
f 188//1 189//1 183//1
f 190//1 189//1 188//1
f 190//1 191//1 189//1
f 192//1 191//1 190//1
f 193//1 191//1 192//1
f 194//1 193//1 195//1
f 194//1 195//1 196//1
f 194//1 196//1 197//1
f 194//1 197//1 198//1
f 199//1 198//1 200//1
f 199//1 200//1 201//1
f 198//1 199//1 194//1
f 193//1 194//1 191//1
f 202//1 194//1 199//1
f 202//1 203//1 194//1
f 204//1 203//1 202//1
f 204//1 205//1 203//1
f 206//1 205//1 204//1
f 206//1 207//1 205//1
f 208//1 207//1 206//1
f 208//1 209//1 207//1
f 210//1 209//1 208//1
f 210//1 211//1 209//1
f 212//1 211//1 210//1
f 213//1 212//1 214//1
f 212//1 213//1 211//1
f 215//1 213//1 214//1
f 215//1 216//1 213//1
f 217//1 216//1 215//1
f 217//1 218//1 216//1
f 219//1 218//1 217//1
f 219//1 220//1 218//1
f 104//1 220//1 219//1
f 104//1 221//1 220//1
f 221//1 104//1 103//1
f 222//1 223//1 224//1
f 225//1 226//1 227//1
f 228//1 224//1 223//1
f 225//1 229//1 226//1
f 230//1 224//1 228//1
f 225//1 231//1 229//1
f 224//1 230//1 232//1
f 225//1 233//1 231//1
f 234//1 232//1 230//1
f 225//1 235//1 233//1
f 232//1 234//1 236//1
f 225//1 237//1 235//1
f 238//1 236//1 234//1
f 225//1 239//1 237//1
f 240//1 236//1 238//1
f 225//1 241//1 239//1
f 236//1 240//1 242//1
f 225//1 243//1 241//1
f 244//1 242//1 240//1
f 225//1 245//1 243//1
f 242//1 244//1 225//1
f 225//1 246//1 245//1
f 247//1 225//1 244//1
f 225//1 248//1 246//1
f 249//1 225//1 247//1
f 225//1 249//1 248//1
f 250//1 249//1 247//1
f 250//1 251//1 249//1
f 252//1 251//1 250//1
f 252//1 253//1 251//1
f 254//1 253//1 252//1
f 254//1 255//1 253//1
f 256//1 255//1 254//1
f 256//1 257//1 255//1
f 258//1 257//1 256//1
f 258//1 259//1 257//1
f 260//1 259//1 258//1
f 260//1 261//1 259//1
f 262//1 260//1 263//1
f 260//1 262//1 261//1
f 264//1 263//1 265//1
f 266//1 261//1 262//1
f 267//1 265//1 268//1
f 261//1 266//1 269//1
f 270//1 268//1 271//1
f 272//1 269//1 266//1
f 273//1 271//1 274//1
f 269//1 272//1 275//1
f 276//1 277//1 278//1
f 277//1 279//1 278//1
f 277//1 280//1 279//1
f 277//1 281//1 280//1
f 277//1 282//1 281//1
f 277//1 283//1 282//1
f 277//1 284//1 283//1
f 277//1 285//1 284//1
f 277//1 286//1 285//1
f 277//1 287//1 286//1
f 277//1 288//1 287//1
f 277//1 289//1 288//1
f 277//1 290//1 289//1
f 277//1 291//1 290//1
f 277//1 292//1 291//1
f 293//1 292//1 277//1
f 292//1 293//1 294//1
f 295//1 296//1 297//1
f 298//1 295//1 299//1
f 300//1 299//1 301//1
f 295//1 298//1 296//1
f 302//1 301//1 303//1
f 299//1 300//1 298//1
f 304//1 303//1 305//1
f 301//1 302//1 300//1
f 306//1 305//1 307//1
f 308//1 307//1 309//1
f 303//1 304//1 302//1
f 310//1 309//1 311//1
f 305//1 306//1 304//1
f 312//1 311//1 313//1
f 314//1 294//1 293//1
f 307//1 308//1 306//1
f 309//1 310//1 308//1
f 311//1 312//1 310//1
f 313//1 315//1 312//1
f 313//1 314//1 315//1
f 294//1 314//1 313//1
f 277//1 316//1 293//1
f 317//1 316//1 277//1
f 318//1 316//1 317//1
f 319//1 320//1 222//1
f 320//1 319//1 321//1
f 321//1 319//1 322//1
f 323//1 322//1 319//1
f 322//1 323//1 324//1
f 325//1 324//1 323//1
f 324//1 325//1 326//1
f 327//1 325//1 328//1
f 329//1 328//1 330//1
f 331//1 330//1 332//1
f 333//1 332//1 334//1
f 335//1 336//1 318//1
f 325//1 327//1 326//1
f 328//1 329//1 327//1
f 330//1 337//1 329//1
f 330//1 331//1 337//1
f 332//1 333//1 331//1
f 334//1 338//1 333//1
f 334//1 335//1 338//1
f 336//1 335//1 334//1
f 316//1 318//1 336//1
f 277//1 339//1 317//1
f 277//1 340//1 339//1
f 277//1 341//1 340//1
f 277//1 342//1 341//1
f 275//1 343//1 344//1
f 345//1 274//1 346//1
f 347//1 346//1 348//1
f 349//1 348//1 350//1
f 351//1 350//1 352//1
f 353//1 352//1 354//1
f 353//1 354//1 355//1
f 353//1 355//1 356//1
f 357//1 343//1 358//1
f 344//1 343//1 357//1
f 343//1 275//1 272//1
f 263//1 264//1 262//1
f 265//1 267//1 264//1
f 359//1 356//1 360//1
f 268//1 270//1 267//1
f 271//1 273//1 270//1
f 274//1 345//1 273//1
f 346//1 347//1 345//1
f 348//1 349//1 347//1
f 350//1 351//1 349//1
f 352//1 353//1 351//1
f 356//1 359//1 353//1
f 361//1 360//1 362//1
f 363//1 362//1 364//1
f 365//1 364//1 342//1
f 360//1 361//1 359//1
f 366//1 6//1 59//1
f 4//1 6//1 366//1
f 367//1 3//1 2//1
f 3//1 367//1 368//1
f 369//1 368//1 367//1
f 368//1 369//1 370//1
f 371//1 370//1 369//1
f 372//1 371//1 373//1
f 374//1 373//1 375//1
f 376//1 375//1 377//1
f 378//1 377//1 379//1
f 380//1 379//1 381//1
f 382//1 359//1 361//1
f 116//1 342//1 277//1
f 371//1 372//1 370//1
f 373//1 374//1 372//1
f 375//1 376//1 374//1
f 377//1 378//1 376//1
f 379//1 380//1 378//1
f 381//1 383//1 380//1
f 359//1 383//1 381//1
f 383//1 359//1 382//1
f 362//1 363//1 361//1
f 364//1 365//1 363//1
f 342//1 384//1 365//1
f 342//1 116//1 384//1
f 26//1 27//1 25//1
f 56//1 57//1 385//1
f 386//1 385//1 387//1
f 388//1 387//1 389//1
f 388//1 389//1 390//1
f 28//1 30//1 27//1
f 33//1 35//1 30//1
f 36//1 38//1 35//1
f 391//1 390//1 392//1
f 41//1 43//1 38//1
f 393//1 392//1 394//1
f 46//1 48//1 43//1
f 51//1 53//1 48//1
f 393//1 394//1 395//1
f 54//1 56//1 53//1
f 396//1 395//1 397//1
f 385//1 386//1 56//1
f 387//1 388//1 386//1
f 116//1 397//1 398//1
f 390//1 391//1 388//1
f 392//1 393//1 391//1
f 395//1 396//1 393//1
f 116//1 398//1 399//1
f 397//1 116//1 396//1
f 116//1 399//1 400//1
f 396//1 116//1 401//1
f 402//1 116//1 118//1
f 403//1 116//1 402//1
f 404//1 116//1 403//1
f 405//1 116//1 404//1
f 406//1 116//1 405//1
f 407//1 116//1 406//1
f 408//1 116//1 407//1
f 409//1 116//1 408//1
f 410//1 116//1 409//1
f 411//1 116//1 410//1
f 412//1 116//1 411//1
f 401//1 116//1 412//1
f 413//1 116//1 400//1
f 384//1 116//1 413//1
f 277//1 276//1 414//1
f 415//1 414//1 276//1
f 416//1 414//1 415//1
f 417//1 414//1 416//1
f 418//1 414//1 417//1
f 419//1 414//1 418//1
f 420//1 414//1 419//1
f 421//1 414//1 420//1
f 422//1 414//1 421//1
f 423//1 414//1 422//1
f 424//1 423//1 425//1
f 424//1 425//1 426//1
f 423//1 427//1 414//1
f 428//1 427//1 424//1
f 423//1 424//1 427//1
f 429//1 424//1 426//1
f 430//1 424//1 429//1
f 431//1 424//1 430//1
f 432//1 424//1 431//1
f 433//1 432//1 434//1
f 435//1 434//1 436//1
f 437//1 436//1 438//1
f 439//1 438//1 440//1
f 441//1 440//1 442//1
f 296//1 443//1 297//1
f 444//1 443//1 296//1
f 443//1 444//1 445//1
f 446//1 445//1 444//1
f 445//1 446//1 447//1
f 448//1 447//1 446//1
f 447//1 448//1 442//1
f 449//1 442//1 448//1
f 441//1 442//1 449//1
f 440//1 441//1 439//1
f 438//1 439//1 437//1
f 436//1 437//1 435//1
f 434//1 435//1 433//1
f 432//1 433//1 424//1
f 450//1 424//1 433//1
f 451//1 424//1 450//1
f 452//1 424//1 451//1
f 453//1 452//1 454//1
f 455//1 454//1 456//1
f 457//1 456//1 458//1
f 227//1 458//1 459//1
f 460//1 222//1 320//1
f 223//1 222//1 460//1
f 225//1 227//1 461//1
f 461//1 227//1 462//1
f 227//1 463//1 462//1
f 227//1 464//1 463//1
f 227//1 465//1 464//1
f 227//1 466//1 465//1
f 227//1 467//1 466//1
f 227//1 459//1 467//1
f 458//1 227//1 468//1
f 458//1 468//1 457//1
f 456//1 457//1 455//1
f 454//1 455//1 469//1
f 454//1 469//1 453//1
f 452//1 453//1 424//1
f 470//1 424//1 453//1
f 471//1 424//1 470//1
f 472//1 424//1 471//1
f 473//1 424//1 472//1
f 474//1 424//1 473//1
f 475//1 424//1 474//1
f 476//1 424//1 475//1
f 477//1 476//1 478//1
f 479//1 358//1 343//1
f 358//1 479//1 480//1
f 480//1 479//1 481//1
f 481//1 479//1 482//1
f 483//1 482//1 479//1
f 482//1 483//1 484//1
f 485//1 484//1 483//1
f 484//1 485//1 486//1
f 487//1 486//1 485//1
f 486//1 487//1 488//1
f 489//1 488//1 487//1
f 488//1 489//1 490//1
f 491//1 490//1 489//1
f 490//1 491//1 492//1
f 477//1 492//1 491//1
f 492//1 477//1 493//1
f 493//1 477//1 494//1
f 494//1 477//1 478//1
f 476//1 477//1 424//1
f 427//1 428//1 495//1
f 428//1 496//1 495//1
f 497//1 496//1 428//1
f 497//1 498//1 496//1
f 499//1 498//1 497//1
f 499//1 500//1 498//1
f 501//1 500//1 499//1
f 501//1 502//1 500//1
f 503//1 502//1 501//1
f 504//1 502//1 503//1
f 504//1 505//1 502//1
f 506//1 505//1 504//1
f 506//1 507//1 505//1
f 508//1 507//1 506//1
f 508//1 509//1 507//1
f 510//1 509//1 508//1
f 510//1 511//1 509//1
f 512//1 511//1 510//1
f 512//1 513//1 511//1
f 514//1 513//1 512//1
f 514//1 515//1 513//1
f 516//1 515//1 514//1
f 517//1 516//1 518//1
f 519//1 516//1 517//1
f 516//1 519//1 515//1
f 520//1 515//1 519//1
f 521//1 515//1 520//1
f 522//1 515//1 521//1
f 523//1 515//1 522//1
f 524//1 523//1 525//1
f 523//1 524//1 515//1
f 526//1 524//1 525//1
f 526//1 527//1 524//1
f 528//1 527//1 526//1
f 528//1 529//1 527//1
f 530//1 529//1 528//1
f 531//1 530//1 532//1
f 533//1 530//1 531//1
f 534//1 530//1 533//1
f 535//1 530//1 534//1
f 536//1 530//1 535//1
f 530//1 536//1 529//1
f 537//1 529//1 536//1
f 529//1 537//1 538//1
f 539//1 538//1 537//1
f 540//1 538//1 539//1
f 541//1 538//1 540//1
f 542//1 538//1 541//1
f 543//1 538//1 542//1
f 544//1 538//1 543//1
f 545//1 538//1 544//1
f 546//1 538//1 545//1
f 547//1 546//1 548//1
f 547//1 548//1 549//1
f 547//1 549//1 550//1
f 551//1 550//1 552//1
f 546//1 547//1 538//1
f 551//1 552//1 553//1
f 551//1 553//1 554//1
f 551//1 554//1 555//1
f 550//1 551//1 547//1
f 551//1 556//1 547//1
f 557//1 556//1 551//1
f 557//1 558//1 556//1
f 559//1 558//1 557//1
f 560//1 559//1 561//1
f 562//1 559//1 560//1
f 563//1 559//1 562//1
f 564//1 559//1 563//1
f 565//1 559//1 564//1
f 566//1 559//1 565//1
f 559//1 566//1 558//1
f 567//1 558//1 566//1
f 568//1 558//1 567//1
f 569//1 558//1 568//1
f 570//1 558//1 569//1
f 571//1 570//1 572//1
f 571//1 572//1 573//1
f 571//1 573//1 574//1
f 570//1 571//1 558//1
f 575//1 571//1 574//1
f 129//1 575//1 576//1
f 129//1 576//1 577//1
f 129//1 577//1 578//1
f 129//1 578//1 579//1
f 129//1 579//1 580//1
f 129//1 580//1 581//1
f 129//1 581//1 582//1
f 575//1 129//1 571//1
f 583//1 129//1 582//1
f 584//1 129//1 583//1
f 585//1 129//1 584//1
f 586//1 129//1 585//1
f 129//1 586//1 127//1
f 587//2 588//2 589//2
f 590//2 591//2 592//2
f 588//2 587//2 590//2
f 590//2 593//2 591//2
f 594//2 590//2 587//2
f 590//2 595//2 593//2
f 596//2 590//2 594//2
f 590//2 596//2 595//2
f 597//2 596//2 594//2
f 597//2 598//2 596//2
f 599//2 598//2 597//2
f 599//2 600//2 598//2
f 601//2 600//2 599//2
f 601//2 602//2 600//2
f 603//2 602//2 601//2
f 603//2 604//2 602//2
f 605//2 604//2 603//2
f 605//2 606//2 604//2
f 607//2 606//2 605//2
f 607//2 608//2 606//2
f 609//2 608//2 607//2
f 609//2 610//2 608//2
f 611//2 609//2 612//2
f 609//2 611//2 610//2
f 613//2 612//2 614//2
f 610//2 611//2 615//2
f 616//2 614//2 617//2
f 618//2 615//2 611//2
f 616//2 617//2 619//2
f 615//2 618//2 620//2
f 621//2 619//2 622//2
f 623//2 620//2 618//2
f 624//2 622//2 625//2
f 620//2 623//2 626//2
f 624//2 625//2 627//2
f 626//2 623//2 628//2
f 629//2 627//2 630//2
f 631//2 628//2 623//2
f 629//2 630//2 632//2
f 628//2 631//2 633//2
f 634//2 632//2 635//2
f 636//2 633//2 631//2
f 637//2 635//2 638//2
f 633//2 636//2 639//2
f 637//2 638//2 640//2
f 639//2 636//2 641//2
f 642//2 640//2 643//2
f 644//2 641//2 636//2
f 645//2 646//2 647//2
f 648//2 645//2 649//2
f 650//2 649//2 651//2
f 652//2 651//2 653//2
f 654//2 653//2 655//2
f 656//2 655//2 657//2
f 658//2 657//2 659//2
f 645//2 660//2 646//2
f 645//2 648//2 660//2
f 649//2 650//2 648//2
f 651//2 652//2 650//2
f 653//2 654//2 652//2
f 655//2 656//2 654//2
f 657//2 658//2 656//2
f 659//2 661//2 658//2
f 659//2 662//2 661//2
f 659//2 663//2 662//2
f 659//2 664//2 663//2
f 659//2 665//2 664//2
f 666//2 665//2 659//2
f 641//2 644//2 667//2
f 668//2 643//2 669//2
f 668//2 669//2 670//2
f 671//2 670//2 672//2
f 667//2 644//2 673//2
f 612//2 613//2 611//2
f 614//2 616//2 613//2
f 619//2 621//2 616//2
f 674//2 672//2 675//2
f 622//2 624//2 621//2
f 627//2 629//2 624//2
f 666//2 675//2 676//2
f 632//2 634//2 629//2
f 666//2 676//2 677//2
f 635//2 637//2 634//2
f 640//2 642//2 637//2
f 666//2 677//2 678//2
f 643//2 668//2 642//2
f 670//2 671//2 668//2
f 672//2 674//2 671//2
f 666//2 678//2 679//2
f 665//2 666//2 680//2
f 666//2 681//2 680//2
f 666//2 682//2 681//2
f 666//2 679//2 682//2
f 675//2 666//2 674//2
f 683//2 684//2 666//2
f 666//2 685//2 674//2
f 686//2 666//2 684//2
f 666//2 687//2 685//2
f 666//2 686//2 687//2
f 688//2 686//2 684//2
f 686//2 688//2 689//2
f 689//2 688//2 690//2
f 690//2 688//2 691//2
f 691//2 688//2 692//2
f 692//2 688//2 693//2
f 693//2 688//2 694//2
f 695//2 696//2 688//2
f 697//2 688//2 696//2
f 698//2 688//2 697//2
f 694//2 688//2 698//2
f 699//2 700//2 701//2
f 699//2 702//2 700//2
f 699//2 703//2 702//2
f 699//2 704//2 703//2
f 699//2 705//2 704//2
f 699//2 706//2 705//2
f 707//2 708//2 706//2
f 707//2 709//2 708//2
f 707//2 710//2 709//2
f 707//2 711//2 710//2
f 707//2 712//2 711//2
f 707//2 713//2 712//2
f 714//2 713//2 707//2
f 714//2 715//2 713//2
f 714//2 716//2 715//2
f 714//2 717//2 716//2
f 714//2 718//2 717//2
f 719//2 718//2 714//2
f 718//2 719//2 720//2
f 720//2 719//2 721//2
f 721//2 719//2 722//2
f 722//2 719//2 723//2
f 724//2 723//2 719//2
f 725//2 724//2 726//2
f 727//2 724//2 725//2
f 728//2 724//2 727//2
f 729//2 724//2 728//2
f 723//2 724//2 730//2
f 730//2 724//2 729//2
f 719//2 731//2 724//2
f 732//2 731//2 719//2
f 732//2 733//2 731//2
f 734//2 733//2 732//2
f 733//2 735//2 736//2
f 737//2 733//2 734//2
f 733//2 738//2 735//2
f 733//2 739//2 738//2
f 733//2 737//2 739//2
f 734//2 740//2 737//2
f 734//2 741//2 740//2
f 734//2 742//2 741//2
f 743//2 742//2 734//2
f 742//2 743//2 744//2
f 744//2 743//2 745//2
f 745//2 743//2 746//2
f 746//2 743//2 747//2
f 747//2 743//2 748//2
f 748//2 743//2 749//2
f 749//2 743//2 750//2
f 743//2 751//2 750//2
f 752//2 751//2 743//2
f 751//2 752//2 753//2
f 754//2 753//2 752//2
f 753//2 754//2 755//2
f 755//2 754//2 756//2
f 757//2 754//2 758//2
f 756//2 754//2 759//2
f 759//2 754//2 757//2
f 752//2 760//2 754//2
f 761//2 760//2 752//2
f 761//2 762//2 760//2
f 763//2 762//2 761//2
f 763//2 764//2 762//2
f 763//2 765//2 764//2
f 766//2 765//2 763//2
f 765//2 766//2 767//2
f 767//2 766//2 768//2
f 768//2 766//2 769//2
f 769//2 766//2 770//2
f 771//2 770//2 766//2
f 770//2 771//2 772//2
f 772//2 771//2 773//2
f 766//2 774//2 771//2
f 775//2 774//2 766//2
f 775//2 776//2 774//2
f 777//2 776//2 775//2
f 777//2 778//2 776//2
f 779//2 778//2 777//2
f 779//2 780//2 778//2
f 781//2 780//2 779//2
f 781//2 782//2 780//2
f 783//2 782//2 781//2
f 783//2 784//2 782//2
f 785//2 784//2 783//2
f 784//2 785//2 786//2
f 785//2 787//2 786//2
f 788//2 787//2 785//2
f 788//2 789//2 787//2
f 790//2 789//2 788//2
f 790//2 791//2 789//2
f 792//2 791//2 790//2
f 792//2 683//2 791//2
f 684//2 683//2 793//2
f 793//2 683//2 792//2
f 794//2 795//2 796//2
f 797//2 798//2 799//2
f 800//2 796//2 795//2
f 797//2 801//2 798//2
f 802//2 796//2 800//2
f 797//2 803//2 801//2
f 796//2 802//2 804//2
f 797//2 805//2 803//2
f 806//2 804//2 802//2
f 797//2 807//2 805//2
f 804//2 806//2 808//2
f 797//2 809//2 807//2
f 810//2 808//2 806//2
f 797//2 811//2 809//2
f 812//2 808//2 810//2
f 797//2 813//2 811//2
f 808//2 812//2 814//2
f 797//2 815//2 813//2
f 816//2 814//2 812//2
f 797//2 817//2 815//2
f 814//2 816//2 797//2
f 797//2 818//2 817//2
f 819//2 797//2 816//2
f 797//2 820//2 818//2
f 821//2 797//2 819//2
f 797//2 821//2 820//2
f 822//2 821//2 819//2
f 822//2 823//2 821//2
f 824//2 823//2 822//2
f 824//2 825//2 823//2
f 826//2 825//2 824//2
f 826//2 827//2 825//2
f 828//2 827//2 826//2
f 828//2 829//2 827//2
f 830//2 829//2 828//2
f 830//2 831//2 829//2
f 832//2 831//2 830//2
f 832//2 833//2 831//2
f 834//2 832//2 835//2
f 832//2 836//2 833//2
f 837//2 835//2 838//2
f 833//2 836//2 839//2
f 840//2 838//2 841//2
f 832//2 834//2 836//2
f 840//2 841//2 842//2
f 843//2 839//2 836//2
f 840//2 842//2 844//2
f 839//2 843//2 845//2
f 846//2 847//2 848//2
f 849//2 847//2 846//2
f 849//2 850//2 847//2
f 851//2 850//2 849//2
f 851//2 852//2 850//2
f 853//2 852//2 851//2
f 853//2 854//2 852//2
f 855//2 854//2 853//2
f 855//2 856//2 854//2
f 855//2 857//2 856//2
f 858//2 857//2 855//2
f 858//2 859//2 857//2
f 860//2 859//2 858//2
f 860//2 861//2 859//2
f 862//2 861//2 860//2
f 862//2 863//2 861//2
f 864//2 863//2 862//2
f 864//2 865//2 863//2
f 866//2 865//2 864//2
f 866//2 867//2 865//2
f 868//2 867//2 866//2
f 868//2 869//2 867//2
f 870//2 869//2 868//2
f 869//2 871//2 872//2
f 869//2 870//2 871//2
f 868//2 873//2 870//2
f 868//2 874//2 873//2
f 868//2 875//2 874//2
f 868//2 876//2 875//2
f 877//2 876//2 868//2
f 876//2 877//2 878//2
f 877//2 879//2 878//2
f 880//2 879//2 877//2
f 880//2 881//2 879//2
f 882//2 881//2 880//2
f 882//2 883//2 881//2
f 884//2 883//2 882//2
f 883//2 885//2 886//2
f 883//2 887//2 885//2
f 888//2 882//2 889//2
f 883//2 890//2 887//2
f 883//2 884//2 890//2
f 882//2 888//2 884//2
f 889//2 891//2 888//2
f 889//2 892//2 891//2
f 889//2 893//2 892//2
f 889//2 894//2 893//2
f 889//2 895//2 894//2
f 889//2 896//2 895//2
f 889//2 897//2 896//2
f 889//2 898//2 897//2
f 899//2 898//2 889//2
f 898//2 899//2 900//2
f 900//2 899//2 901//2
f 901//2 899//2 902//2
f 903//2 902//2 899//2
f 902//2 903//2 904//2
f 904//2 903//2 905//2
f 905//2 903//2 906//2
f 906//2 903//2 907//2
f 908//2 903//2 899//2
f 908//2 909//2 903//2
f 910//2 909//2 908//2
f 910//2 911//2 909//2
f 912//2 911//2 910//2
f 911//2 913//2 914//2
f 911//2 915//2 913//2
f 911//2 916//2 915//2
f 911//2 917//2 916//2
f 911//2 912//2 917//2
f 910//2 918//2 912//2
f 910//2 919//2 918//2
f 910//2 920//2 919//2
f 910//2 921//2 920//2
f 922//2 921//2 910//2
f 921//2 922//2 923//2
f 923//2 922//2 924//2
f 924//2 922//2 925//2
f 922//2 926//2 925//2
f 927//2 926//2 922//2
f 926//2 927//2 928//2
f 928//2 927//2 929//2
f 929//2 927//2 930//2
f 930//2 927//2 931//2
f 931//2 927//2 932//2
f 932//2 927//2 933//2
f 934//2 933//2 927//2
f 933//2 934//2 935//2
f 935//2 934//2 936//2
f 936//2 934//2 937//2
f 937//2 934//2 938//2
f 938//2 934//2 939//2
f 939//2 934//2 940//2
f 940//2 934//2 941//2
f 942//2 934//2 927//2
f 942//2 943//2 934//2
f 942//2 699//2 943//2
f 707//2 699//2 942//2
f 706//2 699//2 707//2
f 699//2 701//2 944//2
f 945//2 946//2 947//2
f 946//2 945//2 948//2
f 947//2 949//2 945//2
f 947//2 950//2 949//2
f 947//2 951//2 950//2
f 947//2 952//2 951//2
f 947//2 953//2 952//2
f 947//2 954//2 953//2
f 947//2 955//2 954//2
f 947//2 956//2 955//2
f 947//2 957//2 956//2
f 848//2 957//2 947//2
f 958//2 957//2 848//2
f 957//2 958//2 959//2
f 958//2 848//2 847//2
f 959//2 958//2 960//2
f 958//2 961//2 960//2
f 958//2 962//2 961//2
f 958//2 963//2 962//2
f 958//2 964//2 963//2
f 965//2 964//2 958//2
f 964//2 965//2 966//2
f 967//2 966//2 965//2
f 968//2 969//2 967//2
f 969//2 968//2 970//2
f 971//2 972//2 973//2
f 974//2 971//2 975//2
f 976//2 975//2 977//2
f 971//2 974//2 972//2
f 978//2 977//2 979//2
f 975//2 976//2 974//2
f 970//2 980//2 981//2
f 977//2 978//2 976//2
f 979//2 982//2 978//2
f 979//2 983//2 982//2
f 981//2 983//2 979//2
f 983//2 981//2 980//2
f 980//2 970//2 968//2
f 966//2 967//2 969//2
f 958//2 984//2 965//2
f 958//2 985//2 984//2
f 958//2 986//2 985//2
f 987//2 986//2 958//2
f 986//2 987//2 988//2
f 989//2 988//2 987//2
f 990//2 988//2 989//2
f 795//2 794//2 991//2
f 991//2 794//2 992//2
f 993//2 992//2 794//2
f 992//2 993//2 994//2
f 995//2 994//2 993//2
f 994//2 995//2 996//2
f 996//2 995//2 997//2
f 998//2 997//2 995//2
f 997//2 998//2 999//2
f 1000//2 1001//2 990//2
f 1002//2 999//2 998//2
f 999//2 1002//2 1003//2
f 1003//2 1002//2 1000//2
f 1001//2 1000//2 1002//2
f 988//2 990//2 1001//2
f 958//2 1004//2 987//2
f 958//2 1005//2 1004//2
f 958//2 1006//2 1005//2
f 958//2 1007//2 1006//2
f 958//2 1008//2 1007//2
f 958//2 1009//2 1008//2
f 958//2 1010//2 1009//2
f 1011//2 1010//2 958//2
f 840//2 844//2 1012//2
f 1013//2 1012//2 844//2
f 1014//2 1012//2 1013//2
f 1015//2 1012//2 1014//2
f 1016//2 1015//2 1017//2
f 1018//2 1017//2 1019//2
f 1020//2 1019//2 1021//2
f 1022//2 1021//2 1023//2
f 1024//2 1023//2 1025//2
f 1011//2 1025//2 1026//2
f 1011//2 1026//2 1027//2
f 1011//2 1027//2 1028//2
f 1010//2 1011//2 1028//2
f 1015//2 1016//2 1012//2
f 1017//2 1018//2 1016//2
f 1019//2 1020//2 1018//2
f 1021//2 1022//2 1020//2
f 1023//2 1024//2 1022//2
f 1025//2 1011//2 1024//2
f 1029//2 946//2 948//2
f 1030//2 946//2 1029//2
f 1031//2 946//2 1030//2
f 1032//2 946//2 1031//2
f 1033//2 946//2 1032//2
f 1034//2 946//2 1033//2
f 1035//2 946//2 1034//2
f 1036//2 946//2 1035//2
f 1037//2 946//2 1036//2
f 1038//2 946//2 1037//2
f 1039//2 946//2 1038//2
f 1040//2 946//2 1039//2
f 1041//2 946//2 1040//2
f 1042//2 946//2 1041//2
f 1043//2 1042//2 1044//2
f 1045//2 1044//2 1046//2
f 972//2 1047//2 973//2
f 1048//2 1047//2 972//2
f 1047//2 1048//2 1049//2
f 1050//2 1049//2 1048//2
f 1049//2 1050//2 1051//2
f 1052//2 1051//2 1050//2
f 1051//2 1052//2 1053//2
f 1054//2 1053//2 1052//2
f 1053//2 1054//2 1055//2
f 1056//2 1055//2 1054//2
f 1055//2 1056//2 1057//2
f 1058//2 1057//2 1056//2
f 1057//2 1058//2 1059//2
f 1060//2 1059//2 1058//2
f 1059//2 1060//2 1061//2
f 1062//2 1061//2 1060//2
f 1061//2 1062//2 1046//2
f 1063//2 1046//2 1062//2
f 1045//2 1046//2 1063//2
f 1044//2 1045//2 1043//2
f 1042//2 1043//2 946//2
f 1064//2 946//2 1043//2
f 1065//2 1064//2 1066//2
f 1067//2 1066//2 1068//2
f 797//2 799//2 1069//2
f 1069//2 799//2 1070//2
f 1070//2 799//2 1071//2
f 1071//2 799//2 1072//2
f 799//2 1073//2 1072//2
f 799//2 1074//2 1073//2
f 799//2 1075//2 1074//2
f 799//2 1076//2 1075//2
f 1077//2 1076//2 799//2
f 1076//2 1077//2 1078//2
f 1079//2 1078//2 1077//2
f 1078//2 1079//2 1080//2
f 1081//2 1080//2 1079//2
f 1082//2 1080//2 1081//2
f 1080//2 1082//2 1083//2
f 1084//2 1083//2 1082//2
f 1083//2 1084//2 1068//2
f 1085//2 1068//2 1084//2
f 1067//2 1068//2 1085//2
f 1066//2 1067//2 1065//2
f 1064//2 1065//2 1086//2
f 1064//2 1086//2 946//2
f 1087//2 946//2 1086//2
f 1088//2 946//2 1087//2
f 1089//2 946//2 1088//2
f 1090//2 946//2 1089//2
f 838//2 840//2 837//2
f 835//2 837//2 834//2
f 1091//2 845//2 843//2
f 845//2 1091//2 1092//2
f 1093//2 1092//2 1091//2
f 1092//2 1093//2 1094//2
f 1095//2 1094//2 1093//2
f 1094//2 1095//2 1096//2
f 1097//2 1096//2 1095//2
f 1096//2 1097//2 1098//2
f 1099//2 1098//2 1097//2
f 1098//2 1099//2 1100//2
f 1101//2 1100//2 1099//2
f 1100//2 1101//2 1102//2
f 1103//2 1102//2 1101//2
f 1102//2 1103//2 1104//2
f 1105//2 1104//2 1103//2
f 1104//2 1105//2 1106//2
f 1106//2 1105//2 1107//2
f 1107//2 1105//2 1108//2
f 1109//2 1108//2 1105//2
f 1108//2 1109//2 1110//2
f 1111//2 1110//2 1109//2
f 1110//2 1111//2 1112//2
f 1113//2 1112//2 1111//2
f 1114//2 1109//2 1115//2
f 1116//2 647//2 646//2
f 589//2 647//2 1116//2
f 647//2 589//2 588//2
f 590//2 592//2 1117//2
f 1117//2 592//2 1118//2
f 1118//2 592//2 1119//2
f 1119//2 592//2 1120//2
f 1121//2 1120//2 592//2
f 1120//2 1121//2 1122//2
f 1123//2 1122//2 1121//2
f 1122//2 1123//2 1124//2
f 1125//2 1124//2 1123//2
f 1124//2 1125//2 1126//2
f 1127//2 1126//2 1125//2
f 1126//2 1127//2 1128//2
f 1129//2 1128//2 1127//2
f 1128//2 1129//2 1115//2
f 1114//2 1115//2 1129//2
f 1109//2 1114//2 1130//2
f 1109//2 1130//2 1111//2
f 1112//2 1113//2 1131//2
f 1132//2 1131//2 1113//2
f 1131//2 1132//2 1090//2
f 1133//2 1090//2 1132//2
f 695//2 1090//2 1133//2
f 695//2 1133//2 1134//2
f 1135//2 673//2 644//2
f 673//2 1135//2 1136//2
f 1136//2 1135//2 1137//2
f 1138//2 1137//2 1135//2
f 1137//2 1138//2 1139//2
f 1140//2 1139//2 1138//2
f 1139//2 1140//2 1141//2
f 1141//2 1140//2 1142//2
f 1143//2 1142//2 1140//2
f 1142//2 1143//2 1144//2
f 1145//2 1144//2 1143//2
f 1144//2 1145//2 1146//2
f 1146//2 1145//2 1147//2
f 1148//2 1147//2 1145//2
f 1147//2 1148//2 1149//2
f 1150//2 1149//2 1148//2
f 1149//2 1150//2 1151//2
f 1151//2 1150//2 1152//2
f 1153//2 1152//2 1150//2
f 1152//2 1153//2 1154//2
f 695//2 1154//2 1153//2
f 1154//2 695//2 1155//2
f 695//2 1153//2 1156//2
f 1155//2 695//2 1157//2
f 695//2 1156//2 1158//2
f 696//2 695//2 1159//2
f 1159//2 695//2 1160//2
f 1090//2 695//2 946//2
f 1161//2 695//2 1134//2
f 1157//2 695//2 1161//2
f 1162//2 695//2 1158//2
f 1163//2 695//2 1162//2
f 1164//2 695//2 1163//2
f 1165//2 695//2 1164//2
f 1166//2 695//2 1165//2
f 1167//2 695//2 1166//2
f 1168//2 695//2 1167//2
f 1169//2 695//2 1168//2
f 1170//2 695//2 1169//2
f 1160//2 695//2 1170//2
f 883//2 886//2 1171//2
f 911//2 914//2 1172//2
f 414//3 848//3 947//3
f 848//3 414//3 427//3
f 848//4 495//4 846//4
f 495//4 848//4 427//4
f 495//5 849//5 846//5
f 849//5 495//5 496//5
f 496//6 851//6 849//6
f 851//6 496//6 498//6
f 498//7 853//7 851//7
f 853//7 498//7 500//7
f 500//8 855//8 853//8
f 855//8 500//8 502//8
f 502//9 858//9 855//9
f 858//9 502//9 505//9
f 505//10 860//10 858//10
f 860//10 505//10 507//10
f 507//11 862//11 860//11
f 862//11 507//11 509//11
f 509//12 864//12 862//12
f 864//12 509//12 511//12
f 511//13 866//13 864//13
f 866//13 511//13 513//13
f 513//14 868//14 866//14
f 868//14 513//14 515//14
f 515//15 877//15 868//15
f 877//15 515//15 524//15
f 524//16 880//16 877//16
f 880//16 524//16 527//16
f 527//17 882//17 880//17
f 882//17 527//17 529//17
f 529//18 889//18 882//18
f 889//18 529//18 538//18
f 538//19 899//19 889//19
f 899//19 538//19 547//19
f 547//20 908//20 899//20
f 908//20 547//20 556//20
f 556//21 910//21 908//21
f 910//21 556//21 558//21
f 558//22 922//22 910//22
f 922//22 558//22 571//22
f 571//23 927//23 922//23
f 927//23 571//23 129//23
f 129//24 942//24 927//24
f 942//24 129//24 131//24
f 131//25 707//25 942//25
f 707//25 131//25 133//25
f 133//26 714//26 707//26
f 714//26 133//26 148//26
f 148//27 719//27 714//27
f 719//27 148//27 153//27
f 153//28 732//28 719//28
f 732//28 153//28 163//28
f 163//29 734//29 732//29
f 734//29 163//29 169//29
f 169//30 743//30 734//30
f 743//30 169//30 174//30
f 174//31 752//31 743//31
f 752//31 174//31 183//31
f 183//32 761//32 752//32
f 761//32 183//32 189//32
f 189//33 763//33 761//33
f 763//33 189//33 191//33
f 191//34 766//34 763//34
f 766//34 191//34 194//34
f 194//35 775//35 766//35
f 775//35 194//35 203//35
f 203//36 777//36 775//36
f 777//36 203//36 205//36
f 205//37 779//37 777//37
f 779//37 205//37 207//37
f 207//38 781//38 779//38
f 781//38 207//38 209//38
f 209//39 783//39 781//39
f 783//39 209//39 211//39
f 211//40 785//40 783//40
f 785//40 211//40 213//40
f 213//41 788//41 785//41
f 788//41 213//41 216//41
f 216//42 790//42 788//42
f 790//42 216//42 218//42
f 218//43 792//43 790//43
f 792//43 218//43 220//43
f 220//44 793//44 792//44
f 793//44 220//44 221//44
f 103//45 793//45 221//45
f 793//45 103//45 684//45
f 103//3 688//3 684//3
f 688//3 103//3 108//3
f 116//45 688//45 108//45
f 688//45 116//45 695//45
f 116//46 946//46 695//46
f 946//46 116//46 277//46
f 946//4 414//4 947//4
f 414//4 946//4 277//4
f 424//45 847//45 428//45
f 847//45 424//45 958//45
f 73//3 666//3 659//3
f 666//3 73//3 79//3
f 424//3 1011//3 958//3
f 1011//3 424//3 477//3
f 501//47 852//47 854//47
f 852//47 501//47 499//47
f 126//48 941//48 934//48
f 941//48 126//48 128//48
f 666//4 104//4 683//4
f 104//4 666//4 79//4
f 164//49 731//49 733//49
f 731//49 164//49 162//49
f 551//50 907//50 903//50
f 907//50 551//50 555//50
f 503//51 854//51 856//51
f 854//51 503//51 501//51
f 215//52 786//52 787//52
f 786//52 215//52 214//52
f 135//53 699//53 944//53
f 699//53 135//53 132//53
f 504//54 856//54 857//54
f 856//54 504//54 503//54
f 506//55 857//55 859//55
f 857//55 506//55 504//55
f 190//56 760//56 762//56
f 760//56 190//56 188//56
f 212//57 782//57 784//57
f 782//57 212//57 210//57
f 166//58 733//58 736//58
f 733//58 166//58 164//58
f 559//59 909//59 911//59
f 909//59 559//59 557//59
f 210//60 780//60 782//60
f 780//60 210//60 208//60
f 199//61 773//61 771//61
f 773//61 199//61 201//61
f 192//61 762//61 764//61
f 762//61 192//61 190//61
f 497//62 847//62 850//62
f 847//62 497//62 428//62
f 510//63 861//63 863//63
f 861//63 510//63 508//63
f 219//64 789//64 791//64
f 789//64 219//64 217//64
f 132//65 943//65 699//65
f 943//65 132//65 130//65
f 508//66 859//66 861//66
f 859//66 508//66 506//66
f 208//67 778//67 780//67
f 778//67 208//67 206//67
f 528//68 879//68 881//68
f 879//68 528//68 526//68
f 206//69 776//69 778//69
f 776//69 206//69 204//69
f 121//70 758//70 754//70
f 758//70 121//70 120//70
f 557//71 903//71 909//71
f 903//71 557//71 551//71
f 516//72 867//72 869//72
f 867//72 516//72 514//72
f 130//73 934//73 943//73
f 934//73 130//73 126//73
f 499//74 850//74 852//74
f 850//74 499//74 497//74
f 532//75 883//75 1171//75
f 883//75 532//75 530//75
f 104//76 791//76 683//76
f 791//76 104//76 219//76
f 188//77 754//77 760//77
f 754//77 188//77 121//77
f 214//78 784//78 786//78
f 784//78 214//78 212//78
f 526//79 878//79 879//79
f 878//79 526//79 525//79
f 518//79 869//79 872//79
f 869//79 518//79 516//79
f 202//80 771//80 774//80
f 771//80 202//80 199//80
f 204//81 774//81 776//81
f 774//81 204//81 202//81
f 162//82 724//82 731//82
f 724//82 162//82 124//82
f 514//83 865//83 867//83
f 865//83 514//83 512//83
f 561//84 911//84 1172//84
f 911//84 561//84 559//84
f 530//85 881//85 883//85
f 881//85 530//85 528//85
f 512//86 863//86 865//86
f 863//86 512//86 510//86
f 217//87 787//87 789//87
f 787//87 217//87 215//87
f 124//88 726//88 724//88
f 726//88 124//88 123//88
f 135//45 701//45 134//45
f 701//45 135//45 944//45
f 134//89 700//89 136//89
f 700//89 134//89 701//89
f 136//90 702//90 137//90
f 702//90 136//90 700//90
f 137//91 703//91 138//91
f 703//91 137//91 702//91
f 138//92 704//92 139//92
f 704//92 138//92 703//92
f 139//93 705//93 140//93
f 705//93 139//93 704//93
f 140//94 706//94 141//94
f 706//94 140//94 705//94
f 142//95 706//95 708//95
f 706//95 142//95 141//95
f 143//96 708//96 709//96
f 708//96 143//96 142//96
f 144//97 709//97 710//97
f 709//97 144//97 143//97
f 145//98 710//98 711//98
f 710//98 145//98 144//98
f 146//99 711//99 712//99
f 711//99 146//99 145//99
f 147//100 712//100 713//100
f 712//100 147//100 146//100
f 149//46 713//46 715//46
f 713//46 149//46 147//46
f 150//101 715//101 716//101
f 715//101 150//101 149//101
f 151//102 716//102 717//102
f 716//102 151//102 150//102
f 152//103 717//103 718//103
f 717//103 152//103 151//103
f 154//104 718//104 720//104
f 718//104 154//104 152//104
f 155//105 720//105 721//105
f 720//105 155//105 154//105
f 156//106 721//106 722//106
f 721//106 156//106 155//106
f 723//107 156//107 722//107
f 156//107 723//107 157//107
f 730//108 157//108 723//108
f 157//108 730//108 158//108
f 729//109 158//109 730//109
f 158//109 729//109 159//109
f 728//110 159//110 729//110
f 159//110 728//110 161//110
f 727//111 161//111 728//111
f 161//111 727//111 160//111
f 725//112 160//112 727//112
f 160//112 725//112 125//112
f 726//4 125//4 725//4
f 125//4 726//4 123//4
f 561//45 914//45 560//45
f 914//45 561//45 1172//45
f 560//113 913//113 562//113
f 913//113 560//113 914//113
f 562//90 915//90 563//90
f 915//90 562//90 913//90
f 563//114 916//114 564//114
f 916//114 563//114 915//114
f 564//92 917//92 565//92
f 917//92 564//92 916//92
f 565//115 912//115 566//115
f 912//115 565//115 917//115
f 566//116 918//116 567//116
f 918//116 566//116 912//116
f 568//95 918//95 919//95
f 918//95 568//95 567//95
f 569//117 919//117 920//117
f 919//117 569//117 568//117
f 570//97 920//97 921//97
f 920//97 570//97 569//97
f 572//98 921//98 923//98
f 921//98 572//98 570//98
f 573//99 923//99 924//99
f 923//99 573//99 572//99
f 574//100 924//100 925//100
f 924//100 574//100 573//100
f 575//46 925//46 926//46
f 925//46 575//46 574//46
f 576//101 926//101 928//101
f 926//101 576//101 575//101
f 577//102 928//102 929//102
f 928//102 577//102 576//102
f 578//103 929//103 930//103
f 929//103 578//103 577//103
f 579//104 930//104 931//104
f 930//104 579//104 578//104
f 580//118 931//118 932//118
f 931//118 580//118 579//118
f 581//106 932//106 933//106
f 932//106 581//106 580//106
f 935//119 581//119 933//119
f 581//119 935//119 582//119
f 936//120 582//120 935//120
f 582//120 936//120 583//120
f 937//109 583//109 936//109
f 583//109 937//109 584//109
f 938//121 584//121 937//121
f 584//121 938//121 585//121
f 939//111 585//111 938//111
f 585//111 939//111 586//111
f 940//122 586//122 939//122
f 586//122 940//122 127//122
f 941//4 127//4 940//4
f 127//4 941//4 128//4
f 166//94 735//94 165//94
f 735//94 166//94 736//94
f 167//95 735//95 738//95
f 735//95 167//95 165//95
f 168//96 738//96 739//96
f 738//96 168//96 167//96
f 170//97 739//97 737//97
f 739//97 170//97 168//97
f 171//98 737//98 740//98
f 737//98 171//98 170//98
f 172//123 740//123 741//123
f 740//123 172//123 171//123
f 173//124 741//124 742//124
f 741//124 173//124 172//124
f 175//46 742//46 744//46
f 742//46 175//46 173//46
f 176//125 744//125 745//125
f 744//125 176//125 175//125
f 177//126 745//126 746//126
f 745//126 177//126 176//126
f 178//127 746//127 747//127
f 746//127 178//127 177//127
f 179//104 747//104 748//104
f 747//104 179//104 178//104
f 180//118 748//118 749//118
f 748//118 180//118 179//118
f 181//106 749//106 750//106
f 749//106 181//106 180//106
f 751//107 181//107 750//107
f 181//107 751//107 182//107
f 753//108 182//108 751//108
f 182//108 753//108 184//108
f 755//109 184//109 753//109
f 184//109 755//109 185//109
f 756//128 185//128 755//128
f 185//128 756//128 186//128
f 759//129 186//129 756//129
f 186//129 759//129 187//129
f 757//112 187//112 759//112
f 187//112 757//112 122//112
f 758//4 122//4 757//4
f 122//4 758//4 120//4
f 532//45 886//45 531//45
f 886//45 532//45 1171//45
f 531//113 885//113 533//113
f 885//113 531//113 886//113
f 533//130 887//130 534//130
f 887//130 533//130 885//130
f 534//131 890//131 535//131
f 890//131 534//131 887//131
f 535//92 884//92 536//92
f 884//92 535//92 890//92
f 536//115 888//115 537//115
f 888//115 536//115 884//115
f 537//116 891//116 539//116
f 891//116 537//116 888//116
f 540//95 891//95 892//95
f 891//95 540//95 539//95
f 541//96 892//96 893//96
f 892//96 541//96 540//96
f 542//97 893//97 894//97
f 893//97 542//97 541//97
f 543//132 894//132 895//132
f 894//132 543//132 542//132
f 544//123 895//123 896//123
f 895//123 544//123 543//123
f 545//124 896//124 897//124
f 896//124 545//124 544//124
f 546//46 897//46 898//46
f 897//46 546//46 545//46
f 548//125 898//125 900//125
f 898//125 548//125 546//125
f 549//126 900//126 901//126
f 900//126 549//126 548//126
f 550//103 901//103 902//103
f 901//103 550//103 549//103
f 552//104 902//104 904//104
f 902//104 552//104 550//104
f 553//118 904//118 905//118
f 904//118 553//118 552//118
f 554//106 905//106 906//106
f 905//106 554//106 553//106
f 907//119 554//119 906//119
f 554//119 907//119 555//119
f 193//46 764//46 765//46
f 764//46 193//46 192//46
f 195//101 765//101 767//101
f 765//101 195//101 193//101
f 196//102 767//102 768//102
f 767//102 196//102 195//102
f 197//133 768//133 769//133
f 768//133 197//133 196//133
f 198//134 769//134 770//134
f 769//134 198//134 197//134
f 200//118 770//118 772//118
f 770//118 200//118 198//118
f 201//135 772//135 773//135
f 772//106 201//106 200//106
f 517//95 872//95 871//95
f 872//95 517//95 518//95
f 519//96 871//96 870//96
f 871//96 519//96 517//96
f 520//136 870//136 873//136
f 870//136 520//136 519//136
f 521//137 873//137 874//137
f 873//137 521//137 520//137
f 522//99 874//99 875//99
f 874//99 522//99 521//99
f 523//100 875//100 876//100
f 875//100 523//100 522//100
f 525//46 876//46 878//46
f 876//46 525//46 523//46
f 590//138 366//138 588//138
f 366//138 590//138 4//138
f 655//120 71//120 657//120
f 71//120 655//120 69//120
f 588//139 59//139 647//139
f 59//139 588//139 366//139
f 491//94 1011//94 477//94
f 1011//94 491//94 1024//94
f 264//140 836//140 262//140
f 836//141 264//141 843//141
f 649//142 65//142 651//142
f 65//142 649//142 63//142
f 489//93 1024//93 491//93
f 1024//143 489//143 1022//143
f 353//3 1109//3 1105//3
f 1109//3 353//3 359//3
f 485//114 1020//114 487//114
f 1020//91 485//91 1018//91
f 273//144 1097//144 1095//144
f 1097//144 273//144 345//144
f 645//145 63//145 649//145
f 63//145 645//145 60//145
f 647//4 60//4 645//4
f 60//4 647//4 59//4
f 377//146 1124//146 1126//146
f 1124//146 377//146 375//146
f 379//147 1126//147 1128//147
f 1126//147 379//147 377//147
f 657//119 73//119 659//119
f 73//107 657//107 71//107
f 483//148 1018//148 485//148
f 1018//148 483//148 1016//148
f 487//92 1022//92 489//92
f 1022//149 487//149 1020//149
f 479//150 1016//150 483//150
f 1016//150 479//150 1012//150
f 267//151 843//151 264//151
f 843//152 267//152 1091//152
f 262//153 834//153 266//153
f 834//154 262//154 836//154
f 1118//155 2//155 1117//155
f 2//155 1118//155 367//155
f 651//128 67//128 653//128
f 67//128 651//128 65//128
f 270//156 1091//156 267//156
f 1091//157 270//157 1093//157
f 345//158 1099//158 1097//158
f 1099//158 345//158 347//158
f 272//159 840//159 343//159
f 840//159 272//159 837//159
f 343//45 1012//45 479//45
f 1012//45 343//45 840//45
f 653//109 69//109 655//109
f 69//109 653//109 67//109
f 1119//160 367//160 1118//160
f 367//160 1119//160 369//160
f 381//161 1128//161 1115//161
f 1128//161 381//161 379//161
f 1120//162 369//162 1119//162
f 369//163 1120//163 371//163
f 351//164 1105//164 1103//164
f 1105//164 351//164 353//164
f 349//165 1103//165 1101//165
f 1103//165 349//165 351//165
f 347//166 1101//166 1099//166
f 1101//166 347//166 349//166
f 270//167 1095//167 1093//167
f 1095//168 270//168 273//168
f 373//169 1120//169 1122//169
f 1120//170 373//170 371//170
f 266//171 837//171 272//171
f 837//171 266//171 834//171
f 359//172 1115//172 1109//172
f 1115//172 359//172 381//172
f 375//173 1122//173 1124//173
f 1122//173 375//173 373//173
f 1117//174 4//174 590//174
f 4//174 1117//174 2//174
f 391//165 1150//165 1148//165
f 1150//165 391//165 393//165
f 388//175 1148//175 1145//175
f 1148//175 388//175 391//175
f 386//158 1145//158 1143//158
f 1145//158 386//158 388//158
f 56//144 1143//144 1140//144
f 1143//144 56//144 386//144
f 53//176 1140//176 1138//176
f 1140//176 53//176 56//176
f 53//177 1135//177 48//177
f 1135//177 53//177 1138//177
f 48//152 644//152 43//152
f 644//152 48//152 1135//152
f 43//141 636//141 38//141
f 636//141 43//141 644//141
f 38//153 631//153 35//153
f 631//153 38//153 636//153
f 35//171 623//171 30//171
f 623//171 35//171 631//171
f 30//159 618//159 27//159
f 618//159 30//159 623//159
f 27//150 611//150 25//150
f 611//150 27//150 618//150
f 25//148 613//148 32//148
f 613//148 25//148 611//148
f 32//131 616//131 37//131
f 616//131 32//131 613//131
f 37//92 621//92 45//92
f 621//92 37//92 616//92
f 45//93 624//93 50//93
f 624//93 45//93 621//93
f 50//116 629//116 58//116
f 629//116 50//116 624//116
f 83//178 629//178 634//178
f 629//178 83//178 58//178
f 85//96 634//96 637//96
f 634//96 85//96 83//96
f 88//97 637//97 642//97
f 637//97 88//97 85//97
f 90//132 642//132 668//132
f 642//132 90//132 88//132
f 93//179 668//179 671//179
f 668//179 93//179 90//179
f 95//180 671//180 674//180
f 671//180 95//180 93//180
f 105//46 674//46 685//46
f 674//46 105//46 95//46
f 106//181 685//181 687//181
f 685//181 106//181 105//181
f 107//182 687//182 686//182
f 687//182 107//182 106//182
f 109//127 686//127 689//127
f 686//127 109//127 107//127
f 110//104 689//104 690//104
f 689//104 110//104 109//104
f 111//118 690//118 691//118
f 690//118 111//118 110//118
f 112//183 691//183 692//183
f 691//183 112//183 111//183
f 693//107 112//107 692//107
f 112//107 693//107 113//107
f 694//120 113//120 693//120
f 113//120 694//120 114//120
f 698//109 114//109 694//109
f 114//109 698//109 115//109
f 697//128 115//128 698//128
f 115//128 697//128 119//128
f 696//142 119//142 697//142
f 119//142 696//142 117//142
f 1159//145 117//145 696//145
f 117//145 1159//145 118//145
f 1160//139 118//139 1159//139
f 118//139 1160//139 402//139
f 1170//138 402//138 1160//138
f 402//138 1170//138 403//138
f 1169//174 403//174 1170//174
f 403//174 1169//174 404//174
f 1168//155 404//155 1169//155
f 404//155 1168//155 405//155
f 1167//160 405//160 1168//160
f 405//160 1167//160 406//160
f 1166//162 406//162 1167//162
f 406//162 1166//162 407//162
f 408//184 1166//184 1165//184
f 1166//184 408//184 407//184
f 409//173 1165//173 1164//173
f 1165//173 409//173 408//173
f 410//146 1164//146 1163//146
f 1164//146 410//146 409//146
f 411//147 1163//147 1162//147
f 1163//147 411//147 410//147
f 412//161 1162//161 1158//161
f 1162//161 412//161 411//161
f 401//172 1158//172 1156//172
f 1158//172 401//172 412//172
f 396//3 1156//3 1153//3
f 1156//3 396//3 401//3
f 393//164 1153//164 1150//164
f 1153//164 393//164 396//164
f 314//165 1043//165 1045//165
f 1043//165 314//165 293//165
f 315//175 1045//175 1063//175
f 1045//166 315//166 314//166
f 312//158 1063//158 1062//158
f 1063//158 312//158 315//158
f 310//144 1062//144 1060//144
f 1062//144 310//144 312//144
f 308//168 1060//168 1058//168
f 1060//168 308//168 310//168
f 308//157 1056//157 306//157
f 1056//157 308//157 1058//157
f 306//152 1054//152 304//152
f 1054//185 306//185 1056//185
f 304//141 1052//141 302//141
f 1052//141 304//141 1054//141
f 302//153 1050//153 300//153
f 1050//153 302//153 1052//153
f 300//171 1048//171 298//171
f 1048//171 300//171 1050//171
f 298//159 972//159 296//159
f 972//159 298//159 1048//159
f 296//150 974//150 444//150
f 974//150 296//150 972//150
f 444//148 976//148 446//148
f 976//148 444//148 974//148
f 446//131 978//131 448//131
f 978//131 446//131 976//131
f 448//92 982//92 449//92
f 982//92 448//92 978//92
f 449//115 983//115 441//115
f 983//93 449//93 982//93
f 441//186 980//186 439//186
f 980//186 441//186 983//186
f 437//187 980//187 968//187
f 980//187 437//187 439//187
f 435//96 968//96 967//96
f 968//96 435//96 437//96
f 433//97 967//97 965//97
f 967//97 433//97 435//97
f 450//132 965//132 984//132
f 965//132 450//132 433//132
f 451//179 984//179 985//179
f 984//179 451//179 450//179
f 452//180 985//180 986//180
f 985//180 452//180 451//180
f 454//46 986//46 988//46
f 986//46 454//46 452//46
f 456//181 988//181 1001//181
f 988//181 456//181 454//181
f 458//182 1001//182 1002//182
f 1001//182 458//182 456//182
f 459//127 1002//127 998//127
f 1002//127 459//127 458//127
f 467//104 998//104 995//104
f 998//104 467//104 459//104
f 466//118 995//118 993//118
f 995//118 466//118 467//118
f 465//183 993//183 794//183
f 993//135 465//135 466//135
f 796//188 465//188 794//188
f 465//107 796//107 464//107
f 804//108 464//108 796//108
f 464//120 804//120 463//120
f 808//109 463//109 804//109
f 463//109 808//109 462//109
f 814//128 462//128 808//128
f 462//128 814//128 461//128
f 797//142 461//142 814//142
f 461//111 797//111 225//111
f 1069//145 225//145 797//145
f 225//145 1069//145 242//145
f 1070//139 242//139 1069//139
f 242//139 1070//139 236//139
f 1071//189 236//189 1070//189
f 236//138 1071//138 232//138
f 1072//174 232//174 1071//174
f 232//174 1072//174 224//174
f 1073//155 224//155 1072//155
f 224//155 1073//155 222//155
f 1074//160 222//160 1073//160
f 222//190 1074//190 319//190
f 1075//163 319//163 1074//163
f 319//191 1075//191 323//191
f 325//169 1075//169 1076//169
f 1075//170 325//170 323//170
f 328//173 1076//173 1078//173
f 1076//173 328//173 325//173
f 330//146 1078//146 1080//146
f 1078//146 330//146 328//146
f 332//192 1080//192 1083//192
f 1080//147 332//147 330//147
f 334//161 1083//161 1068//161
f 1083//161 334//161 332//161
f 336//172 1068//172 1066//172
f 1068//172 336//172 334//172
f 316//3 1066//3 1064//3
f 1066//3 316//3 336//3
f 293//164 1064//164 1043//164
f 1064//164 293//164 316//164
f 288//165 1039//165 1038//165
f 1039//165 288//165 289//165
f 287//166 1038//166 1037//166
f 1038//175 287//175 288//175
f 286//158 1037//158 1036//158
f 1037//158 286//158 287//158
f 285//144 1036//144 1035//144
f 1036//144 285//144 286//144
f 284//167 1035//167 1034//167
f 1035//168 284//168 285//168
f 284//156 1033//156 283//156
f 1033//157 284//157 1034//157
f 283//152 1032//152 282//152
f 1032//185 283//185 1033//185
f 282//141 1031//141 281//141
f 1031//141 282//141 1032//141
f 281//153 1030//153 280//153
f 1030//153 281//153 1031//153
f 280//193 1029//193 279//193
f 1029//171 280//171 1030//171
f 279//159 948//159 278//159
f 948//159 279//159 1029//159
f 278//150 945//150 276//150
f 945//150 278//150 948//150
f 276//148 949//148 415//148
f 949//90 276//90 945//90
f 415//131 950//131 416//131
f 950//131 415//131 949//131
f 416//92 951//92 417//92
f 951//92 416//92 950//92
f 417//115 952//115 418//115
f 952//93 417//93 951//93
f 418//186 953//186 419//186
f 953//116 418//116 952//116
f 420//187 953//187 954//187
f 953//178 420//178 419//178
f 421//96 954//96 955//96
f 954//96 421//96 420//96
f 422//97 955//97 956//97
f 955//97 422//97 421//97
f 423//132 956//132 957//132
f 956//132 423//132 422//132
f 425//179 957//179 959//179
f 957//179 425//179 423//179
f 426//180 959//180 960//180
f 959//180 426//180 425//180
f 429//46 960//46 961//46
f 960//46 429//46 426//46
f 430//181 961//181 962//181
f 961//181 430//181 429//181
f 431//182 962//182 963//182
f 962//182 431//182 430//182
f 432//127 963//127 964//127
f 963//127 432//127 431//127
f 434//104 964//104 966//104
f 964//104 434//104 432//104
f 436//118 966//118 969//118
f 966//118 436//118 434//118
f 438//135 969//135 970//135
f 969//135 438//135 436//135
f 981//188 438//188 970//188
f 438//188 981//188 440//188
f 979//120 440//120 981//120
f 440//120 979//120 442//120
f 977//109 442//109 979//109
f 442//109 977//109 447//109
f 975//128 447//128 977//128
f 447//128 975//128 445//128
f 971//142 445//142 975//142
f 445//142 971//142 443//142
f 973//145 443//145 971//145
f 443//145 973//145 297//145
f 1047//139 297//139 973//139
f 297//139 1047//139 295//139
f 1049//138 295//138 1047//138
f 295//138 1049//138 299//138
f 1051//174 299//174 1049//174
f 299//174 1051//174 301//174
f 1053//155 301//155 1051//155
f 301//155 1053//155 303//155
f 1055//160 303//160 1053//160
f 303//160 1055//160 305//160
f 1057//191 305//191 1055//191
f 305//191 1057//191 307//191
f 309//169 1057//169 1059//169
f 1057//169 309//169 307//169
f 311//173 1059//173 1061//173
f 1059//173 311//173 309//173
f 313//146 1061//146 1046//146
f 1061//146 313//146 311//146
f 294//147 1046//147 1044//147
f 1046//192 294//192 313//192
f 292//161 1044//161 1042//161
f 1044//161 292//161 294//161
f 291//172 1042//172 1041//172
f 1042//172 291//172 292//172
f 290//3 1041//3 1040//3
f 1041//3 290//3 291//3
f 289//164 1040//164 1039//164
f 1040//164 289//164 290//164
f 22//165 609//165 607//165
f 609//165 22//165 24//165
f 20//175 607//175 605//175
f 607//175 20//175 22//175
f 18//158 605//158 603//158
f 605//158 18//158 20//158
f 16//144 603//144 601//144
f 603//144 16//144 18//144
f 14//176 601//176 599//176
f 601//176 14//176 16//176
f 14//177 597//177 12//177
f 597//177 14//177 599//177
f 12//152 594//152 10//152
f 594//152 12//152 597//152
f 10//141 587//141 9//141
f 587//141 10//141 594//141
f 9//154 589//154 7//154
f 589//154 9//154 587//154
f 7//171 1116//171 5//171
f 1116//171 7//171 589//171
f 5//159 646//159 6//159
f 646//159 5//159 1116//159
f 6//150 660//150 61//150
f 660//150 6//150 646//150
f 61//148 648//148 62//148
f 648//148 61//148 660//148
f 62//131 650//131 64//131
f 650//131 62//131 648//131
f 64//92 652//92 66//92
f 652//92 64//92 650//92
f 66//93 654//93 68//93
f 654//93 66//93 652//93
f 68//186 656//186 70//186
f 656//186 68//186 654//186
f 72//187 656//187 658//187
f 656//187 72//187 70//187
f 74//96 658//96 661//96
f 658//96 74//96 72//96
f 75//194 661//194 662//194
f 661//194 75//194 74//194
f 76//195 662//195 663//195
f 662//195 76//195 75//195
f 77//179 663//179 664//179
f 663//179 77//179 76//179
f 78//180 664//180 665//180
f 664//180 78//180 77//180
f 80//181 665//181 680//181
f 665//181 80//181 78//181
f 100//182 680//182 681//182
f 680//182 100//182 80//182
f 101//196 681//196 682//196
f 681//196 101//196 100//196
f 102//197 682//197 679//197
f 682//197 102//197 101//197
f 99//118 679//118 678//118
f 679//118 99//118 102//118
f 98//135 678//135 677//135
f 678//135 98//135 99//135
f 676//188 98//188 677//188
f 98//188 676//188 97//188
f 675//198 97//198 676//198
f 97//198 675//198 96//198
f 672//109 96//109 675//109
f 96//109 672//109 94//109
f 670//128 94//128 672//128
f 94//128 670//128 92//128
f 669//142 92//142 670//142
f 92//142 669//142 91//142
f 643//145 91//145 669//145
f 91//145 643//145 89//145
f 640//139 89//139 643//139
f 89//139 640//139 87//139
f 638//138 87//138 640//138
f 87//138 638//138 86//138
f 635//199 86//199 638//199
f 86//199 635//199 84//199
f 632//155 84//155 635//155
f 84//155 632//155 82//155
f 630//200 82//200 632//200
f 82//200 630//200 81//200
f 627//162 81//162 630//162
f 81//162 627//162 55//162
f 52//184 627//184 625//184
f 627//184 52//184 55//184
f 47//173 625//173 622//173
f 625//173 47//173 52//173
f 42//146 622//146 619//146
f 622//146 42//146 47//146
f 40//192 619//192 617//192
f 619//192 40//192 42//192
f 34//161 617//161 614//161
f 617//161 34//161 40//161
f 29//172 614//172 612//172
f 614//172 29//172 34//172
f 24//164 612//164 609//164
f 612//164 24//164 29//164
f 245//201 812//201 810//201
f 812//165 245//165 246//165
f 243//166 810//166 806//166
f 810//175 243//175 245//175
f 241//158 806//158 802//158
f 806//158 241//158 243//158
f 239//202 802//202 800//202
f 802//203 239//203 241//203
f 237//176 800//176 795//176
f 800//176 237//176 239//176
f 237//177 991//177 235//177
f 991//177 237//177 795//177
f 235//185 992//185 233//185
f 992//151 235//151 991//151
f 233//141 994//141 231//141
f 994//141 233//141 992//141
f 231//154 996//154 229//154
f 996//204 231//204 994//204
f 229//205 997//205 226//205
f 997//193 229//193 996//193
f 226//206 999//206 227//206
f 999//207 226//207 997//207
f 227//113 1003//113 468//113
f 1003//89 227//89 999//89
f 468//90 1000//90 457//90
f 1000//130 468//130 1003//130
f 457//208 990//208 455//208
f 990//114 457//114 1000//114
f 455//92 989//92 469//92
f 989//92 455//92 990//92
f 469//143 987//143 453//143
f 987//115 469//115 989//115
f 453//186 1004//186 470//186
f 1004//186 453//186 987//186
f 471//187 1004//187 1005//187
f 1004//187 471//187 470//187
f 472//209 1005//209 1006//209
f 1005//210 472//210 471//210
f 473//194 1006//194 1007//194
f 1006//194 473//194 472//194
f 474//195 1007//195 1008//195
f 1007//132 474//132 473//132
f 475//179 1008//179 1009//179
f 1008//99 475//99 474//99
f 476//180 1009//180 1010//180
f 1009//180 476//180 475//180
f 478//181 1010//181 1028//181
f 1010//181 478//181 476//181
f 494//182 1028//182 1027//182
f 1028//102 494//102 478//102
f 493//196 1027//196 1026//196
f 1027//127 493//127 494//127
f 492//211 1026//211 1025//211
f 1026//211 492//211 493//211
f 490//212 1025//212 1023//212
f 1025//213 490//213 492//213
f 488//135 1023//135 1021//135
f 1023//135 488//135 490//135
f 1019//188 488//188 1021//188
f 488//188 1019//188 486//188
f 1017//108 486//108 1019//108
f 486//198 1017//198 484//198
f 1015//109 484//109 1017//109
f 484//109 1015//109 482//109
f 1014//110 482//110 1015//110
f 482//214 1014//214 481//214
f 1013//129 481//129 1014//129
f 481//111 1013//111 480//111
f 844//122 480//122 1013//122
f 480//112 844//112 358//112
f 842//215 358//215 844//215
f 358//216 842//216 357//216
f 841//189 357//189 842//189
f 357//217 841//217 344//217
f 838//218 344//218 841//218
f 344//199 838//199 275//199
f 835//155 275//155 838//155
f 275//155 835//155 269//155
f 832//200 269//200 835//200
f 269//190 832//190 261//190
f 830//162 261//162 832//162
f 261//162 830//162 259//162
f 257//184 830//184 828//184
f 830//184 257//184 259//184
f 255//219 828//219 826//219
f 828//220 255//220 257//220
f 253//146 826//146 824//146
f 826//146 253//146 255//146
f 251//147 824//147 822//147
f 824//192 251//192 253//192
f 249//221 822//221 819//221
f 822//161 249//161 251//161
f 248//172 819//172 816//172
f 819//172 248//172 249//172
f 246//164 816//164 812//164
f 816//164 246//164 248//164
f 365//165 1133//165 1132//165
f 1133//165 365//165 384//165
f 363//175 1132//175 1113//175
f 1132//175 363//175 365//175
f 361//158 1113//158 1111//158
f 1113//158 361//158 363//158
f 382//203 1111//203 1130//203
f 1111//203 382//203 361//203
f 383//176 1130//176 1114//176
f 1130//176 383//176 382//176
f 383//177 1129//177 380//177
f 1129//177 383//177 1114//177
f 380//152 1127//152 378//152
f 1127//152 380//152 1129//152
f 378//141 1125//141 376//141
f 1125//141 378//141 1127//141
f 376//154 1123//154 374//154
f 1123//154 376//154 1125//154
f 374//171 1121//171 372//171
f 1121//171 374//171 1123//171
f 372//159 592//159 370//159
f 592//159 372//159 1121//159
f 370//150 591//150 368//150
f 591//150 370//150 592//150
f 368//148 593//148 3//148
f 593//148 368//148 591//148
f 3//114 595//114 1//114
f 595//114 3//114 593//114
f 1//92 596//92 8//92
f 596//92 1//92 595//92
f 8//93 598//93 11//93
f 598//93 8//93 596//93
f 11//186 600//186 13//186
f 600//186 11//186 598//186
f 15//187 600//187 602//187
f 600//187 15//187 13//187
f 17//96 602//96 604//96
f 602//96 17//96 15//96
f 19//97 604//97 606//97
f 604//97 19//97 17//97
f 21//195 606//195 608//195
f 606//195 21//195 19//195
f 23//179 608//179 610//179
f 608//179 23//179 21//179
f 26//180 610//180 615//180
f 610//180 26//180 23//180
f 28//181 615//181 620//181
f 615//181 28//181 26//181
f 31//182 620//182 626//182
f 620//182 31//182 28//182
f 33//196 626//196 628//196
f 626//196 33//196 31//196
f 36//104 628//104 633//104
f 628//104 36//104 33//104
f 39//118 633//118 639//118
f 633//118 39//118 36//118
f 41//135 639//135 641//135
f 639//135 41//135 39//135
f 667//188 41//188 641//188
f 41//188 667//188 44//188
f 673//198 44//198 667//198
f 44//198 673//198 46//198
f 1136//109 46//109 673//109
f 46//109 1136//109 49//109
f 1137//110 49//110 1136//110
f 49//110 1137//110 51//110
f 1139//142 51//142 1137//142
f 51//142 1139//142 54//142
f 1141//145 54//145 1139//145
f 54//145 1141//145 57//145
f 1142//139 57//139 1141//139
f 57//139 1142//139 385//139
f 1144//138 385//138 1142//138
f 385//138 1144//138 387//138
f 1146//199 387//199 1144//199
f 387//199 1146//199 389//199
f 1147//155 389//155 1146//155
f 389//155 1147//155 390//155
f 1149//200 390//200 1147//200
f 390//200 1149//200 392//200
f 1151//162 392//162 1149//162
f 392//162 1151//162 394//162
f 395//184 1151//184 1152//184
f 1151//184 395//184 394//184
f 397//220 1152//220 1154//220
f 1152//220 397//220 395//220
f 398//146 1154//146 1155//146
f 1154//146 398//146 397//146
f 399//192 1155//192 1157//192
f 1155//192 399//192 398//192
f 400//161 1157//161 1161//161
f 1157//161 400//161 399//161
f 413//172 1161//172 1134//172
f 1161//172 413//172 400//172
f 384//164 1134//164 1133//164
f 1134//164 384//164 413//164
f 339//201 1088//201 1087//201
f 1088//165 339//165 340//165
f 317//166 1087//166 1086//166
f 1087//175 317//175 339//175
f 318//158 1086//158 1065//158
f 1086//158 318//158 317//158
f 335//144 1065//144 1067//144
f 1065//222 335//222 318//222
f 338//176 1067//176 1085//176
f 1067//176 338//176 335//176
f 338//177 1084//177 333//177
f 1084//177 338//177 1085//177
f 333//185 1082//185 331//185
f 1082//151 333//151 1084//151
f 331//141 1081//141 337//141
f 1081//141 331//141 1082//141
f 337//154 1079//154 329//154
f 1079//204 337//204 1081//204
f 329//205 1077//205 327//205
f 1077//193 329//193 1079//193
f 327//206 799//206 326//206
f 799//207 327//207 1077//207
f 326//113 798//113 324//113
f 798//89 326//89 799//89
f 324//90 801//90 322//90
f 801//130 324//130 798//130
f 322//91 803//91 321//91
f 803//114 322//114 801//114
f 321//92 805//92 320//92
f 805//92 321//92 803//92
f 320//143 807//143 460//143
f 807//115 320//115 805//115
f 460//186 809//186 223//186
f 809//186 460//186 807//186
f 228//187 809//187 811//187
f 809//187 228//187 223//187
f 230//209 811//209 813//209
f 811//210 230//210 228//210
f 234//97 813//97 815//97
f 813//97 234//97 230//97
f 238//195 815//195 817//195
f 815//132 238//132 234//132
f 240//179 817//179 818//179
f 817//99 240//99 238//99
f 244//180 818//180 820//180
f 818//180 244//180 240//180
f 247//181 820//181 821//181
f 820//181 247//181 244//181
f 250//182 821//182 823//182
f 821//102 250//102 247//102
f 252//196 823//196 825//196
f 823//127 252//127 250//127
f 254//104 825//104 827//104
f 825//104 254//104 252//104
f 256//212 827//212 829//212
f 827//213 256//213 254//213
f 258//135 829//135 831//135
f 829//135 258//135 256//135
f 833//188 258//188 831//188
f 258//188 833//188 260//188
f 839//108 260//108 833//108
f 260//198 839//198 263//198
f 845//109 263//109 839//109
f 263//109 845//109 265//109
f 1092//110 265//110 845//110
f 265//121 1092//121 268//121
f 1094//129 268//129 1092//129
f 268//111 1094//111 271//111
f 1096//122 271//122 1094//122
f 271//112 1096//112 274//112
f 1098//215 274//215 1096//215
f 274//216 1098//216 346//216
f 1100//189 346//189 1098//189
f 346//217 1100//217 348//217
f 1102//218 348//218 1100//218
f 348//199 1102//199 350//199
f 1104//155 350//155 1102//155
f 350//155 1104//155 352//155
f 1106//200 352//200 1104//200
f 352//190 1106//190 354//190
f 1107//162 354//162 1106//162
f 354//162 1107//162 355//162
f 356//184 1107//184 1108//184
f 1107//184 356//184 355//184
f 360//173 1108//173 1110//173
f 1108//223 360//223 356//223
f 362//146 1110//146 1112//146
f 1110//146 362//146 360//146
f 364//147 1112//147 1131//147
f 1112//192 364//192 362//192
f 342//221 1131//221 1090//221
f 1131//161 342//161 364//161
f 341//172 1090//172 1089//172
f 1090//172 341//172 342//172
f 340//164 1089//164 1088//164
f 1089//164 340//164 341//164
