# Blender 4.0.2
# www.blender.org
o backlight
v 9.560520 5.650929 0.000000
v 9.819260 5.945965 1.599999
v 9.819260 5.945965 0.000000
v 9.560520 5.650929 1.599999
v 10.413534 8.163828 0.000000
v 10.336977 8.548707 1.599999
v 10.336977 8.548707 0.000000
v 10.413534 8.163828 1.599999
v 10.439199 7.772249 0.000000
v 10.439199 7.772249 1.599999
v 10.210838 8.920300 1.599999
v 10.210838 8.920300 0.000000
v 4.464865 8.163828 1.599999
v 4.541422 8.548707 0.000000
v 4.541422 8.548707 1.599999
v 4.464865 8.163828 0.000000
v 5.059139 5.945965 1.599999
v 4.841124 6.272249 0.000000
v 4.841124 6.272249 1.599999
v 5.059139 5.945965 0.000000
v 4.667561 8.920300 1.599999
v 4.841124 9.272249 0.000000
v 4.841124 9.272249 1.599999
v 4.667561 8.920300 0.000000
v 7.439199 4.772249 0.000000
v 7.047621 4.797915 1.599999
v 7.439199 4.772249 1.599999
v 7.047621 4.797915 0.000000
v 7.047621 10.746584 0.000000
v 7.439199 10.772249 1.599999
v 7.047621 10.746584 1.599999
v 7.439199 10.772249 0.000000
v 6.291149 5.000611 0.000000
v 5.939199 5.174173 1.599999
v 6.291149 5.000611 1.599999
v 5.939199 5.174173 0.000000
v 10.037275 9.272249 1.599999
v 10.037275 9.272249 0.000000
v 6.662743 4.874472 1.599999
v 6.662743 4.874472 0.000000
v 10.210838 6.624199 0.000000
v 10.336977 6.995792 1.599999
v 10.336977 6.995792 0.000000
v 10.210838 6.624199 1.599999
v 5.317879 5.650929 1.599999
v 5.317879 5.650929 0.000000
v 4.667561 6.624199 1.599999
v 4.541422 6.995792 0.000000
v 4.541422 6.995792 1.599999
v 4.667561 6.624199 0.000000
v 9.265484 5.392189 1.599999
v 9.265484 5.392189 0.000000
v 5.317879 9.893570 0.000000
v 5.612915 10.152309 1.599999
v 5.317879 9.893570 1.599999
v 5.612915 10.152309 0.000000
v 4.464865 7.380671 0.000000
v 4.464865 7.380671 1.599999
v 4.439199 7.772249 0.000000
v 4.439199 7.772249 1.599999
v 9.819260 9.598534 1.599999
v 9.819260 9.598534 0.000000
v 8.587250 5.000611 0.000000
v 8.215656 4.874472 1.599999
v 8.587250 5.000611 1.599999
v 8.215656 4.874472 0.000000
v 8.939199 10.370326 0.000000
v 9.265484 10.152309 1.599999
v 8.939199 10.370326 1.599999
v 9.265484 10.152309 0.000000
v 5.939199 10.370326 0.000000
v 6.291149 10.543888 1.599999
v 5.939199 10.370326 1.599999
v 6.291149 10.543888 0.000000
v 8.939199 5.174173 1.599999
v 8.939199 5.174173 0.000000
v 9.560520 9.893570 1.599999
v 9.560520 9.893570 0.000000
v 5.612915 5.392189 0.000000
v 5.612915 5.392189 1.599999
v 7.830778 4.797915 1.599999
v 7.830778 4.797915 0.000000
v 10.037275 6.272249 1.599999
v 10.037275 6.272249 0.000000
v 10.413534 7.380671 0.000000
v 10.413534 7.380671 1.599999
v 6.662743 10.670027 0.000000
v 6.662743 10.670027 1.599999
v 8.215656 10.670027 0.000000
v 8.587250 10.543888 1.599999
v 8.215656 10.670027 1.599999
v 8.587250 10.543888 0.000000
v 5.059139 9.598534 1.599999
v 5.059139 9.598534 0.000000
v 7.830778 10.746584 1.599999
v 7.830778 10.746584 0.000000
v 13.172750 5.000611 0.000000
v 12.820800 5.174173 1.599999
v 13.172750 5.000611 1.599999
v 12.820800 5.174173 0.000000
v 14.320800 4.772249 0.000000
v 13.929221 4.797915 1.599999
v 14.320800 4.772249 1.599999
v 13.929221 4.797915 0.000000
v 16.918877 9.272249 0.000000
v 16.700859 9.598534 1.599999
v 16.700859 9.598534 0.000000
v 16.918877 9.272249 1.599999
v 11.423022 6.995792 1.599999
v 11.346465 7.380671 0.000000
v 11.346465 7.380671 1.599999
v 11.423022 6.995792 0.000000
v 13.544342 10.670027 0.000000
v 13.929221 10.746584 1.599999
v 13.544342 10.670027 1.599999
v 13.929221 10.746584 0.000000
v 17.295135 8.163828 0.000000
v 17.218578 8.548707 1.599999
v 17.218578 8.548707 0.000000
v 17.295135 8.163828 1.599999
v 16.918877 6.272249 0.000000
v 17.092438 6.624199 1.599999
v 17.092438 6.624199 0.000000
v 16.918877 6.272249 1.599999
v 14.712379 4.797915 0.000000
v 14.712379 4.797915 1.599999
v 15.820800 10.370326 0.000000
v 16.147083 10.152309 1.599999
v 15.820800 10.370326 1.599999
v 16.147083 10.152309 0.000000
v 16.147083 5.392189 0.000000
v 15.820800 5.174173 1.599999
v 16.147083 5.392189 1.599999
v 15.820800 5.174173 0.000000
v 17.092438 8.920300 1.599999
v 17.092438 8.920300 0.000000
v 14.320800 10.772249 0.000000
v 14.712379 10.746584 1.599999
v 14.320800 10.772249 1.599999
v 14.712379 10.746584 0.000000
v 11.346465 8.163828 1.599999
v 11.423022 8.548707 0.000000
v 11.423022 8.548707 1.599999
v 11.346465 8.163828 0.000000
v 17.320801 7.772249 0.000000
v 17.320801 7.772249 1.599999
v 12.199479 9.893570 0.000000
v 12.494515 10.152309 1.599999
v 12.199479 9.893570 1.599999
v 12.494515 10.152309 0.000000
v 11.320800 7.772249 1.599999
v 11.320800 7.772249 0.000000
v 11.549161 8.920300 0.000000
v 11.549161 8.920300 1.599999
v 15.468850 5.000611 1.599999
v 15.468850 5.000611 0.000000
v 12.494515 5.392189 1.599999
v 12.494515 5.392189 0.000000
v 16.442120 9.893570 1.599999
v 16.442120 9.893570 0.000000
v 17.295135 7.380671 0.000000
v 17.295135 7.380671 1.599999
v 15.097257 10.670027 0.000000
v 15.468850 10.543888 1.599999
v 15.097257 10.670027 1.599999
v 15.468850 10.543888 0.000000
v 17.218578 6.995792 0.000000
v 17.218578 6.995792 1.599999
v 12.199479 5.650929 1.599999
v 12.199479 5.650929 0.000000
v 15.097257 4.874472 1.599999
v 15.097257 4.874472 0.000000
v 11.722723 9.272249 0.000000
v 11.722723 9.272249 1.599999
v 16.442120 5.650929 0.000000
v 16.700859 5.945965 1.599999
v 16.700859 5.945965 0.000000
v 16.442120 5.650929 1.599999
v 12.820800 10.370326 1.599999
v 12.820800 10.370326 0.000000
v 13.172750 10.543888 1.599999
v 13.172750 10.543888 0.000000
v 11.549161 6.624199 1.599999
v 11.549161 6.624199 0.000000
v 13.544342 4.874472 1.599999
v 13.544342 4.874472 0.000000
v 11.940740 5.945965 1.599999
v 11.722723 6.272249 0.000000
v 11.722723 6.272249 1.599999
v 11.940740 5.945965 0.000000
v 11.940740 9.598534 0.000000
v 11.940740 9.598534 1.599999
v 153.104340 8.163828 0.000000
v 153.027771 8.548707 1.599999
v 153.027771 8.548707 0.000000
v 153.104340 8.163828 1.599999
v 153.130005 7.772249 0.000000
v 153.130005 7.772249 1.599999
v 151.278046 5.000611 0.000000
v 150.906464 4.874472 1.599999
v 151.278046 5.000611 1.599999
v 150.906464 4.874472 0.000000
v 151.956284 10.152309 0.000000
v 152.251312 9.893570 1.599999
v 151.956284 10.152309 1.599999
v 152.251312 9.893570 0.000000
v 150.130005 10.772249 0.000000
v 150.521576 10.746584 1.599999
v 150.130005 10.772249 1.599999
v 150.521576 10.746584 0.000000
v 147.531921 6.272249 1.599999
v 147.358368 6.624199 0.000000
v 147.358368 6.624199 1.599999
v 147.531921 6.272249 0.000000
v 147.232224 6.995792 0.000000
v 147.232224 6.995792 1.599999
v 153.104340 7.380671 0.000000
v 153.104340 7.380671 1.599999
v 150.521576 4.797915 0.000000
v 150.130005 4.772249 1.599999
v 150.521576 4.797915 1.599999
v 150.130005 4.772249 0.000000
v 152.728073 9.272249 0.000000
v 152.510056 9.598534 1.599999
v 152.510056 9.598534 0.000000
v 152.728073 9.272249 1.599999
v 147.130005 7.772249 1.599999
v 147.155670 8.163828 0.000000
v 147.155670 8.163828 1.599999
v 147.130005 7.772249 0.000000
v 147.232224 8.548707 0.000000
v 147.232224 8.548707 1.599999
v 147.749939 5.945965 1.599999
v 147.749939 5.945965 0.000000
v 150.906464 10.670027 0.000000
v 151.278046 10.543888 1.599999
v 150.906464 10.670027 1.599999
v 151.278046 10.543888 0.000000
v 152.510056 5.945965 0.000000
v 152.728073 6.272249 1.599999
v 152.728073 6.272249 0.000000
v 152.510056 5.945965 1.599999
v 147.155670 7.380671 1.599999
v 147.155670 7.380671 0.000000
v 148.008682 9.893570 0.000000
v 148.303711 10.152309 1.599999
v 148.008682 9.893570 1.599999
v 148.303711 10.152309 0.000000
v 148.630005 10.370326 1.599999
v 148.630005 10.370326 0.000000
v 151.630005 10.370326 0.000000
v 151.630005 10.370326 1.599999
v 148.008682 5.650929 1.599999
v 148.008682 5.650929 0.000000
v 148.303711 5.392189 0.000000
v 148.303711 5.392189 1.599999
v 149.738419 10.746584 0.000000
v 149.738419 10.746584 1.599999
v 152.251312 5.650929 0.000000
v 152.251312 5.650929 1.599999
v 152.901642 6.624199 0.000000
v 153.027771 6.995792 1.599999
v 153.027771 6.995792 0.000000
v 152.901642 6.624199 1.599999
v 147.358368 8.920300 1.599999
v 147.531921 9.272249 0.000000
v 147.531921 9.272249 1.599999
v 147.358368 8.920300 0.000000
v 148.981949 10.543888 1.599999
v 148.981949 10.543888 0.000000
v 147.749939 9.598534 0.000000
v 147.749939 9.598534 1.599999
v 148.630005 5.174173 0.000000
v 148.630005 5.174173 1.599999
v 152.901642 8.920300 0.000000
v 152.901642 8.920300 1.599999
v 149.353546 10.670027 1.599999
v 149.353546 10.670027 0.000000
v 151.630005 5.174173 0.000000
v 151.630005 5.174173 1.599999
v 149.738419 4.797915 1.599999
v 149.738419 4.797915 0.000000
v 148.981949 5.000611 0.000000
v 148.981949 5.000611 1.599999
v 151.956284 5.392189 0.000000
v 151.956284 5.392189 1.599999
v 149.353546 4.874472 1.599999
v 149.353546 4.874472 0.000000
v 164.644333 8.163828 0.000000
v 164.567780 8.548707 1.599999
v 164.567780 8.548707 0.000000
v 164.644333 8.163828 1.599999
v 164.669998 7.772249 0.000000
v 164.669998 7.772249 1.599999
v 162.818054 5.000611 0.000000
v 162.446457 4.874472 1.599999
v 162.818054 5.000611 1.599999
v 162.446457 4.874472 0.000000
v 163.496277 10.152309 0.000000
v 163.791321 9.893570 1.599999
v 163.496277 10.152309 1.599999
v 163.791321 9.893570 0.000000
v 161.669998 10.772249 0.000000
v 162.061584 10.746584 1.599999
v 161.669998 10.772249 1.599999
v 162.061584 10.746584 0.000000
v 159.071930 6.272249 1.599999
v 158.898361 6.624199 0.000000
v 158.898361 6.624199 1.599999
v 159.071930 6.272249 0.000000
v 158.772217 6.995792 0.000000
v 158.772217 6.995792 1.599999
v 164.644333 7.380671 0.000000
v 164.644333 7.380671 1.599999
v 162.061584 4.797915 0.000000
v 161.669998 4.772249 1.599999
v 162.061584 4.797915 1.599999
v 161.669998 4.772249 0.000000
v 164.268082 9.272249 0.000000
v 164.050064 9.598534 1.599999
v 164.050064 9.598534 0.000000
v 164.268082 9.272249 1.599999
v 158.669998 7.772249 1.599999
v 158.695663 8.163828 0.000000
v 158.695663 8.163828 1.599999
v 158.669998 7.772249 0.000000
v 158.772217 8.548707 0.000000
v 158.772217 8.548707 1.599999
v 159.289948 5.945965 1.599999
v 159.289948 5.945965 0.000000
v 162.446457 10.670027 0.000000
v 162.818054 10.543888 1.599999
v 162.446457 10.670027 1.599999
v 162.818054 10.543888 0.000000
v 164.050064 5.945965 0.000000
v 164.268082 6.272249 1.599999
v 164.268082 6.272249 0.000000
v 164.050064 5.945965 1.599999
v 158.695663 7.380671 1.599999
v 158.695663 7.380671 0.000000
v 159.548676 9.893570 0.000000
v 159.843719 10.152309 1.599999
v 159.548676 9.893570 1.599999
v 159.843719 10.152309 0.000000
v 160.169998 10.370326 1.599999
v 160.169998 10.370326 0.000000
v 163.169998 10.370326 0.000000
v 163.169998 10.370326 1.599999
v 159.548676 5.650929 1.599999
v 159.548676 5.650929 0.000000
v 159.843719 5.392189 0.000000
v 159.843719 5.392189 1.599999
v 161.278427 10.746584 0.000000
v 161.278427 10.746584 1.599999
v 164.441635 6.624199 0.000000
v 164.567780 6.995792 1.599999
v 164.567780 6.995792 0.000000
v 164.441635 6.624199 1.599999
v 158.898361 8.920300 1.599999
v 159.071930 9.272249 0.000000
v 159.071930 9.272249 1.599999
v 158.898361 8.920300 0.000000
v 160.521942 10.543888 1.599999
v 160.521942 10.543888 0.000000
v 159.289948 9.598534 0.000000
v 159.289948 9.598534 1.599999
v 160.169998 5.174173 0.000000
v 160.169998 5.174173 1.599999
v 164.441635 8.920300 0.000000
v 164.441635 8.920300 1.599999
v 160.893539 10.670027 1.599999
v 160.893539 10.670027 0.000000
v 163.169998 5.174173 0.000000
v 163.169998 5.174173 1.599999
v 161.278427 4.797915 1.599999
v 161.278427 4.797915 0.000000
v 160.521942 5.000611 0.000000
v 160.521942 5.000611 1.599999
v 163.496277 5.392189 0.000000
v 163.496277 5.392189 1.599999
v 160.893539 4.874472 1.599999
v 160.893539 4.874472 0.000000
v 163.791321 5.650929 0.000000
v 163.791321 5.650929 1.599999
v -2.000000 22.243988 0.000000
v -2.000000 -2.000000 0.000000
v 5.479996 22.243988 0.000000
v 23.840149 14.201889 0.000000
v 139.719833 3.350098 0.000000
v 23.840149 3.350098 0.000000
v 23.849991 14.351990 0.000000
v 23.810806 3.497635 0.000000
v 23.810806 14.054352 0.000000
v 23.762451 3.640076 0.000000
v 23.762451 13.911911 0.000000
v 23.695923 3.774994 0.000000
v 23.695923 13.776993 0.000000
v 23.612350 3.900070 0.000000
v 23.612350 13.651917 0.000000
v 23.513168 4.013168 0.000000
v 23.513168 13.538818 0.000000
v 23.400070 4.112350 0.000000
v 23.400070 13.439636 0.000000
v 23.274994 4.195923 0.000000
v 23.274994 13.356064 0.000000
v 23.140076 4.262451 0.000000
v 23.140076 13.289536 0.000000
v 22.997635 4.310806 0.000000
v 22.997635 13.241180 0.000000
v 22.850098 4.340149 0.000000
v 22.850098 13.211838 0.000000
v 22.699997 4.349991 0.000000
v 22.699997 13.201996 0.000000
v 22.549881 4.340149 0.000000
v 22.549881 13.211838 0.000000
v 22.402344 4.310806 0.000000
v 22.259903 4.262451 0.000000
v 22.402344 13.241180 0.000000
v 22.125000 4.195923 0.000000
v 21.999924 4.112350 0.000000
v 22.259903 13.289536 0.000000
v 21.886826 4.013168 0.000000
v 21.787643 3.900070 0.000000
v 22.125000 13.356064 0.000000
v 21.704056 3.774994 0.000000
v 21.999924 13.439636 0.000000
v 21.637527 3.640076 0.000000
v 21.589172 3.497635 0.000000
v 21.886826 13.538818 0.000000
v 21.559830 3.350098 0.000000
v 21.549988 3.199997 0.000000
v 21.787643 13.651917 0.000000
v 141.772354 3.900070 0.000000
v 142.000153 14.201889 0.000000
v 142.009995 14.351990 0.000000
v 141.673172 4.013168 0.000000
v 141.970810 14.054352 0.000000
v 141.922455 13.911911 0.000000
v 141.560074 4.112350 0.000000
v 141.855927 13.776993 0.000000
v 141.434998 4.195923 0.000000
v 141.772354 13.651917 0.000000
v 141.673172 13.538818 0.000000
v 141.300079 4.262451 0.000000
v 141.560074 13.439636 0.000000
v 141.434998 13.356064 0.000000
v 141.157639 4.310806 0.000000
v 141.300079 13.289536 0.000000
v 141.157639 13.241180 0.000000
v 141.010101 4.340149 0.000000
v 141.010101 13.211838 0.000000
v 140.859985 4.349991 0.000000
v 140.859985 13.201996 0.000000
v 140.709885 4.340149 0.000000
v 140.709885 13.211838 0.000000
v 140.562347 4.310806 0.000000
v 140.562347 13.241180 0.000000
v 140.419907 4.262451 0.000000
v 140.419907 13.289536 0.000000
v 140.284988 4.195923 0.000000
v 140.284988 13.356064 0.000000
v 140.159912 4.112350 0.000000
v 140.159912 13.439636 0.000000
v 140.046814 4.013168 0.000000
v 140.046814 13.538818 0.000000
v 139.947632 3.900070 0.000000
v 139.947632 13.651917 0.000000
v 139.864059 3.774994 0.000000
v 139.864059 13.776993 0.000000
v 139.797531 3.640076 0.000000
v 139.797531 13.911911 0.000000
v 139.749176 3.497635 0.000000
v 139.749176 14.054352 0.000000
v 139.719833 14.201889 0.000000
v 23.849991 3.199997 0.000000
v 139.709991 3.199997 0.000000
v 172.000000 -2.000000 0.000000
v 141.434998 2.204056 0.000000
v 141.560074 2.287643 0.000000
v 141.922455 3.640076 0.000000
v 141.970810 3.497635 0.000000
v 142.000153 3.350098 0.000000
v 142.009995 3.199997 0.000000
v 142.000153 3.049881 0.000000
v 141.970810 2.902344 0.000000
v 141.922455 2.759903 0.000000
v 141.772354 2.499924 0.000000
v 141.855927 2.625000 0.000000
v 141.673172 2.386826 0.000000
v 141.300079 2.137527 0.000000
v 141.157639 2.089172 0.000000
v 141.010101 2.059830 0.000000
v 140.859985 2.049988 0.000000
v 140.709885 2.059830 0.000000
v 139.709991 14.351990 0.000000
v 132.110016 66.920792 0.000000
v 136.030884 65.640900 0.000000
v 139.719833 3.049881 0.000000
v 128.188141 68.098602 0.000000
v 124.265305 69.174271 0.000000
v 23.840149 3.049881 0.000000
v 139.749176 2.902344 0.000000
v 120.341553 70.147690 0.000000
v 116.416962 71.018860 0.000000
v 23.810806 2.902344 0.000000
v 139.797531 2.759903 0.000000
v 112.491608 71.787659 0.000000
v 108.565567 72.454086 0.000000
v 104.638916 73.018082 0.000000
v 23.762451 2.759903 0.000000
v 139.864059 2.625000 0.000000
v 100.711761 73.479584 0.000000
v 96.784180 73.838562 0.000000
v 92.856308 74.095001 0.000000
v 88.928192 74.248886 0.000000
v 23.695923 2.625000 0.000000
v 139.947632 2.499924 0.000000
v 85.000000 74.300156 0.000000
v 81.071793 74.248886 0.000000
v 23.612350 2.499924 0.000000
v 140.046814 2.386826 0.000000
v 77.143677 74.095001 0.000000
v 23.840149 14.502090 0.000000
v 73.215805 73.838562 0.000000
v 69.288223 73.479584 0.000000
v 65.361069 73.018082 0.000000
v 23.513168 2.386826 0.000000
v 140.159912 2.287643 0.000000
v 23.810806 14.649628 0.000000
v 61.434418 72.454086 0.000000
v 57.508377 71.787659 0.000000
v 23.762451 14.792084 0.000000
v 53.583023 71.018860 0.000000
v 49.658432 70.147690 0.000000
v 23.400070 2.287643 0.000000
v 140.284988 2.204056 0.000000
v 23.695923 14.926987 0.000000
v 45.734680 69.174271 0.000000
v 41.811844 68.098602 0.000000
v 23.612350 15.052063 0.000000
v 23.274994 2.204056 0.000000
v 140.419907 2.137527 0.000000
v 23.140076 2.137527 0.000000
v 140.562347 2.089172 0.000000
v 22.997635 2.089172 0.000000
v 22.850098 2.059830 0.000000
v 21.704056 13.776993 0.000000
v 21.559830 3.049881 0.000000
v 21.589172 2.902344 0.000000
v 21.637527 2.759903 0.000000
v 21.704056 2.625000 0.000000
v 21.787643 2.499924 0.000000
v 21.886826 2.386826 0.000000
v 21.999924 2.287643 0.000000
v 22.125000 2.204056 0.000000
v 22.259903 2.137527 0.000000
v 22.402344 2.089172 0.000000
v 22.549881 2.059830 0.000000
v 22.699997 2.049988 0.000000
v 172.000000 22.243988 0.000000
v 164.519989 22.243988 0.000000
v 159.532898 55.821518 0.000000
v 164.519989 53.281921 0.000000
v 155.618759 57.712509 0.000000
v 151.703461 59.501816 0.000000
v 147.787003 61.189377 0.000000
v 143.869415 62.775116 0.000000
v 141.855927 3.774994 0.000000
v 142.000153 14.502090 0.000000
v 141.970810 14.649628 0.000000
v 141.922455 14.792084 0.000000
v 141.855927 14.926987 0.000000
v 141.772354 15.052063 0.000000
v 141.673172 15.165161 0.000000
v 141.560074 15.264343 0.000000
v 141.434998 15.347916 0.000000
v 141.300079 15.414459 0.000000
v 141.157639 15.462814 0.000000
v 141.010101 15.492157 0.000000
v 140.859985 15.501999 0.000000
v 140.709885 15.492157 0.000000
v 140.562347 15.462814 0.000000
v 139.950699 64.258987 0.000000
v 140.419907 15.414459 0.000000
v 140.284988 15.347916 0.000000
v 140.159912 15.264343 0.000000
v 140.046814 15.165161 0.000000
v 139.947632 15.052063 0.000000
v 139.864059 14.926987 0.000000
v 139.797531 14.792084 0.000000
v 139.749176 14.649628 0.000000
v 139.719833 14.502090 0.000000
v 37.889969 66.920792 0.000000
v 23.513168 15.165161 0.000000
v 33.969101 65.640900 0.000000
v 23.400070 15.264343 0.000000
v 30.049286 64.258987 0.000000
v 23.274994 15.347916 0.000000
v 26.130569 62.775116 0.000000
v 23.140076 15.414459 0.000000
v 22.212982 61.189377 0.000000
v 22.997635 15.462814 0.000000
v 18.296524 59.501816 0.000000
v 22.850098 15.492157 0.000000
v 22.699997 15.501999 0.000000
v 22.549881 15.492157 0.000000
v 22.402344 15.462814 0.000000
v 22.259903 15.414459 0.000000
v 22.125000 15.347916 0.000000
v 21.999924 15.264343 0.000000
v 21.886826 15.165161 0.000000
v 21.787643 15.052063 0.000000
v 21.704056 14.926987 0.000000
v 21.637527 14.792084 0.000000
v 21.589172 14.649628 0.000000
v 21.559830 14.502090 0.000000
v 21.549988 14.351990 0.000000
v 21.637527 13.911911 0.000000
v 21.589172 14.054352 0.000000
v 21.559830 14.201889 0.000000
v 14.381226 57.712509 0.000000
v 10.467087 55.821518 0.000000
v 5.479996 53.281921 0.000000
v 164.519989 53.281921 12.000000
v 162.869995 52.270538 12.000000
v 164.519989 22.243988 12.000000
v 159.532898 55.821518 12.000000
v 158.799561 54.343338 12.000000
v 155.618759 57.712509 12.000000
v 154.916870 56.219131 12.000000
v 151.703461 59.501816 12.000000
v 151.034012 57.993622 12.000000
v 147.787003 61.189377 12.000000
v 147.150925 59.666794 12.000000
v 143.869415 62.775116 12.000000
v 143.267654 61.238647 12.000000
v 139.950699 64.258987 12.000000
v 139.384171 62.709183 12.000000
v 136.030884 65.640900 12.000000
v 135.500488 64.078354 12.000000
v 132.110016 66.920792 12.000000
v 131.616653 65.346161 12.000000
v 128.188141 68.098602 12.000000
v 127.732620 66.512604 12.000000
v 124.265305 69.174271 12.000000
v 123.848419 67.577667 12.000000
v 120.341553 70.147690 12.000000
v 119.964066 68.541321 12.000000
v 116.416962 71.018860 12.000000
v 116.079559 69.403595 12.000000
v 112.491608 71.787659 12.000000
v 112.194916 70.164429 12.000000
v 108.565567 72.454086 12.000000
v 108.310165 70.823837 12.000000
v 104.638916 73.018082 12.000000
v 104.425308 71.381821 12.000000
v 100.711761 73.479584 12.000000
v 100.540359 71.838364 12.000000
v 96.784180 73.838562 12.000000
v 96.655319 72.193451 12.000000
v 92.856308 74.095001 12.000000
v 92.770248 72.447098 12.000000
v 88.928192 74.248886 12.000000
v 88.885132 72.599304 12.000000
v 85.000000 74.300156 12.000000
v 85.000000 72.650024 12.000000
v 81.114853 72.599304 12.000000
v 81.071793 74.248886 12.000000
v 77.229736 72.447098 12.000000
v 77.143677 74.095001 12.000000
v 73.344666 72.193451 12.000000
v 73.215805 73.838562 12.000000
v 69.459625 71.838364 12.000000
v 69.288223 73.479584 12.000000
v 65.574677 71.381821 12.000000
v 65.361069 73.018082 12.000000
v 61.689819 70.823837 12.000000
v 61.434418 72.454086 12.000000
v 57.805069 70.164429 12.000000
v 57.508377 71.787659 12.000000
v 53.920425 69.403595 12.000000
v 53.583023 71.018860 12.000000
v 50.035919 68.541321 12.000000
v 49.658432 70.147690 12.000000
v 46.151566 67.577667 12.000000
v 45.734680 69.174271 12.000000
v 42.267365 66.512604 12.000000
v 41.811844 68.098602 12.000000
v 38.383331 65.346161 12.000000
v 37.889969 66.920792 12.000000
v 34.499496 64.078354 12.000000
v 33.969101 65.640900 12.000000
v 30.615814 62.709183 12.000000
v 30.049286 64.258987 12.000000
v 26.732330 61.238647 12.000000
v 26.130569 62.775116 12.000000
v 22.849060 59.666794 12.000000
v 22.212982 61.189377 12.000000
v 18.965973 57.993622 12.000000
v 18.296524 59.501816 12.000000
v 15.083115 56.219131 12.000000
v 14.381226 57.712509 12.000000
v 11.200424 54.343338 12.000000
v 10.467087 55.821518 12.000000
v 7.129990 52.270538 12.000000
v 5.479996 53.281921 12.000000
v 5.479996 22.243988 12.000000
v 7.129990 20.593994 12.000000
v -0.350006 20.593994 12.000000
v -2.000000 22.243988 12.000000
v -0.350006 -0.350006 12.000000
v 172.000000 22.243988 12.000000
v 170.350006 20.593994 12.000000
v 172.000000 -2.000000 12.000000
v 162.869995 20.593994 12.000000
v 170.350006 -0.350006 12.000000
v -2.000000 -2.000000 12.000000
v 77.000000 -2.000000 5.599999
v 77.000000 -2.000000 1.599999
v 93.000000 -2.000000 1.599999
v 93.000000 -2.000000 5.599999
v 162.869995 52.270538 10.000000
v 158.799561 54.343338 10.000000
v 162.869995 20.593994 10.000000
v 170.350006 -0.350006 10.000000
v 170.350006 20.593994 10.000000
v 141.157639 15.462814 10.000000
v 154.916870 56.219131 10.000000
v 141.010101 15.492157 10.000000
v 151.034012 57.993622 10.000000
v 140.859985 15.501999 10.000000
v 147.150925 59.666794 10.000000
v 140.709885 15.492157 10.000000
v 143.267654 61.238647 10.000000
v 141.855927 14.926987 10.000000
v 141.772354 15.052063 10.000000
v 141.970810 14.054352 10.000000
v 142.000153 14.201889 10.000000
v 142.000153 3.049881 10.000000
v 142.009995 3.199997 10.000000
v 141.970810 2.902344 10.000000
v 141.922455 2.759903 10.000000
v 141.855927 2.625000 10.000000
v 141.772354 2.499924 10.000000
v 141.673172 2.386826 10.000000
v 141.560074 2.287643 10.000000
v 141.434998 2.204056 10.000000
v 141.300079 2.137527 10.000000
v 141.157639 2.089172 10.000000
v 141.010101 2.059830 10.000000
v 140.859985 2.049988 10.000000
v 140.709885 2.059830 10.000000
v 116.079559 69.403595 10.000000
v 139.864059 14.926987 10.000000
v 119.964066 68.541321 10.000000
v 112.194916 70.164429 10.000000
v 139.797531 14.792084 10.000000
v 108.310165 70.823837 10.000000
v 104.425308 71.381821 10.000000
v 139.749176 14.649628 10.000000
v 100.540359 71.838364 10.000000
v 96.655319 72.193451 10.000000
v 139.719833 14.502090 10.000000
v 92.770248 72.447098 10.000000
v 88.885132 72.599304 10.000000
v 85.000000 72.650024 10.000000
v 139.709991 14.351990 10.000000
v 81.114853 72.599304 10.000000
v 23.849991 14.351990 10.000000
v 23.840149 14.201889 10.000000
v 139.709991 3.199997 10.000000
v 23.840149 3.350098 10.000000
v 23.849991 3.199997 10.000000
v 139.719833 3.049881 10.000000
v 77.229736 72.447098 10.000000
v 23.840149 3.049881 10.000000
v 73.344666 72.193451 10.000000
v 23.840149 14.502090 10.000000
v 69.459625 71.838364 10.000000
v 65.574677 71.381821 10.000000
v 61.689819 70.823837 10.000000
v 139.749176 2.902344 10.000000
v 23.810806 14.649628 10.000000
v 57.805069 70.164429 10.000000
v 53.920425 69.403595 10.000000
v 23.762451 14.792084 10.000000
v 50.035919 68.541321 10.000000
v 23.695923 14.926987 10.000000
v 46.151566 67.577667 10.000000
v 42.267365 66.512604 10.000000
v 23.612350 15.052063 10.000000
v 38.383331 65.346161 10.000000
v 23.513168 15.165161 10.000000
v 34.499496 64.078354 10.000000
v 30.615814 62.709183 10.000000
v 23.400070 15.264343 10.000000
v 26.732330 61.238647 10.000000
v 23.762451 2.759903 10.000000
v 139.797531 2.759903 10.000000
v 23.810806 2.902344 10.000000
v 139.864059 2.625000 10.000000
v 23.695923 2.625000 10.000000
v 139.947632 2.499924 10.000000
v 23.513168 2.386826 10.000000
v 140.046814 2.386826 10.000000
v 23.612350 2.499924 10.000000
v 140.159912 2.287643 10.000000
v 23.400070 2.287643 10.000000
v 140.284988 2.204056 10.000000
v 23.274994 2.204056 10.000000
v 140.419907 2.137527 10.000000
v 23.140076 2.137527 10.000000
v 140.562347 2.089172 10.000000
v 22.997635 2.089172 10.000000
v 22.850098 2.059830 10.000000
v -0.350006 -0.350006 10.000000
v 22.699997 2.049988 10.000000
v 21.559830 14.502090 10.000000
v 7.129990 20.593994 10.000000
v 21.549988 14.351990 10.000000
v 21.549988 3.199997 10.000000
v 15.083115 56.219131 10.000000
v 11.200424 54.343338 10.000000
v 7.129990 52.270538 10.000000
v 21.559830 3.049881 10.000000
v 21.589172 2.902344 10.000000
v 21.637527 2.759903 10.000000
v 21.704056 2.625000 10.000000
v -0.350006 20.593994 10.000000
v 21.787643 2.499924 10.000000
v 21.886826 2.386826 10.000000
v 22.549881 2.059830 10.000000
v 22.402344 2.089172 10.000000
v 22.259903 2.137527 10.000000
v 22.125000 2.204056 10.000000
v 21.999924 2.287643 10.000000
v 23.810806 14.054352 10.000000
v 23.810806 3.497635 10.000000
v 23.762451 13.911911 10.000000
v 23.762451 3.640076 10.000000
v 23.695923 13.776993 10.000000
v 23.695923 3.774994 10.000000
v 23.612350 13.651917 10.000000
v 23.612350 3.900070 10.000000
v 23.513168 13.538818 10.000000
v 23.513168 4.013168 10.000000
v 23.400070 13.439636 10.000000
v 23.400070 4.112350 10.000000
v 23.274994 13.356064 10.000000
v 23.274994 4.195923 10.000000
v 23.140076 13.289536 10.000000
v 23.140076 4.262451 10.000000
v 22.997635 13.241180 10.000000
v 22.997635 4.310806 10.000000
v 22.850098 13.211838 10.000000
v 22.850098 4.340149 10.000000
v 22.699997 13.201996 10.000000
v 22.699997 4.349991 10.000000
v 22.549881 13.211838 10.000000
v 22.549881 4.340149 10.000000
v 22.402344 13.241180 10.000000
v 22.402344 4.310806 10.000000
v 22.259903 13.289536 10.000000
v 22.259903 4.262451 10.000000
v 22.125000 13.356064 10.000000
v 22.125000 4.195923 10.000000
v 21.999924 13.439636 10.000000
v 21.999924 4.112350 10.000000
v 21.886826 13.538818 10.000000
v 21.886826 4.013168 10.000000
v 21.787643 13.651917 10.000000
v 21.787643 3.900070 10.000000
v 21.704056 13.776993 10.000000
v 21.704056 3.774994 10.000000
v 21.637527 13.911911 10.000000
v 21.637527 3.640076 10.000000
v 21.589172 14.054352 10.000000
v 21.589172 3.497635 10.000000
v 21.559830 14.201889 10.000000
v 21.559830 3.350098 10.000000
v 23.274994 15.347916 10.000000
v 23.140076 15.414459 10.000000
v 22.849060 59.666794 10.000000
v 22.997635 15.462814 10.000000
v 18.965973 57.993622 10.000000
v 22.850098 15.492157 10.000000
v 22.699997 15.501999 10.000000
v 22.549881 15.492157 10.000000
v 22.402344 15.462814 10.000000
v 22.259903 15.414459 10.000000
v 22.125000 15.347916 10.000000
v 21.999924 15.264343 10.000000
v 21.886826 15.165161 10.000000
v 21.787643 15.052063 10.000000
v 21.704056 14.926987 10.000000
v 21.637527 14.792084 10.000000
v 21.589172 14.649628 10.000000
v 141.922455 13.911911 10.000000
v 142.000153 3.350098 10.000000
v 141.970810 3.497635 10.000000
v 141.922455 3.640076 10.000000
v 141.855927 13.776993 10.000000
v 141.855927 3.774994 10.000000
v 141.772354 13.651917 10.000000
v 141.772354 3.900070 10.000000
v 141.673172 13.538818 10.000000
v 141.673172 4.013168 10.000000
v 141.560074 13.439636 10.000000
v 141.560074 4.112350 10.000000
v 141.434998 13.356064 10.000000
v 141.434998 4.195923 10.000000
v 141.300079 13.289536 10.000000
v 141.300079 4.262451 10.000000
v 141.157639 13.241180 10.000000
v 141.157639 4.310806 10.000000
v 141.010101 13.211838 10.000000
v 141.010101 4.340149 10.000000
v 140.859985 13.201996 10.000000
v 140.859985 4.349991 10.000000
v 140.709885 13.211838 10.000000
v 140.709885 4.340149 10.000000
v 140.562347 13.241180 10.000000
v 140.562347 4.310806 10.000000
v 140.419907 13.289536 10.000000
v 140.419907 4.262451 10.000000
v 140.284988 13.356064 10.000000
v 140.284988 4.195923 10.000000
v 140.159912 13.439636 10.000000
v 140.159912 4.112350 10.000000
v 140.046814 13.538818 10.000000
v 140.046814 4.013168 10.000000
v 139.947632 13.651917 10.000000
v 139.947632 3.900070 10.000000
v 139.864059 13.776993 10.000000
v 139.864059 3.774994 10.000000
v 139.797531 13.911911 10.000000
v 139.797531 3.640076 10.000000
v 139.749176 14.054352 10.000000
v 139.749176 3.497635 10.000000
v 139.719833 14.201889 10.000000
v 139.719833 3.350098 10.000000
v 142.009995 14.351990 10.000000
v 142.000153 14.502090 10.000000
v 141.970810 14.649628 10.000000
v 141.922455 14.792084 10.000000
v 141.673172 15.165161 10.000000
v 141.560074 15.264343 10.000000
v 141.434998 15.347916 10.000000
v 141.300079 15.414459 10.000000
v 140.562347 15.462814 10.000000
v 140.419907 15.414459 10.000000
v 139.384171 62.709183 10.000000
v 140.284988 15.347916 10.000000
v 135.500488 64.078354 10.000000
v 140.159912 15.264343 10.000000
v 131.616653 65.346161 10.000000
v 127.732620 66.512604 10.000000
v 140.046814 15.165161 10.000000
v 123.848419 67.577667 10.000000
v 139.947632 15.052063 10.000000
v 22.402344 4.310806 1.599999
v 21.704056 14.926987 1.599999
v 7.479996 20.243988 1.599999
v 21.886826 15.165161 1.599999
v 21.787643 15.052063 1.599999
v 11.355988 54.029785 1.599999
v 7.479996 52.056000 1.599999
v 0.000000 20.243988 1.599999
v 0.000000 0.000000 1.599999
v 23.840149 3.350098 1.599999
v 77.000000 0.000000 1.599999
v 23.840149 14.201889 1.599999
v 23.849991 3.199997 1.599999
v 23.810806 14.054352 1.599999
v 23.810806 3.497635 1.599999
v 23.762451 13.911911 1.599999
v 23.762451 3.640076 1.599999
v 23.695923 13.776993 1.599999
v 23.695923 3.774994 1.599999
v 23.612350 13.651917 1.599999
v 23.612350 3.900070 1.599999
v 23.513168 13.538818 1.599999
v 23.513168 4.013168 1.599999
v 23.400070 13.439636 1.599999
v 23.400070 4.112350 1.599999
v 23.274994 13.356064 1.599999
v 23.274994 4.195923 1.599999
v 23.140076 13.289536 1.599999
v 23.140076 4.262451 1.599999
v 22.997635 13.241180 1.599999
v 22.997635 4.310806 1.599999
v 22.850098 13.211838 1.599999
v 22.850098 4.340149 1.599999
v 22.699997 13.201996 1.599999
v 22.699997 4.349991 1.599999
v 22.549881 13.211838 1.599999
v 22.549881 4.340149 1.599999
v 22.402344 13.241180 1.599999
v 22.259903 13.289536 1.599999
v 22.125000 13.356064 1.599999
v 22.259903 4.262451 1.599999
v 21.999924 13.439636 1.599999
v 21.886826 13.538818 1.599999
v 22.125000 4.195923 1.599999
v 21.787643 13.651917 1.599999
v 21.999924 4.112350 1.599999
v 21.704056 13.776993 1.599999
v 21.637527 13.911911 1.599999
v 21.886826 4.013168 1.599999
v 21.589172 14.054352 1.599999
v 21.559830 14.201889 1.599999
v 21.787643 3.900070 1.599999
v 21.549988 14.351990 1.599999
v 21.704056 3.774994 1.599999
v 23.840149 14.502090 1.599999
v 23.849991 14.351990 1.599999
v 30.735992 62.380432 1.599999
v 23.810806 14.649628 1.599999
v 23.762451 14.792084 1.599999
v 23.695923 14.926987 1.599999
v 23.612350 15.052063 1.599999
v 23.513168 15.165161 1.599999
v 23.400070 15.264343 1.599999
v 26.859985 60.912735 1.599999
v 23.274994 15.347916 1.599999
v 23.140076 15.414459 1.599999
v 22.983994 59.343826 1.599999
v 22.997635 15.462814 1.599999
v 19.107986 57.673706 1.599999
v 22.850098 15.492157 1.599999
v 15.231995 55.902359 1.599999
v 22.699997 15.501999 1.599999
v 22.549881 15.492157 1.599999
v 22.402344 15.462814 1.599999
v 22.259903 15.414459 1.599999
v 22.125000 15.347916 1.599999
v 21.999924 15.264343 1.599999
v 21.637527 14.792084 1.599999
v 21.589172 14.649628 1.599999
v 21.559830 14.502090 1.599999
v 73.371994 71.844498 1.599999
v 77.247986 72.097549 1.599999
v 69.495987 71.490234 1.599999
v 65.619995 71.034744 1.599999
v 61.743988 70.478027 1.599999
v 57.867996 69.820099 1.599999
v 53.991989 69.060959 1.599999
v 50.115997 68.200577 1.599999
v 46.239990 67.238998 1.599999
v 42.363998 66.176178 1.599999
v 38.487991 65.012146 1.599999
v 34.612000 63.746902 1.599999
v 23.840149 3.049881 1.599999
v 23.810806 2.902344 1.599999
v 23.762451 2.759903 1.599999
v 23.695923 2.625000 1.599999
v 23.612350 2.499924 1.599999
v 23.513168 2.386826 1.599999
v 23.400070 2.287643 1.599999
v 23.274994 2.204056 1.599999
v 23.140076 2.137527 1.599999
v 22.997635 2.089172 1.599999
v 22.850098 2.059830 1.599999
v 22.699997 2.049988 1.599999
v 21.637527 3.640076 1.599999
v 21.589172 3.497635 1.599999
v 21.559830 3.350098 1.599999
v 21.549988 3.199997 1.599999
v 21.559830 3.049881 1.599999
v 21.589172 2.902344 1.599999
v 21.637527 2.759903 1.599999
v 21.704056 2.625000 1.599999
v 21.787643 2.499924 1.599999
v 21.886826 2.386826 1.599999
v 21.999924 2.287643 1.599999
v 22.125000 2.204056 1.599999
v 22.259903 2.137527 1.599999
v 22.402344 2.089172 1.599999
v 22.549881 2.059830 1.599999
v 141.772354 13.651917 1.599999
v 142.000153 3.350098 1.599999
v 142.009995 3.199997 1.599999
v 141.673172 13.538818 1.599999
v 141.970810 3.497635 1.599999
v 141.922455 3.640076 1.599999
v 141.560074 13.439636 1.599999
v 141.855927 3.774994 1.599999
v 141.434998 13.356064 1.599999
v 141.772354 3.900070 1.599999
v 141.673172 4.013168 1.599999
v 141.300079 13.289536 1.599999
v 141.560074 4.112350 1.599999
v 141.434998 4.195923 1.599999
v 141.157639 13.241180 1.599999
v 141.300079 4.262451 1.599999
v 141.157639 4.310806 1.599999
v 141.010101 13.211838 1.599999
v 141.010101 4.340149 1.599999
v 140.859985 13.201996 1.599999
v 140.859985 4.349991 1.599999
v 140.709885 13.211838 1.599999
v 140.709885 4.340149 1.599999
v 140.562347 13.241180 1.599999
v 140.562347 4.310806 1.599999
v 140.419907 13.289536 1.599999
v 140.419907 4.262451 1.599999
v 140.284988 13.356064 1.599999
v 140.284988 4.195923 1.599999
v 140.159912 13.439636 1.599999
v 140.159912 4.112350 1.599999
v 140.046814 13.538818 1.599999
v 140.046814 4.013168 1.599999
v 139.947632 13.651917 1.599999
v 139.947632 3.900070 1.599999
v 139.864059 13.776993 1.599999
v 139.864059 3.774994 1.599999
v 139.797531 13.911911 1.599999
v 139.797531 3.640076 1.599999
v 139.749176 14.054352 1.599999
v 139.749176 3.497635 1.599999
v 93.000000 0.000000 1.599999
v 139.719833 14.201889 1.599999
v 139.709991 14.351990 1.599999
v 139.719833 3.350098 1.599999
v 142.000153 14.502090 1.599999
v 142.009995 14.351990 1.599999
v 147.015991 59.343826 1.599999
v 141.970810 14.649628 1.599999
v 141.922455 14.792084 1.599999
v 141.855927 14.926987 1.599999
v 141.772354 15.052063 1.599999
v 141.673172 15.165161 1.599999
v 141.560074 15.264343 1.599999
v 141.434998 15.347916 1.599999
v 141.300079 15.414459 1.599999
v 141.157639 15.462814 1.599999
v 141.010101 15.492157 1.599999
v 140.859985 15.501999 1.599999
v 140.709885 15.492157 1.599999
v 143.139999 60.912735 1.599999
v 140.562347 15.462814 1.599999
v 140.419907 15.414459 1.599999
v 139.263992 62.380432 1.599999
v 140.284988 15.347916 1.599999
v 135.387985 63.746902 1.599999
v 140.159912 15.264343 1.599999
v 131.511993 65.012146 1.599999
v 127.635986 66.176178 1.599999
v 140.046814 15.165161 1.599999
v 123.759995 67.238998 1.599999
v 139.947632 15.052063 1.599999
v 119.883987 68.200577 1.599999
v 139.864059 14.926987 1.599999
v 162.519989 20.243988 1.599999
v 154.767990 55.902359 1.599999
v 150.891998 57.673706 1.599999
v 142.000153 14.201889 1.599999
v 141.970810 14.054352 1.599999
v 141.922455 13.911911 1.599999
v 141.855927 13.776993 1.599999
v 158.643997 54.029785 1.599999
v 162.519989 52.056000 1.599999
v 170.000000 0.000000 1.599999
v 170.000000 20.243988 1.599999
v 141.434998 2.204056 1.599999
v 141.560074 2.287643 1.599999
v 141.673172 2.386826 1.599999
v 142.000153 3.049881 1.599999
v 141.970810 2.902344 1.599999
v 141.922455 2.759903 1.599999
v 141.855927 2.625000 1.599999
v 141.772354 2.499924 1.599999
v 141.300079 2.137527 1.599999
v 141.157639 2.089172 1.599999
v 141.010101 2.059830 1.599999
v 140.859985 2.049988 1.599999
v 140.709885 2.059830 1.599999
v 116.007996 69.060959 1.599999
v 139.797531 14.792084 1.599999
v 139.749176 14.649628 1.599999
v 139.709991 3.199997 1.599999
v 139.719833 3.049881 1.599999
v 139.719833 14.502090 1.599999
v 139.749176 2.902344 1.599999
v 112.131989 69.820099 1.599999
v 108.255997 70.478027 1.599999
v 104.379990 71.034744 1.599999
v 139.797531 2.759903 1.599999
v 100.503998 71.490234 1.599999
v 96.627991 71.844498 1.599999
v 140.562347 2.089172 1.599999
v 140.419907 2.137527 1.599999
v 140.284988 2.204056 1.599999
v 140.159912 2.287643 1.599999
v 140.046814 2.386826 1.599999
v 139.947632 2.499924 1.599999
v 139.864059 2.625000 1.599999
v 92.751999 72.097549 1.599999
v 88.875992 72.249390 1.599999
v 85.000000 72.299988 1.599999
v 81.123993 72.249390 1.599999
v 23.840149 14.201889 9.940000
v 139.719833 3.350098 9.940000
v 23.840149 3.350098 9.940000
v 23.849991 14.351990 9.940000
v 23.810806 3.497635 9.940000
v 23.810806 14.054352 9.940000
v 23.762451 3.640076 9.940000
v 23.762451 13.911911 9.940000
v 23.695923 3.774994 9.940000
v 23.695923 13.776993 9.940000
v 23.612350 3.900070 9.940000
v 23.612350 13.651917 9.940000
v 23.513168 4.013168 9.940000
v 23.513168 13.538818 9.940000
v 23.400070 4.112350 9.940000
v 23.400070 13.439636 9.940000
v 23.274994 4.195923 9.940000
v 23.274994 13.356064 9.940000
v 23.140076 4.262451 9.940000
v 23.140076 13.289536 9.940000
v 22.997635 4.310806 9.940000
v 22.997635 13.241180 9.940000
v 22.850098 4.340149 9.940000
v 22.850098 13.211838 9.940000
v 22.699997 4.349991 9.940000
v 22.699997 13.201996 9.940000
v 22.549881 4.340149 9.940000
v 22.549881 13.211838 9.940000
v 22.402344 4.310806 9.940000
v 22.402344 13.241180 9.940000
v 22.259903 4.262451 9.940000
v 22.259903 13.289536 9.940000
v 22.125000 4.195923 9.940000
v 22.125000 13.356064 9.940000
v 21.999924 4.112350 9.940000
v 21.999924 13.439636 9.940000
v 21.886826 4.013168 9.940000
v 21.886826 13.538818 9.940000
v 21.787643 3.900070 9.940000
v 21.787643 13.651917 9.940000
v 21.704056 3.774994 9.940000
v 21.704056 13.776993 9.940000
v 21.637527 3.640076 9.940000
v 21.637527 13.911911 9.940000
v 0.000000 0.000000 9.940000
v 21.589172 3.497635 9.940000
v 7.479996 20.243988 9.940000
v 21.559830 3.350098 9.940000
v 21.589172 14.054352 9.940000
v 21.549988 3.199997 9.940000
v 21.559830 14.201889 9.940000
v 170.000000 0.000000 9.940000
v 141.970810 3.497635 9.940000
v 162.519989 20.243988 9.940000
v 142.000153 14.201889 9.940000
v 142.009995 14.351990 9.940000
v 141.922455 3.640076 9.940000
v 141.970810 14.054352 9.940000
v 141.922455 13.911911 9.940000
v 141.855927 3.774994 9.940000
v 141.855927 13.776993 9.940000
v 141.772354 3.900070 9.940000
v 141.772354 13.651917 9.940000
v 141.673172 4.013168 9.940000
v 141.673172 13.538818 9.940000
v 141.560074 4.112350 9.940000
v 141.560074 13.439636 9.940000
v 141.434998 4.195923 9.940000
v 141.434998 13.356064 9.940000
v 141.300079 4.262451 9.940000
v 141.300079 13.289536 9.940000
v 141.157639 4.310806 9.940000
v 141.157639 13.241180 9.940000
v 141.010101 4.340149 9.940000
v 141.010101 13.211838 9.940000
v 140.859985 4.349991 9.940000
v 140.859985 13.201996 9.940000
v 140.709885 4.340149 9.940000
v 140.709885 13.211838 9.940000
v 140.562347 4.310806 9.940000
v 140.562347 13.241180 9.940000
v 140.419907 4.262451 9.940000
v 140.419907 13.289536 9.940000
v 140.284988 4.195923 9.940000
v 140.284988 13.356064 9.940000
v 140.159912 4.112350 9.940000
v 140.159912 13.439636 9.940000
v 140.046814 4.013168 9.940000
v 140.046814 13.538818 9.940000
v 139.947632 3.900070 9.940000
v 139.947632 13.651917 9.940000
v 139.864059 3.774994 9.940000
v 139.864059 13.776993 9.940000
v 139.797531 3.640076 9.940000
v 139.797531 13.911911 9.940000
v 139.749176 3.497635 9.940000
v 139.749176 14.054352 9.940000
v 139.719833 14.201889 9.940000
v 23.849991 3.199997 9.940000
v 139.709991 3.199997 9.940000
v 170.000000 20.243988 9.940000
v 158.643997 54.029785 9.940000
v 162.519989 52.056000 9.940000
v 141.157639 15.462814 9.940000
v 154.767990 55.902359 9.940000
v 141.010101 15.492157 9.940000
v 142.000153 3.350098 9.940000
v 142.009995 3.199997 9.940000
v 141.673172 15.165161 9.940000
v 141.772354 15.052063 9.940000
v 142.000153 3.049881 9.940000
v 141.970810 2.902344 9.940000
v 141.922455 2.759903 9.940000
v 141.855927 2.625000 9.940000
v 141.772354 2.499924 9.940000
v 141.673172 2.386826 9.940000
v 141.560074 2.287643 9.940000
v 141.434998 2.204056 9.940000
v 141.300079 2.137527 9.940000
v 141.157639 2.089172 9.940000
v 141.010101 2.059830 9.940000
v 140.859985 2.049988 9.940000
v 140.709885 2.059830 9.940000
v 139.709991 14.351990 9.940000
v 135.387985 63.746902 9.940000
v 139.263992 62.380432 9.940000
v 139.719833 3.049881 9.940000
v 131.511993 65.012146 9.940000
v 127.635986 66.176178 9.940000
v 123.759995 67.238998 9.940000
v 23.840149 3.049881 9.940000
v 139.749176 2.902344 9.940000
v 119.883987 68.200577 9.940000
v 116.007996 69.060959 9.940000
v 23.810806 2.902344 9.940000
v 139.797531 2.759903 9.940000
v 112.131989 69.820099 9.940000
v 108.255997 70.478027 9.940000
v 104.379990 71.034744 9.940000
v 23.762451 2.759903 9.940000
v 139.864059 2.625000 9.940000
v 100.503998 71.490234 9.940000
v 96.627991 71.844498 9.940000
v 92.751999 72.097549 9.940000
v 23.695923 2.625000 9.940000
v 139.947632 2.499924 9.940000
v 88.875992 72.249390 9.940000
v 85.000000 72.299988 9.940000
v 81.123993 72.249390 9.940000
v 23.612350 2.499924 9.940000
v 140.046814 2.386826 9.940000
v 77.247986 72.097549 9.940000
v 73.371994 71.844498 9.940000
v 23.840149 14.502090 9.940000
v 69.495987 71.490234 9.940000
v 23.513168 2.386826 9.940000
v 140.159912 2.287643 9.940000
v 65.619995 71.034744 9.940000
v 61.743988 70.478027 9.940000
v 23.810806 14.649628 9.940000
v 57.867996 69.820099 9.940000
v 53.991989 69.060959 9.940000
v 23.762451 14.792084 9.940000
v 23.400070 2.287643 9.940000
v 140.284988 2.204056 9.940000
v 50.115997 68.200577 9.940000
v 46.239990 67.238998 9.940000
v 23.695923 14.926987 9.940000
v 42.363998 66.176178 9.940000
v 23.612350 15.052063 9.940000
v 23.274994 2.204056 9.940000
v 140.419907 2.137527 9.940000
v 23.140076 2.137527 9.940000
v 140.562347 2.089172 9.940000
v 22.997635 2.089172 9.940000
v 22.850098 2.059830 9.940000
v 21.549988 14.351990 9.940000
v 11.355988 54.029785 9.940000
v 21.559830 3.049881 9.940000
v 15.231995 55.902359 9.940000
v 19.107986 57.673706 9.940000
v 21.589172 2.902344 9.940000
v 21.637527 2.759903 9.940000
v 21.704056 2.625000 9.940000
v 21.787643 2.499924 9.940000
v 22.699997 2.049988 9.940000
v 22.549881 2.059830 9.940000
v 22.402344 2.089172 9.940000
v 22.259903 2.137527 9.940000
v 22.125000 2.204056 9.940000
v 21.999924 2.287643 9.940000
v 21.886826 2.386826 9.940000
v 0.000000 20.243988 9.940000
v 142.000153 14.502090 9.940000
v 141.970810 14.649628 9.940000
v 141.922455 14.792084 9.940000
v 141.855927 14.926987 9.940000
v 141.560074 15.264343 9.940000
v 141.434998 15.347916 9.940000
v 141.300079 15.414459 9.940000
v 150.891998 57.673706 9.940000
v 140.859985 15.501999 9.940000
v 147.015991 59.343826 9.940000
v 140.709885 15.492157 9.940000
v 143.139999 60.912735 9.940000
v 140.562347 15.462814 9.940000
v 140.419907 15.414459 9.940000
v 140.284988 15.347916 9.940000
v 140.159912 15.264343 9.940000
v 140.046814 15.165161 9.940000
v 139.947632 15.052063 9.940000
v 139.864059 14.926987 9.940000
v 139.797531 14.792084 9.940000
v 139.749176 14.649628 9.940000
v 139.719833 14.502090 9.940000
v 38.487991 65.012146 9.940000
v 23.513168 15.165161 9.940000
v 34.612000 63.746902 9.940000
v 30.735992 62.380432 9.940000
v 23.400070 15.264343 9.940000
v 26.859985 60.912735 9.940000
v 23.274994 15.347916 9.940000
v 23.140076 15.414459 9.940000
v 22.983994 59.343826 9.940000
v 22.997635 15.462814 9.940000
v 22.850098 15.492157 9.940000
v 22.699997 15.501999 9.940000
v 22.549881 15.492157 9.940000
v 22.402344 15.462814 9.940000
v 22.259903 15.414459 9.940000
v 22.125000 15.347916 9.940000
v 21.999924 15.264343 9.940000
v 21.886826 15.165161 9.940000
v 21.787643 15.052063 9.940000
v 21.704056 14.926987 9.940000
v 21.637527 14.792084 9.940000
v 21.589172 14.649628 9.940000
v 21.559830 14.502090 9.940000
v 7.479996 52.056000 9.940000
v 93.000000 0.000000 5.599999
v 77.000000 0.000000 5.599999
vn -0.7518 0.6593 -0.0000
vn -0.9808 -0.1951 -0.0000
vn -0.9979 -0.0654 -0.0000
vn -0.9469 -0.3214 -0.0000
vn 0.9808 -0.1951 -0.0000
vn 0.8315 0.5556 -0.0000
vn 0.8969 -0.4423 -0.0000
vn 0.0654 0.9979 -0.0000
vn 0.0654 -0.9979 -0.0000
vn 0.4423 0.8969 -0.0000
vn -0.8969 -0.4423 -0.0000
vn 0.1951 0.9808 -0.0000
vn -0.9469 0.3214 -0.0000
vn 0.7518 0.6593 -0.0000
vn 0.9469 0.3214 -0.0000
vn -0.6593 0.7518 -0.0000
vn 0.6593 -0.7518 -0.0000
vn 0.9808 0.1951 -0.0000
vn 0.9979 0.0654 -0.0000
vn -0.8315 -0.5556 -0.0000
vn -0.3214 0.9469 -0.0000
vn -0.5556 -0.8315 -0.0000
vn 0.4423 -0.8969 -0.0000
vn -0.5556 0.8315 -0.0000
vn -0.6593 -0.7518 -0.0000
vn -0.4423 0.8969 -0.0000
vn 0.6593 0.7518 -0.0000
vn 0.5556 -0.8315 -0.0000
vn -0.1951 0.9808 -0.0000
vn -0.8315 0.5556 -0.0000
vn -0.9979 0.0654 -0.0000
vn -0.9808 0.1951 -0.0000
vn 0.1951 -0.9808 -0.0000
vn -0.3214 -0.9469 -0.0000
vn 0.7518 -0.6593 -0.0000
vn 0.3214 -0.9469 -0.0000
vn -0.0654 -0.9979 -0.0000
vn 0.9469 -0.3214 -0.0000
vn -0.4423 -0.8969 -0.0000
vn -0.8969 0.4423 -0.0000
vn -0.7518 -0.6593 -0.0000
vn -0.1951 -0.9808 -0.0000
vn 0.3214 0.9469 -0.0000
vn 0.8315 -0.5556 -0.0000
vn 0.9979 -0.0654 -0.0000
vn -0.0654 0.9979 -0.0000
vn 0.5556 0.8315 -0.0000
vn 0.8969 0.4423 -0.0000
vn -0.3215 0.9469 -0.0000
vn -0.6594 -0.7518 -0.0000
vn 0.9469 0.3215 -0.0000
vn -0.3215 -0.9469 -0.0000
vn 0.6594 -0.7518 -0.0000
vn 0.6593 -0.7519 -0.0000
vn 0.7518 0.6594 -0.0000
vn 0.6593 0.7519 -0.0000
vn 0.6594 0.7518 -0.0000
vn -0.7518 0.6594 -0.0000
vn 0.9469 -0.3215 -0.0000
vn -0.7518 -0.6594 -0.0000
vn -0.6594 0.7518 -0.0000
vn 0.7518 -0.6594 -0.0000
vn -0.9979 -0.0653 -0.0000
vn 0.8968 0.4423 -0.0000
vn -0.9979 0.0653 -0.0000
vn -0.5555 -0.8315 -0.0000
vn 0.7519 0.6593 -0.0000
vn -0.9469 0.3215 -0.0000
vn 0.8968 -0.4423 -0.0000
vn -0.9469 -0.3215 -0.0000
vn -0.5555 0.8315 -0.0000
vn 0.7519 -0.6593 -0.0000
vn -0.0000 -0.0000 -1.0000
vn -0.0000 -0.0000 1.0000
vn -0.0000 1.0000 -0.0000
vn 1.0000 -0.0000 -0.0000
vn 0.4538 0.8911 -0.0000
vn 0.4350 0.9004 -0.0000
vn 0.4157 0.9095 -0.0000
vn 0.3957 0.9184 -0.0000
vn 0.3752 0.9269 -0.0000
vn 0.3541 0.9352 -0.0000
vn 0.3325 0.9431 -0.0000
vn 0.3103 0.9506 -0.0000
vn 0.2876 0.9577 -0.0000
vn 0.2644 0.9644 -0.0000
vn 0.2408 0.9706 -0.0000
vn 0.2167 0.9762 -0.0000
vn 0.1922 0.9814 -0.0000
vn 0.1674 0.9859 -0.0000
vn 0.1422 0.9898 -0.0000
vn 0.1167 0.9932 -0.0000
vn 0.0910 0.9958 -0.0000
vn 0.0651 0.9979 -0.0000
vn 0.0391 0.9992 -0.0000
vn 0.0131 0.9999 -0.0000
vn -0.0131 0.9999 -0.0000
vn -0.0391 0.9992 -0.0000
vn -0.0651 0.9979 -0.0000
vn -0.0910 0.9958 -0.0000
vn -0.1167 0.9932 -0.0000
vn -0.1422 0.9898 -0.0000
vn -0.1674 0.9859 -0.0000
vn -0.1922 0.9814 -0.0000
vn -0.2167 0.9762 -0.0000
vn -0.2408 0.9706 -0.0000
vn -0.2644 0.9644 -0.0000
vn -0.2876 0.9577 -0.0000
vn -0.3103 0.9506 -0.0000
vn -0.3325 0.9431 -0.0000
vn -0.3541 0.9352 -0.0000
vn -0.3752 0.9269 -0.0000
vn -0.3957 0.9184 -0.0000
vn -0.4157 0.9095 -0.0000
vn -0.4350 0.9004 -0.0000
vn -0.4538 0.8911 -0.0000
vn -1.0000 -0.0000 -0.0000
vn -0.0000 -1.0000 -0.0000
vn -0.4538 -0.8911 -0.0000
vn -0.4350 -0.9004 -0.0000
vn -0.4157 -0.9095 -0.0000
vn -0.3957 -0.9184 -0.0000
vn -0.3752 -0.9269 -0.0000
vn -0.3541 -0.9352 -0.0000
vn -0.3325 -0.9431 -0.0000
vn -0.3103 -0.9506 -0.0000
vn -0.2876 -0.9577 -0.0000
vn -0.2644 -0.9644 -0.0000
vn -0.2408 -0.9706 -0.0000
vn -0.2167 -0.9762 -0.0000
vn -0.1922 -0.9814 -0.0000
vn -0.1673 -0.9859 -0.0000
vn -0.1422 -0.9898 -0.0000
vn -0.1167 -0.9932 -0.0000
vn -0.0910 -0.9958 -0.0000
vn -0.0651 -0.9979 -0.0000
vn -0.0391 -0.9992 -0.0000
vn -0.0131 -0.9999 -0.0000
vn 0.0131 -0.9999 -0.0000
vn 0.0391 -0.9992 -0.0000
vn 0.0651 -0.9979 -0.0000
vn 0.0910 -0.9958 -0.0000
vn 0.1167 -0.9932 -0.0000
vn 0.1422 -0.9898 -0.0000
vn 0.1673 -0.9859 -0.0000
vn 0.1922 -0.9814 -0.0000
vn 0.2167 -0.9762 -0.0000
vn 0.2408 -0.9706 -0.0000
vn 0.2644 -0.9644 -0.0000
vn 0.2876 -0.9577 -0.0000
vn 0.3103 -0.9506 -0.0000
vn 0.3325 -0.9431 -0.0000
vn 0.3541 -0.9352 -0.0000
vn 0.3752 -0.9269 -0.0000
vn 0.3957 -0.9184 -0.0000
vn 0.4157 -0.9095 -0.0000
vn 0.4350 -0.9004 -0.0000
vn 0.4538 -0.8911 -0.0000
vn 0.0001 -0.0000 -1.0000
vn -0.1674 -0.9859 -0.0000
vn 0.1674 -0.9859 -0.0000
vn -0.4422 0.8969 -0.0000
vn -0.6593 0.7519 -0.0000
vn -0.7519 0.6593 -0.0000
vn -0.8969 0.4422 -0.0000
vn -0.9808 0.1950 -0.0000
vn -0.7519 -0.6593 -0.0000
vn -0.6593 -0.7519 -0.0000
vn -0.4423 -0.8968 -0.0000
vn 0.3215 -0.9469 -0.0000
vn 0.4424 -0.8968 -0.0000
vn 0.8314 -0.5556 -0.0000
vn 0.8314 -0.5557 -0.0000
vn 0.9808 -0.1950 -0.0000
vn 0.9808 0.1950 -0.0000
vn 0.8314 0.5556 -0.0000
vn 0.8314 0.5557 -0.0000
vn 0.3215 0.9469 -0.0000
vn -0.1950 0.9808 -0.0000
vn -0.5556 0.8314 -0.0000
vn -0.8315 0.5555 -0.0000
vn -0.8314 0.5557 -0.0000
vn -0.8970 0.4421 -0.0000
vn -0.9470 0.3213 -0.0000
vn -0.9469 0.3216 -0.0000
vn -0.9808 0.1953 -0.0000
vn -0.9808 0.1948 -0.0000
vn -0.9978 0.0656 -0.0000
vn -0.9979 0.0655 -0.0000
vn -0.9978 -0.0656 -0.0000
vn -0.9979 -0.0655 -0.0000
vn -0.9808 -0.1950 -0.0000
vn -0.9808 -0.1949 -0.0000
vn -0.9808 -0.1953 -0.0000
vn -0.9470 -0.3213 -0.0000
vn -0.9469 -0.3216 -0.0000
vn -0.8969 -0.4422 -0.0000
vn -0.8314 -0.5557 -0.0000
vn -0.8315 -0.5555 -0.0000
vn -0.5556 -0.8314 -0.0000
vn -0.4424 -0.8968 -0.0000
vn -0.1950 -0.9808 -0.0000
vn 0.1950 -0.9808 -0.0000
vn 0.4423 -0.8968 -0.0000
vn 0.5556 -0.8314 -0.0000
vn 0.5555 -0.8315 -0.0000
vn 0.8315 -0.5555 -0.0000
vn 0.8316 -0.5554 -0.0000
vn 0.8969 -0.4422 -0.0000
vn 0.9470 -0.3213 -0.0000
vn 0.9469 -0.3216 -0.0000
vn 0.9978 -0.0656 -0.0000
vn 0.9979 -0.0653 -0.0000
vn 0.9979 -0.0655 -0.0000
vn 0.9979 0.0653 -0.0000
vn 0.9978 0.0656 -0.0000
vn 0.9979 0.0655 -0.0000
vn 0.9470 0.3213 -0.0000
vn 0.9469 0.3216 -0.0000
vn 0.8970 0.4421 -0.0000
vn 0.8315 0.5555 -0.0000
vn 0.8316 0.5554 -0.0000
vn 0.5555 0.8315 -0.0000
vn 0.5556 0.8314 -0.0000
vn 0.4422 0.8969 -0.0000
vn 0.1950 0.9808 -0.0000
vn -0.5557 0.8314 -0.0000
vn -0.4422 -0.8969 -0.0000
vn -0.8968 0.4423 -0.0000
vn -0.9978 0.0655 -0.0000
vn -0.8970 -0.4421 -0.0000
vn 0.4422 -0.8969 -0.0000
vn 0.8970 -0.4421 -0.0000
vn 0.9978 0.0655 -0.0000
vn 0.8969 0.4422 -0.0000
vn 0.5557 0.8314 -0.0000
s 0
f 1//1 2//1 3//1
f 2//1 1//1 4//1
f 5//2 6//2 7//2
f 6//2 5//2 8//2
f 9//3 8//3 5//3
f 8//3 9//3 10//3
f 7//4 11//4 12//4
f 11//4 7//4 6//4
f 13//5 14//5 15//5
f 14//5 13//5 16//5
f 17//6 18//6 19//6
f 18//6 17//6 20//6
f 21//7 22//7 23//7
f 22//7 21//7 24//7
f 25//8 26//8 27//8
f 26//8 25//8 28//8
f 29//9 30//9 31//9
f 30//9 29//9 32//9
f 33//10 34//10 35//10
f 34//10 33//10 36//10
f 12//11 37//11 38//11
f 37//11 12//11 11//11
f 28//12 39//12 26//12
f 39//12 28//12 40//12
f 41//13 42//13 43//13
f 42//13 41//13 44//13
f 45//14 20//14 17//14
f 20//14 45//14 46//14
f 47//15 48//15 49//15
f 48//15 47//15 50//15
f 1//16 51//16 4//16
f 51//16 1//16 52//16
f 53//17 54//17 55//17
f 54//17 53//17 56//17
f 49//18 57//18 58//18
f 57//18 49//18 48//18
f 58//19 59//19 60//19
f 59//19 58//19 57//19
f 38//20 61//20 62//20
f 61//20 38//20 37//20
f 63//21 64//21 65//21
f 64//21 63//21 66//21
f 67//22 68//22 69//22
f 68//22 67//22 70//22
f 71//23 72//23 73//23
f 72//23 71//23 74//23
f 52//24 75//24 51//24
f 75//24 52//24 76//24
f 70//25 77//25 68//25
f 77//25 70//25 78//25
f 76//26 65//26 75//26
f 65//26 76//26 63//26
f 79//27 45//27 80//27
f 45//27 79//27 46//27
f 56//28 73//28 54//28
f 73//28 56//28 71//28
f 66//29 81//29 64//29
f 81//29 66//29 82//29
f 3//30 83//30 84//30
f 83//30 3//30 2//30
f 85//31 10//31 9//31
f 10//31 85//31 86//31
f 43//32 86//32 85//32
f 86//32 43//32 42//32
f 87//33 31//33 88//33
f 31//33 87//33 29//33
f 89//34 90//34 91//34
f 90//34 89//34 92//34
f 93//35 53//35 55//35
f 53//35 93//35 94//35
f 74//36 88//36 72//36
f 88//36 74//36 87//36
f 32//37 95//37 30//37
f 95//37 32//37 96//37
f 15//38 24//38 21//38
f 24//38 15//38 14//38
f 92//39 69//39 90//39
f 69//39 92//39 67//39
f 84//40 44//40 41//40
f 44//40 84//40 83//40
f 62//41 77//41 78//41
f 77//41 62//41 61//41
f 96//42 91//42 95//42
f 91//42 96//42 89//42
f 40//43 35//43 39//43
f 35//43 40//43 33//43
f 23//44 94//44 93//44
f 94//44 23//44 22//44
f 60//45 16//45 13//45
f 16//45 60//45 59//45
f 82//46 27//46 81//46
f 27//46 82//46 25//46
f 36//47 80//47 34//47
f 80//47 36//47 79//47
f 19//48 50//48 47//48
f 50//48 19//48 18//48
f 97//10 98//10 99//10
f 98//10 97//10 100//10
f 101//8 102//8 103//8
f 102//8 101//8 104//8
f 105//20 106//20 107//20
f 106//20 105//20 108//20
f 109//18 110//18 111//18
f 110//18 109//18 112//18
f 113//33 114//33 115//33
f 114//33 113//33 116//33
f 117//2 118//2 119//2
f 118//2 117//2 120//2
f 121//40 122//40 123//40
f 122//40 121//40 124//40
f 125//46 103//46 126//46
f 103//46 125//46 101//46
f 127//22 128//22 129//22
f 128//22 127//22 130//22
f 131//24 132//24 133//24
f 132//24 131//24 134//24
f 119//4 135//4 136//4
f 135//4 119//4 118//4
f 137//37 138//37 139//37
f 138//37 137//37 140//37
f 141//5 142//5 143//5
f 142//5 141//5 144//5
f 145//3 120//3 117//3
f 120//3 145//3 146//3
f 147//17 148//17 149//17
f 148//17 147//17 150//17
f 151//45 144//45 141//45
f 144//45 151//45 152//45
f 143//38 153//38 154//38
f 153//38 143//38 142//38
f 134//26 155//26 132//26
f 155//26 134//26 156//26
f 100//47 157//47 98//47
f 157//47 100//47 158//47
f 130//25 159//25 128//25
f 159//25 130//25 160//25
f 161//31 146//31 145//31
f 146//31 161//31 162//31
f 163//34 164//34 165//34
f 164//34 163//34 166//34
f 167//32 162//32 161//32
f 162//32 167//32 168//32
f 166//39 129//39 164//39
f 129//39 166//39 127//39
f 158//27 169//27 157//27
f 169//27 158//27 170//27
f 156//21 171//21 155//21
f 171//21 156//21 172//21
f 154//7 173//7 174//7
f 173//7 154//7 153//7
f 107//41 159//41 160//41
f 159//41 107//41 106//41
f 175//1 176//1 177//1
f 176//1 175//1 178//1
f 150//28 179//28 148//28
f 179//28 150//28 180//28
f 172//29 126//29 171//29
f 126//29 172//29 125//29
f 177//30 124//30 121//30
f 124//30 177//30 176//30
f 116//9 139//9 114//9
f 139//9 116//9 137//9
f 123//13 168//13 167//13
f 168//13 123//13 122//13
f 180//23 181//23 179//23
f 181//23 180//23 182//23
f 183//15 112//15 109//15
f 112//15 183//15 184//15
f 136//11 108//11 105//11
f 108//11 136//11 135//11
f 140//42 165//42 138//42
f 165//42 140//42 163//42
f 111//19 152//19 151//19
f 152//19 111//19 110//19
f 104//12 185//12 102//12
f 185//12 104//12 186//12
f 186//43 99//43 185//43
f 99//43 186//43 97//43
f 182//36 115//36 181//36
f 115//36 182//36 113//36
f 187//6 188//6 189//6
f 188//6 187//6 190//6
f 189//48 184//48 183//48
f 184//48 189//48 188//48
f 169//14 190//14 187//14
f 190//14 169//14 170//14
f 175//16 133//16 178//16
f 133//16 175//16 131//16
f 174//44 191//44 192//44
f 191//44 174//44 173//44
f 192//35 147//35 149//35
f 147//35 192//35 191//35
f 193//2 194//2 195//2
f 194//2 193//2 196//2
f 197//3 196//3 193//3
f 196//3 197//3 198//3
f 199//49 200//49 201//49
f 200//21 199//21 202//21
f 203//50 204//50 205//50
f 204//50 203//50 206//50
f 207//37 208//37 209//37
f 208//37 207//37 210//37
f 211//48 212//48 213//48
f 212//48 211//48 214//48
f 213//15 215//15 216//15
f 215//51 213//51 212//51
f 217//31 198//31 197//31
f 198//31 217//31 218//31
f 219//46 220//46 221//46
f 220//46 219//46 222//46
f 223//20 224//20 225//20
f 224//20 223//20 226//20
f 227//45 228//45 229//45
f 228//45 227//45 230//45
f 229//5 231//5 232//5
f 231//5 229//5 228//5
f 233//6 214//6 211//6
f 214//6 233//6 234//6
f 235//34 236//34 237//34
f 236//52 235//52 238//52
f 239//30 240//30 241//30
f 240//30 239//30 242//30
f 243//19 230//19 227//19
f 230//19 243//19 244//19
f 245//53 246//53 247//53
f 246//54 245//54 248//54
f 248//28 249//28 246//28
f 249//28 248//28 250//28
f 251//22 205//22 252//22
f 205//22 251//22 203//22
f 253//14 234//14 233//14
f 234//55 253//55 254//55
f 238//39 252//39 236//39
f 252//39 238//39 251//39
f 255//56 253//56 256//56
f 253//57 255//57 254//57
f 257//9 209//9 258//9
f 209//9 257//9 207//9
f 259//58 242//58 239//58
f 242//1 259//1 260//1
f 261//13 262//13 263//13
f 262//13 261//13 264//13
f 241//40 264//40 261//40
f 264//40 241//40 240//40
f 265//7 266//7 267//7
f 266//7 265//7 268//7
f 250//23 269//23 249//23
f 269//23 250//23 270//23
f 267//44 271//44 272//44
f 271//44 267//44 266//44
f 202//29 221//29 200//29
f 221//29 202//29 219//29
f 232//59 268//59 265//59
f 268//38 232//38 231//38
f 216//18 244//18 243//18
f 244//18 216//18 215//18
f 273//47 256//47 274//47
f 256//47 273//47 255//47
f 275//11 226//11 223//11
f 226//11 275//11 276//11
f 270//36 277//36 269//36
f 277//36 270//36 278//36
f 279//26 201//26 280//26
f 201//26 279//26 199//26
f 222//8 281//8 220//8
f 281//8 222//8 282//8
f 263//32 218//32 217//32
f 218//32 263//32 262//32
f 278//33 258//33 277//33
f 258//33 278//33 257//33
f 210//42 237//42 208//42
f 237//42 210//42 235//42
f 283//10 274//10 284//10
f 274//10 283//10 273//10
f 225//41 204//41 206//41
f 204//60 225//60 224//60
f 195//4 276//4 275//4
f 276//4 195//4 194//4
f 285//24 280//24 286//24
f 280//24 285//24 279//24
f 282//12 287//12 281//12
f 287//12 282//12 288//12
f 288//43 284//43 287//43
f 284//43 288//43 283//43
f 259//61 286//61 260//61
f 286//61 259//61 285//61
f 272//62 245//62 247//62
f 245//35 272//35 271//35
f 289//2 290//2 291//2
f 290//2 289//2 292//2
f 293//3 292//3 289//3
f 292//63 293//63 294//63
f 295//21 296//21 297//21
f 296//21 295//21 298//21
f 299//50 300//50 301//50
f 300//50 299//50 302//50
f 303//37 304//37 305//37
f 304//37 303//37 306//37
f 307//48 308//48 309//48
f 308//64 307//64 310//64
f 309//51 311//51 312//51
f 311//15 309//15 308//15
f 313//65 294//65 293//65
f 294//31 313//31 314//31
f 315//46 316//46 317//46
f 316//46 315//46 318//46
f 319//20 320//20 321//20
f 320//20 319//20 322//20
f 323//45 324//45 325//45
f 324//45 323//45 326//45
f 325//5 327//5 328//5
f 327//5 325//5 324//5
f 329//6 310//6 307//6
f 310//6 329//6 330//6
f 331//34 332//34 333//34
f 332//34 331//34 334//34
f 335//30 336//30 337//30
f 336//30 335//30 338//30
f 339//19 326//19 323//19
f 326//19 339//19 340//19
f 341//54 342//54 343//54
f 342//54 341//54 344//54
f 344//28 345//28 342//28
f 345//28 344//28 346//28
f 347//22 301//22 348//22
f 301//66 347//66 299//66
f 349//67 330//67 329//67
f 330//14 349//14 350//14
f 334//39 348//39 332//39
f 348//39 334//39 347//39
f 351//56 349//56 352//56
f 349//56 351//56 350//56
f 353//9 305//9 354//9
f 305//9 353//9 303//9
f 355//68 356//68 357//68
f 356//13 355//13 358//13
f 337//40 358//40 355//40
f 358//40 337//40 336//40
f 359//69 360//69 361//69
f 360//7 359//7 362//7
f 346//23 363//23 345//23
f 363//23 346//23 364//23
f 361//44 365//44 366//44
f 365//44 361//44 360//44
f 298//29 317//29 296//29
f 317//29 298//29 315//29
f 328//38 362//38 359//38
f 362//59 328//59 327//59
f 312//18 340//18 339//18
f 340//18 312//18 311//18
f 367//47 352//47 368//47
f 352//47 367//47 351//47
f 369//11 322//11 319//11
f 322//11 369//11 370//11
f 364//36 371//36 363//36
f 371//36 364//36 372//36
f 373//26 297//26 374//26
f 297//26 373//26 295//26
f 318//8 375//8 316//8
f 375//8 318//8 376//8
f 357//32 314//32 313//32
f 314//32 357//32 356//32
f 372//33 354//33 371//33
f 354//33 372//33 353//33
f 306//42 333//42 304//42
f 333//42 306//42 331//42
f 377//10 368//10 378//10
f 368//10 377//10 367//10
f 321//60 300//60 302//60
f 300//60 321//60 320//60
f 291//4 370//4 369//4
f 370//70 291//70 290//70
f 379//71 374//71 380//71
f 374//24 379//24 373//24
f 376//12 381//12 375//12
f 381//12 376//12 382//12
f 382//43 378//43 381//43
f 378//43 382//43 377//43
f 383//61 380//61 384//61
f 380//61 383//61 379//61
f 383//58 338//58 335//58
f 338//58 383//58 384//58
f 366//35 341//35 343//35
f 341//72 366//72 365//72
f 385//73 56//73 53//73
f 385//73 53//73 94//73
f 385//73 94//73 22//73
f 385//73 22//73 24//73
f 385//73 24//73 14//73
f 385//73 14//73 16//73
f 386//73 16//73 59//73
f 385//73 16//73 386//73
f 56//73 385//73 387//73
f 388//73 389//73 390//73
f 389//73 388//73 391//73
f 392//73 388//73 390//73
f 392//73 393//73 388//73
f 394//73 393//73 392//73
f 394//73 395//73 393//73
f 396//73 395//73 394//73
f 396//73 397//73 395//73
f 398//73 397//73 396//73
f 398//73 399//73 397//73
f 400//73 399//73 398//73
f 400//73 401//73 399//73
f 402//73 401//73 400//73
f 402//73 403//73 401//73
f 404//73 403//73 402//73
f 404//73 405//73 403//73
f 406//73 405//73 404//73
f 406//73 407//73 405//73
f 408//73 407//73 406//73
f 408//73 409//73 407//73
f 410//73 409//73 408//73
f 410//73 411//73 409//73
f 412//73 411//73 410//73
f 412//73 413//73 411//73
f 414//73 413//73 412//73
f 414//73 415//73 413//73
f 117//73 414//73 416//73
f 414//73 117//73 415//73
f 145//73 416//73 417//73
f 415//73 117//73 418//73
f 161//73 417//73 419//73
f 119//73 418//73 117//73
f 161//73 419//73 420//73
f 418//73 119//73 421//73
f 167//73 420//73 422//73
f 136//73 421//73 119//73
f 123//73 422//73 423//73
f 421//73 136//73 424//73
f 123//73 423//73 425//73
f 424//73 136//73 426//73
f 121//73 425//73 427//73
f 105//73 426//73 136//73
f 177//73 427//73 428//73
f 426//73 105//73 429//73
f 177//73 428//73 430//73
f 107//73 429//73 105//73
f 175//73 430//73 431//73
f 429//73 107//73 432//73
f 212//73 433//73 215//73
f 228//73 434//73 435//73
f 436//73 215//73 433//73
f 228//73 437//73 434//73
f 215//73 436//73 244//73
f 228//73 438//73 437//73
f 439//73 244//73 436//73
f 228//73 440//73 438//73
f 441//73 244//73 439//73
f 228//73 442//73 440//73
f 244//73 441//73 230//73
f 228//73 443//73 442//73
f 444//73 230//73 441//73
f 228//73 445//73 443//73
f 230//73 444//73 228//73
f 228//73 446//73 445//73
f 447//73 228//73 444//73
f 228//73 448//73 446//73
f 449//73 228//73 447//73
f 228//73 449//73 448//73
f 450//73 449//73 447//73
f 450//73 451//73 449//73
f 452//73 451//73 450//73
f 452//73 453//73 451//73
f 454//73 453//73 452//73
f 454//73 455//73 453//73
f 456//73 455//73 454//73
f 456//73 457//73 455//73
f 458//73 457//73 456//73
f 458//73 459//73 457//73
f 460//73 459//73 458//73
f 460//73 461//73 459//73
f 462//73 461//73 460//73
f 462//73 463//73 461//73
f 464//73 463//73 462//73
f 464//73 465//73 463//73
f 466//73 465//73 464//73
f 466//73 467//73 465//73
f 468//73 467//73 466//73
f 468//73 469//73 467//73
f 470//73 469//73 468//73
f 470//73 471//73 469//73
f 472//73 471//73 470//73
f 472//73 473//73 471//73
f 389//73 473//73 472//73
f 389//73 474//73 473//73
f 475//73 389//73 476//73
f 389//73 391//73 474//73
f 289//73 477//73 293//73
f 477//73 313//73 293//73
f 477//73 357//73 313//73
f 477//73 355//73 357//73
f 477//73 337//73 355//73
f 477//73 335//73 337//73
f 477//73 383//73 335//73
f 477//73 379//73 383//73
f 477//73 373//73 379//73
f 477//73 295//73 373//73
f 477//73 298//73 295//73
f 477//73 315//73 298//73
f 477//73 318//73 315//73
f 477//73 376//73 318//73
f 477//73 382//73 376//73
f 202//73 382//73 477//73
f 382//73 202//73 377//73
f 360//73 223//73 365//73
f 340//73 197//73 326//73
f 217//73 340//73 311//73
f 263//73 311//73 308//73
f 261//73 308//73 310//73
f 241//73 310//73 330//73
f 239//73 330//73 350//73
f 259//73 350//73 351//73
f 285//73 351//73 367//73
f 199//73 377//73 202//73
f 340//73 217//73 197//73
f 311//73 263//73 217//73
f 308//73 261//73 263//73
f 310//73 241//73 261//73
f 330//73 239//73 241//73
f 350//73 259//73 239//73
f 351//73 285//73 259//73
f 367//73 279//73 285//73
f 367//73 199//73 279//73
f 377//73 199//73 367//73
f 477//73 219//73 202//73
f 478//73 219//73 477//73
f 219//73 478//73 222//73
f 479//73 222//73 478//73
f 266//73 435//73 271//73
f 214//73 480//73 212//73
f 480//73 214//73 481//73
f 234//73 481//73 214//73
f 481//73 234//73 482//73
f 254//73 482//73 234//73
f 482//73 254//73 483//73
f 484//73 254//73 255//73
f 485//73 255//73 273//73
f 486//73 273//73 283//73
f 487//73 283//73 288//73
f 222//73 479//73 282//73
f 254//73 484//73 483//73
f 255//73 485//73 484//73
f 273//73 486//73 485//73
f 283//73 488//73 486//73
f 283//73 487//73 488//73
f 288//73 489//73 487//73
f 282//73 489//73 288//73
f 489//73 282//73 479//73
f 477//73 490//73 478//73
f 477//73 491//73 490//73
f 477//73 492//73 491//73
f 477//73 493//73 492//73
f 477//73 494//73 493//73
f 474//73 391//73 495//73
f 495//73 496//73 497//73
f 475//73 476//73 498//73
f 495//73 499//73 496//73
f 495//73 500//73 499//73
f 501//73 498//73 502//73
f 495//73 503//73 500//73
f 495//73 504//73 503//73
f 505//73 502//73 506//73
f 495//73 507//73 504//73
f 495//73 508//73 507//73
f 495//73 509//73 508//73
f 510//73 506//73 511//73
f 495//73 512//73 509//73
f 495//73 513//73 512//73
f 495//73 514//73 513//73
f 495//73 515//73 514//73
f 516//73 511//73 517//73
f 495//73 518//73 515//73
f 495//73 519//73 518//73
f 495//73 391//73 519//73
f 520//73 517//73 521//73
f 519//73 391//73 522//73
f 523//73 522//73 391//73
f 522//73 523//73 524//73
f 524//73 523//73 525//73
f 525//73 523//73 526//73
f 527//73 521//73 528//73
f 526//73 529//73 530//73
f 530//73 529//73 531//73
f 532//73 531//73 529//73
f 531//73 532//73 533//73
f 533//73 532//73 534//73
f 535//73 528//73 536//73
f 534//73 537//73 538//73
f 538//73 537//73 539//73
f 540//73 539//73 537//73
f 390//73 389//73 475//73
f 541//73 536//73 542//73
f 543//73 542//73 544//73
f 545//73 544//73 494//73
f 386//73 494//73 477//73
f 498//73 501//73 475//73
f 502//73 505//73 501//73
f 506//73 510//73 505//73
f 511//73 516//73 510//73
f 517//73 520//73 516//73
f 521//73 527//73 520//73
f 528//73 535//73 527//73
f 536//73 541//73 535//73
f 542//73 543//73 541//73
f 544//73 545//73 543//73
f 494//73 546//73 545//73
f 494//73 386//73 546//73
f 432//73 107//73 547//73
f 416//73 145//73 117//73
f 131//73 431//73 548//73
f 131//73 548//73 549//73
f 134//73 549//73 550//73
f 156//73 550//73 551//73
f 172//73 551//73 552//73
f 417//73 161//73 145//73
f 125//73 552//73 553//73
f 420//73 167//73 161//73
f 422//73 123//73 167//73
f 425//73 121//73 123//73
f 125//73 553//73 554//73
f 427//73 177//73 121//73
f 430//73 175//73 177//73
f 101//73 554//73 555//73
f 431//73 131//73 175//73
f 549//73 134//73 131//73
f 386//73 555//73 556//73
f 550//73 156//73 134//73
f 551//73 172//73 156//73
f 552//73 125//73 172//73
f 554//73 101//73 125//73
f 386//73 556//73 557//73
f 555//73 104//73 101//73
f 555//73 386//73 104//73
f 12//73 153//73 7//73
f 110//73 9//73 152//73
f 85//73 110//73 112//73
f 43//73 112//73 184//73
f 41//73 184//73 188//73
f 84//73 188//73 190//73
f 110//73 85//73 9//73
f 3//73 190//73 170//73
f 112//73 43//73 85//73
f 1//73 170//73 158//73
f 184//73 41//73 43//73
f 52//73 158//73 100//73
f 188//73 84//73 41//73
f 76//73 100//73 97//73
f 190//73 3//73 84//73
f 63//73 97//73 186//73
f 104//73 386//73 186//73
f 170//73 1//73 3//73
f 158//73 52//73 1//73
f 100//73 76//73 52//73
f 97//73 63//73 76//73
f 186//73 66//73 63//73
f 386//73 557//73 558//73
f 186//73 386//73 66//73
f 66//73 386//73 82//73
f 82//73 386//73 25//73
f 57//73 386//73 59//73
f 48//73 386//73 57//73
f 50//73 386//73 48//73
f 18//73 386//73 50//73
f 20//73 386//73 18//73
f 46//73 386//73 20//73
f 79//73 386//73 46//73
f 36//73 386//73 79//73
f 33//73 386//73 36//73
f 40//73 386//73 33//73
f 28//73 386//73 40//73
f 25//73 386//73 28//73
f 559//73 386//73 558//73
f 546//73 386//73 559//73
f 477//73 289//73 560//73
f 291//73 560//73 289//73
f 369//73 560//73 291//73
f 319//73 560//73 369//73
f 321//73 560//73 319//73
f 302//73 560//73 321//73
f 299//73 560//73 302//73
f 560//73 299//73 561//73
f 347//73 561//73 299//73
f 334//73 561//73 347//73
f 331//73 561//73 334//73
f 306//73 561//73 331//73
f 303//73 561//73 306//73
f 353//73 561//73 303//73
f 372//73 561//73 353//73
f 364//73 561//73 372//73
f 346//73 561//73 364//73
f 344//73 561//73 346//73
f 362//73 275//73 360//73
f 275//73 362//73 195//73
f 561//73 562//73 563//73
f 327//73 195//73 362//73
f 223//73 360//73 275//73
f 195//73 327//73 193//73
f 324//73 193//73 327//73
f 193//73 324//73 197//73
f 197//73 324//73 326//73
f 561//73 564//73 562//73
f 225//73 365//73 223//73
f 365//73 225//73 341//73
f 206//73 341//73 225//73
f 341//73 206//73 344//73
f 203//73 344//73 206//73
f 251//73 344//73 203//73
f 344//73 251//73 561//73
f 238//73 561//73 251//73
f 235//73 561//73 238//73
f 210//73 561//73 235//73
f 207//73 561//73 210//73
f 257//73 561//73 207//73
f 278//73 561//73 257//73
f 565//73 561//73 278//73
f 561//73 565//73 564//73
f 270//73 565//73 278//73
f 566//73 270//73 250//73
f 567//73 250//73 248//73
f 567//73 248//73 245//73
f 270//73 566//73 565//73
f 567//73 245//73 271//73
f 268//73 435//73 266//73
f 231//73 435//73 268//73
f 228//73 435//73 231//73
f 433//73 212//73 568//73
f 568//73 212//73 480//73
f 250//73 567//73 566//73
f 569//73 271//73 435//73
f 570//73 271//73 569//73
f 571//73 271//73 570//73
f 572//73 271//73 571//73
f 573//73 271//73 572//73
f 271//73 573//73 567//73
f 574//73 567//73 573//73
f 575//73 567//73 574//73
f 576//73 567//73 575//73
f 577//73 567//73 576//73
f 578//73 567//73 577//73
f 579//73 567//73 578//73
f 580//73 567//73 579//73
f 581//73 567//73 580//73
f 582//73 567//73 581//73
f 583//73 582//73 584//73
f 497//73 584//73 585//73
f 497//73 585//73 586//73
f 497//73 586//73 587//73
f 582//73 583//73 567//73
f 497//73 587//73 588//73
f 497//73 588//73 589//73
f 497//73 589//73 590//73
f 497//73 590//73 591//73
f 497//73 591//73 592//73
f 497//73 592//73 495//73
f 584//73 497//73 583//73
f 529//73 526//73 523//73
f 537//73 534//73 532//73
f 539//73 540//73 593//73
f 594//73 593//73 540//73
f 593//73 594//73 595//73
f 596//73 595//73 594//73
f 595//73 596//73 597//73
f 598//73 597//73 596//73
f 597//73 598//73 599//73
f 600//73 599//73 598//73
f 601//73 600//73 602//73
f 603//73 602//73 604//73
f 603//73 604//73 605//73
f 603//73 605//73 606//73
f 603//73 606//73 607//73
f 603//73 607//73 608//73
f 600//73 601//73 599//73
f 603//73 608//73 609//73
f 603//73 609//73 610//73
f 603//73 610//73 611//73
f 603//73 611//73 612//73
f 603//73 612//73 613//73
f 603//73 613//73 614//73
f 603//73 614//73 615//73
f 603//73 615//73 616//73
f 603//73 616//73 617//73
f 602//73 603//73 601//73
f 160//73 547//73 107//73
f 547//73 160//73 618//73
f 130//73 618//73 160//73
f 618//73 130//73 619//73
f 127//73 619//73 130//73
f 619//73 127//73 620//73
f 620//73 127//73 617//73
f 166//73 617//73 127//73
f 163//73 617//73 166//73
f 140//73 617//73 163//73
f 137//73 617//73 140//73
f 617//73 621//73 603//73
f 116//73 617//73 137//73
f 113//73 617//73 116//73
f 617//73 113//73 622//73
f 622//73 113//73 182//73
f 622//73 182//73 180//73
f 622//73 180//73 150//73
f 622//73 150//73 147//73
f 622//73 147//73 191//73
f 142//73 7//73 153//73
f 7//73 142//73 5//73
f 144//73 5//73 142//73
f 5//73 144//73 9//73
f 9//73 144//73 152//73
f 617//73 622//73 621//73
f 153//73 12//73 173//73
f 38//73 173//73 12//73
f 173//73 38//73 191//73
f 62//73 191//73 38//73
f 78//73 191//73 62//73
f 70//73 191//73 78//73
f 67//73 191//73 70//73
f 191//73 67//73 387//73
f 387//73 67//73 92//73
f 387//73 92//73 89//73
f 387//73 89//73 96//73
f 387//73 96//73 32//73
f 387//73 32//73 29//73
f 387//73 29//73 87//73
f 387//73 87//73 74//73
f 387//73 74//73 71//73
f 387//73 71//73 56//73
f 191//73 387//73 622//73
f 622//73 387//73 623//73
f 624//74 625//74 626//74
f 627//74 625//74 624//74
f 627//74 628//74 625//74
f 629//74 628//74 627//74
f 629//74 630//74 628//74
f 631//74 630//74 629//74
f 631//74 632//74 630//74
f 633//74 632//74 631//74
f 633//74 634//74 632//74
f 635//74 634//74 633//74
f 635//74 636//74 634//74
f 637//74 636//74 635//74
f 637//74 638//74 636//74
f 639//74 638//74 637//74
f 639//74 640//74 638//74
f 641//74 640//74 639//74
f 641//74 642//74 640//74
f 643//74 642//74 641//74
f 643//74 644//74 642//74
f 645//74 644//74 643//74
f 645//74 646//74 644//74
f 647//74 646//74 645//74
f 647//74 648//74 646//74
f 649//74 648//74 647//74
f 649//74 650//74 648//74
f 651//74 650//74 649//74
f 651//74 652//74 650//74
f 653//74 652//74 651//74
f 653//74 654//74 652//74
f 655//74 654//74 653//74
f 655//74 656//74 654//74
f 657//74 656//74 655//74
f 657//74 658//74 656//74
f 659//74 658//74 657//74
f 659//74 660//74 658//74
f 661//74 660//74 659//74
f 661//74 662//74 660//74
f 663//74 662//74 661//74
f 663//74 664//74 662//74
f 665//74 664//74 663//74
f 665//74 666//74 664//74
f 665//74 667//74 666//74
f 668//74 667//74 665//74
f 668//74 669//74 667//74
f 670//74 669//74 668//74
f 670//74 671//74 669//74
f 672//74 671//74 670//74
f 672//74 673//74 671//74
f 674//74 673//74 672//74
f 674//74 675//74 673//74
f 676//74 675//74 674//74
f 676//74 677//74 675//74
f 678//74 677//74 676//74
f 678//74 679//74 677//74
f 680//74 679//74 678//74
f 680//74 681//74 679//74
f 682//74 681//74 680//74
f 682//74 683//74 681//74
f 684//74 683//74 682//74
f 684//74 685//74 683//74
f 686//74 685//74 684//74
f 686//74 687//74 685//74
f 688//74 687//74 686//74
f 688//74 689//74 687//74
f 690//74 689//74 688//74
f 690//74 691//74 689//74
f 692//74 691//74 690//74
f 692//74 693//74 691//74
f 694//74 693//74 692//74
f 694//74 695//74 693//74
f 696//74 695//74 694//74
f 696//74 697//74 695//74
f 698//74 697//74 696//74
f 698//74 699//74 697//74
f 700//74 699//74 698//74
f 700//74 701//74 699//74
f 702//74 701//74 700//74
f 702//74 703//74 701//74
f 704//74 703//74 702//74
f 704//74 705//74 703//74
f 706//74 705//74 704//74
f 707//74 705//74 706//74
f 705//74 707//74 708//74
f 707//74 709//74 708//74
f 709//74 710//74 711//74
f 710//74 709//74 707//74
f 712//74 713//74 714//74
f 626//74 713//74 712//74
f 626//74 715//74 713//74
f 715//74 626//74 625//74
f 716//74 714//74 713//74
f 711//74 714//74 716//74
f 711//74 717//74 714//74
f 717//74 711//74 710//74
f 560//75 626//75 712//75
f 626//75 560//75 561//75
f 626//76 563//76 624//76
f 563//76 626//76 561//76
f 563//77 627//77 624//77
f 627//77 563//77 562//77
f 562//78 629//78 627//78
f 629//78 562//78 564//78
f 564//79 631//79 629//79
f 631//79 564//79 565//79
f 565//80 633//80 631//80
f 633//80 565//80 566//80
f 566//81 635//81 633//81
f 635//81 566//81 567//81
f 567//82 637//82 635//82
f 637//82 567//82 583//82
f 583//83 639//83 637//83
f 639//83 583//83 497//83
f 497//84 641//84 639//84
f 641//84 497//84 496//84
f 496//85 643//85 641//85
f 643//85 496//85 499//85
f 499//86 645//86 643//86
f 645//86 499//86 500//86
f 500//87 647//87 645//87
f 647//87 500//87 503//87
f 503//88 649//88 647//88
f 649//88 503//88 504//88
f 504//89 651//89 649//89
f 651//89 504//89 507//89
f 507//90 653//90 651//90
f 653//90 507//90 508//90
f 508//91 655//91 653//91
f 655//91 508//91 509//91
f 509//92 657//92 655//92
f 657//92 509//92 512//92
f 512//93 659//93 657//93
f 659//93 512//93 513//93
f 513//94 661//94 659//94
f 661//94 513//94 514//94
f 514//95 663//95 661//95
f 663//95 514//95 515//95
f 515//96 665//96 663//96
f 665//96 515//96 518//96
f 518//97 668//97 665//97
f 668//97 518//97 519//97
f 519//98 670//98 668//98
f 670//98 519//98 522//98
f 522//99 672//99 670//99
f 672//99 522//99 524//99
f 524//100 674//100 672//100
f 674//100 524//100 525//100
f 525//101 676//101 674//101
f 676//101 525//101 526//101
f 526//102 678//102 676//102
f 678//102 526//102 530//102
f 530//103 680//103 678//103
f 680//103 530//103 531//103
f 531//104 682//104 680//104
f 682//104 531//104 533//104
f 533//105 684//105 682//105
f 684//105 533//105 534//105
f 534//106 686//106 684//106
f 686//106 534//106 538//106
f 538//107 688//107 686//107
f 688//107 538//107 539//107
f 539//108 690//108 688//108
f 690//108 539//108 593//108
f 593//109 692//109 690//109
f 692//109 593//109 595//109
f 595//110 694//110 692//110
f 694//110 595//110 597//110
f 597//111 696//111 694//111
f 696//111 597//111 599//111
f 599//112 698//112 696//112
f 698//112 599//112 601//112
f 601//113 700//113 698//113
f 700//113 601//113 603//113
f 603//114 702//114 700//114
f 702//114 603//114 621//114
f 621//115 704//115 702//115
f 704//115 621//115 622//115
f 622//116 706//116 704//116
f 706//116 622//116 623//116
f 387//117 706//117 623//117
f 706//117 387//117 707//117
f 387//75 710//75 707//75
f 710//75 387//75 385//75
f 386//117 710//117 385//117
f 710//117 386//117 717//117
f 717//118 718//118 714//118
f 386//118 718//118 717//118
f 719//118 386//118 720//118
f 718//118 386//118 719//118
f 721//118 714//118 718//118
f 477//118 721//118 720//118
f 721//118 477//118 714//118
f 477//118 720//118 386//118
f 714//76 560//76 712//76
f 560//76 714//76 477//76
f 722//74 723//74 724//74
f 724//74 725//74 726//74
f 727//74 723//74 728//74
f 729//74 728//74 730//74
f 731//74 730//74 732//74
f 723//74 727//74 724//74
f 733//74 732//74 734//74
f 735//74 724//74 736//74
f 737//74 724//74 738//74
f 739//74 725//74 740//74
f 741//74 725//74 739//74
f 742//74 725//74 741//74
f 743//74 725//74 742//74
f 744//74 725//74 743//74
f 745//74 725//74 744//74
f 746//74 725//74 745//74
f 747//74 725//74 746//74
f 748//74 725//74 747//74
f 749//74 725//74 748//74
f 750//74 725//74 749//74
f 751//74 725//74 750//74
f 752//74 725//74 751//74
f 753//74 754//74 755//74
f 756//74 754//74 753//74
f 754//74 756//74 757//74
f 758//74 757//74 756//74
f 759//74 757//74 758//74
f 757//74 759//74 760//74
f 761//74 760//74 759//74
f 762//74 760//74 761//74
f 760//74 762//74 763//74
f 764//74 763//74 762//74
f 765//74 763//74 764//74
f 766//74 763//74 765//74
f 763//74 766//74 767//74
f 768//74 767//74 766//74
f 769//74 767//74 768//74
f 770//74 767//74 769//74
f 767//74 770//74 771//74
f 772//74 771//74 770//74
f 773//74 771//74 772//74
f 771//74 773//74 774//74
f 769//74 768//74 775//74
f 776//74 774//74 773//74
f 769//74 775//74 777//74
f 778//74 777//74 779//74
f 778//74 779//74 780//74
f 778//74 780//74 781//74
f 774//74 776//74 782//74
f 783//74 781//74 784//74
f 783//74 784//74 785//74
f 786//74 785//74 787//74
f 788//74 787//74 789//74
f 788//74 789//74 790//74
f 777//74 778//74 769//74
f 791//74 790//74 792//74
f 793//74 792//74 794//74
f 793//74 794//74 795//74
f 796//74 795//74 797//74
f 781//74 783//74 778//74
f 798//74 799//74 800//74
f 799//74 798//74 801//74
f 802//74 801//74 798//74
f 801//74 802//74 803//74
f 804//74 805//74 806//74
f 805//74 804//74 807//74
f 808//74 807//74 804//74
f 807//74 808//74 809//74
f 810//74 809//74 808//74
f 809//74 810//74 811//74
f 812//74 811//74 810//74
f 811//74 812//74 813//74
f 814//74 813//74 812//74
f 813//74 814//74 752//74
f 815//74 752//74 814//74
f 816//74 752//74 815//74
f 816//74 815//74 817//74
f 818//74 819//74 820//74
f 820//74 819//74 821//74
f 819//74 822//74 823//74
f 816//74 821//74 819//74
f 819//74 823//74 824//74
f 821//74 816//74 825//74
f 825//74 816//74 826//74
f 826//74 816//74 827//74
f 827//74 816//74 828//74
f 816//74 819//74 829//74
f 828//74 816//74 830//74
f 830//74 816//74 831//74
f 752//74 816//74 725//74
f 832//74 816//74 817//74
f 833//74 816//74 832//74
f 834//74 816//74 833//74
f 835//74 816//74 834//74
f 836//74 816//74 835//74
f 831//74 816//74 836//74
f 806//74 803//74 802//74
f 803//74 806//74 805//74
f 837//74 772//74 770//74
f 837//74 838//74 772//74
f 839//74 838//74 837//74
f 839//74 840//74 838//74
f 841//74 840//74 839//74
f 841//74 842//74 840//74
f 843//74 842//74 841//74
f 843//74 844//74 842//74
f 845//74 844//74 843//74
f 845//74 846//74 844//74
f 847//74 846//74 845//74
f 847//74 848//74 846//74
f 849//74 848//74 847//74
f 849//74 850//74 848//74
f 851//74 850//74 849//74
f 851//74 852//74 850//74
f 853//74 852//74 851//74
f 853//74 854//74 852//74
f 855//74 854//74 853//74
f 855//74 856//74 854//74
f 857//74 856//74 855//74
f 857//74 858//74 856//74
f 859//74 858//74 857//74
f 859//74 860//74 858//74
f 861//74 860//74 859//74
f 861//74 862//74 860//74
f 863//74 862//74 861//74
f 863//74 864//74 862//74
f 865//74 864//74 863//74
f 865//74 866//74 864//74
f 867//74 866//74 865//74
f 867//74 868//74 866//74
f 869//74 868//74 867//74
f 869//74 870//74 868//74
f 871//74 870//74 869//74
f 871//74 872//74 870//74
f 873//74 872//74 871//74
f 873//74 874//74 872//74
f 875//74 874//74 873//74
f 875//74 876//74 874//74
f 877//74 876//74 875//74
f 877//74 878//74 876//74
f 879//74 878//74 877//74
f 879//74 880//74 878//74
f 820//74 880//74 879//74
f 880//74 820//74 821//74
f 782//74 800//74 799//74
f 800//74 782//74 776//74
f 785//74 786//74 783//74
f 787//74 788//74 786//74
f 790//74 791//74 788//74
f 792//74 793//74 791//74
f 795//74 796//74 793//74
f 797//74 881//74 796//74
f 797//74 882//74 881//74
f 883//74 882//74 797//74
f 882//74 883//74 884//74
f 885//74 884//74 883//74
f 884//74 885//74 886//74
f 822//74 886//74 885//74
f 886//74 822//74 887//74
f 887//74 822//74 888//74
f 819//74 888//74 822//74
f 888//74 819//74 889//74
f 889//74 819//74 890//74
f 890//74 819//74 891//74
f 891//74 819//74 892//74
f 892//74 819//74 893//74
f 893//74 819//74 894//74
f 894//74 819//74 895//74
f 895//74 819//74 896//74
f 897//74 819//74 818//74
f 896//74 819//74 897//74
f 898//74 724//74 737//74
f 725//74 899//74 740//74
f 724//74 900//74 725//74
f 725//74 900//74 899//74
f 901//74 724//74 898//74
f 724//74 901//74 900//74
f 902//74 901//74 898//74
f 902//74 903//74 901//74
f 904//74 903//74 902//74
f 904//74 905//74 903//74
f 906//74 905//74 904//74
f 906//74 907//74 905//74
f 908//74 907//74 906//74
f 908//74 909//74 907//74
f 910//74 909//74 908//74
f 910//74 911//74 909//74
f 912//74 911//74 910//74
f 912//74 913//74 911//74
f 914//74 913//74 912//74
f 914//74 915//74 913//74
f 916//74 915//74 914//74
f 916//74 917//74 915//74
f 918//74 917//74 916//74
f 918//74 919//74 917//74
f 920//74 919//74 918//74
f 920//74 921//74 919//74
f 922//74 921//74 920//74
f 922//74 923//74 921//74
f 924//74 923//74 922//74
f 924//74 925//74 923//74
f 926//74 925//74 924//74
f 926//74 927//74 925//74
f 928//74 927//74 926//74
f 928//74 929//74 927//74
f 930//74 929//74 928//74
f 930//74 931//74 929//74
f 932//74 931//74 930//74
f 932//74 933//74 931//74
f 934//74 933//74 932//74
f 934//74 935//74 933//74
f 936//74 935//74 934//74
f 936//74 937//74 935//74
f 938//74 937//74 936//74
f 938//74 939//74 937//74
f 940//74 939//74 938//74
f 940//74 941//74 939//74
f 767//74 941//74 940//74
f 941//74 767//74 771//74
f 738//74 724//74 942//74
f 942//74 724//74 943//74
f 943//74 724//74 944//74
f 944//74 724//74 945//74
f 945//74 724//74 735//74
f 724//74 946//74 736//74
f 724//74 947//74 946//74
f 724//74 948//74 947//74
f 724//74 949//74 948//74
f 724//74 727//74 949//74
f 728//74 729//74 727//74
f 730//74 731//74 729//74
f 732//74 733//74 731//74
f 734//74 950//74 733//74
f 734//74 951//74 950//74
f 952//74 951//74 734//74
f 951//74 952//74 953//74
f 954//74 953//74 952//74
f 953//74 954//74 955//74
f 956//74 955//74 954//74
f 957//74 955//74 956//74
f 955//74 957//74 958//74
f 959//74 958//74 957//74
f 960//74 755//74 754//74
f 755//74 960//74 959//74
f 958//74 959//74 960//74
f 724//118 713//118 715//118
f 713//118 724//118 726//118
f 724//117 625//117 722//117
f 625//117 724//117 715//117
f 723//119 625//119 628//119
f 625//119 723//119 722//119
f 728//120 628//120 630//120
f 628//120 728//120 723//120
f 730//121 630//121 632//121
f 630//121 730//121 728//121
f 732//122 632//122 634//122
f 632//122 732//122 730//122
f 734//123 634//123 636//123
f 634//123 734//123 732//123
f 952//124 636//124 638//124
f 636//124 952//124 734//124
f 954//125 638//125 640//125
f 638//125 954//125 952//125
f 956//126 640//126 642//126
f 640//126 956//126 954//126
f 957//127 642//127 644//127
f 642//127 957//127 956//127
f 959//128 644//128 646//128
f 644//128 959//128 957//128
f 755//129 646//129 648//129
f 646//129 755//129 959//129
f 753//130 648//130 650//130
f 648//130 753//130 755//130
f 756//131 650//131 652//131
f 650//131 756//131 753//131
f 758//132 652//132 654//132
f 652//132 758//132 756//132
f 759//133 654//133 656//133
f 654//133 759//133 758//133
f 761//134 656//134 658//134
f 656//134 761//134 759//134
f 762//135 658//135 660//135
f 658//135 762//135 761//135
f 764//136 660//136 662//136
f 660//136 764//136 762//136
f 765//137 662//137 664//137
f 662//137 765//137 764//137
f 766//138 664//138 666//138
f 664//138 766//138 765//138
f 768//139 666//139 667//139
f 666//139 768//139 766//139
f 775//140 667//140 669//140
f 667//140 775//140 768//140
f 777//141 669//141 671//141
f 669//141 777//141 775//141
f 779//142 671//142 673//142
f 671//142 779//142 777//142
f 780//143 673//143 675//143
f 673//143 780//143 779//143
f 781//144 675//144 677//144
f 675//144 781//144 780//144
f 784//145 677//145 679//145
f 677//145 784//145 781//145
f 785//146 679//146 681//146
f 679//146 785//146 784//146
f 787//147 681//147 683//147
f 681//147 787//147 785//147
f 789//148 683//148 685//148
f 683//148 789//148 787//148
f 790//149 685//149 687//149
f 685//149 790//149 789//149
f 792//150 687//150 689//150
f 687//150 792//150 790//150
f 794//151 689//151 691//151
f 689//151 794//151 792//151
f 795//152 691//152 693//152
f 691//152 795//152 794//152
f 797//153 693//153 695//153
f 693//153 797//153 795//153
f 883//154 695//154 697//154
f 695//154 883//154 797//154
f 885//155 697//155 699//155
f 697//155 885//155 883//155
f 822//156 699//156 701//156
f 699//156 822//156 885//156
f 823//157 701//157 703//157
f 701//157 823//157 822//157
f 824//158 703//158 705//158
f 703//158 824//158 823//158
f 708//76 824//76 705//76
f 824//76 708//76 819//76
f 829//118 708//118 709//118
f 708//118 829//118 819//118
f 711//76 829//76 709//76
f 829//76 711//76 816//76
f 725//75 711//75 716//75
f 711//75 725//75 816//75
f 725//117 713//117 726//117
f 713//117 725//117 716//117
f 961//74 120//74 146//74
f 962//74 118//74 120//74
f 962//74 135//74 118//74
f 962//74 108//74 135//74
f 962//74 106//74 108//74
f 962//74 159//74 106//74
f 962//74 128//74 159//74
f 139//74 962//74 963//74
f 962//74 129//74 128//74
f 964//74 963//74 965//74
f 962//74 164//74 129//74
f 962//74 165//74 164//74
f 962//74 138//74 165//74
f 962//74 139//74 138//74
f 139//74 963//74 114//74
f 114//74 963//74 115//74
f 115//74 963//74 181//74
f 90//74 181//74 963//74
f 181//74 90//74 179//74
f 69//74 179//74 90//74
f 68//74 148//74 69//74
f 148//74 68//74 149//74
f 77//74 149//74 68//74
f 965//74 963//74 962//74
f 61//74 192//74 77//74
f 37//74 174//74 61//74
f 11//74 154//74 37//74
f 151//74 8//74 10//74
f 141//74 8//74 151//74
f 8//74 141//74 6//74
f 154//74 11//74 143//74
f 143//74 6//74 141//74
f 6//74 143//74 11//74
f 174//74 37//74 154//74
f 192//74 61//74 174//74
f 149//74 77//74 192//74
f 179//74 69//74 148//74
f 90//74 963//74 91//74
f 963//74 966//74 967//74
f 91//74 963//74 95//74
f 963//74 30//74 95//74
f 963//74 31//74 30//74
f 963//74 88//74 31//74
f 963//74 72//74 88//74
f 968//74 72//74 963//74
f 72//74 968//74 73//74
f 73//74 968//74 54//74
f 54//74 968//74 55//74
f 55//74 968//74 93//74
f 93//74 968//74 23//74
f 23//74 968//74 21//74
f 969//74 13//74 968//74
f 15//74 968//74 13//74
f 21//74 968//74 15//74
f 970//74 971//74 972//74
f 971//74 970//74 973//74
f 974//74 970//74 972//74
f 974//74 975//74 970//74
f 976//74 975//74 974//74
f 976//74 977//74 975//74
f 978//74 977//74 976//74
f 978//74 979//74 977//74
f 980//74 979//74 978//74
f 980//74 981//74 979//74
f 982//74 981//74 980//74
f 982//74 983//74 981//74
f 984//74 983//74 982//74
f 984//74 985//74 983//74
f 986//74 985//74 984//74
f 986//74 987//74 985//74
f 988//74 987//74 986//74
f 988//74 989//74 987//74
f 990//74 989//74 988//74
f 990//74 991//74 989//74
f 992//74 991//74 990//74
f 992//74 993//74 991//74
f 994//74 993//74 992//74
f 994//74 995//74 993//74
f 996//74 995//74 994//74
f 996//74 997//74 995//74
f 120//74 996//74 998//74
f 120//74 997//74 996//74
f 120//74 998//74 999//74
f 120//74 961//74 997//74
f 120//74 999//74 1000//74
f 961//74 146//74 1001//74
f 120//74 1000//74 1002//74
f 162//74 1001//74 146//74
f 120//74 1002//74 1003//74
f 1001//74 162//74 1004//74
f 120//74 1003//74 1005//74
f 1004//74 162//74 1006//74
f 120//74 1005//74 1007//74
f 168//74 1006//74 162//74
f 120//74 1007//74 1008//74
f 1006//74 168//74 1009//74
f 120//74 1008//74 1010//74
f 122//74 1009//74 168//74
f 120//74 1010//74 1011//74
f 1009//74 122//74 1012//74
f 120//74 1011//74 1013//74
f 1012//74 122//74 1014//74
f 971//74 1015//74 1016//74
f 1017//74 1018//74 1015//74
f 1017//74 1019//74 1018//74
f 1017//74 1020//74 1019//74
f 1017//74 1021//74 1020//74
f 1017//74 1022//74 1021//74
f 1017//74 1023//74 1022//74
f 1024//74 1025//74 1023//74
f 1024//74 1026//74 1025//74
f 1027//74 1026//74 1024//74
f 1026//74 1027//74 1028//74
f 1029//74 1028//74 1027//74
f 1028//74 1029//74 1030//74
f 1031//74 1030//74 1029//74
f 1030//74 1031//74 1032//74
f 966//74 1032//74 1031//74
f 1032//74 966//74 1033//74
f 963//74 1033//74 966//74
f 1033//74 963//74 1034//74
f 1034//74 963//74 1035//74
f 1035//74 963//74 1036//74
f 1036//74 963//74 1037//74
f 1037//74 963//74 964//74
f 962//74 120//74 1038//74
f 120//74 1039//74 1038//74
f 120//74 1013//74 1040//74
f 120//74 1040//74 1039//74
f 1041//74 971//74 1042//74
f 1043//74 971//74 1041//74
f 1044//74 971//74 1043//74
f 1045//74 971//74 1044//74
f 1046//74 971//74 1045//74
f 1047//74 971//74 1046//74
f 1048//74 971//74 1047//74
f 1049//74 971//74 1048//74
f 1015//74 1049//74 1050//74
f 1015//74 1050//74 1051//74
f 1015//74 1051//74 1052//74
f 1015//74 1052//74 1017//74
f 1023//74 1017//74 1024//74
f 1015//74 971//74 1049//74
f 972//74 971//74 1016//74
f 1053//74 971//74 973//74
f 1054//74 971//74 1053//74
f 1055//74 971//74 1054//74
f 1056//74 971//74 1055//74
f 1057//74 971//74 1056//74
f 1058//74 971//74 1057//74
f 1059//74 971//74 1058//74
f 1060//74 971//74 1059//74
f 1061//74 971//74 1060//74
f 1062//74 971//74 1061//74
f 1063//74 971//74 1062//74
f 1064//74 971//74 1063//74
f 124//74 1014//74 122//74
f 1014//74 124//74 1065//74
f 176//74 1065//74 124//74
f 1065//74 176//74 1066//74
f 1066//74 176//74 1067//74
f 178//74 1067//74 176//74
f 1067//74 178//74 1068//74
f 133//74 1068//74 178//74
f 1068//74 133//74 1069//74
f 1069//74 133//74 1070//74
f 132//74 1070//74 133//74
f 1070//74 132//74 1071//74
f 155//74 1071//74 132//74
f 1071//74 155//74 1072//74
f 171//74 1072//74 155//74
f 1072//74 171//74 1073//74
f 126//74 1073//74 171//74
f 1073//74 126//74 1074//74
f 1074//74 126//74 1075//74
f 103//74 1075//74 126//74
f 1075//74 103//74 1076//74
f 102//74 1076//74 103//74
f 969//74 1076//74 102//74
f 1076//74 969//74 1077//74
f 969//74 102//74 185//74
f 10//74 111//74 151//74
f 86//74 111//74 10//74
f 111//74 86//74 109//74
f 42//74 109//74 86//74
f 109//74 42//74 183//74
f 44//74 183//74 42//74
f 183//74 44//74 189//74
f 83//74 189//74 44//74
f 189//74 83//74 187//74
f 2//74 187//74 83//74
f 187//74 2//74 169//74
f 4//74 169//74 2//74
f 169//74 4//74 157//74
f 51//74 157//74 4//74
f 157//74 51//74 98//74
f 75//74 98//74 51//74
f 98//74 75//74 99//74
f 65//74 99//74 75//74
f 99//74 65//74 185//74
f 64//74 185//74 65//74
f 969//74 185//74 64//74
f 1077//74 969//74 1078//74
f 969//74 64//74 81//74
f 969//74 81//74 27//74
f 969//74 27//74 26//74
f 13//74 969//74 60//74
f 60//74 969//74 58//74
f 58//74 969//74 49//74
f 1064//74 969//74 971//74
f 1079//74 969//74 1064//74
f 1078//74 969//74 1079//74
f 39//74 969//74 26//74
f 35//74 969//74 39//74
f 34//74 969//74 35//74
f 80//74 969//74 34//74
f 45//74 969//74 80//74
f 17//74 969//74 45//74
f 19//74 969//74 17//74
f 47//74 969//74 19//74
f 49//74 969//74 47//74
f 272//74 1080//74 267//74
f 229//74 1081//74 1082//74
f 1083//74 267//74 1080//74
f 229//74 1084//74 1081//74
f 267//74 1083//74 265//74
f 229//74 1085//74 1084//74
f 1086//74 265//74 1083//74
f 229//74 1087//74 1085//74
f 1088//74 265//74 1086//74
f 229//74 1089//74 1087//74
f 265//74 1088//74 232//74
f 229//74 1090//74 1089//74
f 1091//74 232//74 1088//74
f 229//74 1092//74 1090//74
f 232//74 1091//74 229//74
f 229//74 1093//74 1092//74
f 1094//74 229//74 1091//74
f 229//74 1095//74 1093//74
f 1096//74 229//74 1094//74
f 229//74 1096//74 1095//74
f 1097//74 1096//74 1094//74
f 1097//74 1098//74 1096//74
f 1099//74 1098//74 1097//74
f 1099//74 1100//74 1098//74
f 1101//74 1100//74 1099//74
f 1101//74 1102//74 1100//74
f 1103//74 1102//74 1101//74
f 1103//74 1104//74 1102//74
f 1105//74 1104//74 1103//74
f 1105//74 1106//74 1104//74
f 1107//74 1106//74 1105//74
f 1107//74 1108//74 1106//74
f 1109//74 1108//74 1107//74
f 1109//74 1110//74 1108//74
f 1111//74 1110//74 1109//74
f 1111//74 1112//74 1110//74
f 1113//74 1112//74 1111//74
f 1113//74 1114//74 1112//74
f 1115//74 1114//74 1113//74
f 1115//74 1116//74 1114//74
f 1117//74 1116//74 1115//74
f 1117//74 1118//74 1116//74
f 1119//74 1118//74 1117//74
f 1119//74 1120//74 1118//74
f 1121//74 1119//74 1122//74
f 1119//74 1121//74 1120//74
f 1121//74 1122//74 1123//74
f 1120//74 1121//74 1124//74
f 269//74 1125//74 1126//74
f 1127//74 1128//74 1125//74
f 1127//74 1129//74 1128//74
f 1127//74 1130//74 1129//74
f 1127//74 1131//74 1130//74
f 1127//74 1132//74 1131//74
f 1127//74 1133//74 1132//74
f 1127//74 1134//74 1133//74
f 1127//74 1135//74 1134//74
f 1127//74 1136//74 1135//74
f 1127//74 1137//74 1136//74
f 1127//74 1138//74 1137//74
f 1127//74 1139//74 1138//74
f 1140//74 1141//74 1139//74
f 1140//74 1142//74 1141//74
f 1143//74 1142//74 1140//74
f 1142//74 1143//74 1144//74
f 1145//74 1144//74 1143//74
f 1144//74 1145//74 1146//74
f 1147//74 1146//74 1145//74
f 1148//74 1146//74 1147//74
f 1146//74 1148//74 1149//74
f 1150//74 1149//74 1148//74
f 1151//74 1152//74 1153//74
f 1152//74 1151//74 1150//74
f 1149//74 1150//74 1151//74
f 325//74 196//74 198//74
f 1154//74 194//74 196//74
f 1154//74 276//74 194//74
f 1154//74 226//74 276//74
f 1154//74 224//74 226//74
f 1154//74 204//74 224//74
f 1154//74 205//74 204//74
f 1154//74 252//74 205//74
f 1154//74 236//74 252//74
f 1154//74 237//74 236//74
f 1125//74 1155//74 1156//74
f 1154//74 208//74 237//74
f 1125//74 209//74 1154//74
f 1154//74 209//74 208//74
f 1125//74 258//74 209//74
f 1125//74 277//74 258//74
f 1125//74 269//74 277//74
f 269//74 1126//74 249//74
f 1157//74 249//74 1126//74
f 249//74 1157//74 246//74
f 1158//74 246//74 1157//74
f 246//74 1158//74 247//74
f 1159//74 247//74 1158//74
f 1160//74 247//74 1159//74
f 247//74 1160//74 272//74
f 1125//74 1156//74 1127//74
f 1161//74 1154//74 1162//74
f 1154//74 304//74 333//74
f 1154//74 305//74 304//74
f 1154//74 354//74 305//74
f 1154//74 371//74 354//74
f 1154//74 363//74 371//74
f 1154//74 345//74 363//74
f 1155//74 1154//74 1161//74
f 196//74 342//74 1154//74
f 1154//74 342//74 345//74
f 196//74 343//74 342//74
f 196//74 361//74 366//74
f 196//74 359//74 361//74
f 196//74 328//74 359//74
f 196//74 325//74 328//74
f 196//74 366//74 343//74
f 292//74 1163//74 1164//74
f 1163//74 292//74 294//74
f 1164//74 290//74 292//74
f 1164//74 370//74 290//74
f 1164//74 322//74 370//74
f 1164//74 320//74 322//74
f 1164//74 300//74 320//74
f 1164//74 301//74 300//74
f 1164//74 348//74 301//74
f 1154//74 348//74 1164//74
f 348//74 1154//74 332//74
f 332//74 1154//74 333//74
f 314//74 1163//74 294//74
f 356//74 1163//74 314//74
f 358//74 1163//74 356//74
f 336//74 1163//74 358//74
f 338//74 1163//74 336//74
f 384//74 1163//74 338//74
f 380//74 1163//74 384//74
f 374//74 1163//74 380//74
f 297//74 1163//74 374//74
f 296//74 1163//74 297//74
f 317//74 1163//74 296//74
f 316//74 1163//74 317//74
f 375//74 1163//74 316//74
f 381//74 1163//74 375//74
f 200//74 381//74 378//74
f 201//74 378//74 368//74
f 1125//74 1154//74 1155//74
f 325//74 198//74 323//74
f 323//74 198//74 339//74
f 218//74 339//74 198//74
f 339//74 218//74 312//74
f 262//74 312//74 218//74
f 312//74 262//74 309//74
f 264//74 309//74 262//74
f 309//74 264//74 307//74
f 240//74 307//74 264//74
f 307//74 240//74 329//74
f 242//74 329//74 240//74
f 329//74 242//74 349//74
f 260//74 349//74 242//74
f 349//74 260//74 352//74
f 286//74 352//74 260//74
f 352//74 286//74 368//74
f 280//74 368//74 286//74
f 201//74 368//74 280//74
f 378//74 201//74 200//74
f 381//74 200//74 1163//74
f 221//74 1163//74 200//74
f 1165//74 221//74 220//74
f 1166//74 220//74 281//74
f 1167//74 281//74 287//74
f 1139//74 1127//74 1140//74
f 1080//74 272//74 1160//74
f 229//74 1082//74 227//74
f 227//74 1082//74 243//74
f 243//74 1082//74 216//74
f 216//74 1082//74 213//74
f 213//74 1082//74 211//74
f 211//74 1082//74 233//74
f 1082//74 253//74 233//74
f 1168//74 253//74 1082//74
f 253//74 1168//74 256//74
f 1169//74 256//74 1168//74
f 256//74 1169//74 274//74
f 1170//74 274//74 1169//74
f 274//74 1170//74 284//74
f 1171//74 284//74 1170//74
f 1172//74 284//74 1171//74
f 284//74 1172//74 287//74
f 1167//74 287//74 1172//74
f 281//74 1167//74 1166//74
f 220//74 1166//74 1165//74
f 1173//74 221//74 1165//74
f 221//74 1173//74 1163//74
f 1174//74 1163//74 1173//74
f 1175//74 1163//74 1174//74
f 1176//74 1163//74 1175//74
f 1121//74 1176//74 1177//74
f 1178//74 1153//74 1152//74
f 1121//74 1153//74 1178//74
f 1153//74 1121//74 1179//74
f 1179//74 1121//74 1180//74
f 1124//74 1121//74 1181//74
f 1181//74 1121//74 1182//74
f 1180//74 1121//74 1183//74
f 1183//74 1121//74 1123//74
f 1182//74 1121//74 1184//74
f 1121//74 1178//74 1185//74
f 1121//74 1185//74 1186//74
f 1121//74 1186//74 1187//74
f 1184//74 1121//74 1188//74
f 1121//74 1187//74 1189//74
f 1121//74 1189//74 1190//74
f 1176//74 1121//74 1163//74
f 1191//74 1121//74 1177//74
f 1192//74 1121//74 1191//74
f 1193//74 1121//74 1192//74
f 1194//74 1121//74 1193//74
f 1195//74 1121//74 1194//74
f 1196//74 1121//74 1195//74
f 1197//74 1121//74 1196//74
f 1188//74 1121//74 1197//74
f 1198//74 1121//74 1190//74
f 1199//74 1121//74 1198//74
f 1200//74 1121//74 1199//74
f 1121//74 1200//74 971//74
f 971//74 1200//74 1201//74
f 971//74 1201//74 1042//74
f 1121//74 971//74 720//74
f 720//74 971//74 719//74
f 1202//73 1203//73 1204//73
f 1203//73 1202//73 1205//73
f 1206//73 1202//73 1204//73
f 1206//73 1207//73 1202//73
f 1208//73 1207//73 1206//73
f 1208//73 1209//73 1207//73
f 1210//73 1209//73 1208//73
f 1210//73 1211//73 1209//73
f 1212//73 1211//73 1210//73
f 1212//73 1213//73 1211//73
f 1214//73 1213//73 1212//73
f 1214//73 1215//73 1213//73
f 1216//73 1215//73 1214//73
f 1216//73 1217//73 1215//73
f 1218//73 1217//73 1216//73
f 1218//73 1219//73 1217//73
f 1220//73 1219//73 1218//73
f 1220//73 1221//73 1219//73
f 1222//73 1221//73 1220//73
f 1222//73 1223//73 1221//73
f 1224//73 1223//73 1222//73
f 1224//73 1225//73 1223//73
f 1226//73 1225//73 1224//73
f 1226//73 1227//73 1225//73
f 1228//73 1227//73 1226//73
f 1228//73 1229//73 1227//73
f 1230//73 1229//73 1228//73
f 1230//73 1231//73 1229//73
f 1232//73 1231//73 1230//73
f 1232//73 1233//73 1231//73
f 1234//73 1233//73 1232//73
f 1234//73 1235//73 1233//73
f 1236//73 1235//73 1234//73
f 1236//73 1237//73 1235//73
f 1238//73 1237//73 1236//73
f 1238//73 1239//73 1237//73
f 1240//73 1239//73 1238//73
f 1240//73 1241//73 1239//73
f 1242//73 1241//73 1240//73
f 1242//73 1243//73 1241//73
f 1244//73 1243//73 1242//73
f 1244//73 1245//73 1243//73
f 1246//73 1244//73 1247//73
f 1244//73 1248//73 1245//73
f 1246//73 1247//73 1249//73
f 1245//73 1248//73 1250//73
f 1246//73 1249//73 1251//73
f 1250//73 1248//73 1252//73
f 1253//73 1254//73 1255//73
f 1255//73 1256//73 1257//73
f 1258//73 1255//73 1254//73
f 1255//73 1259//73 1256//73
f 1260//73 1255//73 1258//73
f 1255//73 1260//73 1259//73
f 1261//73 1260//73 1258//73
f 1261//73 1262//73 1260//73
f 1263//73 1262//73 1261//73
f 1263//73 1264//73 1262//73
f 1265//73 1264//73 1263//73
f 1265//73 1266//73 1264//73
f 1267//73 1266//73 1265//73
f 1267//73 1268//73 1266//73
f 1269//73 1268//73 1267//73
f 1269//73 1270//73 1268//73
f 1271//73 1270//73 1269//73
f 1271//73 1272//73 1270//73
f 1273//73 1272//73 1271//73
f 1273//73 1274//73 1272//73
f 1275//73 1274//73 1273//73
f 1275//73 1276//73 1274//73
f 1277//73 1276//73 1275//73
f 1277//73 1278//73 1276//73
f 1279//73 1278//73 1277//73
f 1279//73 1280//73 1278//73
f 1281//73 1280//73 1279//73
f 1281//73 1282//73 1280//73
f 1283//73 1282//73 1281//73
f 1283//73 1284//73 1282//73
f 1285//73 1284//73 1283//73
f 1285//73 1286//73 1284//73
f 1287//73 1286//73 1285//73
f 1287//73 1288//73 1286//73
f 1289//73 1288//73 1287//73
f 1289//73 1290//73 1288//73
f 1291//73 1290//73 1289//73
f 1291//73 1292//73 1290//73
f 1293//73 1292//73 1291//73
f 1293//73 1294//73 1292//73
f 1295//73 1294//73 1293//73
f 1295//73 1296//73 1294//73
f 1297//73 1296//73 1295//73
f 1297//73 1298//73 1296//73
f 1203//73 1298//73 1297//73
f 1203//73 1299//73 1298//73
f 1300//73 1203//73 1301//73
f 1203//73 1205//73 1299//73
f 1253//73 1255//73 1302//73
f 1255//73 1303//73 1304//73
f 1305//73 1303//73 1255//73
f 1303//73 1305//73 1306//73
f 1307//73 1306//73 1305//73
f 1308//73 1253//73 1309//73
f 1310//73 1255//73 1311//73
f 1254//73 1253//73 1308//73
f 1253//73 1312//73 1309//73
f 1253//73 1313//73 1312//73
f 1253//73 1314//73 1313//73
f 1253//73 1315//73 1314//73
f 1253//73 1316//73 1315//73
f 1253//73 1317//73 1316//73
f 1253//73 1318//73 1317//73
f 1253//73 1319//73 1318//73
f 1253//73 1320//73 1319//73
f 1253//73 1321//73 1320//73
f 1253//73 1322//73 1321//73
f 1253//73 1323//73 1322//73
f 1253//159 1324//159 1323//159
f 1299//73 1205//73 1325//73
f 1325//73 1326//73 1327//73
f 1300//73 1301//73 1328//73
f 1325//73 1329//73 1326//73
f 1325//73 1330//73 1329//73
f 1325//73 1331//73 1330//73
f 1332//73 1328//73 1333//73
f 1325//73 1334//73 1331//73
f 1325//73 1335//73 1334//73
f 1336//73 1333//73 1337//73
f 1325//73 1338//73 1335//73
f 1325//73 1339//73 1338//73
f 1325//73 1340//73 1339//73
f 1341//73 1337//73 1342//73
f 1325//73 1343//73 1340//73
f 1325//73 1344//73 1343//73
f 1325//73 1345//73 1344//73
f 1346//73 1342//73 1347//73
f 1325//73 1348//73 1345//73
f 1325//73 1349//73 1348//73
f 1325//73 1350//73 1349//73
f 1325//73 1205//73 1350//73
f 1351//73 1347//73 1352//73
f 1350//73 1205//73 1353//73
f 1353//73 1205//73 1354//73
f 1355//73 1354//73 1205//73
f 1354//73 1355//73 1356//73
f 1357//73 1352//73 1358//73
f 1356//73 1355//73 1359//73
f 1359//73 1355//73 1360//73
f 1361//73 1360//73 1355//73
f 1362//73 1361//73 1363//73
f 1364//73 1363//73 1361//73
f 1365//73 1358//73 1366//73
f 1363//73 1364//73 1367//73
f 1367//73 1364//73 1368//73
f 1368//73 1369//73 1370//73
f 1371//73 1370//73 1369//73
f 1204//73 1203//73 1300//73
f 1372//73 1366//73 1373//73
f 1374//73 1373//73 1375//73
f 1376//73 1375//73 1324//73
f 1246//73 1324//73 1253//73
f 1328//73 1332//73 1300//73
f 1333//73 1336//73 1332//73
f 1337//73 1341//73 1336//73
f 1342//73 1346//73 1341//73
f 1347//73 1351//73 1346//73
f 1352//73 1357//73 1351//73
f 1358//73 1365//73 1357//73
f 1366//73 1372//73 1365//73
f 1373//73 1374//73 1372//73
f 1375//73 1376//73 1374//73
f 1324//73 1377//73 1376//73
f 1324//73 1246//73 1377//73
f 1252//73 1248//73 1378//73
f 1379//73 1378//73 1248//73
f 1246//73 1251//73 1380//73
f 1378//73 1381//73 1382//73
f 1246//73 1380//73 1383//73
f 1378//73 1379//73 1381//73
f 1246//73 1383//73 1384//73
f 1246//73 1384//73 1385//73
f 1246//73 1385//73 1386//73
f 1377//73 1246//73 1387//73
f 1246//73 1388//73 1387//73
f 1246//73 1389//73 1388//73
f 1246//73 1390//73 1389//73
f 1246//73 1391//73 1390//73
f 1246//73 1392//73 1391//73
f 1246//73 1393//73 1392//73
f 1246//73 1386//73 1393//73
f 1244//73 1246//73 1248//73
f 1248//73 1246//73 1394//73
f 1255//73 1257//73 1395//73
f 1255//73 1395//73 1396//73
f 1255//73 1396//73 1397//73
f 1255//73 1397//73 1398//73
f 1255//73 1398//73 1311//73
f 1399//73 1255//73 1310//73
f 1400//73 1255//73 1399//73
f 1401//73 1255//73 1400//73
f 1305//73 1255//73 1401//73
f 1306//73 1307//73 1402//73
f 1403//73 1402//73 1307//73
f 1402//73 1403//73 1404//73
f 1405//73 1404//73 1403//73
f 1404//73 1405//73 1406//73
f 1407//73 1406//73 1405//73
f 1408//73 1406//73 1407//73
f 1327//73 1408//73 1409//73
f 1327//73 1409//73 1410//73
f 1327//73 1410//73 1411//73
f 1327//73 1411//73 1412//73
f 1327//73 1412//73 1413//73
f 1327//73 1413//73 1414//73
f 1327//73 1414//73 1415//73
f 1327//73 1415//73 1416//73
f 1408//73 1327//73 1406//73
f 1327//73 1416//73 1325//73
f 1360//73 1361//73 1362//73
f 1369//73 1368//73 1364//73
f 1370//73 1371//73 1417//73
f 1418//73 1417//73 1371//73
f 1417//73 1418//73 1419//73
f 1419//73 1418//73 1420//73
f 1421//73 1420//73 1418//73
f 1420//73 1421//73 1422//73
f 1423//73 1422//73 1421//73
f 1424//73 1422//73 1423//73
f 1425//73 1424//73 1426//73
f 1424//73 1425//73 1422//73
f 1382//73 1426//73 1427//73
f 1382//73 1427//73 1428//73
f 1382//73 1428//73 1429//73
f 1382//73 1429//73 1430//73
f 1382//73 1430//73 1431//73
f 1382//73 1431//73 1432//73
f 1382//73 1432//73 1433//73
f 1382//73 1433//73 1434//73
f 1382//73 1434//73 1435//73
f 1382//73 1435//73 1436//73
f 1382//73 1436//73 1437//73
f 1382//73 1437//73 1438//73
f 1382//73 1438//73 1439//73
f 1382//159 1439//159 1378//159
f 1426//73 1382//73 1425//73
f 1379//73 1248//73 1440//73
f 1154//118 1302//118 1255//118
f 1302//118 1154//118 1164//118
f 1154//117 1304//117 1162//117
f 1304//117 1154//117 1255//117
f 1161//119 1304//119 1303//119
f 1304//119 1161//119 1162//119
f 1155//120 1303//120 1306//120
f 1303//120 1155//120 1161//120
f 1156//121 1306//121 1402//121
f 1306//121 1156//121 1155//121
f 1127//122 1402//122 1404//122
f 1402//122 1127//122 1156//122
f 1140//123 1404//123 1406//123
f 1404//123 1140//123 1127//123
f 1143//124 1406//124 1327//124
f 1406//124 1143//124 1140//124
f 1145//125 1327//125 1326//125
f 1327//125 1145//125 1143//125
f 1147//126 1326//126 1329//126
f 1326//126 1147//126 1145//126
f 1148//127 1329//127 1330//127
f 1329//127 1148//127 1147//127
f 1150//128 1330//128 1331//128
f 1330//128 1150//128 1148//128
f 1152//129 1331//129 1334//129
f 1331//129 1152//129 1150//129
f 1178//130 1334//130 1335//130
f 1334//130 1178//130 1152//130
f 1185//131 1335//131 1338//131
f 1335//131 1185//131 1178//131
f 1186//160 1338//160 1339//160
f 1338//160 1186//160 1185//160
f 1187//133 1339//133 1340//133
f 1339//133 1187//133 1186//133
f 1189//134 1340//134 1343//134
f 1340//134 1189//134 1187//134
f 1190//135 1343//135 1344//135
f 1343//135 1190//135 1189//135
f 1198//136 1344//136 1345//136
f 1344//136 1198//136 1190//136
f 1199//137 1345//137 1348//137
f 1345//137 1199//137 1198//137
f 1200//138 1348//138 1349//138
f 1348//138 1200//138 1199//138
f 1201//139 1349//139 1350//139
f 1349//139 1201//139 1200//139
f 1042//140 1350//140 1353//140
f 1350//140 1042//140 1201//140
f 1041//141 1353//141 1354//141
f 1353//141 1041//141 1042//141
f 1043//142 1354//142 1356//142
f 1354//142 1043//142 1041//142
f 1044//143 1356//143 1359//143
f 1356//143 1044//143 1043//143
f 1045//144 1359//144 1360//144
f 1359//144 1045//144 1044//144
f 1046//161 1360//161 1362//161
f 1360//161 1046//161 1045//161
f 1047//146 1362//146 1363//146
f 1362//146 1047//146 1046//146
f 1048//147 1363//147 1367//147
f 1363//147 1048//147 1047//147
f 1049//148 1367//148 1368//148
f 1367//148 1049//148 1048//148
f 1050//149 1368//149 1370//149
f 1368//149 1050//149 1049//149
f 1051//150 1370//150 1417//150
f 1370//150 1051//150 1050//150
f 1052//151 1417//151 1419//151
f 1417//151 1052//151 1051//151
f 1017//152 1419//152 1420//152
f 1419//152 1017//152 1052//152
f 1024//153 1420//153 1422//153
f 1420//153 1024//153 1017//153
f 1027//154 1422//154 1425//154
f 1422//154 1027//154 1024//154
f 1029//155 1425//155 1382//155
f 1425//155 1029//155 1027//155
f 1031//156 1382//156 1381//156
f 1382//156 1031//156 1029//156
f 966//157 1381//157 1379//157
f 1381//157 966//157 1031//157
f 967//158 1379//158 1440//158
f 1379//158 967//158 966//158
f 1248//76 967//76 1440//76
f 967//76 1248//76 963//76
f 968//118 1248//118 1394//118
f 1248//118 968//118 963//118
f 1246//76 968//76 1394//76
f 968//76 1246//76 969//76
f 1253//75 1441//75 1246//75
f 1163//75 1441//75 1253//75
f 1441//75 1163//75 1121//75
f 1442//75 1246//75 1441//75
f 969//75 1442//75 971//75
f 1442//75 969//75 1246//75
f 1163//117 1302//117 1164//117
f 1302//117 1163//117 1253//117
f 720//117 1441//117 1121//117
f 1441//117 720//117 721//117
f 718//73 1441//73 721//73
f 1441//73 718//73 1442//73
f 718//76 971//76 1442//76
f 971//76 718//76 719//76
f 409//29 992//29 990//29
f 992//29 409//29 411//29
f 1223//29 855//29 853//29
f 855//29 1223//29 1225//29
f 407//49 990//49 988//49
f 990//49 407//49 409//49
f 1221//49 853//49 851//49
f 853//49 1221//49 1223//49
f 405//162 988//162 986//162
f 988//26 405//26 407//26
f 1219//26 851//26 849//26
f 851//26 1219//26 1221//26
f 403//24 986//24 984//24
f 986//24 403//24 405//24
f 1217//24 849//24 847//24
f 849//24 1217//24 1219//24
f 401//16 984//16 982//16
f 984//163 401//163 403//163
f 1215//16 847//16 845//16
f 847//163 1215//163 1217//163
f 401//1 980//1 399//1
f 980//1 401//1 982//1
f 1215//1 843//1 1213//1
f 843//164 1215//164 845//164
f 399//30 978//30 397//30
f 978//30 399//30 980//30
f 1213//30 841//30 1211//30
f 841//30 1213//30 843//30
f 397//40 976//40 395//40
f 976//40 397//40 978//40
f 1211//40 839//40 1209//40
f 839//165 1211//165 841//165
f 395//13 974//13 393//13
f 974//68 395//68 976//68
f 1209//68 837//68 1207//68
f 837//68 1209//68 839//68
f 393//32 972//32 388//32
f 972//32 393//32 974//32
f 1207//32 770//32 1202//32
f 770//166 1207//166 837//166
f 388//31 1016//31 391//31
f 1016//31 388//31 972//31
f 1202//31 769//31 1205//31
f 769//31 1202//31 770//31
f 391//3 1015//3 523//3
f 1015//3 391//3 1016//3
f 1205//3 778//3 1355//3
f 778//3 1205//3 769//3
f 523//2 1018//2 529//2
f 1018//2 523//2 1015//2
f 1355//2 783//2 1361//2
f 783//2 1355//2 778//2
f 529//4 1019//4 532//4
f 1019//4 529//4 1018//4
f 1361//4 786//4 1364//4
f 786//4 1361//4 783//4
f 532//11 1020//11 537//11
f 1020//11 532//11 1019//11
f 1364//11 788//11 1369//11
f 788//11 1364//11 786//11
f 537//20 1021//20 540//20
f 1021//20 537//20 1020//20
f 1369//20 791//20 1371//20
f 791//20 1369//20 788//20
f 540//41 1022//41 594//41
f 1022//41 540//41 1021//41
f 1371//41 793//41 1418//41
f 793//167 1371//167 791//167
f 596//168 1022//168 1023//168
f 1022//25 596//25 594//25
f 1421//168 793//168 796//168
f 793//25 1421//25 1418//25
f 598//22 1023//22 1025//22
f 1023//22 598//22 596//22
f 1423//22 796//22 881//22
f 796//22 1423//22 1421//22
f 600//169 1025//169 1026//169
f 1025//39 600//39 598//39
f 1424//169 881//169 882//169
f 881//39 1424//39 1423//39
f 602//52 1026//52 1028//52
f 1026//52 602//52 600//52
f 1426//52 882//52 884//52
f 882//34 1426//34 1424//34
f 604//42 1028//42 1030//42
f 1028//42 604//42 602//42
f 1427//42 884//42 886//42
f 884//42 1427//42 1426//42
f 605//37 1030//37 1032//37
f 1030//37 605//37 604//37
f 1428//37 886//37 887//37
f 886//37 1428//37 1427//37
f 606//9 1032//9 1033//9
f 1032//9 606//9 605//9
f 1429//9 887//9 888//9
f 887//9 1429//9 1428//9
f 607//33 1033//33 1034//33
f 1033//33 607//33 606//33
f 1430//33 888//33 889//33
f 888//33 1430//33 1429//33
f 608//170 1034//170 1035//170
f 1034//170 608//170 607//170
f 1431//170 889//170 890//170
f 889//36 1431//36 1430//36
f 609//171 1035//171 1036//171
f 1035//171 609//171 608//171
f 1432//171 890//171 891//171
f 890//171 1432//171 1431//171
f 610//28 1036//28 1037//28
f 1036//28 610//28 609//28
f 1433//28 891//28 892//28
f 891//28 1433//28 1432//28
f 611//17 1037//17 964//17
f 1037//54 611//54 610//54
f 1434//17 892//17 893//17
f 892//54 1434//54 1433//54
f 965//35 611//35 964//35
f 611//35 965//35 612//35
f 894//72 1434//72 893//72
f 1434//35 894//35 1435//35
f 962//172 612//172 965//172
f 612//172 962//172 613//172
f 895//172 1435//172 894//172
f 1435//173 895//173 1436//173
f 1038//7 613//7 962//7
f 613//7 1038//7 614//7
f 896//7 1436//7 895//7
f 1436//7 896//7 1437//7
f 1039//38 614//38 1038//38
f 614//38 1039//38 615//38
f 897//38 1437//38 896//38
f 1437//38 897//38 1438//38
f 1040//5 615//5 1039//5
f 615//174 1040//174 616//174
f 818//174 1438//174 897//174
f 1438//5 818//5 1439//5
f 1013//45 616//45 1040//45
f 616//45 1013//45 617//45
f 820//45 1439//45 818//45
f 1439//45 820//45 1378//45
f 1011//19 617//19 1013//19
f 617//19 1011//19 620//19
f 879//19 1378//19 820//19
f 1378//19 879//19 1252//19
f 1010//175 620//175 1011//175
f 620//18 1010//18 619//18
f 877//18 1252//18 879//18
f 1252//18 877//18 1250//18
f 1008//51 619//51 1010//51
f 619//51 1008//51 618//51
f 875//51 1250//51 877//51
f 1250//51 875//51 1245//51
f 1007//48 618//48 1008//48
f 618//48 1007//48 547//48
f 873//48 1245//48 875//48
f 1245//48 873//48 1243//48
f 1005//176 547//176 1007//176
f 547//176 1005//176 432//176
f 871//176 1243//176 873//176
f 1243//177 871//177 1241//177
f 1003//14 432//14 1005//14
f 432//14 1003//14 429//14
f 869//67 1241//67 871//67
f 1241//14 869//14 1239//14
f 426//56 1003//56 1002//56
f 1003//27 426//27 429//27
f 1237//56 869//56 867//56
f 869//27 1237//27 1239//27
f 424//47 1002//47 1000//47
f 1002//47 424//47 426//47
f 1235//47 867//47 865//47
f 867//47 1235//47 1237//47
f 421//10 1000//10 999//10
f 1000//10 421//10 424//10
f 1233//10 865//10 863//10
f 865//10 1233//10 1235//10
f 418//178 999//178 998//178
f 999//178 418//178 421//178
f 1231//178 863//178 861//178
f 863//43 1231//43 1233//43
f 415//12 998//12 996//12
f 998//12 415//12 418//12
f 1229//12 861//12 859//12
f 861//12 1229//12 1231//12
f 413//8 996//8 994//8
f 996//8 413//8 415//8
f 1227//8 859//8 857//8
f 859//8 1227//8 1229//8
f 411//46 994//46 992//46
f 994//46 411//46 413//46
f 1225//46 857//46 855//46
f 857//46 1225//46 1227//46
f 449//179 1097//179 1094//179
f 1097//29 449//29 451//29
f 1274//179 916//179 914//179
f 916//29 1274//29 1276//29
f 448//21 1094//21 1091//21
f 1094//49 448//49 449//49
f 1272//49 914//49 912//49
f 914//49 1272//49 1274//49
f 446//162 1091//162 1088//162
f 1091//26 446//26 448//26
f 1270//26 912//26 910//26
f 912//162 1270//162 1272//162
f 445//71 1088//71 1086//71
f 1088//180 445//180 446//180
f 1268//71 910//71 908//71
f 910//180 1268//180 1270//180
f 443//61 1086//61 1083//61
f 1086//163 443//163 445//163
f 1266//163 908//163 906//163
f 908//163 1266//163 1268//163
f 443//1 1080//1 442//1
f 1080//1 443//1 1083//1
f 1266//1 904//1 1264//1
f 904//164 1266//164 906//164
f 442//181 1160//181 440//181
f 1160//182 442//182 1080//182
f 1264//30 902//30 1262//30
f 902//30 1264//30 904//30
f 440//40 1159//40 438//40
f 1159//40 440//40 1160//40
f 1262//40 898//40 1260//40
f 898//183 1262//183 902//183
f 438//68 1158//68 437//68
f 1158//184 438//184 1159//184
f 1260//185 737//185 1259//185
f 737//13 1260//13 898//13
f 437//32 1157//32 434//32
f 1157//166 437//166 1158//166
f 1259//186 738//186 1256//186
f 738//187 1259//187 737//187
f 434//188 1126//188 435//188
f 1126//65 434//65 1157//65
f 1256//189 942//189 1257//189
f 942//65 1256//65 738//65
f 435//63 1125//63 569//63
f 1125//190 435//190 1126//190
f 1257//63 943//63 1395//63
f 943//191 1257//191 942//191
f 569//192 1128//192 570//192
f 1128//2 569//2 1125//2
f 1395//193 944//193 1396//193
f 944//194 1395//194 943//194
f 570//195 1129//195 571//195
f 1129//70 570//70 1128//70
f 1396//4 945//4 1397//4
f 945//196 1396//196 944//196
f 571//11 1130//11 572//11
f 1130//11 571//11 1129//11
f 1397//197 735//197 1398//197
f 735//11 1397//11 945//11
f 572//198 1131//198 573//198
f 1131//199 572//199 1130//199
f 1398//20 736//20 1311//20
f 736//20 1398//20 735//20
f 573//41 1132//41 574//41
f 1132//41 573//41 1131//41
f 1311//41 946//41 1310//41
f 946//167 1311//167 736//167
f 575//168 1132//168 1133//168
f 1132//50 575//50 574//50
f 1399//168 946//168 947//168
f 946//168 1399//168 1310//168
f 576//200 1133//200 1134//200
f 1133//66 576//66 575//66
f 1400//200 947//200 948//200
f 947//66 1400//66 1399//66
f 577//201 1134//201 1135//201
f 1134//39 577//39 576//39
f 1401//39 948//39 949//39
f 948//169 1401//169 1400//169
f 578//52 1135//52 1136//52
f 1135//34 578//34 577//34
f 1305//52 949//52 727//52
f 949//34 1305//34 1401//34
f 579//42 1136//42 1137//42
f 1136//202 579//202 578//202
f 1307//42 727//42 729//42
f 727//202 1307//202 1305//202
f 580//37 1137//37 1138//37
f 1137//37 580//37 579//37
f 1403//37 729//37 731//37
f 729//37 1403//37 1307//37
f 581//9 1138//9 1139//9
f 1138//9 581//9 580//9
f 1405//9 731//9 733//9
f 731//9 1405//9 1403//9
f 582//33 1139//33 1141//33
f 1139//203 582//203 581//203
f 1407//33 733//33 950//33
f 733//33 1407//33 1405//33
f 584//170 1141//170 1142//170
f 1141//36 584//36 582//36
f 1408//170 950//170 951//170
f 950//36 1408//36 1407//36
f 585//23 1142//23 1144//23
f 1142//171 585//171 584//171
f 1409//171 951//171 953//171
f 951//204 1409//204 1408//204
f 586//205 1144//205 1146//205
f 1144//206 586//206 585//206
f 1410//205 953//205 955//205
f 953//206 1410//206 1409//206
f 587//53 1146//53 1149//53
f 1146//54 587//54 586//54
f 1411//54 955//54 958//54
f 955//54 1411//54 1410//54
f 1151//35 587//35 1149//35
f 587//35 1151//35 588//35
f 960//72 1411//72 958//72
f 1411//35 960//35 1412//35
f 1153//207 588//207 1151//207
f 588//173 1153//173 589//173
f 754//208 1412//208 960//208
f 1412//173 754//173 1413//173
f 1179//7 589//7 1153//7
f 589//7 1179//7 590//7
f 757//7 1413//7 754//7
f 1413//209 757//209 1414//209
f 1180//59 590//59 1179//59
f 590//210 1180//210 591//210
f 760//211 1414//211 757//211
f 1414//38 760//38 1415//38
f 1183//5 591//5 1180//5
f 591//174 1183//174 592//174
f 763//174 1415//174 760//174
f 1415//5 763//5 1416//5
f 1123//212 592//212 1183//212
f 592//213 1123//213 495//213
f 767//214 1416//214 763//214
f 1416//213 767//213 1325//213
f 1122//215 495//215 1123//215
f 495//216 1122//216 474//216
f 940//215 1325//215 767//215
f 1325//217 940//217 1299//217
f 1119//175 474//175 1122//175
f 474//18 1119//18 473//18
f 938//175 1299//175 940//175
f 1299//18 938//18 1298//18
f 1117//218 473//218 1119//218
f 473//51 1117//51 471//51
f 936//15 1298//15 938//15
f 1298//219 936//219 1296//219
f 1115//48 471//48 1117//48
f 471//48 1115//48 469//48
f 934//220 1296//220 936//220
f 1296//48 934//48 1294//48
f 1113//177 469//177 1115//177
f 469//221 1113//221 467//221
f 932//177 1294//177 934//177
f 1294//222 932//222 1292//222
f 1111//14 467//14 1113//14
f 467//14 1111//14 465//14
f 930//67 1292//67 932//67
f 1292//14 930//14 1290//14
f 463//56 1111//56 1109//56
f 1111//57 463//57 465//57
f 1288//56 930//56 928//56
f 930//56 1288//56 1290//56
f 461//223 1109//223 1107//223
f 1109//224 461//224 463//224
f 1286//223 928//223 926//223
f 928//224 1286//224 1288//224
f 459//10 1107//10 1105//10
f 1107//225 459//225 461//225
f 1284//10 926//10 924//10
f 926//10 1284//10 1286//10
f 457//43 1105//43 1103//43
f 1105//178 457//178 459//178
f 1282//178 924//178 922//178
f 924//43 1282//43 1284//43
f 455//226 1103//226 1101//226
f 1103//12 455//12 457//12
f 1280//12 922//12 920//12
f 922//12 1280//12 1282//12
f 453//8 1101//8 1099//8
f 1101//8 453//8 455//8
f 1278//8 920//8 918//8
f 920//8 1278//8 1280//8
f 451//46 1099//46 1097//46
f 1099//46 451//46 453//46
f 1276//46 918//46 916//46
f 918//46 1276//46 1278//46
f 545//29 1063//29 1062//29
f 1063//29 545//29 546//29
f 1376//29 815//29 814//29
f 815//29 1376//29 1377//29
f 543//49 1062//49 1061//49
f 1062//49 543//49 545//49
f 1374//49 814//49 812//49
f 814//49 1374//49 1376//49
f 541//162 1061//162 1060//162
f 1061//26 541//26 543//26
f 1372//26 812//26 810//26
f 812//26 1372//26 1374//26
f 535//180 1060//180 1059//180
f 1060//180 535//180 541//180
f 1365//227 810//227 808//227
f 810//180 1365//180 1372//180
f 527//16 1059//16 1058//16
f 1059//163 527//163 535//163
f 1357//16 808//16 804//16
f 808//163 1357//163 1365//163
f 527//1 1057//1 520//1
f 1057//1 527//1 1058//1
f 1357//1 806//1 1351//1
f 806//164 1357//164 804//164
f 520//30 1056//30 516//30
f 1056//30 520//30 1057//30
f 1351//30 802//30 1346//30
f 802//30 1351//30 806//30
f 516//40 1055//40 510//40
f 1055//40 516//40 1056//40
f 1346//40 798//40 1341//40
f 798//40 1346//40 802//40
f 510//13 1054//13 505//13
f 1054//68 510//68 1055//68
f 1341//68 800//68 1336//68
f 800//68 1341//68 798//68
f 505//32 1053//32 501//32
f 1053//32 505//32 1054//32
f 1336//32 776//32 1332//32
f 776//166 1336//166 800//166
f 501//31 973//31 475//31
f 973//31 501//31 1053//31
f 1332//31 773//31 1300//31
f 773//31 1332//31 776//31
f 475//3 970//3 390//3
f 970//3 475//3 973//3
f 1300//3 772//3 1204//3
f 772//3 1300//3 773//3
f 390//2 975//2 392//2
f 975//2 390//2 970//2
f 1204//2 838//2 1206//2
f 838//2 1204//2 772//2
f 392//70 977//70 394//70
f 977//4 392//4 975//4
f 1206//70 840//70 1208//70
f 840//70 1206//70 838//70
f 394//11 979//11 396//11
f 979//11 394//11 977//11
f 1208//11 842//11 1210//11
f 842//11 1208//11 840//11
f 396//20 981//20 398//20
f 981//20 396//20 979//20
f 1210//20 844//20 1212//20
f 844//20 1210//20 842//20
f 398//41 983//41 400//41
f 983//41 398//41 981//41
f 1212//41 846//41 1214//41
f 846//167 1212//167 844//167
f 402//168 983//168 985//168
f 983//25 402//25 400//25
f 1216//168 846//168 848//168
f 846//25 1216//25 1214//25
f 404//22 985//22 987//22
f 985//22 404//22 402//22
f 1218//22 848//22 850//22
f 848//22 1218//22 1216//22
f 406//39 987//39 989//39
f 987//228 406//228 404//228
f 1220//39 850//39 852//39
f 850//228 1220//228 1218//228
f 408//52 989//52 991//52
f 989//52 408//52 406//52
f 1222//52 852//52 854//52
f 852//34 1222//34 1220//34
f 410//42 991//42 993//42
f 991//42 410//42 408//42
f 1224//42 854//42 856//42
f 854//42 1224//42 1222//42
f 412//37 993//37 995//37
f 993//37 412//37 410//37
f 1226//37 856//37 858//37
f 856//37 1226//37 1224//37
f 414//9 995//9 997//9
f 995//9 414//9 412//9
f 1228//9 858//9 860//9
f 858//9 1228//9 1226//9
f 416//33 997//33 961//33
f 997//33 416//33 414//33
f 1230//33 860//33 862//33
f 860//33 1230//33 1228//33
f 417//170 961//170 1001//170
f 961//170 417//170 416//170
f 1232//170 862//170 864//170
f 862//36 1232//36 1230//36
f 419//23 1001//23 1004//23
f 1001//23 419//23 417//23
f 1234//23 864//23 866//23
f 864//23 1234//23 1232//23
f 420//28 1004//28 1006//28
f 1004//28 420//28 419//28
f 1236//28 866//28 868//28
f 866//28 1236//28 1234//28
f 422//17 1006//17 1009//17
f 1006//54 422//54 420//54
f 1238//17 868//17 870//17
f 868//54 1238//54 1236//54
f 1012//35 422//35 1009//35
f 422//35 1012//35 423//35
f 872//72 1238//72 870//72
f 1238//35 872//35 1240//35
f 1014//172 423//172 1012//172
f 423//172 1014//172 425//172
f 874//172 1240//172 872//172
f 1240//173 874//173 1242//173
f 1065//7 425//7 1014//7
f 425//7 1065//7 427//7
f 876//209 1242//209 874//209
f 1242//7 876//7 1244//7
f 1066//59 427//59 1065//59
f 427//59 1066//59 428//59
f 878//59 1244//59 876//59
f 1244//59 878//59 1247//59
f 1067//5 428//5 1066//5
f 428//174 1067//174 430//174
f 880//174 1247//174 878//174
f 1247//5 880//5 1249//5
f 1068//45 430//45 1067//45
f 430//45 1068//45 431//45
f 821//45 1249//45 880//45
f 1249//45 821//45 1251//45
f 1069//19 431//19 1068//19
f 431//19 1069//19 548//19
f 825//19 1251//19 821//19
f 1251//19 825//19 1380//19
f 1070//175 548//175 1069//175
f 548//18 1070//18 549//18
f 826//18 1380//18 825//18
f 1380//18 826//18 1383//18
f 1071//51 549//51 1070//51
f 549//51 1071//51 550//51
f 827//51 1383//51 826//51
f 1383//51 827//51 1384//51
f 1072//48 550//48 1071//48
f 550//48 1072//48 551//48
f 828//48 1384//48 827//48
f 1384//48 828//48 1385//48
f 1073//176 551//176 1072//176
f 551//176 1073//176 552//176
f 830//176 1385//176 828//176
f 1385//177 830//177 1386//177
f 1074//14 552//14 1073//14
f 552//14 1074//14 553//14
f 831//67 1386//67 830//67
f 1386//14 831//14 1393//14
f 554//56 1074//56 1075//56
f 1074//27 554//27 553//27
f 1392//56 831//56 836//56
f 831//27 1392//27 1393//27
f 555//224 1075//224 1076//224
f 1075//224 555//224 554//224
f 1391//224 836//224 835//224
f 836//224 1391//224 1392//224
f 556//10 1076//10 1077//10
f 1076//10 556//10 555//10
f 1390//10 835//10 834//10
f 835//10 1390//10 1391//10
f 557//178 1077//178 1078//178
f 1077//178 557//178 556//178
f 1389//178 834//178 833//178
f 834//43 1389//43 1390//43
f 558//12 1078//12 1079//12
f 1078//12 558//12 557//12
f 1388//12 833//12 832//12
f 833//12 1388//12 1389//12
f 559//8 1079//8 1064//8
f 1079//8 559//8 558//8
f 1387//8 832//8 817//8
f 832//8 1387//8 1388//8
f 546//46 1064//46 1063//46
f 1064//46 546//46 559//46
f 1377//46 817//46 815//46
f 817//46 1377//46 1387//46
f 491//179 1175//179 1174//179
f 1175//29 491//29 492//29
f 1321//179 750//179 749//179
f 750//29 1321//29 1322//29
f 490//21 1174//21 1173//21
f 1174//49 490//49 491//49
f 1320//49 749//49 748//49
f 749//49 1320//49 1321//49
f 478//162 1173//162 1165//162
f 1173//26 478//26 490//26
f 1319//26 748//26 747//26
f 748//162 1319//162 1320//162
f 479//180 1165//180 1166//180
f 1165//227 479//227 478//227
f 1318//180 747//180 746//180
f 747//227 1318//227 1319//227
f 489//61 1166//61 1167//61
f 1166//163 489//163 479//163
f 1317//163 746//163 745//163
f 746//163 1317//163 1318//163
f 489//1 1172//1 487//1
f 1172//1 489//1 1167//1
f 1317//1 744//1 1316//1
f 744//164 1317//164 745//164
f 487//181 1171//181 488//181
f 1171//182 487//182 1172//182
f 1316//30 743//30 1315//30
f 743//30 1316//30 744//30
f 488//40 1170//40 486//40
f 1170//40 488//40 1171//40
f 1315//229 742//229 1314//229
f 742//165 1315//165 743//165
f 486//68 1169//68 485//68
f 1169//184 486//184 1170//184
f 1314//185 741//185 1313//185
f 741//13 1314//13 742//13
f 485//32 1168//32 484//32
f 1168//166 485//166 1169//166
f 1313//186 739//186 1312//186
f 739//187 1313//187 741//187
f 484//230 1082//230 483//230
f 1082//65 484//65 1168//65
f 1312//189 740//189 1309//189
f 740//65 1312//65 739//65
f 483//63 1081//63 482//63
f 1081//190 483//190 1082//190
f 1309//63 899//63 1308//63
f 899//191 1309//191 740//191
f 482//192 1084//192 481//192
f 1084//2 482//2 1081//2
f 1308//193 900//193 1254//193
f 900//194 1308//194 899//194
f 481//195 1085//195 480//195
f 1085//70 481//70 1084//70
f 1254//4 901//4 1258//4
f 901//196 1254//196 900//196
f 480//11 1087//11 568//11
f 1087//11 480//11 1085//11
f 1258//231 903//231 1261//231
f 903//11 1258//11 901//11
f 568//198 1089//198 433//198
f 1089//199 568//199 1087//199
f 1261//20 905//20 1263//20
f 905//20 1261//20 903//20
f 433//41 1090//41 436//41
f 1090//41 433//41 1089//41
f 1263//41 907//41 1265//41
f 907//167 1263//167 905//167
f 439//168 1090//168 1092//168
f 1090//50 439//50 436//50
f 1267//168 907//168 909//168
f 907//168 1267//168 1265//168
f 441//200 1092//200 1093//200
f 1092//66 441//66 439//66
f 1269//200 909//200 911//200
f 909//66 1269//66 1267//66
f 444//39 1093//39 1095//39
f 1093//228 444//228 441//228
f 1271//228 911//228 913//228
f 911//39 1271//39 1269//39
f 447//52 1095//52 1096//52
f 1095//34 447//34 444//34
f 1273//52 913//52 915//52
f 913//34 1273//34 1271//34
f 450//42 1096//42 1098//42
f 1096//202 450//202 447//202
f 1275//42 915//42 917//42
f 915//202 1275//202 1273//202
f 452//37 1098//37 1100//37
f 1098//37 452//37 450//37
f 1277//37 917//37 919//37
f 917//37 1277//37 1275//37
f 454//9 1100//9 1102//9
f 1100//9 454//9 452//9
f 1279//9 919//9 921//9
f 919//9 1279//9 1277//9
f 456//33 1102//33 1104//33
f 1102//203 456//203 454//203
f 1281//33 921//33 923//33
f 921//33 1281//33 1279//33
f 458//170 1104//170 1106//170
f 1104//36 458//36 456//36
f 1283//170 923//170 925//170
f 923//36 1283//36 1281//36
f 460//232 1106//232 1108//232
f 1106//23 460//23 458//23
f 1285//23 925//23 927//23
f 925//23 1285//23 1283//23
f 462//205 1108//205 1110//205
f 1108//206 462//206 460//206
f 1287//205 927//205 929//205
f 927//206 1287//206 1285//206
f 464//53 1110//53 1112//53
f 1110//54 464//54 462//54
f 1289//54 929//54 931//54
f 929//54 1289//54 1287//54
f 1114//35 464//35 1112//35
f 464//35 1114//35 466//35
f 933//72 1289//72 931//72
f 1289//35 933//35 1291//35
f 1116//207 466//207 1114//207
f 466//173 1116//173 468//173
f 935//208 1291//208 933//208
f 1291//173 935//173 1293//173
f 1118//7 468//7 1116//7
f 468//7 1118//7 470//7
f 937//7 1293//7 935//7
f 1293//233 937//233 1295//233
f 1120//59 470//59 1118//59
f 470//210 1120//210 472//210
f 939//211 1295//211 937//211
f 1295//38 939//38 1297//38
f 1124//5 472//5 1120//5
f 472//174 1124//174 389//174
f 941//174 1297//174 939//174
f 1297//5 941//5 1203//5
f 1181//212 389//212 1124//212
f 389//213 1181//213 476//213
f 771//214 1203//214 941//214
f 1203//213 771//213 1301//213
f 1182//215 476//215 1181//215
f 476//234 1182//234 498//234
f 774//215 1301//215 771//215
f 1301//217 774//217 1328//217
f 1184//175 498//175 1182//175
f 498//18 1184//18 502//18
f 782//175 1328//175 774//175
f 1328//18 782//18 1333//18
f 1188//218 502//218 1184//218
f 502//51 1188//51 506//51
f 799//15 1333//15 782//15
f 1333//219 799//219 1337//219
f 1197//48 506//48 1188//48
f 506//48 1197//48 511//48
f 801//235 1337//235 799//235
f 1337//64 801//64 1342//64
f 1196//177 511//177 1197//177
f 511//221 1196//221 517//221
f 803//177 1342//177 801//177
f 1342//222 803//222 1347//222
f 1195//14 517//14 1196//14
f 517//14 1195//14 521//14
f 805//67 1347//67 803//67
f 1347//14 805//14 1352//14
f 528//56 1195//56 1194//56
f 1195//57 528//57 521//57
f 1358//56 805//56 807//56
f 805//56 1358//56 1352//56
f 536//224 1194//224 1193//224
f 1194//236 536//236 528//236
f 1366//224 807//224 809//224
f 807//236 1366//236 1358//236
f 542//10 1193//10 1192//10
f 1193//225 542//225 536//225
f 1373//10 809//10 811//10
f 809//10 1373//10 1366//10
f 544//43 1192//43 1191//43
f 1192//178 544//178 542//178
f 1375//178 811//178 813//178
f 811//43 1375//43 1373//43
f 494//226 1191//226 1177//226
f 1191//12 494//12 544//12
f 1324//12 813//12 752//12
f 813//12 1324//12 1375//12
f 493//8 1177//8 1176//8
f 1177//8 493//8 494//8
f 1323//8 752//8 751//8
f 752//8 1323//8 1324//8
f 492//46 1176//46 1175//46
f 1176//46 492//46 493//46
f 1322//46 751//46 750//46
f 751//46 1322//46 1323//46
