ISO-10303-21;
HEADER;
FILE_DESCRIPTION(('replace-face cleaned mesh - faceted PLACEHOLDER, not parametric CAD, not a verified AP1 drop-in'),'2;1');
FILE_NAME('backlight_web.step','2026-09-08T05:33:19Z',('s2000-ap1-digital-dash'),(''),'cad/replace_face/blender_remesh.py','s2000-ap1-digital-dash','');
FILE_SCHEMA(('CONFIG_CONTROL_DESIGN'));
ENDSEC;
DATA;
#1=APPLICATION_CONTEXT('configuration controlled 3d designs of mechanical parts and assemblies');
#2=APPLICATION_PROTOCOL_DEFINITION('international standard','config_control_design',1994,#1);
#3=PRODUCT_CONTEXT('',#1,'mechanical');
#4=PRODUCT('backlight_web','backlight_web','PLACEHOLDER faceted mesh - OpenSCAD remains source of truth',(#3));
#5=PRODUCT_DEFINITION_FORMATION('','',#4);
#6=PRODUCT_DEFINITION_CONTEXT('part definition',#1,'design');
#7=PRODUCT_DEFINITION('design','',#5,#6);
#8=PRODUCT_RELATED_PRODUCT_CATEGORY('part',$,(#4));
#9=PRODUCT_DEFINITION_SHAPE('','',#7);
#10=(LENGTH_UNIT()NAMED_UNIT(*)SI_UNIT(.MILLI.,.METRE.));
#11=(NAMED_UNIT(*)PLANE_ANGLE_UNIT()SI_UNIT($,.RADIAN.));
#12=(NAMED_UNIT(*)SI_UNIT($,.STERADIAN.)SOLID_ANGLE_UNIT());
#13=UNCERTAINTY_MEASURE_WITH_UNIT(LENGTH_MEASURE(1.E-6),#10,'distance_accuracy_value','confusion accuracy');
#14=(GEOMETRIC_REPRESENTATION_CONTEXT(3)GLOBAL_UNCERTAINTY_ASSIGNED_CONTEXT((#13))GLOBAL_UNIT_ASSIGNED_CONTEXT((#10,#11,#12))REPRESENTATION_CONTEXT('Context #1','3D Context with UNIT and UNCERTAINTY'));
#20=CARTESIAN_POINT('',(162.06999207,19.79399109,0.));
#21=CARTESIAN_POINT('',(169.55000305,19.79399109,0.));
#22=CARTESIAN_POINT('',(161.16999817,17.00198364,0.));
#23=CARTESIAN_POINT('',(139.10914612,61.95788574,0.));
#24=CARTESIAN_POINT('',(142.97575378,60.4937439,0.));
#25=CARTESIAN_POINT('',(141.96347046,60.32228088,0.));
#26=CARTESIAN_POINT('',(158.35499573,53.44754028,0.));
#27=CARTESIAN_POINT('',(158.4440918,53.62660217,0.));
#28=CARTESIAN_POINT('',(161.16999817,52.01403809,0.));
#29=CARTESIAN_POINT('',(154.49124146,55.31417847,0.));
#30=CARTESIAN_POINT('',(154.57635498,55.49517822,0.));
#31=CARTESIAN_POINT('',(150.62902832,57.07922363,0.));
#32=CARTESIAN_POINT('',(150.70941162,57.26237488,0.));
#33=CARTESIAN_POINT('',(145.55421448,59.23429871,0.));
#34=CARTESIAN_POINT('',(146.84266663,58.92851257,0.));
#35=CARTESIAN_POINT('',(146.76489258,58.74423218,0.));
#36=CARTESIAN_POINT('',(138.16638184,61.39855957,0.));
#37=CARTESIAN_POINT('',(135.24354553,63.32069397,0.));
#38=CARTESIAN_POINT('',(134.3691864,62.40063477,0.));
#39=CARTESIAN_POINT('',(130.57191467,63.32850647,0.));
#40=CARTESIAN_POINT('',(131.37748718,64.58268738,0.));
#41=CARTESIAN_POINT('',(126.77456665,64.18217468,0.));
#42=CARTESIAN_POINT('',(127.51165771,65.7436676,0.));
#43=CARTESIAN_POINT('',(122.97712708,64.9616394,0.));
#44=CARTESIAN_POINT('',(123.64674377,66.80345154,0.));
#45=CARTESIAN_POINT('',(119.17962646,65.66687012,0.));
#46=CARTESIAN_POINT('',(119.7805481,67.7625885,0.));
#47=CARTESIAN_POINT('',(108.18678284,70.03334045,0.));
#48=CARTESIAN_POINT('',(112.05110168,69.37739563,0.));
#49=CARTESIAN_POINT('',(108.16481018,67.35279846,0.));
#50=CARTESIAN_POINT('',(107.688797,67.58753967,0.));
#51=CARTESIAN_POINT('',(107.7671051,67.58241272,0.));
#52=CARTESIAN_POINT('',(105.45835876,67.58753967,0.));
#53=CARTESIAN_POINT('',(104.32170105,70.58848572,0.));
#54=CARTESIAN_POINT('',(96.59298706,71.39581299,0.));
#55=CARTESIAN_POINT('',(96.39347839,68.3394165,0.));
#56=CARTESIAN_POINT('',(94.03894043,68.69720459,0.));
#57=CARTESIAN_POINT('',(92.72850037,71.64811707,0.));
#58=CARTESIAN_POINT('',(93.7925415,68.88627625,0.));
#59=CARTESIAN_POINT('',(88.86419678,71.79949951,0.));
#60=CARTESIAN_POINT('',(90.26292419,68.8515625,0.));
#61=CARTESIAN_POINT('',(88.79782104,68.63638306,0.));
#62=CARTESIAN_POINT('',(90.04330444,68.63194275,0.));
#63=CARTESIAN_POINT('',(90.02770996,68.60032654,0.));
#64=CARTESIAN_POINT('',(81.13578796,71.79949951,0.));
#65=CARTESIAN_POINT('',(79.73706055,68.8515625,0.));
#66=CARTESIAN_POINT('',(79.66667175,68.88627625,0.));
#67=CARTESIAN_POINT('',(79.4370575,68.9319458,0.));
#68=CARTESIAN_POINT('',(79.51538086,68.92680359,0.));
#69=CARTESIAN_POINT('',(73.40699768,71.39581299,0.));
#70=CARTESIAN_POINT('',(75.96104431,68.69720459,0.));
#71=CARTESIAN_POINT('',(73.60650635,68.3394165,0.));
#72=CARTESIAN_POINT('',(69.54283142,71.04263306,0.));
#73=CARTESIAN_POINT('',(69.80871582,68.07958984,0.));
#74=CARTESIAN_POINT('',(65.67828369,70.58848572,0.));
#75=CARTESIAN_POINT('',(66.01095581,67.74551392,0.));
#76=CARTESIAN_POINT('',(61.8132019,70.03334045,0.));
#77=CARTESIAN_POINT('',(62.08158875,67.54187012,0.));
#78=CARTESIAN_POINT('',(62.01119995,67.50715637,0.));
#79=CARTESIAN_POINT('',(57.94888306,69.37739563,0.));
#80=CARTESIAN_POINT('',(61.7915802,67.28753662,0.));
#81=CARTESIAN_POINT('',(58.4155426,66.85464478,0.));
#82=CARTESIAN_POINT('',(61.78952026,67.28337097,0.));
#83=CARTESIAN_POINT('',(75.85749817,68.48722839,0.));
#84=CARTESIAN_POINT('',(75.84991455,68.4490509,0.));
#85=CARTESIAN_POINT('',(54.61791992,66.29786682,0.));
#86=CARTESIAN_POINT('',(54.08401489,68.62043762,0.));
#87=CARTESIAN_POINT('',(47.02285767,64.9616394,0.));
#88=CARTESIAN_POINT('',(46.35324097,66.80345154,0.));
#89=CARTESIAN_POINT('',(50.21943665,67.7625885,0.));
#90=CARTESIAN_POINT('',(43.22541809,64.18217468,0.));
#91=CARTESIAN_POINT('',(42.48832703,65.7436676,0.));
#92=CARTESIAN_POINT('',(35.63079834,62.40063477,0.));
#93=CARTESIAN_POINT('',(38.62249756,64.58268738,0.));
#94=CARTESIAN_POINT('',(39.42807007,63.32850647,0.));
#95=CARTESIAN_POINT('',(31.83360291,61.39855957,0.));
#96=CARTESIAN_POINT('',(34.75643921,63.32069397,0.));
#97=CARTESIAN_POINT('',(27.02423096,60.4937439,0.));
#98=CARTESIAN_POINT('',(30.89083862,61.95788574,0.));
#99=CARTESIAN_POINT('',(28.03651428,60.32228088,0.));
#100=CARTESIAN_POINT('',(15.50874329,55.31417847,0.));
#101=CARTESIAN_POINT('',(15.42362976,55.49517822,0.));
#102=CARTESIAN_POINT('',(19.37095642,57.07922363,0.));
#103=CARTESIAN_POINT('',(11.64498901,53.44754028,0.));
#104=CARTESIAN_POINT('',(8.82998657,52.01403809,0.));
#105=CARTESIAN_POINT('',(11.55589294,53.62660217,0.));
#106=CARTESIAN_POINT('',(18.24247742,11.13336182,0.));
#107=CARTESIAN_POINT('',(17.7816925,11.4412384,0.));
#108=CARTESIAN_POINT('',(21.26797485,13.75883484,0.));
#109=CARTESIAN_POINT('',(23.10116577,15.84918213,0.));
#110=CARTESIAN_POINT('',(22.90231323,15.88873291,0.));
#111=CARTESIAN_POINT('',(42.16044617,17.00198364,0.));
#112=CARTESIAN_POINT('',(23.47499084,15.69433594,0.));
#113=CARTESIAN_POINT('',(23.64356995,15.58169556,0.));
#114=CARTESIAN_POINT('',(42.1000061,16.58079529,0.));
#115=CARTESIAN_POINT('',(24.23672485,14.55430603,0.));
#116=CARTESIAN_POINT('',(24.19717407,14.75315857,0.));
#117=CARTESIAN_POINT('',(22.69999695,15.9019928,0.));
#118=CARTESIAN_POINT('',(7.92999268,19.79399109,0.));
#119=CARTESIAN_POINT('',(7.92999268,51.78016663,0.));
#120=CARTESIAN_POINT('',(23.47499084,13.00965881,0.));
#121=CARTESIAN_POINT('',(23.47499084,4.54232788,0.));
#122=CARTESIAN_POINT('',(23.29315186,12.91998291,0.));
#123=CARTESIAN_POINT('',(0.44999695,0.44999695,0.));
#124=CARTESIAN_POINT('',(1.85998535,7.77224731,0.));
#125=CARTESIAN_POINT('',(1.89624023,7.21925354,0.));
#126=CARTESIAN_POINT('',(22.90231323,1.66325378,0.));
#127=CARTESIAN_POINT('',(23.10116577,1.70280457,0.));
#128=CARTESIAN_POINT('',(140.45881653,1.70280457,0.));
#129=CARTESIAN_POINT('',(21.35765076,2.42498779,0.));
#130=CARTESIAN_POINT('',(17.28466797,3.85813904,0.));
#131=CARTESIAN_POINT('',(21.26797485,2.60682678,0.));
#132=CARTESIAN_POINT('',(76.35874939,68.92680359,0.));
#133=CARTESIAN_POINT('',(77.27148438,71.64811707,0.));
#134=CARTESIAN_POINT('',(76.4370575,68.9319458,0.));
#135=CARTESIAN_POINT('',(24.19717407,3.60116577,0.));
#136=CARTESIAN_POINT('',(24.13200378,3.79315186,0.));
#137=CARTESIAN_POINT('',(42.22099304,11.01663208,0.));
#138=CARTESIAN_POINT('',(24.04232788,3.97499084,0.));
#139=CARTESIAN_POINT('',(24.04232788,13.57699585,0.));
#140=CARTESIAN_POINT('',(42.15368652,11.21492004,0.));
#141=CARTESIAN_POINT('',(19.75563049,8.86875916,0.));
#142=CARTESIAN_POINT('',(19.57749939,9.39352417,0.));
#143=CARTESIAN_POINT('',(22.49768066,12.81524658,0.));
#144=CARTESIAN_POINT('',(22.29882812,4.69717407,0.));
#145=CARTESIAN_POINT('',(19.75563049,6.67573547,0.));
#146=CARTESIAN_POINT('',(19.86375427,7.21925354,0.));
#147=CARTESIAN_POINT('',(19.33239746,5.65394592,0.));
#148=CARTESIAN_POINT('',(19.57749939,6.15097046,0.));
#149=CARTESIAN_POINT('',(21.60397339,4.29600525,0.));
#150=CARTESIAN_POINT('',(19.8999939,7.77224731,0.));
#151=CARTESIAN_POINT('',(19.86375427,8.32522583,0.));
#152=CARTESIAN_POINT('',(22.90231323,4.73672485,0.));
#153=CARTESIAN_POINT('',(23.64356995,13.12229919,0.));
#154=CARTESIAN_POINT('',(23.64356995,4.4296875,0.));
#155=CARTESIAN_POINT('',(42.1000061,11.61619568,0.));
#156=CARTESIAN_POINT('',(24.23672485,14.14967346,0.));
#157=CARTESIAN_POINT('',(24.25,14.35198975,0.));
#158=CARTESIAN_POINT('',(24.13200378,14.94514465,0.));
#159=CARTESIAN_POINT('',(42.15368652,16.98205566,0.));
#160=CARTESIAN_POINT('',(42.11282349,16.7766571,0.));
#161=CARTESIAN_POINT('',(23.29315186,15.78401184,0.));
#162=CARTESIAN_POINT('',(19.29057312,57.26237488,0.));
#163=CARTESIAN_POINT('',(23.23509216,58.74423218,0.));
#164=CARTESIAN_POINT('',(24.44577026,59.23429871,0.));
#165=CARTESIAN_POINT('',(23.15731812,58.92851257,0.));
#166=CARTESIAN_POINT('',(50.82035828,65.66687012,0.));
#167=CARTESIAN_POINT('',(8.82998657,17.00198364,0.));
#168=CARTESIAN_POINT('',(0.44999695,19.79399109,0.));
#169=CARTESIAN_POINT('',(24.19717407,13.95082092,0.));
#170=CARTESIAN_POINT('',(42.11282349,11.42033386,0.));
#171=CARTESIAN_POINT('',(24.13200378,13.75883484,0.));
#172=CARTESIAN_POINT('',(62.31118774,67.58753967,0.));
#173=CARTESIAN_POINT('',(64.54162598,67.58753967,0.));
#174=CARTESIAN_POINT('',(61.83517456,67.35279846,0.));
#175=CARTESIAN_POINT('',(61.88693237,67.4118042,0.));
#176=CARTESIAN_POINT('',(61.94593811,67.46354675,0.));
#177=CARTESIAN_POINT('',(62.15589905,67.5670929,0.));
#178=CARTESIAN_POINT('',(62.23287964,67.58241272,0.));
#179=CARTESIAN_POINT('',(75.88273621,68.56155396,0.));
#180=CARTESIAN_POINT('',(85.,71.84994507,0.));
#181=CARTESIAN_POINT('',(85.,68.67350769,0.));
#182=CARTESIAN_POINT('',(79.59234619,68.91149902,0.));
#183=CARTESIAN_POINT('',(75.91744995,68.63194275,0.));
#184=CARTESIAN_POINT('',(76.01280212,68.75621033,0.));
#185=CARTESIAN_POINT('',(76.07180786,68.80795288,0.));
#186=CARTESIAN_POINT('',(76.13705444,68.8515625,0.));
#187=CARTESIAN_POINT('',(76.20744324,68.88627625,0.));
#188=CARTESIAN_POINT('',(76.2817688,68.91149902,0.));
#189=CARTESIAN_POINT('',(81.2021637,68.63638306,0.));
#190=CARTESIAN_POINT('',(79.80232239,68.80795288,0.));
#191=CARTESIAN_POINT('',(79.86132812,68.75621033,0.));
#192=CARTESIAN_POINT('',(79.91307068,68.69720459,0.));
#193=CARTESIAN_POINT('',(79.9566803,68.63194275,0.));
#194=CARTESIAN_POINT('',(79.97227478,68.60032654,0.));
#195=CARTESIAN_POINT('',(100.45715332,71.04263306,0.));
#196=CARTESIAN_POINT('',(90.19766235,68.80795288,0.));
#197=CARTESIAN_POINT('',(90.56292725,68.9319458,0.));
#198=CARTESIAN_POINT('',(93.71821594,68.91149902,0.));
#199=CARTESIAN_POINT('',(93.64123535,68.92680359,0.));
#200=CARTESIAN_POINT('',(90.08691406,68.69720459,0.));
#201=CARTESIAN_POINT('',(90.48460388,68.92680359,0.));
#202=CARTESIAN_POINT('',(90.13865662,68.75621033,0.));
#203=CARTESIAN_POINT('',(90.33331299,68.88627625,0.));
#204=CARTESIAN_POINT('',(90.40763855,68.91149902,0.));
#205=CARTESIAN_POINT('',(93.56292725,68.9319458,0.));
#206=CARTESIAN_POINT('',(100.19126892,68.07958984,0.));
#207=CARTESIAN_POINT('',(93.8629303,68.8515625,0.));
#208=CARTESIAN_POINT('',(93.92817688,68.80795288,0.));
#209=CARTESIAN_POINT('',(93.98718262,68.75621033,0.));
#210=CARTESIAN_POINT('',(94.08253479,68.63194275,0.));
#211=CARTESIAN_POINT('',(94.11724854,68.56155396,0.));
#212=CARTESIAN_POINT('',(94.14248657,68.48722839,0.));
#213=CARTESIAN_POINT('',(94.15007019,68.4490509,0.));
#214=CARTESIAN_POINT('',(103.98902893,67.74551392,0.));
#215=CARTESIAN_POINT('',(107.84408569,67.5670929,0.));
#216=CARTESIAN_POINT('',(107.918396,67.54187012,0.));
#217=CARTESIAN_POINT('',(107.98878479,67.50715637,0.));
#218=CARTESIAN_POINT('',(108.05404663,67.46354675,0.));
#219=CARTESIAN_POINT('',(108.11305237,67.4118042,0.));
#220=CARTESIAN_POINT('',(108.20840454,67.28753662,0.));
#221=CARTESIAN_POINT('',(111.58444214,66.85464478,0.));
#222=CARTESIAN_POINT('',(108.21046448,67.28337097,0.));
#223=CARTESIAN_POINT('',(115.38206482,66.29786682,0.));
#224=CARTESIAN_POINT('',(115.91596985,68.62043762,0.));
#225=CARTESIAN_POINT('',(43.68690491,10.02926636,0.));
#226=CARTESIAN_POINT('',(23.64356995,1.97029114,0.));
#227=CARTESIAN_POINT('',(23.79600525,2.10397339,0.));
#228=CARTESIAN_POINT('',(139.51765442,13.57699585,0.));
#229=CARTESIAN_POINT('',(139.6302948,13.40841675,0.));
#230=CARTESIAN_POINT('',(127.84629822,11.21492004,0.));
#231=CARTESIAN_POINT('',(162.06999207,51.78016663,0.));
#232=CARTESIAN_POINT('',(158.88360596,11.97259521,0.));
#233=CARTESIAN_POINT('',(159.43659973,12.00883484,0.));
#234=CARTESIAN_POINT('',(127.7789917,11.01663208,0.));
#235=CARTESIAN_POINT('',(139.6302948,4.14356995,0.));
#236=CARTESIAN_POINT('',(139.51765442,3.97499084,0.));
#237=CARTESIAN_POINT('',(127.68637085,10.8288269,0.));
#238=CARTESIAN_POINT('',(126.71434021,10.08296204,0.));
#239=CARTESIAN_POINT('',(126.91262817,10.15026855,0.));
#240=CARTESIAN_POINT('',(139.36280823,2.79882812,0.));
#241=CARTESIAN_POINT('',(143.69624329,7.21925354,0.));
#242=CARTESIAN_POINT('',(143.80435181,6.67573547,0.));
#243=CARTESIAN_POINT('',(141.26116943,4.69717407,0.));
#244=CARTESIAN_POINT('',(139.76397705,2.10397339,0.));
#245=CARTESIAN_POINT('',(126.31307983,10.02926636,0.));
#246=CARTESIAN_POINT('',(139.6302948,2.25640869,0.));
#247=CARTESIAN_POINT('',(141.45315552,4.63200378,0.));
#248=CARTESIAN_POINT('',(141.63499451,4.54232788,0.));
#249=CARTESIAN_POINT('',(139.42797852,3.79315186,0.));
#250=CARTESIAN_POINT('',(127.57003784,10.65472412,0.));
#251=CARTESIAN_POINT('',(139.91641235,1.97029114,0.));
#252=CARTESIAN_POINT('',(139.76397705,13.25598145,0.));
#253=CARTESIAN_POINT('',(139.76397705,4.29600525,0.));
#254=CARTESIAN_POINT('',(144.22758484,5.65394592,0.));
#255=CARTESIAN_POINT('',(142.08969116,4.14356995,0.));
#256=CARTESIAN_POINT('',(141.95600891,4.29600525,0.));
#257=CARTESIAN_POINT('',(142.29200745,3.79315186,0.));
#258=CARTESIAN_POINT('',(144.53547668,5.19316101,0.));
#259=CARTESIAN_POINT('',(142.35717773,3.60116577,0.));
#260=CARTESIAN_POINT('',(21.92498779,13.00965881,0.));
#261=CARTESIAN_POINT('',(22.10682678,12.91998291,0.));
#262=CARTESIAN_POINT('',(19.33239746,9.89054871,0.));
#263=CARTESIAN_POINT('',(21.92498779,4.54232788,0.));
#264=CARTESIAN_POINT('',(21.75640869,4.4296875,0.));
#265=CARTESIAN_POINT('',(19.02450562,10.35131836,0.));
#266=CARTESIAN_POINT('',(21.75640869,13.12229919,0.));
#267=CARTESIAN_POINT('',(21.35765076,13.57699585,0.));
#268=CARTESIAN_POINT('',(18.65911865,10.76797485,0.));
#269=CARTESIAN_POINT('',(21.47029114,13.40841675,0.));
#270=CARTESIAN_POINT('',(21.60397339,13.25598145,0.));
#271=CARTESIAN_POINT('',(21.20280457,13.95082092,0.));
#272=CARTESIAN_POINT('',(21.16325378,14.14967346,0.));
#273=CARTESIAN_POINT('',(3.51751709,11.13336182,0.));
#274=CARTESIAN_POINT('',(3.1008606,10.76797485,0.));
#275=CARTESIAN_POINT('',(17.28466797,11.68635559,0.));
#276=CARTESIAN_POINT('',(21.1499939,14.35198975,0.));
#277=CARTESIAN_POINT('',(6.09658813,12.00883484,0.));
#278=CARTESIAN_POINT('',(15.66339111,12.00883484,0.));
#279=CARTESIAN_POINT('',(16.75990295,11.86448669,0.));
#280=CARTESIAN_POINT('',(21.16325378,14.55430603,0.));
#281=CARTESIAN_POINT('',(21.20280457,14.75315857,0.));
#282=CARTESIAN_POINT('',(16.21638489,11.97259521,0.));
#283=CARTESIAN_POINT('',(21.26797485,14.94514465,0.));
#284=CARTESIAN_POINT('',(21.35765076,15.1269989,0.));
#285=CARTESIAN_POINT('',(21.47029114,15.295578,0.));
#286=CARTESIAN_POINT('',(21.60397339,15.44801331,0.));
#287=CARTESIAN_POINT('',(21.75640869,15.58169556,0.));
#288=CARTESIAN_POINT('',(21.92498779,15.69433594,0.));
#289=CARTESIAN_POINT('',(22.10682678,15.78401184,0.));
#290=CARTESIAN_POINT('',(22.29882812,15.84918213,0.));
#291=CARTESIAN_POINT('',(22.49768066,15.88873291,0.));
#292=CARTESIAN_POINT('',(23.79600525,15.44801331,0.));
#293=CARTESIAN_POINT('',(23.9296875,15.295578,0.));
#294=CARTESIAN_POINT('',(24.04232788,15.1269989,0.));
#295=CARTESIAN_POINT('',(23.29315186,4.63200378,0.));
#296=CARTESIAN_POINT('',(23.10116577,12.85481262,0.));
#297=CARTESIAN_POINT('',(22.69999695,4.75,0.));
#298=CARTESIAN_POINT('',(22.49768066,4.73672485,0.));
#299=CARTESIAN_POINT('',(22.10682678,4.63200378,0.));
#300=CARTESIAN_POINT('',(22.90231323,12.81524658,0.));
#301=CARTESIAN_POINT('',(22.69999695,12.80198669,0.));
#302=CARTESIAN_POINT('',(21.35765076,3.97499084,0.));
#303=CARTESIAN_POINT('',(19.02450562,5.19316101,0.));
#304=CARTESIAN_POINT('',(22.29882812,12.85481262,0.));
#305=CARTESIAN_POINT('',(142.20233154,13.57699585,0.));
#306=CARTESIAN_POINT('',(144.90086365,10.76797485,0.));
#307=CARTESIAN_POINT('',(142.08969116,13.40841675,0.));
#308=CARTESIAN_POINT('',(127.88716125,11.4203186,0.));
#309=CARTESIAN_POINT('',(127.43196106,10.49729919,0.));
#310=CARTESIAN_POINT('',(139.32325745,2.99768066,0.));
#311=CARTESIAN_POINT('',(139.42797852,13.75883484,0.));
#312=CARTESIAN_POINT('',(127.8999939,11.61618042,0.));
#313=CARTESIAN_POINT('',(139.36280823,13.95082092,0.));
#314=CARTESIAN_POINT('',(139.32325745,14.14967346,0.));
#315=CARTESIAN_POINT('',(139.30999756,14.35198975,0.));
#316=CARTESIAN_POINT('',(127.8999939,16.58081055,0.));
#317=CARTESIAN_POINT('',(139.32325745,14.55430603,0.));
#318=CARTESIAN_POINT('',(139.36280823,14.75315857,0.));
#319=CARTESIAN_POINT('',(139.42797852,14.94514465,0.));
#320=CARTESIAN_POINT('',(127.88716125,16.77667236,0.));
#321=CARTESIAN_POINT('',(139.51765442,15.1269989,0.));
#322=CARTESIAN_POINT('',(127.84629822,16.98205566,0.));
#323=CARTESIAN_POINT('',(139.6302948,15.295578,0.));
#324=CARTESIAN_POINT('',(127.83953857,17.00198364,0.));
#325=CARTESIAN_POINT('',(139.76397705,15.44801331,0.));
#326=CARTESIAN_POINT('',(139.91641235,15.58169556,0.));
#327=CARTESIAN_POINT('',(140.08499146,15.69433594,0.));
#328=CARTESIAN_POINT('',(140.26683044,15.78401184,0.));
#329=CARTESIAN_POINT('',(140.45881653,15.84918213,0.));
#330=CARTESIAN_POINT('',(140.65768433,15.88873291,0.));
#331=CARTESIAN_POINT('',(140.85998535,15.9019928,0.));
#332=CARTESIAN_POINT('',(141.06230164,15.88873291,0.));
#333=CARTESIAN_POINT('',(141.26116943,15.84918213,0.));
#334=CARTESIAN_POINT('',(141.45315552,15.78401184,0.));
#335=CARTESIAN_POINT('',(141.63499451,15.69433594,0.));
#336=CARTESIAN_POINT('',(141.80357361,15.58169556,0.));
#337=CARTESIAN_POINT('',(141.95600891,15.44801331,0.));
#338=CARTESIAN_POINT('',(142.08969116,15.295578,0.));
#339=CARTESIAN_POINT('',(147.89659119,12.00883484,0.));
#340=CARTESIAN_POINT('',(142.20233154,15.1269989,0.));
#341=CARTESIAN_POINT('',(147.34361267,11.97259521,0.));
#342=CARTESIAN_POINT('',(142.35717773,14.75315857,0.));
#343=CARTESIAN_POINT('',(142.29200745,14.94514465,0.));
#344=CARTESIAN_POINT('',(146.80007935,11.86448669,0.));
#345=CARTESIAN_POINT('',(142.39672852,14.55430603,0.));
#346=CARTESIAN_POINT('',(146.27531433,11.68635559,0.));
#347=CARTESIAN_POINT('',(142.4099884,14.35198975,0.));
#348=CARTESIAN_POINT('',(142.35717773,13.95082092,0.));
#349=CARTESIAN_POINT('',(142.39672852,14.14967346,0.));
#350=CARTESIAN_POINT('',(145.77828979,11.4412384,0.));
#351=CARTESIAN_POINT('',(142.29200745,13.75883484,0.));
#352=CARTESIAN_POINT('',(145.31752014,11.13336182,0.));
#353=CARTESIAN_POINT('',(141.80357361,13.12229919,0.));
#354=CARTESIAN_POINT('',(141.95600891,13.25598145,0.));
#355=CARTESIAN_POINT('',(144.53547668,10.35131836,0.));
#356=CARTESIAN_POINT('',(141.63499451,13.00965881,0.));
#357=CARTESIAN_POINT('',(144.22758484,9.89054871,0.));
#358=CARTESIAN_POINT('',(141.45315552,12.91998291,0.));
#359=CARTESIAN_POINT('',(141.26116943,12.85481262,0.));
#360=CARTESIAN_POINT('',(143.98248291,9.39352417,0.));
#361=CARTESIAN_POINT('',(141.06230164,12.81524658,0.));
#362=CARTESIAN_POINT('',(143.80435181,8.86875916,0.));
#363=CARTESIAN_POINT('',(140.85998535,12.80198669,0.));
#364=CARTESIAN_POINT('',(143.69624329,8.32522583,0.));
#365=CARTESIAN_POINT('',(140.65768433,12.81524658,0.));
#366=CARTESIAN_POINT('',(140.45881653,12.85481262,0.));
#367=CARTESIAN_POINT('',(140.08499146,4.54232788,0.));
#368=CARTESIAN_POINT('',(140.08499146,13.00965881,0.));
#369=CARTESIAN_POINT('',(140.26683044,4.63200378,0.));
#370=CARTESIAN_POINT('',(6.09658813,3.53564453,0.));
#371=CARTESIAN_POINT('',(15.66339111,3.53564453,0.));
#372=CARTESIAN_POINT('',(4.47531128,11.68635559,0.));
#373=CARTESIAN_POINT('',(3.97828674,11.4412384,0.));
#374=CARTESIAN_POINT('',(5.54360962,3.57188416,0.));
#375=CARTESIAN_POINT('',(5.00007629,3.68000793,0.));
#376=CARTESIAN_POINT('',(4.47531128,3.85813904,0.));
#377=CARTESIAN_POINT('',(3.97828674,4.10324097,0.));
#378=CARTESIAN_POINT('',(3.51751709,4.41111755,0.));
#379=CARTESIAN_POINT('',(3.1008606,4.77651978,0.));
#380=CARTESIAN_POINT('',(2.73547363,5.19316101,0.));
#381=CARTESIAN_POINT('',(2.42758179,5.65394592,0.));
#382=CARTESIAN_POINT('',(2.18247986,6.15097046,0.));
#383=CARTESIAN_POINT('',(2.00434875,6.67573547,0.));
#384=CARTESIAN_POINT('',(1.89624023,8.32522583,0.));
#385=CARTESIAN_POINT('',(2.00434875,8.86875916,0.));
#386=CARTESIAN_POINT('',(2.18247986,9.39352417,0.));
#387=CARTESIAN_POINT('',(2.42758179,9.89054871,0.));
#388=CARTESIAN_POINT('',(2.73547363,10.35131836,0.));
#389=CARTESIAN_POINT('',(5.00007629,11.86448669,0.));
#390=CARTESIAN_POINT('',(5.54360962,11.97259521,0.));
#391=CARTESIAN_POINT('',(21.20280457,3.60116577,0.));
#392=CARTESIAN_POINT('',(18.65911865,4.77651978,0.));
#393=CARTESIAN_POINT('',(21.16325378,3.40231323,0.));
#394=CARTESIAN_POINT('',(21.1499939,3.19999695,0.));
#395=CARTESIAN_POINT('',(18.24247742,4.41111755,0.));
#396=CARTESIAN_POINT('',(23.9296875,4.14356995,0.));
#397=CARTESIAN_POINT('',(23.79600525,13.25598145,0.));
#398=CARTESIAN_POINT('',(23.9296875,13.40841675,0.));
#399=CARTESIAN_POINT('',(21.20280457,2.79882812,0.));
#400=CARTESIAN_POINT('',(17.7816925,4.10324097,0.));
#401=CARTESIAN_POINT('',(21.16325378,2.99768066,0.));
#402=CARTESIAN_POINT('',(24.23672485,3.40231323,0.));
#403=CARTESIAN_POINT('',(42.31361389,10.8288269,0.));
#404=CARTESIAN_POINT('',(42.4299469,10.65472412,0.));
#405=CARTESIAN_POINT('',(24.23672485,2.99768066,0.));
#406=CARTESIAN_POINT('',(24.25,3.19999695,0.));
#407=CARTESIAN_POINT('',(42.56802368,10.49729919,0.));
#408=CARTESIAN_POINT('',(42.72544861,10.35922241,0.));
#409=CARTESIAN_POINT('',(42.89955139,10.2428894,0.));
#410=CARTESIAN_POINT('',(24.19717407,2.79882812,0.));
#411=CARTESIAN_POINT('',(16.21638489,3.57188416,0.));
#412=CARTESIAN_POINT('',(21.75640869,1.97029114,0.));
#413=CARTESIAN_POINT('',(22.69999695,1.6499939,0.));
#414=CARTESIAN_POINT('',(140.85998535,1.6499939,0.));
#415=CARTESIAN_POINT('',(23.47499084,1.85765076,0.));
#416=CARTESIAN_POINT('',(147.89659119,3.53564453,0.));
#417=CARTESIAN_POINT('',(141.80357361,1.97029114,0.));
#418=CARTESIAN_POINT('',(147.34361267,3.57188416,0.));
#419=CARTESIAN_POINT('',(169.55000305,0.44999695,0.));
#420=CARTESIAN_POINT('',(159.43659973,3.53564453,0.));
#421=CARTESIAN_POINT('',(163.90339661,3.53564453,0.));
#422=CARTESIAN_POINT('',(153.4598999,11.86448669,0.));
#423=CARTESIAN_POINT('',(153.98466492,11.68635559,0.));
#424=CARTESIAN_POINT('',(140.65768433,1.66325378,0.));
#425=CARTESIAN_POINT('',(142.08969116,2.25640869,0.));
#426=CARTESIAN_POINT('',(146.80007935,3.68000793,0.));
#427=CARTESIAN_POINT('',(141.95600891,2.10397339,0.));
#428=CARTESIAN_POINT('',(21.92498779,1.85765076,0.));
#429=CARTESIAN_POINT('',(22.10682678,1.76797485,0.));
#430=CARTESIAN_POINT('',(43.08735657,10.15026855,0.));
#431=CARTESIAN_POINT('',(24.13200378,2.60682678,0.));
#432=CARTESIAN_POINT('',(139.42797852,2.60682678,0.));
#433=CARTESIAN_POINT('',(139.51765442,2.42498779,0.));
#434=CARTESIAN_POINT('',(126.50894165,10.042099,0.));
#435=CARTESIAN_POINT('',(140.65768433,4.73672485,0.));
#436=CARTESIAN_POINT('',(143.6599884,7.77224731,0.));
#437=CARTESIAN_POINT('',(152.36338806,12.00883484,0.));
#438=CARTESIAN_POINT('',(152.91638184,11.97259521,0.));
#439=CARTESIAN_POINT('',(157.31829834,11.4412384,0.));
#440=CARTESIAN_POINT('',(156.85751343,11.13336182,0.));
#441=CARTESIAN_POINT('',(154.48168945,11.4412384,0.));
#442=CARTESIAN_POINT('',(156.44085693,10.76797485,0.));
#443=CARTESIAN_POINT('',(154.94247437,11.13336182,0.));
#444=CARTESIAN_POINT('',(155.72451782,10.35131836,0.));
#445=CARTESIAN_POINT('',(155.3591156,10.76797485,0.));
#446=CARTESIAN_POINT('',(156.07546997,10.35131836,0.));
#447=CARTESIAN_POINT('',(155.8999939,10.08869934,0.));
#448=CARTESIAN_POINT('',(157.81532288,11.68635559,0.));
#449=CARTESIAN_POINT('',(158.34007263,11.86448669,0.));
#450=CARTESIAN_POINT('',(163.90339661,12.00883484,0.));
#451=CARTESIAN_POINT('',(164.45637512,11.97259521,0.));
#452=CARTESIAN_POINT('',(164.99990845,11.86448669,0.));
#453=CARTESIAN_POINT('',(165.52467346,11.68635559,0.));
#454=CARTESIAN_POINT('',(166.021698,11.4412384,0.));
#455=CARTESIAN_POINT('',(166.48246765,11.13336182,0.));
#456=CARTESIAN_POINT('',(166.89912415,10.76797485,0.));
#457=CARTESIAN_POINT('',(167.26451111,10.35131836,0.));
#458=CARTESIAN_POINT('',(167.57240295,9.89054871,0.));
#459=CARTESIAN_POINT('',(167.81750488,9.39352417,0.));
#460=CARTESIAN_POINT('',(167.99563599,8.86875916,0.));
#461=CARTESIAN_POINT('',(168.13999939,7.77224731,0.));
#462=CARTESIAN_POINT('',(168.10374451,8.32522583,0.));
#463=CARTESIAN_POINT('',(168.10374451,7.21925354,0.));
#464=CARTESIAN_POINT('',(167.99563599,6.67573547,0.));
#465=CARTESIAN_POINT('',(167.81750488,6.15097046,0.));
#466=CARTESIAN_POINT('',(167.57240295,5.65394592,0.));
#467=CARTESIAN_POINT('',(167.26451111,5.19316101,0.));
#468=CARTESIAN_POINT('',(166.89912415,4.77651978,0.));
#469=CARTESIAN_POINT('',(166.48246765,4.41111755,0.));
#470=CARTESIAN_POINT('',(166.021698,4.10324097,0.));
#471=CARTESIAN_POINT('',(165.52467346,3.85813904,0.));
#472=CARTESIAN_POINT('',(164.99990845,3.68000793,0.));
#473=CARTESIAN_POINT('',(164.45637512,3.57188416,0.));
#474=CARTESIAN_POINT('',(158.88360596,3.57188416,0.));
#475=CARTESIAN_POINT('',(152.91638184,3.57188416,0.));
#476=CARTESIAN_POINT('',(158.34007263,3.68000793,0.));
#477=CARTESIAN_POINT('',(153.4598999,3.68000793,0.));
#478=CARTESIAN_POINT('',(157.81532288,3.85813904,0.));
#479=CARTESIAN_POINT('',(153.98466492,3.85813904,0.));
#480=CARTESIAN_POINT('',(157.31829834,4.10324097,0.));
#481=CARTESIAN_POINT('',(154.48168945,4.10324097,0.));
#482=CARTESIAN_POINT('',(156.85751343,4.41111755,0.));
#483=CARTESIAN_POINT('',(154.94247437,4.41111755,0.));
#484=CARTESIAN_POINT('',(156.44085693,4.77651978,0.));
#485=CARTESIAN_POINT('',(155.3591156,4.77651978,0.));
#486=CARTESIAN_POINT('',(156.07546997,5.19316101,0.));
#487=CARTESIAN_POINT('',(155.72451782,5.19316101,0.));
#488=CARTESIAN_POINT('',(155.8999939,5.45579529,0.));
#489=CARTESIAN_POINT('',(152.36338806,3.53564453,0.));
#490=CARTESIAN_POINT('',(22.49768066,1.66325378,0.));
#491=CARTESIAN_POINT('',(22.29882812,1.70280457,0.));
#492=CARTESIAN_POINT('',(16.75990295,3.68000793,0.));
#493=CARTESIAN_POINT('',(21.60397339,2.10397339,0.));
#494=CARTESIAN_POINT('',(21.47029114,2.25640869,0.));
#495=CARTESIAN_POINT('',(21.26797485,3.79315186,0.));
#496=CARTESIAN_POINT('',(21.47029114,4.14356995,0.));
#497=CARTESIAN_POINT('',(23.10116577,4.69717407,0.));
#498=CARTESIAN_POINT('',(23.79600525,4.29600525,0.));
#499=CARTESIAN_POINT('',(24.04232788,2.42498779,0.));
#500=CARTESIAN_POINT('',(43.28564453,10.08296204,0.));
#501=CARTESIAN_POINT('',(23.9296875,2.25640869,0.));
#502=CARTESIAN_POINT('',(43.49104309,10.042099,0.));
#503=CARTESIAN_POINT('',(140.26683044,1.76797485,0.));
#504=CARTESIAN_POINT('',(23.29315186,1.76797485,0.));
#505=CARTESIAN_POINT('',(140.08499146,1.85765076,0.));
#506=CARTESIAN_POINT('',(145.31752014,4.41111755,0.));
#507=CARTESIAN_POINT('',(142.4099884,3.19999695,0.));
#508=CARTESIAN_POINT('',(144.90086365,4.77651978,0.));
#509=CARTESIAN_POINT('',(145.77828979,4.10324097,0.));
#510=CARTESIAN_POINT('',(142.35717773,2.79882812,0.));
#511=CARTESIAN_POINT('',(142.39672852,2.99768066,0.));
#512=CARTESIAN_POINT('',(141.45315552,1.76797485,0.));
#513=CARTESIAN_POINT('',(146.27531433,3.85813904,0.));
#514=CARTESIAN_POINT('',(142.20233154,2.42498779,0.));
#515=CARTESIAN_POINT('',(142.29200745,2.60682678,0.));
#516=CARTESIAN_POINT('',(127.10043335,10.2428894,0.));
#517=CARTESIAN_POINT('',(139.30999756,3.19999695,0.));
#518=CARTESIAN_POINT('',(127.27453613,10.35922241,0.));
#519=CARTESIAN_POINT('',(139.32325745,3.40231323,0.));
#520=CARTESIAN_POINT('',(139.36280823,3.60116577,0.));
#521=CARTESIAN_POINT('',(139.91641235,4.4296875,0.));
#522=CARTESIAN_POINT('',(140.26683044,12.91998291,0.));
#523=CARTESIAN_POINT('',(139.91641235,13.12229919,0.));
#524=CARTESIAN_POINT('',(140.45881653,4.69717407,0.));
#525=CARTESIAN_POINT('',(140.85998535,4.75,0.));
#526=CARTESIAN_POINT('',(141.06230164,4.73672485,0.));
#527=CARTESIAN_POINT('',(143.98248291,6.15097046,0.));
#528=CARTESIAN_POINT('',(141.80357361,4.4296875,0.));
#529=CARTESIAN_POINT('',(142.20233154,3.97499084,0.));
#530=CARTESIAN_POINT('',(142.39672852,3.40231323,0.));
#531=CARTESIAN_POINT('',(141.63499451,1.85765076,0.));
#532=CARTESIAN_POINT('',(141.26116943,1.70280457,0.));
#533=CARTESIAN_POINT('',(141.06230164,1.66325378,0.));
#534=CARTESIAN_POINT('',(161.16999817,17.00198364,3.79999995));
#535=CARTESIAN_POINT('',(169.55000305,19.79399109,3.79999995));
#536=CARTESIAN_POINT('',(162.06999207,19.79399109,3.79999995));
#537=CARTESIAN_POINT('',(141.96347046,60.32228088,3.79999995));
#538=CARTESIAN_POINT('',(142.97575378,60.4937439,3.79999995));
#539=CARTESIAN_POINT('',(139.10914612,61.95788574,3.79999995));
#540=CARTESIAN_POINT('',(161.16999817,52.01403809,3.79999995));
#541=CARTESIAN_POINT('',(158.4440918,53.62660217,3.79999995));
#542=CARTESIAN_POINT('',(158.35499573,53.44754028,3.79999995));
#543=CARTESIAN_POINT('',(154.57635498,55.49517822,3.79999995));
#544=CARTESIAN_POINT('',(154.49124146,55.31417847,3.79999995));
#545=CARTESIAN_POINT('',(150.70941162,57.26237488,3.79999995));
#546=CARTESIAN_POINT('',(150.62902832,57.07922363,3.79999995));
#547=CARTESIAN_POINT('',(146.76489258,58.74423218,3.79999995));
#548=CARTESIAN_POINT('',(146.84266663,58.92851257,3.79999995));
#549=CARTESIAN_POINT('',(145.55421448,59.23429871,3.79999995));
#550=CARTESIAN_POINT('',(135.24354553,63.32069397,3.79999995));
#551=CARTESIAN_POINT('',(138.16638184,61.39855957,3.79999995));
#552=CARTESIAN_POINT('',(131.37748718,64.58268738,3.79999995));
#553=CARTESIAN_POINT('',(130.57191467,63.32850647,3.79999995));
#554=CARTESIAN_POINT('',(134.3691864,62.40063477,3.79999995));
#555=CARTESIAN_POINT('',(127.51165771,65.7436676,3.79999995));
#556=CARTESIAN_POINT('',(126.77456665,64.18217468,3.79999995));
#557=CARTESIAN_POINT('',(123.64674377,66.80345154,3.79999995));
#558=CARTESIAN_POINT('',(122.97712708,64.9616394,3.79999995));
#559=CARTESIAN_POINT('',(119.7805481,67.7625885,3.79999995));
#560=CARTESIAN_POINT('',(119.17962646,65.66687012,3.79999995));
#561=CARTESIAN_POINT('',(108.16481018,67.35279846,3.79999995));
#562=CARTESIAN_POINT('',(112.05110168,69.37739563,3.79999995));
#563=CARTESIAN_POINT('',(108.18678284,70.03334045,3.79999995));
#564=CARTESIAN_POINT('',(107.7671051,67.58241272,3.79999995));
#565=CARTESIAN_POINT('',(107.688797,67.58753967,3.79999995));
#566=CARTESIAN_POINT('',(104.32170105,70.58848572,3.79999995));
#567=CARTESIAN_POINT('',(105.45835876,67.58753967,3.79999995));
#568=CARTESIAN_POINT('',(94.03894043,68.69720459,3.79999995));
#569=CARTESIAN_POINT('',(96.39347839,68.3394165,3.79999995));
#570=CARTESIAN_POINT('',(96.59298706,71.39581299,3.79999995));
#571=CARTESIAN_POINT('',(93.7925415,68.88627625,3.79999995));
#572=CARTESIAN_POINT('',(92.72850037,71.64811707,3.79999995));
#573=CARTESIAN_POINT('',(88.79782104,68.63638306,3.79999995));
#574=CARTESIAN_POINT('',(90.26292419,68.8515625,3.79999995));
#575=CARTESIAN_POINT('',(88.86419678,71.79949951,3.79999995));
#576=CARTESIAN_POINT('',(90.02770996,68.60032654,3.79999995));
#577=CARTESIAN_POINT('',(90.04330444,68.63194275,3.79999995));
#578=CARTESIAN_POINT('',(79.66667175,68.88627625,3.79999995));
#579=CARTESIAN_POINT('',(79.73706055,68.8515625,3.79999995));
#580=CARTESIAN_POINT('',(81.13578796,71.79949951,3.79999995));
#581=CARTESIAN_POINT('',(79.51538086,68.92680359,3.79999995));
#582=CARTESIAN_POINT('',(79.4370575,68.9319458,3.79999995));
#583=CARTESIAN_POINT('',(73.60650635,68.3394165,3.79999995));
#584=CARTESIAN_POINT('',(75.96104431,68.69720459,3.79999995));
#585=CARTESIAN_POINT('',(73.40699768,71.39581299,3.79999995));
#586=CARTESIAN_POINT('',(69.80871582,68.07958984,3.79999995));
#587=CARTESIAN_POINT('',(69.54283142,71.04263306,3.79999995));
#588=CARTESIAN_POINT('',(66.01095581,67.74551392,3.79999995));
#589=CARTESIAN_POINT('',(65.67828369,70.58848572,3.79999995));
#590=CARTESIAN_POINT('',(62.01119995,67.50715637,3.79999995));
#591=CARTESIAN_POINT('',(62.08158875,67.54187012,3.79999995));
#592=CARTESIAN_POINT('',(61.8132019,70.03334045,3.79999995));
#593=CARTESIAN_POINT('',(58.4155426,66.85464478,3.79999995));
#594=CARTESIAN_POINT('',(61.7915802,67.28753662,3.79999995));
#595=CARTESIAN_POINT('',(57.94888306,69.37739563,3.79999995));
#596=CARTESIAN_POINT('',(61.78952026,67.28337097,3.79999995));
#597=CARTESIAN_POINT('',(75.84991455,68.4490509,3.79999995));
#598=CARTESIAN_POINT('',(75.85749817,68.48722839,3.79999995));
#599=CARTESIAN_POINT('',(54.08401489,68.62043762,3.79999995));
#600=CARTESIAN_POINT('',(54.61791992,66.29786682,3.79999995));
#601=CARTESIAN_POINT('',(50.21943665,67.7625885,3.79999995));
#602=CARTESIAN_POINT('',(46.35324097,66.80345154,3.79999995));
#603=CARTESIAN_POINT('',(47.02285767,64.9616394,3.79999995));
#604=CARTESIAN_POINT('',(42.48832703,65.7436676,3.79999995));
#605=CARTESIAN_POINT('',(43.22541809,64.18217468,3.79999995));
#606=CARTESIAN_POINT('',(39.42807007,63.32850647,3.79999995));
#607=CARTESIAN_POINT('',(38.62249756,64.58268738,3.79999995));
#608=CARTESIAN_POINT('',(35.63079834,62.40063477,3.79999995));
#609=CARTESIAN_POINT('',(34.75643921,63.32069397,3.79999995));
#610=CARTESIAN_POINT('',(31.83360291,61.39855957,3.79999995));
#611=CARTESIAN_POINT('',(28.03651428,60.32228088,3.79999995));
#612=CARTESIAN_POINT('',(30.89083862,61.95788574,3.79999995));
#613=CARTESIAN_POINT('',(27.02423096,60.4937439,3.79999995));
#614=CARTESIAN_POINT('',(19.37095642,57.07922363,3.79999995));
#615=CARTESIAN_POINT('',(15.42362976,55.49517822,3.79999995));
#616=CARTESIAN_POINT('',(15.50874329,55.31417847,3.79999995));
#617=CARTESIAN_POINT('',(11.55589294,53.62660217,3.79999995));
#618=CARTESIAN_POINT('',(8.82998657,52.01403809,3.79999995));
#619=CARTESIAN_POINT('',(11.64498901,53.44754028,3.79999995));
#620=CARTESIAN_POINT('',(21.26797485,13.75883484,3.79999995));
#621=CARTESIAN_POINT('',(17.7816925,11.4412384,3.79999995));
#622=CARTESIAN_POINT('',(18.24247742,11.13336182,3.79999995));
#623=CARTESIAN_POINT('',(42.16044617,17.00198364,3.79999995));
#624=CARTESIAN_POINT('',(22.90231323,15.88873291,3.79999995));
#625=CARTESIAN_POINT('',(23.10116577,15.84918213,3.79999995));
#626=CARTESIAN_POINT('',(23.64356995,15.58169556,3.79999995));
#627=CARTESIAN_POINT('',(23.47499084,15.69433594,3.79999995));
#628=CARTESIAN_POINT('',(24.19717407,14.75315857,3.79999995));
#629=CARTESIAN_POINT('',(24.23672485,14.55430603,3.79999995));
#630=CARTESIAN_POINT('',(42.1000061,16.58079529,3.79999995));
#631=CARTESIAN_POINT('',(22.69999695,15.9019928,3.79999995));
#632=CARTESIAN_POINT('',(7.92999268,51.78016663,3.79999995));
#633=CARTESIAN_POINT('',(7.92999268,19.79399109,3.79999995));
#634=CARTESIAN_POINT('',(23.29315186,12.91998291,3.79999995));
#635=CARTESIAN_POINT('',(23.47499084,4.54232788,3.79999995));
#636=CARTESIAN_POINT('',(23.47499084,13.00965881,3.79999995));
#637=CARTESIAN_POINT('',(1.89624023,7.21925354,3.79999995));
#638=CARTESIAN_POINT('',(1.85998535,7.77224731,3.79999995));
#639=CARTESIAN_POINT('',(0.44999695,0.44999695,3.79999995));
#640=CARTESIAN_POINT('',(140.45881653,1.70280457,3.79999995));
#641=CARTESIAN_POINT('',(23.10116577,1.70280457,3.79999995));
#642=CARTESIAN_POINT('',(22.90231323,1.66325378,3.79999995));
#643=CARTESIAN_POINT('',(21.26797485,2.60682678,3.79999995));
#644=CARTESIAN_POINT('',(17.28466797,3.85813904,3.79999995));
#645=CARTESIAN_POINT('',(21.35765076,2.42498779,3.79999995));
#646=CARTESIAN_POINT('',(76.4370575,68.9319458,3.79999995));
#647=CARTESIAN_POINT('',(77.27148438,71.64811707,3.79999995));
#648=CARTESIAN_POINT('',(76.35874939,68.92680359,3.79999995));
#649=CARTESIAN_POINT('',(42.22099304,11.01663208,3.79999995));
#650=CARTESIAN_POINT('',(24.13200378,3.79315186,3.79999995));
#651=CARTESIAN_POINT('',(24.19717407,3.60116577,3.79999995));
#652=CARTESIAN_POINT('',(42.15368652,11.21492004,3.79999995));
#653=CARTESIAN_POINT('',(24.04232788,13.57699585,3.79999995));
#654=CARTESIAN_POINT('',(24.04232788,3.97499084,3.79999995));
#655=CARTESIAN_POINT('',(22.49768066,12.81524658,3.79999995));
#656=CARTESIAN_POINT('',(19.57749939,9.39352417,3.79999995));
#657=CARTESIAN_POINT('',(19.75563049,8.86875916,3.79999995));
#658=CARTESIAN_POINT('',(19.86375427,7.21925354,3.79999995));
#659=CARTESIAN_POINT('',(19.75563049,6.67573547,3.79999995));
#660=CARTESIAN_POINT('',(22.29882812,4.69717407,3.79999995));
#661=CARTESIAN_POINT('',(21.60397339,4.29600525,3.79999995));
#662=CARTESIAN_POINT('',(19.57749939,6.15097046,3.79999995));
#663=CARTESIAN_POINT('',(19.33239746,5.65394592,3.79999995));
#664=CARTESIAN_POINT('',(22.90231323,4.73672485,3.79999995));
#665=CARTESIAN_POINT('',(19.86375427,8.32522583,3.79999995));
#666=CARTESIAN_POINT('',(19.8999939,7.77224731,3.79999995));
#667=CARTESIAN_POINT('',(23.64356995,4.4296875,3.79999995));
#668=CARTESIAN_POINT('',(23.64356995,13.12229919,3.79999995));
#669=CARTESIAN_POINT('',(24.25,14.35198975,3.79999995));
#670=CARTESIAN_POINT('',(24.23672485,14.14967346,3.79999995));
#671=CARTESIAN_POINT('',(42.1000061,11.61619568,3.79999995));
#672=CARTESIAN_POINT('',(42.11282349,16.7766571,3.79999995));
#673=CARTESIAN_POINT('',(42.15368652,16.98205566,3.79999995));
#674=CARTESIAN_POINT('',(24.13200378,14.94514465,3.79999995));
#675=CARTESIAN_POINT('',(23.29315186,15.78401184,3.79999995));
#676=CARTESIAN_POINT('',(23.23509216,58.74423218,3.79999995));
#677=CARTESIAN_POINT('',(19.29057312,57.26237488,3.79999995));
#678=CARTESIAN_POINT('',(23.15731812,58.92851257,3.79999995));
#679=CARTESIAN_POINT('',(24.44577026,59.23429871,3.79999995));
#680=CARTESIAN_POINT('',(50.82035828,65.66687012,3.79999995));
#681=CARTESIAN_POINT('',(0.44999695,19.79399109,3.79999995));
#682=CARTESIAN_POINT('',(8.82998657,17.00198364,3.79999995));
#683=CARTESIAN_POINT('',(24.13200378,13.75883484,3.79999995));
#684=CARTESIAN_POINT('',(42.11282349,11.42033386,3.79999995));
#685=CARTESIAN_POINT('',(24.19717407,13.95082092,3.79999995));
#686=CARTESIAN_POINT('',(64.54162598,67.58753967,3.79999995));
#687=CARTESIAN_POINT('',(62.31118774,67.58753967,3.79999995));
#688=CARTESIAN_POINT('',(61.83517456,67.35279846,3.79999995));
#689=CARTESIAN_POINT('',(61.88693237,67.4118042,3.79999995));
#690=CARTESIAN_POINT('',(61.94593811,67.46354675,3.79999995));
#691=CARTESIAN_POINT('',(62.15589905,67.5670929,3.79999995));
#692=CARTESIAN_POINT('',(62.23287964,67.58241272,3.79999995));
#693=CARTESIAN_POINT('',(75.88273621,68.56155396,3.79999995));
#694=CARTESIAN_POINT('',(85.,68.67350769,3.79999995));
#695=CARTESIAN_POINT('',(85.,71.84994507,3.79999995));
#696=CARTESIAN_POINT('',(79.59234619,68.91149902,3.79999995));
#697=CARTESIAN_POINT('',(75.91744995,68.63194275,3.79999995));
#698=CARTESIAN_POINT('',(76.01280212,68.75621033,3.79999995));
#699=CARTESIAN_POINT('',(76.07180786,68.80795288,3.79999995));
#700=CARTESIAN_POINT('',(76.13705444,68.8515625,3.79999995));
#701=CARTESIAN_POINT('',(76.20744324,68.88627625,3.79999995));
#702=CARTESIAN_POINT('',(76.2817688,68.91149902,3.79999995));
#703=CARTESIAN_POINT('',(79.80232239,68.80795288,3.79999995));
#704=CARTESIAN_POINT('',(81.2021637,68.63638306,3.79999995));
#705=CARTESIAN_POINT('',(79.86132812,68.75621033,3.79999995));
#706=CARTESIAN_POINT('',(79.91307068,68.69720459,3.79999995));
#707=CARTESIAN_POINT('',(79.9566803,68.63194275,3.79999995));
#708=CARTESIAN_POINT('',(79.97227478,68.60032654,3.79999995));
#709=CARTESIAN_POINT('',(100.45715332,71.04263306,3.79999995));
#710=CARTESIAN_POINT('',(90.19766235,68.80795288,3.79999995));
#711=CARTESIAN_POINT('',(90.56292725,68.9319458,3.79999995));
#712=CARTESIAN_POINT('',(93.64123535,68.92680359,3.79999995));
#713=CARTESIAN_POINT('',(93.71821594,68.91149902,3.79999995));
#714=CARTESIAN_POINT('',(90.08691406,68.69720459,3.79999995));
#715=CARTESIAN_POINT('',(90.48460388,68.92680359,3.79999995));
#716=CARTESIAN_POINT('',(90.13865662,68.75621033,3.79999995));
#717=CARTESIAN_POINT('',(90.33331299,68.88627625,3.79999995));
#718=CARTESIAN_POINT('',(90.40763855,68.91149902,3.79999995));
#719=CARTESIAN_POINT('',(93.56292725,68.9319458,3.79999995));
#720=CARTESIAN_POINT('',(100.19126892,68.07958984,3.79999995));
#721=CARTESIAN_POINT('',(93.8629303,68.8515625,3.79999995));
#722=CARTESIAN_POINT('',(93.92817688,68.80795288,3.79999995));
#723=CARTESIAN_POINT('',(93.98718262,68.75621033,3.79999995));
#724=CARTESIAN_POINT('',(94.08253479,68.63194275,3.79999995));
#725=CARTESIAN_POINT('',(94.11724854,68.56155396,3.79999995));
#726=CARTESIAN_POINT('',(94.14248657,68.48722839,3.79999995));
#727=CARTESIAN_POINT('',(94.15007019,68.4490509,3.79999995));
#728=CARTESIAN_POINT('',(103.98902893,67.74551392,3.79999995));
#729=CARTESIAN_POINT('',(107.84408569,67.5670929,3.79999995));
#730=CARTESIAN_POINT('',(107.918396,67.54187012,3.79999995));
#731=CARTESIAN_POINT('',(107.98878479,67.50715637,3.79999995));
#732=CARTESIAN_POINT('',(108.05404663,67.46354675,3.79999995));
#733=CARTESIAN_POINT('',(108.11305237,67.4118042,3.79999995));
#734=CARTESIAN_POINT('',(108.20840454,67.28753662,3.79999995));
#735=CARTESIAN_POINT('',(108.21046448,67.28337097,3.79999995));
#736=CARTESIAN_POINT('',(111.58444214,66.85464478,3.79999995));
#737=CARTESIAN_POINT('',(115.38206482,66.29786682,3.79999995));
#738=CARTESIAN_POINT('',(115.91596985,68.62043762,3.79999995));
#739=CARTESIAN_POINT('',(23.79600525,2.10397339,3.79999995));
#740=CARTESIAN_POINT('',(23.64356995,1.97029114,3.79999995));
#741=CARTESIAN_POINT('',(43.68690491,10.02926636,3.79999995));
#742=CARTESIAN_POINT('',(127.84629822,11.21492004,3.79999995));
#743=CARTESIAN_POINT('',(139.6302948,13.40841675,3.79999995));
#744=CARTESIAN_POINT('',(139.51765442,13.57699585,3.79999995));
#745=CARTESIAN_POINT('',(162.06999207,51.78016663,3.79999995));
#746=CARTESIAN_POINT('',(159.43659973,12.00883484,3.79999995));
#747=CARTESIAN_POINT('',(158.88360596,11.97259521,3.79999995));
#748=CARTESIAN_POINT('',(127.7789917,11.01663208,3.79999995));
#749=CARTESIAN_POINT('',(127.68637085,10.8288269,3.79999995));
#750=CARTESIAN_POINT('',(139.51765442,3.97499084,3.79999995));
#751=CARTESIAN_POINT('',(139.6302948,4.14356995,3.79999995));
#752=CARTESIAN_POINT('',(139.36280823,2.79882812,3.79999995));
#753=CARTESIAN_POINT('',(126.91262817,10.15026855,3.79999995));
#754=CARTESIAN_POINT('',(126.71434021,10.08296204,3.79999995));
#755=CARTESIAN_POINT('',(141.26116943,4.69717407,3.79999995));
#756=CARTESIAN_POINT('',(143.80435181,6.67573547,3.79999995));
#757=CARTESIAN_POINT('',(143.69624329,7.21925354,3.79999995));
#758=CARTESIAN_POINT('',(139.6302948,2.25640869,3.79999995));
#759=CARTESIAN_POINT('',(126.31307983,10.02926636,3.79999995));
#760=CARTESIAN_POINT('',(139.76397705,2.10397339,3.79999995));
#761=CARTESIAN_POINT('',(141.63499451,4.54232788,3.79999995));
#762=CARTESIAN_POINT('',(141.45315552,4.63200378,3.79999995));
#763=CARTESIAN_POINT('',(127.57003784,10.65472412,3.79999995));
#764=CARTESIAN_POINT('',(139.42797852,3.79315186,3.79999995));
#765=CARTESIAN_POINT('',(139.91641235,1.97029114,3.79999995));
#766=CARTESIAN_POINT('',(139.76397705,4.29600525,3.79999995));
#767=CARTESIAN_POINT('',(139.76397705,13.25598145,3.79999995));
#768=CARTESIAN_POINT('',(141.95600891,4.29600525,3.79999995));
#769=CARTESIAN_POINT('',(142.08969116,4.14356995,3.79999995));
#770=CARTESIAN_POINT('',(144.22758484,5.65394592,3.79999995));
#771=CARTESIAN_POINT('',(142.35717773,3.60116577,3.79999995));
#772=CARTESIAN_POINT('',(144.53547668,5.19316101,3.79999995));
#773=CARTESIAN_POINT('',(142.29200745,3.79315186,3.79999995));
#774=CARTESIAN_POINT('',(19.33239746,9.89054871,3.79999995));
#775=CARTESIAN_POINT('',(22.10682678,12.91998291,3.79999995));
#776=CARTESIAN_POINT('',(21.92498779,13.00965881,3.79999995));
#777=CARTESIAN_POINT('',(21.75640869,4.4296875,3.79999995));
#778=CARTESIAN_POINT('',(21.92498779,4.54232788,3.79999995));
#779=CARTESIAN_POINT('',(21.75640869,13.12229919,3.79999995));
#780=CARTESIAN_POINT('',(19.02450562,10.35131836,3.79999995));
#781=CARTESIAN_POINT('',(21.35765076,13.57699585,3.79999995));
#782=CARTESIAN_POINT('',(21.60397339,13.25598145,3.79999995));
#783=CARTESIAN_POINT('',(21.47029114,13.40841675,3.79999995));
#784=CARTESIAN_POINT('',(18.65911865,10.76797485,3.79999995));
#785=CARTESIAN_POINT('',(21.20280457,13.95082092,3.79999995));
#786=CARTESIAN_POINT('',(21.16325378,14.14967346,3.79999995));
#787=CARTESIAN_POINT('',(3.1008606,10.76797485,3.79999995));
#788=CARTESIAN_POINT('',(3.51751709,11.13336182,3.79999995));
#789=CARTESIAN_POINT('',(17.28466797,11.68635559,3.79999995));
#790=CARTESIAN_POINT('',(21.1499939,14.35198975,3.79999995));
#791=CARTESIAN_POINT('',(15.66339111,12.00883484,3.79999995));
#792=CARTESIAN_POINT('',(6.09658813,12.00883484,3.79999995));
#793=CARTESIAN_POINT('',(21.16325378,14.55430603,3.79999995));
#794=CARTESIAN_POINT('',(16.75990295,11.86448669,3.79999995));
#795=CARTESIAN_POINT('',(21.20280457,14.75315857,3.79999995));
#796=CARTESIAN_POINT('',(16.21638489,11.97259521,3.79999995));
#797=CARTESIAN_POINT('',(21.26797485,14.94514465,3.79999995));
#798=CARTESIAN_POINT('',(21.35765076,15.1269989,3.79999995));
#799=CARTESIAN_POINT('',(21.47029114,15.295578,3.79999995));
#800=CARTESIAN_POINT('',(21.60397339,15.44801331,3.79999995));
#801=CARTESIAN_POINT('',(21.75640869,15.58169556,3.79999995));
#802=CARTESIAN_POINT('',(21.92498779,15.69433594,3.79999995));
#803=CARTESIAN_POINT('',(22.10682678,15.78401184,3.79999995));
#804=CARTESIAN_POINT('',(22.29882812,15.84918213,3.79999995));
#805=CARTESIAN_POINT('',(22.49768066,15.88873291,3.79999995));
#806=CARTESIAN_POINT('',(23.79600525,15.44801331,3.79999995));
#807=CARTESIAN_POINT('',(23.9296875,15.295578,3.79999995));
#808=CARTESIAN_POINT('',(24.04232788,15.1269989,3.79999995));
#809=CARTESIAN_POINT('',(23.10116577,12.85481262,3.79999995));
#810=CARTESIAN_POINT('',(23.29315186,4.63200378,3.79999995));
#811=CARTESIAN_POINT('',(22.49768066,4.73672485,3.79999995));
#812=CARTESIAN_POINT('',(22.69999695,4.75,3.79999995));
#813=CARTESIAN_POINT('',(22.10682678,4.63200378,3.79999995));
#814=CARTESIAN_POINT('',(22.90231323,12.81524658,3.79999995));
#815=CARTESIAN_POINT('',(22.69999695,12.80198669,3.79999995));
#816=CARTESIAN_POINT('',(19.02450562,5.19316101,3.79999995));
#817=CARTESIAN_POINT('',(21.35765076,3.97499084,3.79999995));
#818=CARTESIAN_POINT('',(22.29882812,12.85481262,3.79999995));
#819=CARTESIAN_POINT('',(142.08969116,13.40841675,3.79999995));
#820=CARTESIAN_POINT('',(144.90086365,10.76797485,3.79999995));
#821=CARTESIAN_POINT('',(142.20233154,13.57699585,3.79999995));
#822=CARTESIAN_POINT('',(127.88716125,11.4203186,3.79999995));
#823=CARTESIAN_POINT('',(127.43196106,10.49729919,3.79999995));
#824=CARTESIAN_POINT('',(139.32325745,2.99768066,3.79999995));
#825=CARTESIAN_POINT('',(139.42797852,13.75883484,3.79999995));
#826=CARTESIAN_POINT('',(127.8999939,11.61618042,3.79999995));
#827=CARTESIAN_POINT('',(139.36280823,13.95082092,3.79999995));
#828=CARTESIAN_POINT('',(139.32325745,14.14967346,3.79999995));
#829=CARTESIAN_POINT('',(139.30999756,14.35198975,3.79999995));
#830=CARTESIAN_POINT('',(127.8999939,16.58081055,3.79999995));
#831=CARTESIAN_POINT('',(139.32325745,14.55430603,3.79999995));
#832=CARTESIAN_POINT('',(139.36280823,14.75315857,3.79999995));
#833=CARTESIAN_POINT('',(139.42797852,14.94514465,3.79999995));
#834=CARTESIAN_POINT('',(127.88716125,16.77667236,3.79999995));
#835=CARTESIAN_POINT('',(139.51765442,15.1269989,3.79999995));
#836=CARTESIAN_POINT('',(127.84629822,16.98205566,3.79999995));
#837=CARTESIAN_POINT('',(139.6302948,15.295578,3.79999995));
#838=CARTESIAN_POINT('',(127.83953857,17.00198364,3.79999995));
#839=CARTESIAN_POINT('',(139.76397705,15.44801331,3.79999995));
#840=CARTESIAN_POINT('',(139.91641235,15.58169556,3.79999995));
#841=CARTESIAN_POINT('',(140.08499146,15.69433594,3.79999995));
#842=CARTESIAN_POINT('',(140.26683044,15.78401184,3.79999995));
#843=CARTESIAN_POINT('',(140.45881653,15.84918213,3.79999995));
#844=CARTESIAN_POINT('',(140.65768433,15.88873291,3.79999995));
#845=CARTESIAN_POINT('',(140.85998535,15.9019928,3.79999995));
#846=CARTESIAN_POINT('',(141.06230164,15.88873291,3.79999995));
#847=CARTESIAN_POINT('',(141.26116943,15.84918213,3.79999995));
#848=CARTESIAN_POINT('',(141.45315552,15.78401184,3.79999995));
#849=CARTESIAN_POINT('',(141.63499451,15.69433594,3.79999995));
#850=CARTESIAN_POINT('',(141.80357361,15.58169556,3.79999995));
#851=CARTESIAN_POINT('',(141.95600891,15.44801331,3.79999995));
#852=CARTESIAN_POINT('',(142.20233154,15.1269989,3.79999995));
#853=CARTESIAN_POINT('',(147.89659119,12.00883484,3.79999995));
#854=CARTESIAN_POINT('',(142.08969116,15.295578,3.79999995));
#855=CARTESIAN_POINT('',(142.29200745,14.94514465,3.79999995));
#856=CARTESIAN_POINT('',(142.35717773,14.75315857,3.79999995));
#857=CARTESIAN_POINT('',(147.34361267,11.97259521,3.79999995));
#858=CARTESIAN_POINT('',(142.39672852,14.55430603,3.79999995));
#859=CARTESIAN_POINT('',(146.80007935,11.86448669,3.79999995));
#860=CARTESIAN_POINT('',(142.4099884,14.35198975,3.79999995));
#861=CARTESIAN_POINT('',(146.27531433,11.68635559,3.79999995));
#862=CARTESIAN_POINT('',(145.77828979,11.4412384,3.79999995));
#863=CARTESIAN_POINT('',(142.39672852,14.14967346,3.79999995));
#864=CARTESIAN_POINT('',(142.35717773,13.95082092,3.79999995));
#865=CARTESIAN_POINT('',(145.31752014,11.13336182,3.79999995));
#866=CARTESIAN_POINT('',(142.29200745,13.75883484,3.79999995));
#867=CARTESIAN_POINT('',(144.53547668,10.35131836,3.79999995));
#868=CARTESIAN_POINT('',(141.95600891,13.25598145,3.79999995));
#869=CARTESIAN_POINT('',(141.80357361,13.12229919,3.79999995));
#870=CARTESIAN_POINT('',(141.45315552,12.91998291,3.79999995));
#871=CARTESIAN_POINT('',(144.22758484,9.89054871,3.79999995));
#872=CARTESIAN_POINT('',(141.63499451,13.00965881,3.79999995));
#873=CARTESIAN_POINT('',(141.26116943,12.85481262,3.79999995));
#874=CARTESIAN_POINT('',(143.98248291,9.39352417,3.79999995));
#875=CARTESIAN_POINT('',(141.06230164,12.81524658,3.79999995));
#876=CARTESIAN_POINT('',(143.80435181,8.86875916,3.79999995));
#877=CARTESIAN_POINT('',(140.85998535,12.80198669,3.79999995));
#878=CARTESIAN_POINT('',(140.65768433,12.81524658,3.79999995));
#879=CARTESIAN_POINT('',(143.69624329,8.32522583,3.79999995));
#880=CARTESIAN_POINT('',(140.45881653,12.85481262,3.79999995));
#881=CARTESIAN_POINT('',(140.26683044,4.63200378,3.79999995));
#882=CARTESIAN_POINT('',(140.08499146,13.00965881,3.79999995));
#883=CARTESIAN_POINT('',(140.08499146,4.54232788,3.79999995));
#884=CARTESIAN_POINT('',(15.66339111,3.53564453,3.79999995));
#885=CARTESIAN_POINT('',(6.09658813,3.53564453,3.79999995));
#886=CARTESIAN_POINT('',(3.97828674,11.4412384,3.79999995));
#887=CARTESIAN_POINT('',(4.47531128,11.68635559,3.79999995));
#888=CARTESIAN_POINT('',(5.54360962,3.57188416,3.79999995));
#889=CARTESIAN_POINT('',(5.00007629,3.68000793,3.79999995));
#890=CARTESIAN_POINT('',(4.47531128,3.85813904,3.79999995));
#891=CARTESIAN_POINT('',(3.97828674,4.10324097,3.79999995));
#892=CARTESIAN_POINT('',(3.51751709,4.41111755,3.79999995));
#893=CARTESIAN_POINT('',(3.1008606,4.77651978,3.79999995));
#894=CARTESIAN_POINT('',(2.73547363,5.19316101,3.79999995));
#895=CARTESIAN_POINT('',(2.42758179,5.65394592,3.79999995));
#896=CARTESIAN_POINT('',(2.18247986,6.15097046,3.79999995));
#897=CARTESIAN_POINT('',(2.00434875,6.67573547,3.79999995));
#898=CARTESIAN_POINT('',(1.89624023,8.32522583,3.79999995));
#899=CARTESIAN_POINT('',(2.00434875,8.86875916,3.79999995));
#900=CARTESIAN_POINT('',(2.18247986,9.39352417,3.79999995));
#901=CARTESIAN_POINT('',(2.42758179,9.89054871,3.79999995));
#902=CARTESIAN_POINT('',(2.73547363,10.35131836,3.79999995));
#903=CARTESIAN_POINT('',(5.00007629,11.86448669,3.79999995));
#904=CARTESIAN_POINT('',(5.54360962,11.97259521,3.79999995));
#905=CARTESIAN_POINT('',(18.65911865,4.77651978,3.79999995));
#906=CARTESIAN_POINT('',(21.20280457,3.60116577,3.79999995));
#907=CARTESIAN_POINT('',(21.1499939,3.19999695,3.79999995));
#908=CARTESIAN_POINT('',(21.16325378,3.40231323,3.79999995));
#909=CARTESIAN_POINT('',(18.24247742,4.41111755,3.79999995));
#910=CARTESIAN_POINT('',(23.9296875,13.40841675,3.79999995));
#911=CARTESIAN_POINT('',(23.79600525,13.25598145,3.79999995));
#912=CARTESIAN_POINT('',(23.9296875,4.14356995,3.79999995));
#913=CARTESIAN_POINT('',(21.16325378,2.99768066,3.79999995));
#914=CARTESIAN_POINT('',(17.7816925,4.10324097,3.79999995));
#915=CARTESIAN_POINT('',(21.20280457,2.79882812,3.79999995));
#916=CARTESIAN_POINT('',(42.4299469,10.65472412,3.79999995));
#917=CARTESIAN_POINT('',(42.31361389,10.8288269,3.79999995));
#918=CARTESIAN_POINT('',(24.23672485,3.40231323,3.79999995));
#919=CARTESIAN_POINT('',(42.56802368,10.49729919,3.79999995));
#920=CARTESIAN_POINT('',(24.25,3.19999695,3.79999995));
#921=CARTESIAN_POINT('',(24.23672485,2.99768066,3.79999995));
#922=CARTESIAN_POINT('',(24.19717407,2.79882812,3.79999995));
#923=CARTESIAN_POINT('',(42.89955139,10.2428894,3.79999995));
#924=CARTESIAN_POINT('',(42.72544861,10.35922241,3.79999995));
#925=CARTESIAN_POINT('',(21.75640869,1.97029114,3.79999995));
#926=CARTESIAN_POINT('',(16.21638489,3.57188416,3.79999995));
#927=CARTESIAN_POINT('',(140.85998535,1.6499939,3.79999995));
#928=CARTESIAN_POINT('',(22.69999695,1.6499939,3.79999995));
#929=CARTESIAN_POINT('',(23.47499084,1.85765076,3.79999995));
#930=CARTESIAN_POINT('',(147.34361267,3.57188416,3.79999995));
#931=CARTESIAN_POINT('',(141.80357361,1.97029114,3.79999995));
#932=CARTESIAN_POINT('',(147.89659119,3.53564453,3.79999995));
#933=CARTESIAN_POINT('',(163.90339661,3.53564453,3.79999995));
#934=CARTESIAN_POINT('',(159.43659973,3.53564453,3.79999995));
#935=CARTESIAN_POINT('',(169.55000305,0.44999695,3.79999995));
#936=CARTESIAN_POINT('',(153.98466492,11.68635559,3.79999995));
#937=CARTESIAN_POINT('',(153.4598999,11.86448669,3.79999995));
#938=CARTESIAN_POINT('',(140.65768433,1.66325378,3.79999995));
#939=CARTESIAN_POINT('',(141.95600891,2.10397339,3.79999995));
#940=CARTESIAN_POINT('',(146.80007935,3.68000793,3.79999995));
#941=CARTESIAN_POINT('',(142.08969116,2.25640869,3.79999995));
#942=CARTESIAN_POINT('',(22.10682678,1.76797485,3.79999995));
#943=CARTESIAN_POINT('',(21.92498779,1.85765076,3.79999995));
#944=CARTESIAN_POINT('',(24.13200378,2.60682678,3.79999995));
#945=CARTESIAN_POINT('',(43.08735657,10.15026855,3.79999995));
#946=CARTESIAN_POINT('',(139.42797852,2.60682678,3.79999995));
#947=CARTESIAN_POINT('',(139.51765442,2.42498779,3.79999995));
#948=CARTESIAN_POINT('',(126.50894165,10.042099,3.79999995));
#949=CARTESIAN_POINT('',(143.6599884,7.77224731,3.79999995));
#950=CARTESIAN_POINT('',(140.65768433,4.73672485,3.79999995));
#951=CARTESIAN_POINT('',(152.36338806,12.00883484,3.79999995));
#952=CARTESIAN_POINT('',(152.91638184,11.97259521,3.79999995));
#953=CARTESIAN_POINT('',(154.48168945,11.4412384,3.79999995));
#954=CARTESIAN_POINT('',(156.85751343,11.13336182,3.79999995));
#955=CARTESIAN_POINT('',(157.31829834,11.4412384,3.79999995));
#956=CARTESIAN_POINT('',(154.94247437,11.13336182,3.79999995));
#957=CARTESIAN_POINT('',(156.44085693,10.76797485,3.79999995));
#958=CARTESIAN_POINT('',(155.3591156,10.76797485,3.79999995));
#959=CARTESIAN_POINT('',(155.72451782,10.35131836,3.79999995));
#960=CARTESIAN_POINT('',(156.07546997,10.35131836,3.79999995));
#961=CARTESIAN_POINT('',(155.8999939,10.08869934,3.79999995));
#962=CARTESIAN_POINT('',(157.81532288,11.68635559,3.79999995));
#963=CARTESIAN_POINT('',(158.34007263,11.86448669,3.79999995));
#964=CARTESIAN_POINT('',(163.90339661,12.00883484,3.79999995));
#965=CARTESIAN_POINT('',(164.45637512,11.97259521,3.79999995));
#966=CARTESIAN_POINT('',(164.99990845,11.86448669,3.79999995));
#967=CARTESIAN_POINT('',(165.52467346,11.68635559,3.79999995));
#968=CARTESIAN_POINT('',(166.021698,11.4412384,3.79999995));
#969=CARTESIAN_POINT('',(166.48246765,11.13336182,3.79999995));
#970=CARTESIAN_POINT('',(166.89912415,10.76797485,3.79999995));
#971=CARTESIAN_POINT('',(167.26451111,10.35131836,3.79999995));
#972=CARTESIAN_POINT('',(167.57240295,9.89054871,3.79999995));
#973=CARTESIAN_POINT('',(167.81750488,9.39352417,3.79999995));
#974=CARTESIAN_POINT('',(167.99563599,8.86875916,3.79999995));
#975=CARTESIAN_POINT('',(168.10374451,8.32522583,3.79999995));
#976=CARTESIAN_POINT('',(168.13999939,7.77224731,3.79999995));
#977=CARTESIAN_POINT('',(168.10374451,7.21925354,3.79999995));
#978=CARTESIAN_POINT('',(167.99563599,6.67573547,3.79999995));
#979=CARTESIAN_POINT('',(167.81750488,6.15097046,3.79999995));
#980=CARTESIAN_POINT('',(167.57240295,5.65394592,3.79999995));
#981=CARTESIAN_POINT('',(167.26451111,5.19316101,3.79999995));
#982=CARTESIAN_POINT('',(166.89912415,4.77651978,3.79999995));
#983=CARTESIAN_POINT('',(166.48246765,4.41111755,3.79999995));
#984=CARTESIAN_POINT('',(166.021698,4.10324097,3.79999995));
#985=CARTESIAN_POINT('',(165.52467346,3.85813904,3.79999995));
#986=CARTESIAN_POINT('',(164.99990845,3.68000793,3.79999995));
#987=CARTESIAN_POINT('',(164.45637512,3.57188416,3.79999995));
#988=CARTESIAN_POINT('',(158.88360596,3.57188416,3.79999995));
#989=CARTESIAN_POINT('',(152.91638184,3.57188416,3.79999995));
#990=CARTESIAN_POINT('',(153.4598999,3.68000793,3.79999995));
#991=CARTESIAN_POINT('',(158.34007263,3.68000793,3.79999995));
#992=CARTESIAN_POINT('',(157.31829834,4.10324097,3.79999995));
#993=CARTESIAN_POINT('',(153.98466492,3.85813904,3.79999995));
#994=CARTESIAN_POINT('',(157.81532288,3.85813904,3.79999995));
#995=CARTESIAN_POINT('',(156.85751343,4.41111755,3.79999995));
#996=CARTESIAN_POINT('',(154.48168945,4.10324097,3.79999995));
#997=CARTESIAN_POINT('',(156.44085693,4.77651978,3.79999995));
#998=CARTESIAN_POINT('',(154.94247437,4.41111755,3.79999995));
#999=CARTESIAN_POINT('',(155.3591156,4.77651978,3.79999995));
#1000=CARTESIAN_POINT('',(155.72451782,5.19316101,3.79999995));
#1001=CARTESIAN_POINT('',(156.07546997,5.19316101,3.79999995));
#1002=CARTESIAN_POINT('',(155.8999939,5.45579529,3.79999995));
#1003=CARTESIAN_POINT('',(152.36338806,3.53564453,3.79999995));
#1004=CARTESIAN_POINT('',(22.49768066,1.66325378,3.79999995));
#1005=CARTESIAN_POINT('',(22.29882812,1.70280457,3.79999995));
#1006=CARTESIAN_POINT('',(21.60397339,2.10397339,3.79999995));
#1007=CARTESIAN_POINT('',(16.75990295,3.68000793,3.79999995));
#1008=CARTESIAN_POINT('',(21.47029114,2.25640869,3.79999995));
#1009=CARTESIAN_POINT('',(21.26797485,3.79315186,3.79999995));
#1010=CARTESIAN_POINT('',(21.47029114,4.14356995,3.79999995));
#1011=CARTESIAN_POINT('',(23.10116577,4.69717407,3.79999995));
#1012=CARTESIAN_POINT('',(23.79600525,4.29600525,3.79999995));
#1013=CARTESIAN_POINT('',(24.04232788,2.42498779,3.79999995));
#1014=CARTESIAN_POINT('',(43.28564453,10.08296204,3.79999995));
#1015=CARTESIAN_POINT('',(23.9296875,2.25640869,3.79999995));
#1016=CARTESIAN_POINT('',(43.49104309,10.042099,3.79999995));
#1017=CARTESIAN_POINT('',(23.29315186,1.76797485,3.79999995));
#1018=CARTESIAN_POINT('',(140.26683044,1.76797485,3.79999995));
#1019=CARTESIAN_POINT('',(140.08499146,1.85765076,3.79999995));
#1020=CARTESIAN_POINT('',(144.90086365,4.77651978,3.79999995));
#1021=CARTESIAN_POINT('',(142.4099884,3.19999695,3.79999995));
#1022=CARTESIAN_POINT('',(145.31752014,4.41111755,3.79999995));
#1023=CARTESIAN_POINT('',(142.39672852,2.99768066,3.79999995));
#1024=CARTESIAN_POINT('',(142.35717773,2.79882812,3.79999995));
#1025=CARTESIAN_POINT('',(145.77828979,4.10324097,3.79999995));
#1026=CARTESIAN_POINT('',(141.45315552,1.76797485,3.79999995));
#1027=CARTESIAN_POINT('',(142.29200745,2.60682678,3.79999995));
#1028=CARTESIAN_POINT('',(142.20233154,2.42498779,3.79999995));
#1029=CARTESIAN_POINT('',(146.27531433,3.85813904,3.79999995));
#1030=CARTESIAN_POINT('',(127.10043335,10.2428894,3.79999995));
#1031=CARTESIAN_POINT('',(139.30999756,3.19999695,3.79999995));
#1032=CARTESIAN_POINT('',(127.27453613,10.35922241,3.79999995));
#1033=CARTESIAN_POINT('',(139.32325745,3.40231323,3.79999995));
#1034=CARTESIAN_POINT('',(139.36280823,3.60116577,3.79999995));
#1035=CARTESIAN_POINT('',(139.91641235,4.4296875,3.79999995));
#1036=CARTESIAN_POINT('',(140.26683044,12.91998291,3.79999995));
#1037=CARTESIAN_POINT('',(139.91641235,13.12229919,3.79999995));
#1038=CARTESIAN_POINT('',(140.45881653,4.69717407,3.79999995));
#1039=CARTESIAN_POINT('',(140.85998535,4.75,3.79999995));
#1040=CARTESIAN_POINT('',(141.06230164,4.73672485,3.79999995));
#1041=CARTESIAN_POINT('',(143.98248291,6.15097046,3.79999995));
#1042=CARTESIAN_POINT('',(141.80357361,4.4296875,3.79999995));
#1043=CARTESIAN_POINT('',(142.20233154,3.97499084,3.79999995));
#1044=CARTESIAN_POINT('',(142.39672852,3.40231323,3.79999995));
#1045=CARTESIAN_POINT('',(141.63499451,1.85765076,3.79999995));
#1046=CARTESIAN_POINT('',(141.26116943,1.70280457,3.79999995));
#1047=CARTESIAN_POINT('',(141.06230164,1.66325378,3.79999995));
#1048=CARTESIAN_POINT('',(162.06999207,19.79399109,0.));
#1049=DIRECTION('',(0.,0.,-1.));
#1050=DIRECTION('',(1.,0.,0.));
#1051=AXIS2_PLACEMENT_3D('',#1048,#1049,#1050);
#1052=PLANE('',#1051);
#1053=POLY_LOOP('',(#20,#21,#22));
#1054=FACE_OUTER_BOUND('',#1053,.T.);
#1055=FACE_SURFACE('',(#1054),#1052,.T.);
#1056=CARTESIAN_POINT('',(139.10914612,61.95788574,0.));
#1057=DIRECTION('',(0.,0.,-1.));
#1058=DIRECTION('',(0.93519808,-0.35412505,0.));
#1059=AXIS2_PLACEMENT_3D('',#1056,#1057,#1058);
#1060=PLANE('',#1059);
#1061=POLY_LOOP('',(#23,#24,#25));
#1062=FACE_OUTER_BOUND('',#1061,.T.);
#1063=FACE_SURFACE('',(#1062),#1060,.T.);
#1064=CARTESIAN_POINT('',(158.35499573,53.44754028,0.));
#1065=DIRECTION('',(0.,0.,-1.));
#1066=DIRECTION('',(0.44547328,0.89529524,0.));
#1067=AXIS2_PLACEMENT_3D('',#1064,#1065,#1066);
#1068=PLANE('',#1067);
#1069=POLY_LOOP('',(#26,#27,#28));
#1070=FACE_OUTER_BOUND('',#1069,.T.);
#1071=FACE_SURFACE('',(#1070),#1068,.T.);
#1072=CARTESIAN_POINT('',(154.49124146,55.31417847,0.));
#1073=DIRECTION('',(0.,0.,-1.));
#1074=DIRECTION('',(0.42553984,0.90493969,0.));
#1075=AXIS2_PLACEMENT_3D('',#1072,#1073,#1074);
#1076=PLANE('',#1075);
#1077=POLY_LOOP('',(#29,#30,#26));
#1078=FACE_OUTER_BOUND('',#1077,.T.);
#1079=FACE_SURFACE('',(#1078),#1076,.T.);
#1080=CARTESIAN_POINT('',(150.62902832,57.07922363,0.));
#1081=DIRECTION('',(0.,0.,-1.));
#1082=DIRECTION('',(0.4018871,0.91568923,0.));
#1083=AXIS2_PLACEMENT_3D('',#1080,#1081,#1082);
#1084=PLANE('',#1083);
#1085=POLY_LOOP('',(#31,#32,#30));
#1086=FACE_OUTER_BOUND('',#1085,.T.);
#1087=FACE_SURFACE('',(#1086),#1084,.T.);
#1088=CARTESIAN_POINT('',(145.55421448,59.23429871,0.));
#1089=DIRECTION('',(0.,0.,-1.));
#1090=DIRECTION('',(0.9729741,-0.23091427,0.));
#1091=AXIS2_PLACEMENT_3D('',#1088,#1089,#1090);
#1092=PLANE('',#1091);
#1093=POLY_LOOP('',(#33,#34,#35));
#1094=FACE_OUTER_BOUND('',#1093,.T.);
#1095=FACE_SURFACE('',(#1094),#1092,.T.);
#1096=CARTESIAN_POINT('',(139.10914612,61.95788574,0.));
#1097=DIRECTION('',(0.,0.,-1.));
#1098=DIRECTION('',(-0.86003095,-0.51024188,0.));
#1099=AXIS2_PLACEMENT_3D('',#1096,#1097,#1098);
#1100=PLANE('',#1099);
#1101=POLY_LOOP('',(#23,#36,#37));
#1102=FACE_OUTER_BOUND('',#1101,.T.);
#1103=FACE_SURFACE('',(#1102),#1100,.T.);
#1104=CARTESIAN_POINT('',(134.3691864,62.40063477,0.));
#1105=DIRECTION('',(0.,0.,-1.));
#1106=DIRECTION('',(-0.97141967,0.23736853,0.));
#1107=AXIS2_PLACEMENT_3D('',#1104,#1105,#1106);
#1108=PLANE('',#1107);
#1109=POLY_LOOP('',(#38,#39,#40));
#1110=FACE_OUTER_BOUND('',#1109,.T.);
#1111=FACE_SURFACE('',(#1110),#1108,.T.);
#1112=CARTESIAN_POINT('',(130.57191467,63.32850647,0.));
#1113=DIRECTION('',(0.,0.,-1.));
#1114=DIRECTION('',(-0.97565019,0.21933243,0.));
#1115=AXIS2_PLACEMENT_3D('',#1112,#1113,#1114);
#1116=PLANE('',#1115);
#1117=POLY_LOOP('',(#39,#41,#42));
#1118=FACE_OUTER_BOUND('',#1117,.T.);
#1119=FACE_SURFACE('',(#1118),#1116,.T.);
#1120=CARTESIAN_POINT('',(126.77456665,64.18217468,0.));
#1121=DIRECTION('',(0.,0.,-1.));
#1122=DIRECTION('',(-0.97957716,0.2010686,0.));
#1123=AXIS2_PLACEMENT_3D('',#1120,#1121,#1122);
#1124=PLANE('',#1123);
#1125=POLY_LOOP('',(#41,#43,#44));
#1126=FACE_OUTER_BOUND('',#1125,.T.);
#1127=FACE_SURFACE('',(#1126),#1124,.T.);
#1128=CARTESIAN_POINT('',(122.97712708,64.9616394,0.));
#1129=DIRECTION('',(0.,0.,-1.));
#1130=DIRECTION('',(-0.98318964,0.18258734,0.));
#1131=AXIS2_PLACEMENT_3D('',#1128,#1129,#1130);
#1132=PLANE('',#1131);
#1133=POLY_LOOP('',(#43,#45,#46));
#1134=FACE_OUTER_BOUND('',#1133,.T.);
#1135=FACE_SURFACE('',(#1134),#1132,.T.);
#1136=CARTESIAN_POINT('',(108.18678284,70.03334045,0.));
#1137=DIRECTION('',(0.,0.,-1.));
#1138=DIRECTION('',(0.98589752,-0.16735016,0.));
#1139=AXIS2_PLACEMENT_3D('',#1136,#1137,#1138);
#1140=PLANE('',#1139);
#1141=POLY_LOOP('',(#47,#48,#49));
#1142=FACE_OUTER_BOUND('',#1141,.T.);
#1143=FACE_SURFACE('',(#1142),#1140,.T.);
#1144=CARTESIAN_POINT('',(107.688797,67.58753967,0.));
#1145=DIRECTION('',(0.,0.,-1.));
#1146=DIRECTION('',(0.19951491,0.97989479,0.));
#1147=AXIS2_PLACEMENT_3D('',#1144,#1145,#1146);
#1148=PLANE('',#1147);
#1149=POLY_LOOP('',(#50,#47,#51));
#1150=FACE_OUTER_BOUND('',#1149,.T.);
#1151=FACE_SURFACE('',(#1150),#1148,.T.);
#1152=CARTESIAN_POINT('',(105.45835876,67.58753967,0.));
#1153=DIRECTION('',(0.,0.,-1.));
#1154=DIRECTION('',(-0.35420955,0.93516608,0.));
#1155=AXIS2_PLACEMENT_3D('',#1152,#1153,#1154);
#1156=PLANE('',#1155);
#1157=POLY_LOOP('',(#52,#53,#47));
#1158=FACE_OUTER_BOUND('',#1157,.T.);
#1159=FACE_SURFACE('',(#1158),#1156,.T.);
#1160=CARTESIAN_POINT('',(96.59298706,71.39581299,0.));
#1161=DIRECTION('',(0.,0.,-1.));
#1162=DIRECTION('',(-0.06513716,-0.99787632,0.));
#1163=AXIS2_PLACEMENT_3D('',#1160,#1161,#1162);
#1164=PLANE('',#1163);
#1165=POLY_LOOP('',(#54,#55,#56));
#1166=FACE_OUTER_BOUND('',#1165,.T.);
#1167=FACE_SURFACE('',(#1166),#1164,.T.);
#1168=CARTESIAN_POINT('',(92.72850037,71.64811707,0.));
#1169=DIRECTION('',(0.,0.,-1.));
#1170=DIRECTION('',(0.99787554,-0.06514916,0.));
#1171=AXIS2_PLACEMENT_3D('',#1168,#1169,#1170);
#1172=PLANE('',#1171);
#1173=POLY_LOOP('',(#57,#54,#58));
#1174=FACE_OUTER_BOUND('',#1173,.T.);
#1175=FACE_SURFACE('',(#1174),#1172,.T.);
#1176=CARTESIAN_POINT('',(88.86419678,71.79949951,0.));
#1177=DIRECTION('',(0.,0.,-1.));
#1178=DIRECTION('',(0.42867103,-0.90346065,0.));
#1179=AXIS2_PLACEMENT_3D('',#1176,#1177,#1178);
#1180=PLANE('',#1179);
#1181=POLY_LOOP('',(#59,#60,#61));
#1182=FACE_OUTER_BOUND('',#1181,.T.);
#1183=FACE_SURFACE('',(#1182),#1180,.T.);
#1184=CARTESIAN_POINT('',(88.79782104,68.63638306,0.));
#1185=DIRECTION('',(0.,0.,-1.));
#1186=DIRECTION('',(0.99999364,-0.00356511,0.));
#1187=AXIS2_PLACEMENT_3D('',#1184,#1185,#1186);
#1188=PLANE('',#1187);
#1189=POLY_LOOP('',(#61,#62,#63));
#1190=FACE_OUTER_BOUND('',#1189,.T.);
#1191=FACE_SURFACE('',(#1190),#1188,.T.);
#1192=CARTESIAN_POINT('',(81.13578796,71.79949951,0.));
#1193=DIRECTION('',(0.,0.,-1.));
#1194=DIRECTION('',(-0.42867103,-0.90346065,0.));
#1195=AXIS2_PLACEMENT_3D('',#1192,#1193,#1194);
#1196=PLANE('',#1195);
#1197=POLY_LOOP('',(#64,#65,#66));
#1198=FACE_OUTER_BOUND('',#1197,.T.);
#1199=FACE_SURFACE('',(#1198),#1196,.T.);
#1200=CARTESIAN_POINT('',(79.4370575,68.9319458,0.));
#1201=DIRECTION('',(0.,0.,-1.));
#1202=DIRECTION('',(0.5096779,0.8603653,0.));
#1203=AXIS2_PLACEMENT_3D('',#1200,#1201,#1202);
#1204=PLANE('',#1203);
#1205=POLY_LOOP('',(#67,#64,#68));
#1206=FACE_OUTER_BOUND('',#1205,.T.);
#1207=FACE_SURFACE('',(#1206),#1204,.T.);
#1208=CARTESIAN_POINT('',(73.40699768,71.39581299,0.));
#1209=DIRECTION('',(0.,0.,-1.));
#1210=DIRECTION('',(0.68738575,-0.72629252,0.));
#1211=AXIS2_PLACEMENT_3D('',#1208,#1209,#1210);
#1212=PLANE('',#1211);
#1213=POLY_LOOP('',(#69,#70,#71));
#1214=FACE_OUTER_BOUND('',#1213,.T.);
#1215=FACE_SURFACE('',(#1214),#1212,.T.);
#1216=CARTESIAN_POINT('',(69.54283142,71.04263306,0.));
#1217=DIRECTION('',(0.,0.,-1.));
#1218=DIRECTION('',(0.83260781,-0.55386301,0.));
#1219=AXIS2_PLACEMENT_3D('',#1216,#1217,#1218);
#1220=PLANE('',#1219);
#1221=POLY_LOOP('',(#72,#71,#73));
#1222=FACE_OUTER_BOUND('',#1221,.T.);
#1223=FACE_SURFACE('',(#1222),#1220,.T.);
#1224=CARTESIAN_POINT('',(65.67828369,70.58848572,0.));
#1225=DIRECTION('',(0.,0.,-1.));
#1226=DIRECTION('',(0.99316567,0.11671315,0.));
#1227=AXIS2_PLACEMENT_3D('',#1224,#1225,#1226);
#1228=PLANE('',#1227);
#1229=POLY_LOOP('',(#74,#72,#75));
#1230=FACE_OUTER_BOUND('',#1229,.T.);
#1231=FACE_SURFACE('',(#1230),#1228,.T.);
#1232=CARTESIAN_POINT('',(61.8132019,70.03334045,0.));
#1233=DIRECTION('',(0.,0.,-1.));
#1234=DIRECTION('',(0.10710265,-0.99424797,0.));
#1235=AXIS2_PLACEMENT_3D('',#1232,#1233,#1234);
#1236=PLANE('',#1235);
#1237=POLY_LOOP('',(#76,#77,#78));
#1238=FACE_OUTER_BOUND('',#1237,.T.);
#1239=FACE_SURFACE('',(#1238),#1236,.T.);
#1240=CARTESIAN_POINT('',(57.94888306,69.37739563,0.));
#1241=DIRECTION('',(0.,0.,-1.));
#1242=DIRECTION('',(0.87848668,-0.47776685,0.));
#1243=AXIS2_PLACEMENT_3D('',#1240,#1241,#1242);
#1244=PLANE('',#1243);
#1245=POLY_LOOP('',(#79,#80,#81));
#1246=FACE_OUTER_BOUND('',#1245,.T.);
#1247=FACE_SURFACE('',(#1246),#1244,.T.);
#1248=CARTESIAN_POINT('',(58.4155426,66.85464478,0.));
#1249=DIRECTION('',(0.,0.,-1.));
#1250=DIRECTION('',(0.9918792,0.12718354,0.));
#1251=AXIS2_PLACEMENT_3D('',#1248,#1249,#1250);
#1252=PLANE('',#1251);
#1253=POLY_LOOP('',(#81,#80,#82));
#1254=FACE_OUTER_BOUND('',#1253,.T.);
#1255=FACE_SURFACE('',(#1254),#1252,.T.);
#1256=CARTESIAN_POINT('',(73.60650635,68.3394165,0.));
#1257=DIRECTION('',(0.,0.,-1.));
#1258=DIRECTION('',(0.99785099,0.06552411,0.));
#1259=AXIS2_PLACEMENT_3D('',#1256,#1257,#1258);
#1260=PLANE('',#1259);
#1261=POLY_LOOP('',(#71,#83,#84));
#1262=FACE_OUTER_BOUND('',#1261,.T.);
#1263=FACE_SURFACE('',(#1262),#1260,.T.);
#1264=CARTESIAN_POINT('',(57.94888306,69.37739563,0.));
#1265=DIRECTION('',(0.,0.,-1.));
#1266=DIRECTION('',(-0.73427656,-0.67885045,0.));
#1267=AXIS2_PLACEMENT_3D('',#1264,#1265,#1266);
#1268=PLANE('',#1267);
#1269=POLY_LOOP('',(#79,#85,#86));
#1270=FACE_OUTER_BOUND('',#1269,.T.);
#1271=FACE_SURFACE('',(#1270),#1268,.T.);
#1272=CARTESIAN_POINT('',(47.02285767,64.9616394,0.));
#1273=DIRECTION('',(0.,0.,-1.));
#1274=DIRECTION('',(-0.34168305,0.93981525,0.));
#1275=AXIS2_PLACEMENT_3D('',#1272,#1273,#1274);
#1276=PLANE('',#1275);
#1277=POLY_LOOP('',(#87,#88,#89));
#1278=FACE_OUTER_BOUND('',#1277,.T.);
#1279=FACE_SURFACE('',(#1278),#1276,.T.);
#1280=CARTESIAN_POINT('',(43.22541809,64.18217468,0.));
#1281=DIRECTION('',(0.,0.,-1.));
#1282=DIRECTION('',(-0.42687343,0.90431138,0.));
#1283=AXIS2_PLACEMENT_3D('',#1280,#1281,#1282);
#1284=PLANE('',#1283);
#1285=POLY_LOOP('',(#90,#91,#88));
#1286=FACE_OUTER_BOUND('',#1285,.T.);
#1287=FACE_SURFACE('',(#1286),#1284,.T.);
#1288=CARTESIAN_POINT('',(35.63079834,62.40063477,0.));
#1289=DIRECTION('',(0.,0.,-1.));
#1290=DIRECTION('',(0.80792971,0.58927887,0.));
#1291=AXIS2_PLACEMENT_3D('',#1288,#1289,#1290);
#1292=PLANE('',#1291);
#1293=POLY_LOOP('',(#92,#93,#94));
#1294=FACE_OUTER_BOUND('',#1293,.T.);
#1295=FACE_SURFACE('',(#1294),#1292,.T.);
#1296=CARTESIAN_POINT('',(31.83360291,61.39855957,0.));
#1297=DIRECTION('',(0.,0.,-1.));
#1298=DIRECTION('',(0.83552,0.54946003,0.));
#1299=AXIS2_PLACEMENT_3D('',#1296,#1297,#1298);
#1300=PLANE('',#1299);
#1301=POLY_LOOP('',(#95,#96,#92));
#1302=FACE_OUTER_BOUND('',#1301,.T.);
#1303=FACE_SURFACE('',(#1302),#1300,.T.);
#1304=CARTESIAN_POINT('',(27.02423096,60.4937439,0.));
#1305=DIRECTION('',(0.,0.,-1.));
#1306=DIRECTION('',(0.93519808,0.35412505,0.));
#1307=AXIS2_PLACEMENT_3D('',#1304,#1305,#1306);
#1308=PLANE('',#1307);
#1309=POLY_LOOP('',(#97,#98,#99));
#1310=FACE_OUTER_BOUND('',#1309,.T.);
#1311=FACE_SURFACE('',(#1310),#1308,.T.);
#1312=CARTESIAN_POINT('',(15.50874329,55.31417847,0.));
#1313=DIRECTION('',(0.,0.,-1.));
#1314=DIRECTION('',(-0.42553984,0.90493969,0.));
#1315=AXIS2_PLACEMENT_3D('',#1312,#1313,#1314);
#1316=PLANE('',#1315);
#1317=POLY_LOOP('',(#100,#101,#102));
#1318=FACE_OUTER_BOUND('',#1317,.T.);
#1319=FACE_SURFACE('',(#1318),#1316,.T.);
#1320=CARTESIAN_POINT('',(11.64498901,53.44754028,0.));
#1321=DIRECTION('',(0.,0.,-1.));
#1322=DIRECTION('',(-0.89111063,-0.45378612,0.));
#1323=AXIS2_PLACEMENT_3D('',#1320,#1321,#1322);
#1324=PLANE('',#1323);
#1325=POLY_LOOP('',(#103,#104,#105));
#1326=FACE_OUTER_BOUND('',#1325,.T.);
#1327=FACE_SURFACE('',(#1326),#1324,.T.);
#1328=CARTESIAN_POINT('',(18.24247742,11.13336182,0.));
#1329=DIRECTION('',(0.,0.,-1.));
#1330=DIRECTION('',(-0.83147799,0.5555577,0.));
#1331=AXIS2_PLACEMENT_3D('',#1328,#1329,#1330);
#1332=PLANE('',#1331);
#1333=POLY_LOOP('',(#106,#107,#108));
#1334=FACE_OUTER_BOUND('',#1333,.T.);
#1335=FACE_SURFACE('',(#1334),#1332,.T.);
#1336=CARTESIAN_POINT('',(23.10116577,15.84918213,0.));
#1337=DIRECTION('',(0.,0.,-1.));
#1338=DIRECTION('',(-0.98078853,0.19507396,0.));
#1339=AXIS2_PLACEMENT_3D('',#1336,#1337,#1338);
#1340=PLANE('',#1339);
#1341=POLY_LOOP('',(#109,#110,#111));
#1342=FACE_OUTER_BOUND('',#1341,.T.);
#1343=FACE_SURFACE('',(#1342),#1340,.T.);
#1344=CARTESIAN_POINT('',(23.47499084,15.69433594,0.));
#1345=DIRECTION('',(0.,0.,-1.));
#1346=DIRECTION('',(0.99756021,0.06981137,0.));
#1347=AXIS2_PLACEMENT_3D('',#1344,#1345,#1346);
#1348=PLANE('',#1347);
#1349=POLY_LOOP('',(#112,#111,#113));
#1350=FACE_OUTER_BOUND('',#1349,.T.);
#1351=FACE_SURFACE('',(#1350),#1348,.T.);
#1352=CARTESIAN_POINT('',(42.1000061,16.58079529,0.));
#1353=DIRECTION('',(0.,0.,-1.));
#1354=DIRECTION('',(-0.99362664,-0.11272138,0.));
#1355=AXIS2_PLACEMENT_3D('',#1352,#1353,#1354);
#1356=PLANE('',#1355);
#1357=POLY_LOOP('',(#114,#115,#116));
#1358=FACE_OUTER_BOUND('',#1357,.T.);
#1359=FACE_SURFACE('',(#1358),#1356,.T.);
#1360=CARTESIAN_POINT('',(22.90231323,15.88873291,0.));
#1361=DIRECTION('',(0.,0.,-1.));
#1362=DIRECTION('',(-0.99785912,0.06540007,0.));
#1363=AXIS2_PLACEMENT_3D('',#1360,#1361,#1362);
#1364=PLANE('',#1363);
#1365=POLY_LOOP('',(#110,#117,#111));
#1366=FACE_OUTER_BOUND('',#1365,.T.);
#1367=FACE_SURFACE('',(#1366),#1364,.T.);
#1368=CARTESIAN_POINT('',(7.92999268,19.79399109,0.));
#1369=DIRECTION('',(0.,0.,-1.));
#1370=DIRECTION('',(0.,1.,0.));
#1371=AXIS2_PLACEMENT_3D('',#1368,#1369,#1370);
#1372=PLANE('',#1371);
#1373=POLY_LOOP('',(#118,#119,#104));
#1374=FACE_OUTER_BOUND('',#1373,.T.);
#1375=FACE_SURFACE('',(#1374),#1372,.T.);
#1376=CARTESIAN_POINT('',(23.47499084,13.00965881,0.));
#1377=DIRECTION('',(0.,0.,-1.));
#1378=DIRECTION('',(0.,-1.,0.));
#1379=AXIS2_PLACEMENT_3D('',#1376,#1377,#1378);
#1380=PLANE('',#1379);
#1381=POLY_LOOP('',(#120,#121,#122));
#1382=FACE_OUTER_BOUND('',#1381,.T.);
#1383=FACE_SURFACE('',(#1382),#1380,.T.);
#1384=CARTESIAN_POINT('',(0.44999695,0.44999695,0.));
#1385=DIRECTION('',(0.,0.,-1.));
#1386=DIRECTION('',(0.18908836,0.98196008,0.));
#1387=AXIS2_PLACEMENT_3D('',#1384,#1385,#1386);
#1388=PLANE('',#1387);
#1389=POLY_LOOP('',(#123,#124,#125));
#1390=FACE_OUTER_BOUND('',#1389,.T.);
#1391=FACE_SURFACE('',(#1390),#1388,.T.);
#1392=CARTESIAN_POINT('',(22.90231323,1.66325378,0.));
#1393=DIRECTION('',(0.,0.,-1.));
#1394=DIRECTION('',(0.98078853,0.19507396,0.));
#1395=AXIS2_PLACEMENT_3D('',#1392,#1393,#1394);
#1396=PLANE('',#1395);
#1397=POLY_LOOP('',(#126,#127,#128));
#1398=FACE_OUTER_BOUND('',#1397,.T.);
#1399=FACE_SURFACE('',(#1398),#1396,.T.);
#1400=CARTESIAN_POINT('',(146.76489258,58.74423218,0.));
#1401=DIRECTION('',(0.,0.,-1.));
#1402=DIRECTION('',(0.93612126,-0.35167738,0.));
#1403=AXIS2_PLACEMENT_3D('',#1400,#1401,#1402);
#1404=PLANE('',#1403);
#1405=POLY_LOOP('',(#35,#32,#31));
#1406=FACE_OUTER_BOUND('',#1405,.T.);
#1407=FACE_SURFACE('',(#1406),#1404,.T.);
#1408=CARTESIAN_POINT('',(21.35765076,2.42498779,0.));
#1409=DIRECTION('',(0.,0.,-1.));
#1410=DIRECTION('',(-0.9433077,0.33191955,0.));
#1411=AXIS2_PLACEMENT_3D('',#1408,#1409,#1410);
#1412=PLANE('',#1411);
#1413=POLY_LOOP('',(#129,#130,#131));
#1414=FACE_OUTER_BOUND('',#1413,.T.);
#1415=FACE_SURFACE('',(#1414),#1412,.T.);
#1416=CARTESIAN_POINT('',(76.35874939,68.92680359,0.));
#1417=DIRECTION('',(0.,0.,-1.));
#1418=DIRECTION('',(0.31799269,0.94809316,0.));
#1419=AXIS2_PLACEMENT_3D('',#1416,#1417,#1418);
#1420=PLANE('',#1419);
#1421=POLY_LOOP('',(#132,#133,#134));
#1422=FACE_OUTER_BOUND('',#1421,.T.);
#1423=FACE_SURFACE('',(#1422),#1420,.T.);
#1424=CARTESIAN_POINT('',(24.19717407,3.60116577,0.));
#1425=DIRECTION('',(0.,0.,-1.));
#1426=DIRECTION('',(-0.32143856,0.94693044,0.));
#1427=AXIS2_PLACEMENT_3D('',#1424,#1425,#1426);
#1428=PLANE('',#1427);
#1429=POLY_LOOP('',(#135,#136,#137));
#1430=FACE_OUTER_BOUND('',#1429,.T.);
#1431=FACE_SURFACE('',(#1430),#1428,.T.);
#1432=CARTESIAN_POINT('',(24.04232788,3.97499084,0.));
#1433=DIRECTION('',(0.,0.,-1.));
#1434=DIRECTION('',(0.,1.,0.));
#1435=AXIS2_PLACEMENT_3D('',#1432,#1433,#1434);
#1436=PLANE('',#1435);
#1437=POLY_LOOP('',(#138,#139,#140));
#1438=FACE_OUTER_BOUND('',#1437,.T.);
#1439=FACE_SURFACE('',(#1438),#1436,.T.);
#1440=CARTESIAN_POINT('',(19.75563049,8.86875916,0.));
#1441=DIRECTION('',(0.,0.,-1.));
#1442=DIRECTION('',(-0.32143523,0.94693157,0.));
#1443=AXIS2_PLACEMENT_3D('',#1440,#1441,#1442);
#1444=PLANE('',#1443);
#1445=POLY_LOOP('',(#141,#142,#143));
#1446=FACE_OUTER_BOUND('',#1445,.T.);
#1447=FACE_SURFACE('',(#1446),#1444,.T.);
#1448=CARTESIAN_POINT('',(22.29882812,4.69717407,0.));
#1449=DIRECTION('',(0.,0.,-1.));
#1450=DIRECTION('',(-0.78927418,0.61404093,0.));
#1451=AXIS2_PLACEMENT_3D('',#1448,#1449,#1450);
#1452=PLANE('',#1451);
#1453=POLY_LOOP('',(#144,#145,#146));
#1454=FACE_OUTER_BOUND('',#1453,.T.);
#1455=FACE_SURFACE('',(#1454),#1452,.T.);
#1456=CARTESIAN_POINT('',(19.33239746,5.65394592,0.));
#1457=DIRECTION('',(0.,0.,-1.));
#1458=DIRECTION('',(0.44228369,0.89687521,0.));
#1459=AXIS2_PLACEMENT_3D('',#1456,#1457,#1458);
#1460=PLANE('',#1459);
#1461=POLY_LOOP('',(#147,#148,#149));
#1462=FACE_OUTER_BOUND('',#1461,.T.);
#1463=FACE_SURFACE('',(#1462),#1460,.T.);
#1464=CARTESIAN_POINT('',(19.8999939,7.77224731,0.));
#1465=DIRECTION('',(0.,0.,-1.));
#1466=DIRECTION('',(-0.06539504,0.99785945,0.));
#1467=AXIS2_PLACEMENT_3D('',#1464,#1465,#1466);
#1468=PLANE('',#1467);
#1469=POLY_LOOP('',(#150,#151,#152));
#1470=FACE_OUTER_BOUND('',#1469,.T.);
#1471=FACE_SURFACE('',(#1470),#1468,.T.);
#1472=CARTESIAN_POINT('',(23.64356995,13.12229919,0.));
#1473=DIRECTION('',(0.,0.,-1.));
#1474=DIRECTION('',(0.,-1.,0.));
#1475=AXIS2_PLACEMENT_3D('',#1472,#1473,#1474);
#1476=PLANE('',#1475);
#1477=POLY_LOOP('',(#153,#154,#120));
#1478=FACE_OUTER_BOUND('',#1477,.T.);
#1479=FACE_SURFACE('',(#1478),#1476,.T.);
#1480=CARTESIAN_POINT('',(42.1000061,11.61619568,0.));
#1481=DIRECTION('',(0.,0.,-1.));
#1482=DIRECTION('',(-0.99009192,0.14042078,0.));
#1483=AXIS2_PLACEMENT_3D('',#1480,#1481,#1482);
#1484=PLANE('',#1483);
#1485=POLY_LOOP('',(#155,#156,#157));
#1486=FACE_OUTER_BOUND('',#1485,.T.);
#1487=FACE_SURFACE('',(#1486),#1484,.T.);
#1488=CARTESIAN_POINT('',(24.13200378,14.94514465,0.));
#1489=DIRECTION('',(0.,0.,-1.));
#1490=DIRECTION('',(0.99367316,0.11231048,0.));
#1491=AXIS2_PLACEMENT_3D('',#1488,#1489,#1490);
#1492=PLANE('',#1491);
#1493=POLY_LOOP('',(#158,#159,#160));
#1494=FACE_OUTER_BOUND('',#1493,.T.);
#1495=FACE_SURFACE('',(#1494),#1492,.T.);
#1496=CARTESIAN_POINT('',(23.10116577,15.84918213,0.));
#1497=DIRECTION('',(0.,0.,-1.));
#1498=DIRECTION('',(0.99817578,0.06037471,0.));
#1499=AXIS2_PLACEMENT_3D('',#1496,#1497,#1498);
#1500=PLANE('',#1499);
#1501=POLY_LOOP('',(#109,#111,#161));
#1502=FACE_OUTER_BOUND('',#1501,.T.);
#1503=FACE_SURFACE('',(#1502),#1500,.T.);
#1504=CARTESIAN_POINT('',(15.42362976,55.49517822,0.));
#1505=DIRECTION('',(0.,0.,-1.));
#1506=DIRECTION('',(-0.87920677,-0.47644041,0.));
#1507=AXIS2_PLACEMENT_3D('',#1504,#1505,#1506);
#1508=PLANE('',#1507);
#1509=POLY_LOOP('',(#101,#103,#105));
#1510=FACE_OUTER_BOUND('',#1509,.T.);
#1511=FACE_SURFACE('',(#1510),#1508,.T.);
#1512=CARTESIAN_POINT('',(19.37095642,57.07922363,0.));
#1513=DIRECTION('',(0.,0.,-1.));
#1514=DIRECTION('',(-0.4018871,0.91568923,0.));
#1515=AXIS2_PLACEMENT_3D('',#1512,#1513,#1514);
#1516=PLANE('',#1515);
#1517=POLY_LOOP('',(#102,#162,#163));
#1518=FACE_OUTER_BOUND('',#1517,.T.);
#1519=FACE_SURFACE('',(#1518),#1516,.T.);
#1520=CARTESIAN_POINT('',(24.44577026,59.23429871,0.));
#1521=DIRECTION('',(0.,0.,-1.));
#1522=DIRECTION('',(-0.92693878,-0.37521259,0.));
#1523=AXIS2_PLACEMENT_3D('',#1520,#1521,#1522);
#1524=PLANE('',#1523);
#1525=POLY_LOOP('',(#164,#163,#165));
#1526=FACE_OUTER_BOUND('',#1525,.T.);
#1527=FACE_SURFACE('',(#1526),#1524,.T.);
#1528=CARTESIAN_POINT('',(30.89083862,61.95788574,0.));
#1529=DIRECTION('',(0.,0.,-1.));
#1530=DIRECTION('',(0.86003095,-0.51024188,0.));
#1531=AXIS2_PLACEMENT_3D('',#1528,#1529,#1530);
#1532=PLANE('',#1531);
#1533=POLY_LOOP('',(#98,#95,#99));
#1534=FACE_OUTER_BOUND('',#1533,.T.);
#1535=FACE_SURFACE('',(#1534),#1532,.T.);
#1536=CARTESIAN_POINT('',(39.42807007,63.32850647,0.));
#1537=DIRECTION('',(0.,0.,-1.));
#1538=DIRECTION('',(0.78498645,0.61951293,0.));
#1539=AXIS2_PLACEMENT_3D('',#1536,#1537,#1538);
#1540=PLANE('',#1539);
#1541=POLY_LOOP('',(#94,#91,#90));
#1542=FACE_OUTER_BOUND('',#1541,.T.);
#1543=FACE_SURFACE('',(#1542),#1540,.T.);
#1544=CARTESIAN_POINT('',(50.82035828,65.66687012,0.));
#1545=DIRECTION('',(0.,0.,-1.));
#1546=DIRECTION('',(-0.2756306,0.96126363,0.));
#1547=AXIS2_PLACEMENT_3D('',#1544,#1545,#1546);
#1548=PLANE('',#1547);
#1549=POLY_LOOP('',(#166,#89,#86));
#1550=FACE_OUTER_BOUND('',#1549,.T.);
#1551=FACE_SURFACE('',(#1550),#1548,.T.);
#1552=CARTESIAN_POINT('',(7.92999268,19.79399109,0.));
#1553=DIRECTION('',(0.,0.,-1.));
#1554=DIRECTION('',(0.30680094,-0.9517737,0.));
#1555=AXIS2_PLACEMENT_3D('',#1552,#1553,#1554);
#1556=PLANE('',#1555);
#1557=POLY_LOOP('',(#118,#167,#168));
#1558=FACE_OUTER_BOUND('',#1557,.T.);
#1559=FACE_SURFACE('',(#1558),#1556,.T.);
#1560=CARTESIAN_POINT('',(24.19717407,13.95082092,0.));
#1561=DIRECTION('',(0.,0.,-1.));
#1562=DIRECTION('',(0.99017181,-0.13985633,0.));
#1563=AXIS2_PLACEMENT_3D('',#1560,#1561,#1562);
#1564=PLANE('',#1563);
#1565=POLY_LOOP('',(#169,#170,#171));
#1566=FACE_OUTER_BOUND('',#1565,.T.);
#1567=FACE_SURFACE('',(#1566),#1564,.T.);
#1568=CARTESIAN_POINT('',(15.50874329,55.31417847,0.));
#1569=DIRECTION('',(0.,0.,-1.));
#1570=DIRECTION('',(-0.90042592,-0.43500939,0.));
#1571=AXIS2_PLACEMENT_3D('',#1568,#1569,#1570);
#1572=PLANE('',#1571);
#1573=POLY_LOOP('',(#100,#103,#101));
#1574=FACE_OUTER_BOUND('',#1573,.T.);
#1575=FACE_SURFACE('',(#1574),#1572,.T.);
#1576=CARTESIAN_POINT('',(8.82998657,52.01403809,0.));
#1577=DIRECTION('',(0.,0.,-1.));
#1578=DIRECTION('',(-0.96785575,-0.25150597,0.));
#1579=AXIS2_PLACEMENT_3D('',#1576,#1577,#1578);
#1580=PLANE('',#1579);
#1581=POLY_LOOP('',(#104,#119,#105));
#1582=FACE_OUTER_BOUND('',#1581,.T.);
#1583=FACE_SURFACE('',(#1582),#1580,.T.);
#1584=CARTESIAN_POINT('',(7.92999268,19.79399109,0.));
#1585=DIRECTION('',(0.,0.,-1.));
#1586=DIRECTION('',(0.02792184,0.99961011,0.));
#1587=AXIS2_PLACEMENT_3D('',#1584,#1585,#1586);
#1588=PLANE('',#1587);
#1589=POLY_LOOP('',(#118,#104,#167));
#1590=FACE_OUTER_BOUND('',#1589,.T.);
#1591=FACE_SURFACE('',(#1590),#1588,.T.);
#1592=CARTESIAN_POINT('',(19.37095642,57.07922363,0.));
#1593=DIRECTION('',(0.,0.,-1.));
#1594=DIRECTION('',(-0.92806144,-0.37242711,0.));
#1595=AXIS2_PLACEMENT_3D('',#1592,#1593,#1594);
#1596=PLANE('',#1595);
#1597=POLY_LOOP('',(#102,#101,#162));
#1598=FACE_OUTER_BOUND('',#1597,.T.);
#1599=FACE_SURFACE('',(#1598),#1596,.T.);
#1600=CARTESIAN_POINT('',(23.23509216,58.74423218,0.));
#1601=DIRECTION('',(0.,0.,-1.));
#1602=DIRECTION('',(-0.93612126,-0.35167738,0.));
#1603=AXIS2_PLACEMENT_3D('',#1600,#1601,#1602);
#1604=PLANE('',#1603);
#1605=POLY_LOOP('',(#163,#162,#165));
#1606=FACE_OUTER_BOUND('',#1605,.T.);
#1607=FACE_SURFACE('',(#1606),#1604,.T.);
#1608=CARTESIAN_POINT('',(24.44577026,59.23429871,0.));
#1609=DIRECTION('',(0.,0.,-1.));
#1610=DIRECTION('',(-0.9729741,-0.23091427,0.));
#1611=AXIS2_PLACEMENT_3D('',#1608,#1609,#1610);
#1612=PLANE('',#1611);
#1613=POLY_LOOP('',(#164,#165,#97));
#1614=FACE_OUTER_BOUND('',#1613,.T.);
#1615=FACE_SURFACE('',(#1614),#1612,.T.);
#1616=CARTESIAN_POINT('',(27.02423096,60.4937439,0.));
#1617=DIRECTION('',(0.,0.,-1.));
#1618=DIRECTION('',(0.98595627,-0.16700367,0.));
#1619=AXIS2_PLACEMENT_3D('',#1616,#1617,#1618);
#1620=PLANE('',#1619);
#1621=POLY_LOOP('',(#97,#99,#164));
#1622=FACE_OUTER_BOUND('',#1621,.T.);
#1623=FACE_SURFACE('',(#1622),#1620,.T.);
#1624=CARTESIAN_POINT('',(30.89083862,61.95788574,0.));
#1625=DIRECTION('',(0.,0.,-1.));
#1626=DIRECTION('',(0.94310677,0.33249003,0.));
#1627=AXIS2_PLACEMENT_3D('',#1624,#1625,#1626);
#1628=PLANE('',#1627);
#1629=POLY_LOOP('',(#98,#96,#95));
#1630=FACE_OUTER_BOUND('',#1629,.T.);
#1631=FACE_SURFACE('',(#1630),#1628,.T.);
#1632=CARTESIAN_POINT('',(34.75643921,63.32069397,0.));
#1633=DIRECTION('',(0.,0.,-1.));
#1634=DIRECTION('',(0.95063397,0.31031446,0.));
#1635=AXIS2_PLACEMENT_3D('',#1632,#1633,#1634);
#1636=PLANE('',#1635);
#1637=POLY_LOOP('',(#96,#93,#92));
#1638=FACE_OUTER_BOUND('',#1637,.T.);
#1639=FACE_SURFACE('',(#1638),#1636,.T.);
#1640=CARTESIAN_POINT('',(38.62249756,64.58268738,0.));
#1641=DIRECTION('',(0.,0.,-1.));
#1642=DIRECTION('',(0.95774228,0.28762775,0.));
#1643=AXIS2_PLACEMENT_3D('',#1640,#1641,#1642);
#1644=PLANE('',#1643);
#1645=POLY_LOOP('',(#93,#91,#94));
#1646=FACE_OUTER_BOUND('',#1645,.T.);
#1647=FACE_SURFACE('',(#1646),#1644,.T.);
#1648=CARTESIAN_POINT('',(46.35324097,66.80345154,0.));
#1649=DIRECTION('',(0.,0.,-1.));
#1650=DIRECTION('',(0.34168305,-0.93981525,0.));
#1651=AXIS2_PLACEMENT_3D('',#1648,#1649,#1650);
#1652=PLANE('',#1651);
#1653=POLY_LOOP('',(#88,#87,#90));
#1654=FACE_OUTER_BOUND('',#1653,.T.);
#1655=FACE_SURFACE('',(#1654),#1652,.T.);
#1656=CARTESIAN_POINT('',(50.21943665,67.7625885,0.));
#1657=DIRECTION('',(0.,0.,-1.));
#1658=DIRECTION('',(0.2756306,-0.96126363,0.));
#1659=AXIS2_PLACEMENT_3D('',#1656,#1657,#1658);
#1660=PLANE('',#1659);
#1661=POLY_LOOP('',(#89,#166,#87));
#1662=FACE_OUTER_BOUND('',#1661,.T.);
#1663=FACE_SURFACE('',(#1662),#1660,.T.);
#1664=CARTESIAN_POINT('',(54.08401489,68.62043762,0.));
#1665=DIRECTION('',(0.,0.,-1.));
#1666=DIRECTION('',(0.22403361,-0.97458142,0.));
#1667=AXIS2_PLACEMENT_3D('',#1664,#1665,#1666);
#1668=PLANE('',#1667);
#1669=POLY_LOOP('',(#86,#85,#166));
#1670=FACE_OUTER_BOUND('',#1669,.T.);
#1671=FACE_SURFACE('',(#1670),#1668,.T.);
#1672=CARTESIAN_POINT('',(57.94888306,69.37739563,0.));
#1673=DIRECTION('',(0.,0.,-1.));
#1674=DIRECTION('',(0.1818946,-0.98331803,0.));
#1675=AXIS2_PLACEMENT_3D('',#1672,#1673,#1674);
#1676=PLANE('',#1675);
#1677=POLY_LOOP('',(#79,#81,#85));
#1678=FACE_OUTER_BOUND('',#1677,.T.);
#1679=FACE_SURFACE('',(#1678),#1676,.T.);
#1680=CARTESIAN_POINT('',(62.31118774,67.58753967,0.));
#1681=DIRECTION('',(0.,0.,-1.));
#1682=DIRECTION('',(-0.19951491,0.97989479,0.));
#1683=AXIS2_PLACEMENT_3D('',#1680,#1681,#1682);
#1684=PLANE('',#1683);
#1685=POLY_LOOP('',(#172,#76,#173));
#1686=FACE_OUTER_BOUND('',#1685,.T.);
#1687=FACE_SURFACE('',(#1686),#1684,.T.);
#1688=CARTESIAN_POINT('',(69.80871582,68.07958984,0.));
#1689=DIRECTION('',(0.,0.,-1.));
#1690=DIRECTION('',(-0.99615325,-0.08762819,0.));
#1691=AXIS2_PLACEMENT_3D('',#1688,#1689,#1690);
#1692=PLANE('',#1691);
#1693=POLY_LOOP('',(#73,#75,#72));
#1694=FACE_OUTER_BOUND('',#1693,.T.);
#1695=FACE_SURFACE('',(#1694),#1692,.T.);
#1696=CARTESIAN_POINT('',(61.7915802,67.28753662,0.));
#1697=DIRECTION('',(0.,0.,-1.));
#1698=DIRECTION('',(-0.87848668,0.47776685,0.));
#1699=AXIS2_PLACEMENT_3D('',#1696,#1697,#1698);
#1700=PLANE('',#1699);
#1701=POLY_LOOP('',(#80,#79,#174));
#1702=FACE_OUTER_BOUND('',#1701,.T.);
#1703=FACE_SURFACE('',(#1702),#1700,.T.);
#1704=CARTESIAN_POINT('',(61.83517456,67.35279846,0.));
#1705=DIRECTION('',(0.,0.,-1.));
#1706=DIRECTION('',(-0.88686855,0.46202184,0.));
#1707=AXIS2_PLACEMENT_3D('',#1704,#1705,#1706);
#1708=PLANE('',#1707);
#1709=POLY_LOOP('',(#174,#79,#76));
#1710=FACE_OUTER_BOUND('',#1709,.T.);
#1711=FACE_SURFACE('',(#1710),#1708,.T.);
#1712=CARTESIAN_POINT('',(61.88693237,67.4118042,0.));
#1713=DIRECTION('',(0.,0.,-1.));
#1714=DIRECTION('',(-0.65942625,-0.75176926,0.));
#1715=AXIS2_PLACEMENT_3D('',#1712,#1713,#1714);
#1716=PLANE('',#1715);
#1717=POLY_LOOP('',(#175,#174,#76));
#1718=FACE_OUTER_BOUND('',#1717,.T.);
#1719=FACE_SURFACE('',(#1718),#1716,.T.);
#1720=CARTESIAN_POINT('',(62.01119995,67.50715637,0.));
#1721=DIRECTION('',(0.,0.,-1.));
#1722=DIRECTION('',(-0.83145165,-0.55559711,0.));
#1723=AXIS2_PLACEMENT_3D('',#1720,#1721,#1722);
#1724=PLANE('',#1723);
#1725=POLY_LOOP('',(#78,#176,#76));
#1726=FACE_OUTER_BOUND('',#1725,.T.);
#1727=FACE_SURFACE('',(#1726),#1724,.T.);
#1728=CARTESIAN_POINT('',(61.94593811,67.46354675,0.));
#1729=DIRECTION('',(0.,0.,-1.));
#1730=DIRECTION('',(-0.75186564,-0.65931636,0.));
#1731=AXIS2_PLACEMENT_3D('',#1728,#1729,#1730);
#1732=PLANE('',#1731);
#1733=POLY_LOOP('',(#176,#175,#76));
#1734=FACE_OUTER_BOUND('',#1733,.T.);
#1735=FACE_SURFACE('',(#1734),#1732,.T.);
#1736=CARTESIAN_POINT('',(61.8132019,70.03334045,0.));
#1737=DIRECTION('',(0.,0.,-1.));
#1738=DIRECTION('',(0.1376325,-0.99048336,0.));
#1739=AXIS2_PLACEMENT_3D('',#1736,#1737,#1738);
#1740=PLANE('',#1739);
#1741=POLY_LOOP('',(#76,#177,#77));
#1742=FACE_OUTER_BOUND('',#1741,.T.);
#1743=FACE_SURFACE('',(#1742),#1740,.T.);
#1744=CARTESIAN_POINT('',(61.8132019,70.03334045,0.));
#1745=DIRECTION('',(0.,0.,-1.));
#1746=DIRECTION('',(0.16877578,-0.98565447,0.));
#1747=AXIS2_PLACEMENT_3D('',#1744,#1745,#1746);
#1748=PLANE('',#1747);
#1749=POLY_LOOP('',(#76,#178,#177));
#1750=FACE_OUTER_BOUND('',#1749,.T.);
#1751=FACE_SURFACE('',(#1750),#1748,.T.);
#1752=CARTESIAN_POINT('',(62.23287964,67.58241272,0.));
#1753=DIRECTION('',(0.,0.,-1.));
#1754=DIRECTION('',(-0.16877578,0.98565447,0.));
#1755=AXIS2_PLACEMENT_3D('',#1752,#1753,#1754);
#1756=PLANE('',#1755);
#1757=POLY_LOOP('',(#178,#76,#172));
#1758=FACE_OUTER_BOUND('',#1757,.T.);
#1759=FACE_SURFACE('',(#1758),#1756,.T.);
#1760=CARTESIAN_POINT('',(61.8132019,70.03334045,0.));
#1761=DIRECTION('',(0.,0.,-1.));
#1762=DIRECTION('',(0.98984198,0.14217192,0.));
#1763=AXIS2_PLACEMENT_3D('',#1760,#1761,#1762);
#1764=PLANE('',#1763);
#1765=POLY_LOOP('',(#76,#74,#173));
#1766=FACE_OUTER_BOUND('',#1765,.T.);
#1767=FACE_SURFACE('',(#1766),#1764,.T.);
#1768=CARTESIAN_POINT('',(64.54162598,67.58753967,0.));
#1769=DIRECTION('',(0.,0.,-1.));
#1770=DIRECTION('',(0.35420955,0.93516608,0.));
#1771=AXIS2_PLACEMENT_3D('',#1768,#1769,#1770);
#1772=PLANE('',#1771);
#1773=POLY_LOOP('',(#173,#74,#75));
#1774=FACE_OUTER_BOUND('',#1773,.T.);
#1775=FACE_SURFACE('',(#1774),#1772,.T.);
#1776=CARTESIAN_POINT('',(73.60650635,68.3394165,0.));
#1777=DIRECTION('',(0.,0.,-1.));
#1778=DIRECTION('',(-0.83260781,0.55386301,0.));
#1779=AXIS2_PLACEMENT_3D('',#1776,#1777,#1778);
#1780=PLANE('',#1779);
#1781=POLY_LOOP('',(#71,#72,#69));
#1782=FACE_OUTER_BOUND('',#1781,.T.);
#1783=FACE_SURFACE('',(#1782),#1780,.T.);
#1784=CARTESIAN_POINT('',(73.60650635,68.3394165,0.));
#1785=DIRECTION('',(0.,0.,-1.));
#1786=DIRECTION('',(0.99527183,0.09712866,0.));
#1787=AXIS2_PLACEMENT_3D('',#1784,#1785,#1786);
#1788=PLANE('',#1787);
#1789=POLY_LOOP('',(#71,#179,#83));
#1790=FACE_OUTER_BOUND('',#1789,.T.);
#1791=FACE_SURFACE('',(#1790),#1788,.T.);
#1792=CARTESIAN_POINT('',(85.,71.84994507,0.));
#1793=DIRECTION('',(0.,0.,-1.));
#1794=DIRECTION('',(0.9999148,-0.01305349,0.));
#1795=AXIS2_PLACEMENT_3D('',#1792,#1793,#1794);
#1796=PLANE('',#1795);
#1797=POLY_LOOP('',(#180,#59,#181));
#1798=FACE_OUTER_BOUND('',#1797,.T.);
#1799=FACE_SURFACE('',(#1798),#1796,.T.);
#1800=CARTESIAN_POINT('',(79.51538086,68.92680359,0.));
#1801=DIRECTION('',(0.,0.,-1.));
#1802=DIRECTION('',(0.49130094,0.87098989,0.));
#1803=AXIS2_PLACEMENT_3D('',#1800,#1801,#1802);
#1804=PLANE('',#1803);
#1805=POLY_LOOP('',(#68,#64,#182));
#1806=FACE_OUTER_BOUND('',#1805,.T.);
#1807=FACE_SURFACE('',(#1806),#1804,.T.);
#1808=CARTESIAN_POINT('',(79.59234619,68.91149902,0.));
#1809=DIRECTION('',(0.,0.,-1.));
#1810=DIRECTION('',(0.4713429,0.88195004,0.));
#1811=AXIS2_PLACEMENT_3D('',#1808,#1809,#1810);
#1812=PLANE('',#1811);
#1813=POLY_LOOP('',(#182,#64,#66));
#1814=FACE_OUTER_BOUND('',#1813,.T.);
#1815=FACE_SURFACE('',(#1814),#1812,.T.);
#1816=CARTESIAN_POINT('',(73.60650635,68.3394165,0.));
#1817=DIRECTION('',(0.,0.,-1.));
#1818=DIRECTION('',(0.99208338,0.12558092,0.));
#1819=AXIS2_PLACEMENT_3D('',#1816,#1817,#1818);
#1820=PLANE('',#1819);
#1821=POLY_LOOP('',(#71,#183,#179));
#1822=FACE_OUTER_BOUND('',#1821,.T.);
#1823=FACE_SURFACE('',(#1822),#1820,.T.);
#1824=CARTESIAN_POINT('',(73.60650635,68.3394165,0.));
#1825=DIRECTION('',(0.,0.,-1.));
#1826=DIRECTION('',(0.98865074,0.15023222,0.));
#1827=AXIS2_PLACEMENT_3D('',#1824,#1825,#1826);
#1828=PLANE('',#1827);
#1829=POLY_LOOP('',(#71,#70,#183));
#1830=FACE_OUTER_BOUND('',#1829,.T.);
#1831=FACE_SURFACE('',(#1830),#1828,.T.);
#1832=CARTESIAN_POINT('',(73.40699768,71.39581299,0.));
#1833=DIRECTION('',(0.,0.,-1.));
#1834=DIRECTION('',(0.70253603,-0.71164818,0.));
#1835=AXIS2_PLACEMENT_3D('',#1832,#1833,#1834);
#1836=PLANE('',#1835);
#1837=POLY_LOOP('',(#69,#184,#70));
#1838=FACE_OUTER_BOUND('',#1837,.T.);
#1839=FACE_SURFACE('',(#1838),#1836,.T.);
#1840=CARTESIAN_POINT('',(73.40699768,71.39581299,0.));
#1841=DIRECTION('',(0.,0.,-1.));
#1842=DIRECTION('',(0.71738871,-0.69667312,0.));
#1843=AXIS2_PLACEMENT_3D('',#1840,#1841,#1842);
#1844=PLANE('',#1843);
#1845=POLY_LOOP('',(#69,#185,#184));
#1846=FACE_OUTER_BOUND('',#1845,.T.);
#1847=FACE_SURFACE('',(#1846),#1844,.T.);
#1848=CARTESIAN_POINT('',(73.40699768,71.39581299,0.));
#1849=DIRECTION('',(0.,0.,-1.));
#1850=DIRECTION('',(0.73156332,-0.6817735,0.));
#1851=AXIS2_PLACEMENT_3D('',#1848,#1849,#1850);
#1852=PLANE('',#1851);
#1853=POLY_LOOP('',(#69,#186,#185));
#1854=FACE_OUTER_BOUND('',#1853,.T.);
#1855=FACE_SURFACE('',(#1854),#1852,.T.);
#1856=CARTESIAN_POINT('',(73.40699768,71.39581299,0.));
#1857=DIRECTION('',(0.,0.,-1.));
#1858=DIRECTION('',(0.74472903,-0.66736697,0.));
#1859=AXIS2_PLACEMENT_3D('',#1856,#1857,#1858);
#1860=PLANE('',#1859);
#1861=POLY_LOOP('',(#69,#187,#186));
#1862=FACE_OUTER_BOUND('',#1861,.T.);
#1863=FACE_SURFACE('',(#1862),#1860,.T.);
#1864=CARTESIAN_POINT('',(73.40699768,71.39581299,0.));
#1865=DIRECTION('',(0.,0.,-1.));
#1866=DIRECTION('',(0.99787554,0.06514916,0.));
#1867=AXIS2_PLACEMENT_3D('',#1864,#1865,#1866);
#1868=PLANE('',#1867);
#1869=POLY_LOOP('',(#69,#133,#187));
#1870=FACE_OUTER_BOUND('',#1869,.T.);
#1871=FACE_SURFACE('',(#1870),#1868,.T.);
#1872=CARTESIAN_POINT('',(76.20744324,68.88627625,0.));
#1873=DIRECTION('',(0.,0.,-1.));
#1874=DIRECTION('',(0.35950725,0.93314229,0.));
#1875=AXIS2_PLACEMENT_3D('',#1872,#1873,#1874);
#1876=PLANE('',#1875);
#1877=POLY_LOOP('',(#187,#133,#188));
#1878=FACE_OUTER_BOUND('',#1877,.T.);
#1879=FACE_SURFACE('',(#1878),#1876,.T.);
#1880=CARTESIAN_POINT('',(76.2817688,68.91149902,0.));
#1881=DIRECTION('',(0.,0.,-1.));
#1882=DIRECTION('',(0.3400981,0.94038996,0.));
#1883=AXIS2_PLACEMENT_3D('',#1880,#1881,#1882);
#1884=PLANE('',#1883);
#1885=POLY_LOOP('',(#188,#133,#132));
#1886=FACE_OUTER_BOUND('',#1885,.T.);
#1887=FACE_SURFACE('',(#1886),#1884,.T.);
#1888=CARTESIAN_POINT('',(77.27148438,71.64811707,0.));
#1889=DIRECTION('',(0.,0.,-1.));
#1890=DIRECTION('',(0.62340161,-0.78190181,0.));
#1891=AXIS2_PLACEMENT_3D('',#1888,#1889,#1890);
#1892=PLANE('',#1891);
#1893=POLY_LOOP('',(#133,#67,#134));
#1894=FACE_OUTER_BOUND('',#1893,.T.);
#1895=FACE_SURFACE('',(#1894),#1892,.T.);
#1896=CARTESIAN_POINT('',(77.27148438,71.64811707,0.));
#1897=DIRECTION('',(0.,0.,-1.));
#1898=DIRECTION('',(0.99923356,0.03914455,0.));
#1899=AXIS2_PLACEMENT_3D('',#1896,#1897,#1898);
#1900=PLANE('',#1899);
#1901=POLY_LOOP('',(#133,#64,#67));
#1902=FACE_OUTER_BOUND('',#1901,.T.);
#1903=FACE_SURFACE('',(#1902),#1900,.T.);
#1904=CARTESIAN_POINT('',(81.2021637,68.63638306,0.));
#1905=DIRECTION('',(0.,0.,-1.));
#1906=DIRECTION('',(-0.99257264,0.12165344,0.));
#1907=AXIS2_PLACEMENT_3D('',#1904,#1905,#1906);
#1908=PLANE('',#1907);
#1909=POLY_LOOP('',(#189,#190,#65));
#1910=FACE_OUTER_BOUND('',#1909,.T.);
#1911=FACE_SURFACE('',(#1910),#1908,.T.);
#1912=CARTESIAN_POINT('',(81.2021637,68.63638306,0.));
#1913=DIRECTION('',(0.,0.,-1.));
#1914=DIRECTION('',(-0.99603048,0.08901286,0.));
#1915=AXIS2_PLACEMENT_3D('',#1912,#1913,#1914);
#1916=PLANE('',#1915);
#1917=POLY_LOOP('',(#189,#191,#190));
#1918=FACE_OUTER_BOUND('',#1917,.T.);
#1919=FACE_SURFACE('',(#1918),#1916,.T.);
#1920=CARTESIAN_POINT('',(81.2021637,68.63638306,0.));
#1921=DIRECTION('',(0.,0.,-1.));
#1922=DIRECTION('',(-0.9988888,0.04712922,0.));
#1923=AXIS2_PLACEMENT_3D('',#1920,#1921,#1922);
#1924=PLANE('',#1923);
#1925=POLY_LOOP('',(#189,#192,#191));
#1926=FACE_OUTER_BOUND('',#1925,.T.);
#1927=FACE_SURFACE('',(#1926),#1924,.T.);
#1928=CARTESIAN_POINT('',(81.2021637,68.63638306,0.));
#1929=DIRECTION('',(0.,0.,-1.));
#1930=DIRECTION('',(-0.99999364,-0.00356511,0.));
#1931=AXIS2_PLACEMENT_3D('',#1928,#1929,#1930);
#1932=PLANE('',#1931);
#1933=POLY_LOOP('',(#189,#193,#192));
#1934=FACE_OUTER_BOUND('',#1933,.T.);
#1935=FACE_SURFACE('',(#1934),#1932,.T.);
#1936=CARTESIAN_POINT('',(81.2021637,68.63638306,0.));
#1937=DIRECTION('',(0.,0.,-1.));
#1938=DIRECTION('',(-0.99957054,-0.0293043,0.));
#1939=AXIS2_PLACEMENT_3D('',#1936,#1937,#1938);
#1940=PLANE('',#1939);
#1941=POLY_LOOP('',(#189,#194,#193));
#1942=FACE_OUTER_BOUND('',#1941,.T.);
#1943=FACE_SURFACE('',(#1942),#1940,.T.);
#1944=CARTESIAN_POINT('',(81.13578796,71.79949951,0.));
#1945=DIRECTION('',(0.,0.,-1.));
#1946=DIRECTION('',(0.02097966,-0.9997799,0.));
#1947=AXIS2_PLACEMENT_3D('',#1944,#1945,#1946);
#1948=PLANE('',#1947);
#1949=POLY_LOOP('',(#64,#189,#65));
#1950=FACE_OUTER_BOUND('',#1949,.T.);
#1951=FACE_SURFACE('',(#1950),#1948,.T.);
#1952=CARTESIAN_POINT('',(81.13578796,71.79949951,0.));
#1953=DIRECTION('',(0.,0.,-1.));
#1954=DIRECTION('',(0.7774593,-0.62893325,0.));
#1955=AXIS2_PLACEMENT_3D('',#1952,#1953,#1954);
#1956=PLANE('',#1955);
#1957=POLY_LOOP('',(#64,#181,#189));
#1958=FACE_OUTER_BOUND('',#1957,.T.);
#1959=FACE_SURFACE('',(#1958),#1956,.T.);
#1960=CARTESIAN_POINT('',(81.13578796,71.79949951,0.));
#1961=DIRECTION('',(0.,0.,-1.));
#1962=DIRECTION('',(0.9999148,0.01305344,0.));
#1963=AXIS2_PLACEMENT_3D('',#1960,#1961,#1962);
#1964=PLANE('',#1963);
#1965=POLY_LOOP('',(#64,#180,#181));
#1966=FACE_OUTER_BOUND('',#1965,.T.);
#1967=FACE_SURFACE('',(#1966),#1964,.T.);
#1968=CARTESIAN_POINT('',(100.45715332,71.04263306,0.));
#1969=DIRECTION('',(0.,0.,-1.));
#1970=DIRECTION('',(-0.83260781,-0.55386301,0.));
#1971=AXIS2_PLACEMENT_3D('',#1968,#1969,#1970);
#1972=PLANE('',#1971);
#1973=POLY_LOOP('',(#195,#55,#54));
#1974=FACE_OUTER_BOUND('',#1973,.T.);
#1975=FACE_SURFACE('',(#1974),#1972,.T.);
#1976=CARTESIAN_POINT('',(85.,68.67350769,0.));
#1977=DIRECTION('',(0.,0.,-1.));
#1978=DIRECTION('',(0.77745809,0.62893475,0.));
#1979=AXIS2_PLACEMENT_3D('',#1976,#1977,#1978);
#1980=PLANE('',#1979);
#1981=POLY_LOOP('',(#181,#59,#61));
#1982=FACE_OUTER_BOUND('',#1981,.T.);
#1983=FACE_SURFACE('',(#1982),#1980,.T.);
#1984=CARTESIAN_POINT('',(90.26292419,68.8515625,0.));
#1985=DIRECTION('',(0.,0.,-1.));
#1986=DIRECTION('',(-0.83145165,-0.55559711,0.));
#1987=AXIS2_PLACEMENT_3D('',#1984,#1985,#1986);
#1988=PLANE('',#1987);
#1989=POLY_LOOP('',(#60,#196,#61));
#1990=FACE_OUTER_BOUND('',#1989,.T.);
#1991=FACE_SURFACE('',(#1990),#1988,.T.);
#1992=CARTESIAN_POINT('',(92.72850037,71.64811707,0.));
#1993=DIRECTION('',(0.,0.,-1.));
#1994=DIRECTION('',(-0.62340161,-0.78190181,0.));
#1995=AXIS2_PLACEMENT_3D('',#1992,#1993,#1994);
#1996=PLANE('',#1995);
#1997=POLY_LOOP('',(#57,#197,#59));
#1998=FACE_OUTER_BOUND('',#1997,.T.);
#1999=FACE_SURFACE('',(#1998),#1996,.T.);
#2000=CARTESIAN_POINT('',(92.72850037,71.64811707,0.));
#2001=DIRECTION('',(0.,0.,-1.));
#2002=DIRECTION('',(0.3400981,-0.94038996,0.));
#2003=AXIS2_PLACEMENT_3D('',#2000,#2001,#2002);
#2004=PLANE('',#2003);
#2005=POLY_LOOP('',(#57,#198,#199));
#2006=FACE_OUTER_BOUND('',#2005,.T.);
#2007=FACE_SURFACE('',(#2006),#2004,.T.);
#2008=CARTESIAN_POINT('',(90.08691406,68.69720459,0.));
#2009=DIRECTION('',(0.,0.,-1.));
#2010=DIRECTION('',(-0.55559711,-0.83145165,0.));
#2011=AXIS2_PLACEMENT_3D('',#2008,#2009,#2010);
#2012=PLANE('',#2011);
#2013=POLY_LOOP('',(#200,#62,#61));
#2014=FACE_OUTER_BOUND('',#2013,.T.);
#2015=FACE_SURFACE('',(#2014),#2012,.T.);
#2016=CARTESIAN_POINT('',(90.56292725,68.9319458,0.));
#2017=DIRECTION('',(0.,0.,-1.));
#2018=DIRECTION('',(-0.99785174,-0.06551257,0.));
#2019=AXIS2_PLACEMENT_3D('',#2016,#2017,#2018);
#2020=PLANE('',#2019);
#2021=POLY_LOOP('',(#197,#201,#59));
#2022=FACE_OUTER_BOUND('',#2021,.T.);
#2023=FACE_SURFACE('',(#2022),#2020,.T.);
#2024=CARTESIAN_POINT('',(90.13865662,68.75621033,0.));
#2025=DIRECTION('',(0.,0.,-1.));
#2026=DIRECTION('',(-0.65931636,-0.75186564,0.));
#2027=AXIS2_PLACEMENT_3D('',#2024,#2025,#2026);
#2028=PLANE('',#2027);
#2029=POLY_LOOP('',(#202,#200,#61));
#2030=FACE_OUTER_BOUND('',#2029,.T.);
#2031=FACE_SURFACE('',(#2030),#2028,.T.);
#2032=CARTESIAN_POINT('',(90.19766235,68.80795288,0.));
#2033=DIRECTION('',(0.,0.,-1.));
#2034=DIRECTION('',(-0.75186564,-0.65931636,0.));
#2035=AXIS2_PLACEMENT_3D('',#2032,#2033,#2034);
#2036=PLANE('',#2035);
#2037=POLY_LOOP('',(#196,#202,#61));
#2038=FACE_OUTER_BOUND('',#2037,.T.);
#2039=FACE_SURFACE('',(#2038),#2036,.T.);
#2040=CARTESIAN_POINT('',(88.86419678,71.79949951,0.));
#2041=DIRECTION('',(0.,0.,-1.));
#2042=DIRECTION('',(0.45027704,-0.8928889,0.));
#2043=AXIS2_PLACEMENT_3D('',#2040,#2041,#2042);
#2044=PLANE('',#2043);
#2045=POLY_LOOP('',(#59,#203,#60));
#2046=FACE_OUTER_BOUND('',#2045,.T.);
#2047=FACE_SURFACE('',(#2046),#2044,.T.);
#2048=CARTESIAN_POINT('',(88.86419678,71.79949951,0.));
#2049=DIRECTION('',(0.,0.,-1.));
#2050=DIRECTION('',(0.4713429,-0.88195004,0.));
#2051=AXIS2_PLACEMENT_3D('',#2048,#2049,#2050);
#2052=PLANE('',#2051);
#2053=POLY_LOOP('',(#59,#204,#203));
#2054=FACE_OUTER_BOUND('',#2053,.T.);
#2055=FACE_SURFACE('',(#2054),#2052,.T.);
#2056=CARTESIAN_POINT('',(88.86419678,71.79949951,0.));
#2057=DIRECTION('',(0.,0.,-1.));
#2058=DIRECTION('',(0.49130094,-0.87098989,0.));
#2059=AXIS2_PLACEMENT_3D('',#2056,#2057,#2058);
#2060=PLANE('',#2059);
#2061=POLY_LOOP('',(#59,#201,#204));
#2062=FACE_OUTER_BOUND('',#2061,.T.);
#2063=FACE_SURFACE('',(#2062),#2060,.T.);
#2064=CARTESIAN_POINT('',(93.56292725,68.9319458,0.));
#2065=DIRECTION('',(0.,0.,-1.));
#2066=DIRECTION('',(-1.,0.,0.));
#2067=AXIS2_PLACEMENT_3D('',#2064,#2065,#2066);
#2068=PLANE('',#2067);
#2069=POLY_LOOP('',(#205,#197,#57));
#2070=FACE_OUTER_BOUND('',#2069,.T.);
#2071=FACE_SURFACE('',(#2070),#2068,.T.);
#2072=CARTESIAN_POINT('',(93.64123535,68.92680359,0.));
#2073=DIRECTION('',(0.,0.,-1.));
#2074=DIRECTION('',(-0.99785091,0.06552528,0.));
#2075=AXIS2_PLACEMENT_3D('',#2072,#2073,#2074);
#2076=PLANE('',#2075);
#2077=POLY_LOOP('',(#199,#205,#57));
#2078=FACE_OUTER_BOUND('',#2077,.T.);
#2079=FACE_SURFACE('',(#2078),#2076,.T.);
#2080=CARTESIAN_POINT('',(92.72850037,71.64811707,0.));
#2081=DIRECTION('',(0.,0.,-1.));
#2082=DIRECTION('',(0.35950725,-0.93314229,0.));
#2083=AXIS2_PLACEMENT_3D('',#2080,#2081,#2082);
#2084=PLANE('',#2083);
#2085=POLY_LOOP('',(#57,#58,#198));
#2086=FACE_OUTER_BOUND('',#2085,.T.);
#2087=FACE_SURFACE('',(#2086),#2084,.T.);
#2088=CARTESIAN_POINT('',(100.45715332,71.04263306,0.));
#2089=DIRECTION('',(0.,0.,-1.));
#2090=DIRECTION('',(-0.08937445,-0.9959981,0.));
#2091=AXIS2_PLACEMENT_3D('',#2088,#2089,#2090);
#2092=PLANE('',#2091);
#2093=POLY_LOOP('',(#195,#206,#55));
#2094=FACE_OUTER_BOUND('',#2093,.T.);
#2095=FACE_SURFACE('',(#2094),#2092,.T.);
#2096=CARTESIAN_POINT('',(96.59298706,71.39581299,0.));
#2097=DIRECTION('',(0.,0.,-1.));
#2098=DIRECTION('',(-0.73156332,-0.6817735,0.));
#2099=AXIS2_PLACEMENT_3D('',#2096,#2097,#2098);
#2100=PLANE('',#2099);
#2101=POLY_LOOP('',(#54,#207,#58));
#2102=FACE_OUTER_BOUND('',#2101,.T.);
#2103=FACE_SURFACE('',(#2102),#2100,.T.);
#2104=CARTESIAN_POINT('',(96.59298706,71.39581299,0.));
#2105=DIRECTION('',(0.,0.,-1.));
#2106=DIRECTION('',(-0.71738871,-0.69667312,0.));
#2107=AXIS2_PLACEMENT_3D('',#2104,#2105,#2106);
#2108=PLANE('',#2107);
#2109=POLY_LOOP('',(#54,#208,#207));
#2110=FACE_OUTER_BOUND('',#2109,.T.);
#2111=FACE_SURFACE('',(#2110),#2108,.T.);
#2112=CARTESIAN_POINT('',(96.59298706,71.39581299,0.));
#2113=DIRECTION('',(0.,0.,-1.));
#2114=DIRECTION('',(-0.70253603,-0.71164818,0.));
#2115=AXIS2_PLACEMENT_3D('',#2112,#2113,#2114);
#2116=PLANE('',#2115);
#2117=POLY_LOOP('',(#54,#209,#208));
#2118=FACE_OUTER_BOUND('',#2117,.T.);
#2119=FACE_SURFACE('',(#2118),#2116,.T.);
#2120=CARTESIAN_POINT('',(96.59298706,71.39581299,0.));
#2121=DIRECTION('',(0.,0.,-1.));
#2122=DIRECTION('',(-0.68738575,-0.72629252,0.));
#2123=AXIS2_PLACEMENT_3D('',#2120,#2121,#2122);
#2124=PLANE('',#2123);
#2125=POLY_LOOP('',(#54,#56,#209));
#2126=FACE_OUTER_BOUND('',#2125,.T.);
#2127=FACE_SURFACE('',(#2126),#2124,.T.);
#2128=CARTESIAN_POINT('',(96.39347839,68.3394165,0.));
#2129=DIRECTION('',(0.,0.,-1.));
#2130=DIRECTION('',(-0.99208338,0.12558092,0.));
#2131=AXIS2_PLACEMENT_3D('',#2128,#2129,#2130);
#2132=PLANE('',#2131);
#2133=POLY_LOOP('',(#55,#210,#56));
#2134=FACE_OUTER_BOUND('',#2133,.T.);
#2135=FACE_SURFACE('',(#2134),#2132,.T.);
#2136=CARTESIAN_POINT('',(96.39347839,68.3394165,0.));
#2137=DIRECTION('',(0.,0.,-1.));
#2138=DIRECTION('',(-0.99527183,0.09712866,0.));
#2139=AXIS2_PLACEMENT_3D('',#2136,#2137,#2138);
#2140=PLANE('',#2139);
#2141=POLY_LOOP('',(#55,#211,#210));
#2142=FACE_OUTER_BOUND('',#2141,.T.);
#2143=FACE_SURFACE('',(#2142),#2140,.T.);
#2144=CARTESIAN_POINT('',(96.39347839,68.3394165,0.));
#2145=DIRECTION('',(0.,0.,-1.));
#2146=DIRECTION('',(-0.99785099,0.06552411,0.));
#2147=AXIS2_PLACEMENT_3D('',#2144,#2145,#2146);
#2148=PLANE('',#2147);
#2149=POLY_LOOP('',(#55,#212,#211));
#2150=FACE_OUTER_BOUND('',#2149,.T.);
#2151=FACE_SURFACE('',(#2150),#2148,.T.);
#2152=CARTESIAN_POINT('',(96.39347839,68.3394165,0.));
#2153=DIRECTION('',(0.,0.,-1.));
#2154=DIRECTION('',(-0.99880802,0.04881132,0.));
#2155=AXIS2_PLACEMENT_3D('',#2152,#2153,#2154);
#2156=PLANE('',#2155);
#2157=POLY_LOOP('',(#55,#213,#212));
#2158=FACE_OUTER_BOUND('',#2157,.T.);
#2159=FACE_SURFACE('',(#2158),#2156,.T.);
#2160=CARTESIAN_POINT('',(100.45715332,71.04263306,0.));
#2161=DIRECTION('',(0.,0.,-1.));
#2162=DIRECTION('',(0.7309828,-0.68239589,0.));
#2163=AXIS2_PLACEMENT_3D('',#2160,#2161,#2162);
#2164=PLANE('',#2163);
#2165=POLY_LOOP('',(#195,#214,#206));
#2166=FACE_OUTER_BOUND('',#2165,.T.);
#2167=FACE_SURFACE('',(#2166),#2164,.T.);
#2168=CARTESIAN_POINT('',(100.45715332,71.04263306,0.));
#2169=DIRECTION('',(0.,0.,-1.));
#2170=DIRECTION('',(0.99316567,-0.11671315,0.));
#2171=AXIS2_PLACEMENT_3D('',#2168,#2169,#2170);
#2172=PLANE('',#2171);
#2173=POLY_LOOP('',(#195,#53,#214));
#2174=FACE_OUTER_BOUND('',#2173,.T.);
#2175=FACE_SURFACE('',(#2174),#2172,.T.);
#2176=CARTESIAN_POINT('',(103.98902893,67.74551392,0.));
#2177=DIRECTION('',(0.,0.,-1.));
#2178=DIRECTION('',(0.11622263,0.99322319,0.));
#2179=AXIS2_PLACEMENT_3D('',#2176,#2177,#2178);
#2180=PLANE('',#2179);
#2181=POLY_LOOP('',(#214,#53,#52));
#2182=FACE_OUTER_BOUND('',#2181,.T.);
#2183=FACE_SURFACE('',(#2182),#2180,.T.);
#2184=CARTESIAN_POINT('',(105.45835876,67.58753967,0.));
#2185=DIRECTION('',(0.,0.,-1.));
#2186=DIRECTION('',(0.74461997,0.66748865,0.));
#2187=AXIS2_PLACEMENT_3D('',#2184,#2185,#2186);
#2188=PLANE('',#2187);
#2189=POLY_LOOP('',(#52,#47,#50));
#2190=FACE_OUTER_BOUND('',#2189,.T.);
#2191=FACE_SURFACE('',(#2190),#2188,.T.);
#2192=CARTESIAN_POINT('',(108.18678284,70.03334045,0.));
#2193=DIRECTION('',(0.,0.,-1.));
#2194=DIRECTION('',(-0.1376325,-0.99048336,0.));
#2195=AXIS2_PLACEMENT_3D('',#2192,#2193,#2194);
#2196=PLANE('',#2195);
#2197=POLY_LOOP('',(#47,#215,#51));
#2198=FACE_OUTER_BOUND('',#2197,.T.);
#2199=FACE_SURFACE('',(#2198),#2196,.T.);
#2200=CARTESIAN_POINT('',(108.18678284,70.03334045,0.));
#2201=DIRECTION('',(0.,0.,-1.));
#2202=DIRECTION('',(-0.10710265,-0.99424797,0.));
#2203=AXIS2_PLACEMENT_3D('',#2200,#2201,#2202);
#2204=PLANE('',#2203);
#2205=POLY_LOOP('',(#47,#216,#215));
#2206=FACE_OUTER_BOUND('',#2205,.T.);
#2207=FACE_SURFACE('',(#2206),#2204,.T.);
#2208=CARTESIAN_POINT('',(108.18678284,70.03334045,0.));
#2209=DIRECTION('',(0.,0.,-1.));
#2210=DIRECTION('',(-0.07813867,-0.9969425,0.));
#2211=AXIS2_PLACEMENT_3D('',#2208,#2209,#2210);
#2212=PLANE('',#2211);
#2213=POLY_LOOP('',(#47,#217,#216));
#2214=FACE_OUTER_BOUND('',#2213,.T.);
#2215=FACE_SURFACE('',(#2214),#2212,.T.);
#2216=CARTESIAN_POINT('',(108.18678284,70.03334045,0.));
#2217=DIRECTION('',(0.,0.,-1.));
#2218=DIRECTION('',(-0.05158371,-0.99866867,0.));
#2219=AXIS2_PLACEMENT_3D('',#2216,#2217,#2218);
#2220=PLANE('',#2219);
#2221=POLY_LOOP('',(#47,#218,#217));
#2222=FACE_OUTER_BOUND('',#2221,.T.);
#2223=FACE_SURFACE('',(#2222),#2220,.T.);
#2224=CARTESIAN_POINT('',(108.18678284,70.03334045,0.));
#2225=DIRECTION('',(0.,0.,-1.));
#2226=DIRECTION('',(-0.02811379,-0.99960473,0.));
#2227=AXIS2_PLACEMENT_3D('',#2224,#2225,#2226);
#2228=PLANE('',#2227);
#2229=POLY_LOOP('',(#47,#219,#218));
#2230=FACE_OUTER_BOUND('',#2229,.T.);
#2231=FACE_SURFACE('',(#2230),#2228,.T.);
#2232=CARTESIAN_POINT('',(108.18678284,70.03334045,0.));
#2233=DIRECTION('',(0.,0.,-1.));
#2234=DIRECTION('',(-0.00819682,-0.99996641,0.));
#2235=AXIS2_PLACEMENT_3D('',#2232,#2233,#2234);
#2236=PLANE('',#2235);
#2237=POLY_LOOP('',(#47,#49,#219));
#2238=FACE_OUTER_BOUND('',#2237,.T.);
#2239=FACE_SURFACE('',(#2238),#2236,.T.);
#2240=CARTESIAN_POINT('',(112.05110168,69.37739563,0.));
#2241=DIRECTION('',(0.,0.,-1.));
#2242=DIRECTION('',(-0.87848668,-0.47776685,0.));
#2243=AXIS2_PLACEMENT_3D('',#2240,#2241,#2242);
#2244=PLANE('',#2243);
#2245=POLY_LOOP('',(#48,#220,#49));
#2246=FACE_OUTER_BOUND('',#2245,.T.);
#2247=FACE_SURFACE('',(#2246),#2244,.T.);
#2248=CARTESIAN_POINT('',(111.58444214,66.85464478,0.));
#2249=DIRECTION('',(0.,0.,-1.));
#2250=DIRECTION('',(-0.99202327,0.12605488,0.));
#2251=AXIS2_PLACEMENT_3D('',#2248,#2249,#2250);
#2252=PLANE('',#2251);
#2253=POLY_LOOP('',(#221,#222,#220));
#2254=FACE_OUTER_BOUND('',#2253,.T.);
#2255=FACE_SURFACE('',(#2254),#2252,.T.);
#2256=CARTESIAN_POINT('',(112.05110168,69.37739563,0.));
#2257=DIRECTION('',(0.,0.,-1.));
#2258=DIRECTION('',(-0.1818946,-0.98331803,0.));
#2259=AXIS2_PLACEMENT_3D('',#2256,#2257,#2258);
#2260=PLANE('',#2259);
#2261=POLY_LOOP('',(#48,#221,#220));
#2262=FACE_OUTER_BOUND('',#2261,.T.);
#2263=FACE_SURFACE('',(#2262),#2260,.T.);
#2264=CARTESIAN_POINT('',(112.05110168,69.37739563,0.));
#2265=DIRECTION('',(0.,0.,-1.));
#2266=DIRECTION('',(0.73427656,-0.67885045,0.));
#2267=AXIS2_PLACEMENT_3D('',#2264,#2265,#2266);
#2268=PLANE('',#2267);
#2269=POLY_LOOP('',(#48,#223,#221));
#2270=FACE_OUTER_BOUND('',#2269,.T.);
#2271=FACE_SURFACE('',(#2270),#2268,.T.);
#2272=CARTESIAN_POINT('',(112.05110168,69.37739563,0.));
#2273=DIRECTION('',(0.,0.,-1.));
#2274=DIRECTION('',(0.98135492,-0.19220435,0.));
#2275=AXIS2_PLACEMENT_3D('',#2272,#2273,#2274);
#2276=PLANE('',#2275);
#2277=POLY_LOOP('',(#48,#224,#223));
#2278=FACE_OUTER_BOUND('',#2277,.T.);
#2279=FACE_SURFACE('',(#2278),#2276,.T.);
#2280=CARTESIAN_POINT('',(115.38206482,66.29786682,0.));
#2281=DIRECTION('',(0.,0.,-1.));
#2282=DIRECTION('',(0.22403361,0.97458142,0.));
#2283=AXIS2_PLACEMENT_3D('',#2280,#2281,#2282);
#2284=PLANE('',#2283);
#2285=POLY_LOOP('',(#223,#224,#45));
#2286=FACE_OUTER_BOUND('',#2285,.T.);
#2287=FACE_SURFACE('',(#2286),#2284,.T.);
#2288=CARTESIAN_POINT('',(119.17962646,65.66687012,0.));
#2289=DIRECTION('',(0.,0.,-1.));
#2290=DIRECTION('',(-0.74145266,0.67100518,0.));
#2291=AXIS2_PLACEMENT_3D('',#2288,#2289,#2290);
#2292=PLANE('',#2291);
#2293=POLY_LOOP('',(#45,#224,#46));
#2294=FACE_OUTER_BOUND('',#2293,.T.);
#2295=FACE_SURFACE('',(#2294),#2292,.T.);
#2296=CARTESIAN_POINT('',(122.97712708,64.9616394,0.));
#2297=DIRECTION('',(0.,0.,-1.));
#2298=DIRECTION('',(-0.75211681,0.65902983,0.));
#2299=AXIS2_PLACEMENT_3D('',#2296,#2297,#2298);
#2300=PLANE('',#2299);
#2301=POLY_LOOP('',(#43,#46,#44));
#2302=FACE_OUTER_BOUND('',#2301,.T.);
#2303=FACE_SURFACE('',(#2302),#2300,.T.);
#2304=CARTESIAN_POINT('',(126.77456665,64.18217468,0.));
#2305=DIRECTION('',(0.,0.,-1.));
#2306=DIRECTION('',(-0.76643984,0.6423161,0.));
#2307=AXIS2_PLACEMENT_3D('',#2304,#2305,#2306);
#2308=PLANE('',#2307);
#2309=POLY_LOOP('',(#41,#44,#42));
#2310=FACE_OUTER_BOUND('',#2309,.T.);
#2311=FACE_SURFACE('',(#2310),#2308,.T.);
#2312=CARTESIAN_POINT('',(130.57191467,63.32850647,0.));
#2313=DIRECTION('',(0.,0.,-1.));
#2314=DIRECTION('',(-0.78498645,0.61951293,0.));
#2315=AXIS2_PLACEMENT_3D('',#2312,#2313,#2314);
#2316=PLANE('',#2315);
#2317=POLY_LOOP('',(#39,#42,#40));
#2318=FACE_OUTER_BOUND('',#2317,.T.);
#2319=FACE_SURFACE('',(#2318),#2316,.T.);
#2320=CARTESIAN_POINT('',(134.3691864,62.40063477,0.));
#2321=DIRECTION('',(0.,0.,-1.));
#2322=DIRECTION('',(-0.80792971,0.58927887,0.));
#2323=AXIS2_PLACEMENT_3D('',#2320,#2321,#2322);
#2324=PLANE('',#2323);
#2325=POLY_LOOP('',(#38,#40,#37));
#2326=FACE_OUTER_BOUND('',#2325,.T.);
#2327=FACE_SURFACE('',(#2326),#2324,.T.);
#2328=CARTESIAN_POINT('',(138.16638184,61.39855957,0.));
#2329=DIRECTION('',(0.,0.,-1.));
#2330=DIRECTION('',(-0.966898,0.25516319,0.));
#2331=AXIS2_PLACEMENT_3D('',#2328,#2329,#2330);
#2332=PLANE('',#2331);
#2333=POLY_LOOP('',(#36,#38,#37));
#2334=FACE_OUTER_BOUND('',#2333,.T.);
#2335=FACE_SURFACE('',(#2334),#2332,.T.);
#2336=CARTESIAN_POINT('',(141.96347046,60.32228088,0.));
#2337=DIRECTION('',(0.,0.,-1.));
#2338=DIRECTION('',(-0.96209769,0.27270505,0.));
#2339=AXIS2_PLACEMENT_3D('',#2336,#2337,#2338);
#2340=PLANE('',#2339);
#2341=POLY_LOOP('',(#25,#36,#23));
#2342=FACE_OUTER_BOUND('',#2341,.T.);
#2343=FACE_SURFACE('',(#2342),#2340,.T.);
#2344=CARTESIAN_POINT('',(43.68690491,10.02926636,0.));
#2345=DIRECTION('',(0.,0.,-1.));
#2346=DIRECTION('',(-0.92781052,-0.37305179,0.));
#2347=AXIS2_PLACEMENT_3D('',#2344,#2345,#2346);
#2348=PLANE('',#2347);
#2349=POLY_LOOP('',(#225,#226,#227));
#2350=FACE_OUTER_BOUND('',#2349,.T.);
#2351=FACE_SURFACE('',(#2350),#2348,.T.);
#2352=CARTESIAN_POINT('',(141.96347046,60.32228088,0.));
#2353=DIRECTION('',(0.,0.,-1.));
#2354=DIRECTION('',(0.98595627,0.16700367,0.));
#2355=AXIS2_PLACEMENT_3D('',#2352,#2353,#2354);
#2356=PLANE('',#2355);
#2357=POLY_LOOP('',(#25,#24,#33));
#2358=FACE_OUTER_BOUND('',#2357,.T.);
#2359=FACE_SURFACE('',(#2358),#2356,.T.);
#2360=CARTESIAN_POINT('',(146.84266663,58.92851257,0.));
#2361=DIRECTION('',(0.,0.,-1.));
#2362=DIRECTION('',(-0.9729741,0.23091427,0.));
#2363=AXIS2_PLACEMENT_3D('',#2360,#2361,#2362);
#2364=PLANE('',#2363);
#2365=POLY_LOOP('',(#34,#33,#24));
#2366=FACE_OUTER_BOUND('',#2365,.T.);
#2367=FACE_SURFACE('',(#2366),#2364,.T.);
#2368=CARTESIAN_POINT('',(150.70941162,57.26237488,0.));
#2369=DIRECTION('',(0.,0.,-1.));
#2370=DIRECTION('',(-0.93612126,0.35167738,0.));
#2371=AXIS2_PLACEMENT_3D('',#2368,#2369,#2370);
#2372=PLANE('',#2371);
#2373=POLY_LOOP('',(#32,#35,#34));
#2374=FACE_OUTER_BOUND('',#2373,.T.);
#2375=FACE_SURFACE('',(#2374),#2372,.T.);
#2376=CARTESIAN_POINT('',(150.62902832,57.07922363,0.));
#2377=DIRECTION('',(0.,0.,-1.));
#2378=DIRECTION('',(0.92806144,-0.37242711,0.));
#2379=AXIS2_PLACEMENT_3D('',#2376,#2377,#2378);
#2380=PLANE('',#2379);
#2381=POLY_LOOP('',(#31,#30,#29));
#2382=FACE_OUTER_BOUND('',#2381,.T.);
#2383=FACE_SURFACE('',(#2382),#2380,.T.);
#2384=CARTESIAN_POINT('',(139.51765442,13.57699585,0.));
#2385=DIRECTION('',(0.,0.,-1.));
#2386=DIRECTION('',(0.55556828,-0.83147092,0.));
#2387=AXIS2_PLACEMENT_3D('',#2384,#2385,#2386);
#2388=PLANE('',#2387);
#2389=POLY_LOOP('',(#228,#229,#230));
#2390=FACE_OUTER_BOUND('',#2389,.T.);
#2391=FACE_SURFACE('',(#2390),#2388,.T.);
#2392=CARTESIAN_POINT('',(154.57635498,55.49517822,0.));
#2393=DIRECTION('',(0.,0.,-1.));
#2394=DIRECTION('',(0.90042465,-0.435012,0.));
#2395=AXIS2_PLACEMENT_3D('',#2392,#2393,#2394);
#2396=PLANE('',#2395);
#2397=POLY_LOOP('',(#30,#27,#26));
#2398=FACE_OUTER_BOUND('',#2397,.T.);
#2399=FACE_SURFACE('',(#2398),#2396,.T.);
#2400=CARTESIAN_POINT('',(158.4440918,53.62660217,0.));
#2401=DIRECTION('',(0.,0.,-1.));
#2402=DIRECTION('',(0.89111117,-0.45378505,0.));
#2403=AXIS2_PLACEMENT_3D('',#2400,#2401,#2402);
#2404=PLANE('',#2403);
#2405=POLY_LOOP('',(#27,#231,#28));
#2406=FACE_OUTER_BOUND('',#2405,.T.);
#2407=FACE_SURFACE('',(#2406),#2404,.T.);
#2408=CARTESIAN_POINT('',(161.16999817,52.01403809,0.));
#2409=DIRECTION('',(0.,0.,-1.));
#2410=DIRECTION('',(0.96785575,-0.25150597,0.));
#2411=AXIS2_PLACEMENT_3D('',#2408,#2409,#2410);
#2412=PLANE('',#2411);
#2413=POLY_LOOP('',(#28,#231,#20));
#2414=FACE_OUTER_BOUND('',#2413,.T.);
#2415=FACE_SURFACE('',(#2414),#2412,.T.);
#2416=CARTESIAN_POINT('',(158.88360596,11.97259521,0.));
#2417=DIRECTION('',(0.,0.,-1.));
#2418=DIRECTION('',(0.41384893,0.91034557,0.));
#2419=AXIS2_PLACEMENT_3D('',#2416,#2417,#2418);
#2420=PLANE('',#2419);
#2421=POLY_LOOP('',(#232,#22,#233));
#2422=FACE_OUTER_BOUND('',#2421,.T.);
#2423=FACE_SURFACE('',(#2422),#2420,.T.);
#2424=CARTESIAN_POINT('',(127.84629822,11.21492004,0.));
#2425=DIRECTION('',(0.,0.,-1.));
#2426=DIRECTION('',(0.98311316,0.18299865,0.));
#2427=AXIS2_PLACEMENT_3D('',#2424,#2425,#2426);
#2428=PLANE('',#2427);
#2429=POLY_LOOP('',(#230,#229,#234));
#2430=FACE_OUTER_BOUND('',#2429,.T.);
#2431=FACE_SURFACE('',(#2430),#2428,.T.);
#2432=CARTESIAN_POINT('',(162.06999207,19.79399109,0.));
#2433=DIRECTION('',(0.,0.,-1.));
#2434=DIRECTION('',(-0.30680094,-0.9517737,0.));
#2435=AXIS2_PLACEMENT_3D('',#2432,#2433,#2434);
#2436=PLANE('',#2435);
#2437=POLY_LOOP('',(#20,#22,#28));
#2438=FACE_OUTER_BOUND('',#2437,.T.);
#2439=FACE_SURFACE('',(#2438),#2436,.T.);
#2440=CARTESIAN_POINT('',(139.6302948,4.14356995,0.));
#2441=DIRECTION('',(0.,0.,-1.));
#2442=DIRECTION('',(-0.55556828,-0.83147092,0.));
#2443=AXIS2_PLACEMENT_3D('',#2440,#2441,#2442);
#2444=PLANE('',#2443);
#2445=POLY_LOOP('',(#235,#236,#237));
#2446=FACE_OUTER_BOUND('',#2445,.T.);
#2447=FACE_SURFACE('',(#2446),#2444,.T.);
#2448=CARTESIAN_POINT('',(126.71434021,10.08296204,0.));
#2449=DIRECTION('',(0.,0.,-1.));
#2450=DIRECTION('',(0.94693474,0.32142587,0.));
#2451=AXIS2_PLACEMENT_3D('',#2448,#2449,#2450);
#2452=PLANE('',#2451);
#2453=POLY_LOOP('',(#238,#239,#240));
#2454=FACE_OUTER_BOUND('',#2453,.T.);
#2455=FACE_SURFACE('',(#2454),#2452,.T.);
#2456=CARTESIAN_POINT('',(143.69624329,7.21925354,0.));
#2457=DIRECTION('',(0.,0.,-1.));
#2458=DIRECTION('',(0.19508347,-0.98078664,0.));
#2459=AXIS2_PLACEMENT_3D('',#2456,#2457,#2458);
#2460=PLANE('',#2459);
#2461=POLY_LOOP('',(#241,#242,#243));
#2462=FACE_OUTER_BOUND('',#2461,.T.);
#2463=FACE_SURFACE('',(#2462),#2460,.T.);
#2464=CARTESIAN_POINT('',(139.76397705,2.10397339,0.));
#2465=DIRECTION('',(0.,0.,-1.));
#2466=DIRECTION('',(-0.86157008,0.50763865,0.));
#2467=AXIS2_PLACEMENT_3D('',#2464,#2465,#2466);
#2468=PLANE('',#2467);
#2469=POLY_LOOP('',(#244,#245,#246));
#2470=FACE_OUTER_BOUND('',#2469,.T.);
#2471=FACE_SURFACE('',(#2470),#2468,.T.);
#2472=CARTESIAN_POINT('',(141.45315552,4.63200378,0.));
#2473=DIRECTION('',(0.,0.,-1.));
#2474=DIRECTION('',(0.75473057,0.65603488,0.));
#2475=AXIS2_PLACEMENT_3D('',#2472,#2473,#2474);
#2476=PLANE('',#2475);
#2477=POLY_LOOP('',(#247,#242,#248));
#2478=FACE_OUTER_BOUND('',#2477,.T.);
#2479=FACE_SURFACE('',(#2478),#2476,.T.);
#2480=CARTESIAN_POINT('',(139.51765442,3.97499084,0.));
#2481=DIRECTION('',(0.,0.,-1.));
#2482=DIRECTION('',(-0.44229995,-0.89686719,0.));
#2483=AXIS2_PLACEMENT_3D('',#2480,#2481,#2482);
#2484=PLANE('',#2483);
#2485=POLY_LOOP('',(#236,#249,#250));
#2486=FACE_OUTER_BOUND('',#2485,.T.);
#2487=FACE_SURFACE('',(#2486),#2484,.T.);
#2488=CARTESIAN_POINT('',(139.91641235,1.97029114,0.));
#2489=DIRECTION('',(0.,0.,-1.));
#2490=DIRECTION('',(-0.99651152,0.08345529,0.));
#2491=AXIS2_PLACEMENT_3D('',#2488,#2489,#2490);
#2492=PLANE('',#2491);
#2493=POLY_LOOP('',(#251,#225,#245));
#2494=FACE_OUTER_BOUND('',#2493,.T.);
#2495=FACE_SURFACE('',(#2494),#2492,.T.);
#2496=CARTESIAN_POINT('',(127.7789917,11.01663208,0.));
#2497=DIRECTION('',(0.,0.,-1.));
#2498=DIRECTION('',(0.86505316,-0.5016802,0.));
#2499=AXIS2_PLACEMENT_3D('',#2496,#2497,#2498);
#2500=PLANE('',#2499);
#2501=POLY_LOOP('',(#234,#235,#237));
#2502=FACE_OUTER_BOUND('',#2501,.T.);
#2503=FACE_SURFACE('',(#2502),#2500,.T.);
#2504=CARTESIAN_POINT('',(139.76397705,13.25598145,0.));
#2505=DIRECTION('',(0.,0.,-1.));
#2506=DIRECTION('',(0.,-1.,0.));
#2507=AXIS2_PLACEMENT_3D('',#2504,#2505,#2506);
#2508=PLANE('',#2507);
#2509=POLY_LOOP('',(#252,#253,#229));
#2510=FACE_OUTER_BOUND('',#2509,.T.);
#2511=FACE_SURFACE('',(#2510),#2508,.T.);
#2512=CARTESIAN_POINT('',(144.22758484,5.65394592,0.));
#2513=DIRECTION('',(0.,0.,-1.));
#2514=DIRECTION('',(-0.8167384,-0.57700814,0.));
#2515=AXIS2_PLACEMENT_3D('',#2512,#2513,#2514);
#2516=PLANE('',#2515);
#2517=POLY_LOOP('',(#254,#255,#256));
#2518=FACE_OUTER_BOUND('',#2517,.T.);
#2519=FACE_SURFACE('',(#2518),#2516,.T.);
#2520=CARTESIAN_POINT('',(142.29200745,3.79315186,0.));
#2521=DIRECTION('',(0.,0.,-1.));
#2522=DIRECTION('',(0.84836505,0.52941169,0.));
#2523=AXIS2_PLACEMENT_3D('',#2520,#2521,#2522);
#2524=PLANE('',#2523);
#2525=POLY_LOOP('',(#257,#258,#259));
#2526=FACE_OUTER_BOUND('',#2525,.T.);
#2527=FACE_SURFACE('',(#2526),#2524,.T.);
#2528=CARTESIAN_POINT('',(21.92498779,13.00965881,0.));
#2529=DIRECTION('',(0.,0.,-1.));
#2530=DIRECTION('',(0.89686719,-0.44229995,0.));
#2531=AXIS2_PLACEMENT_3D('',#2528,#2529,#2530);
#2532=PLANE('',#2531);
#2533=POLY_LOOP('',(#260,#261,#262));
#2534=FACE_OUTER_BOUND('',#2533,.T.);
#2535=FACE_SURFACE('',(#2534),#2532,.T.);
#2536=CARTESIAN_POINT('',(21.92498779,4.54232788,0.));
#2537=DIRECTION('',(0.,0.,-1.));
#2538=DIRECTION('',(-0.83147092,-0.55556828,0.));
#2539=AXIS2_PLACEMENT_3D('',#2536,#2537,#2538);
#2540=PLANE('',#2539);
#2541=POLY_LOOP('',(#263,#264,#148));
#2542=FACE_OUTER_BOUND('',#2541,.T.);
#2543=FACE_SURFACE('',(#2542),#2540,.T.);
#2544=CARTESIAN_POINT('',(21.92498779,13.00965881,0.));
#2545=DIRECTION('',(0.,0.,-1.));
#2546=DIRECTION('',(-0.73720919,-0.67566456,0.));
#2547=AXIS2_PLACEMENT_3D('',#2544,#2545,#2546);
#2548=PLANE('',#2547);
#2549=POLY_LOOP('',(#260,#265,#266));
#2550=FACE_OUTER_BOUND('',#2549,.T.);
#2551=FACE_SURFACE('',(#2550),#2548,.T.);
#2552=CARTESIAN_POINT('',(21.26797485,13.75883484,0.));
#2553=DIRECTION('',(0.,0.,-1.));
#2554=DIRECTION('',(0.44229995,-0.89686719,0.));
#2555=AXIS2_PLACEMENT_3D('',#2552,#2553,#2554);
#2556=PLANE('',#2555);
#2557=POLY_LOOP('',(#108,#267,#106));
#2558=FACE_OUTER_BOUND('',#2557,.T.);
#2559=FACE_SURFACE('',(#2558),#2556,.T.);
#2560=CARTESIAN_POINT('',(18.65911865,10.76797485,0.));
#2561=DIRECTION('',(0.,0.,-1.));
#2562=DIRECTION('',(0.7288942,0.68462636,0.));
#2563=AXIS2_PLACEMENT_3D('',#2560,#2561,#2562);
#2564=PLANE('',#2563);
#2565=POLY_LOOP('',(#268,#269,#270));
#2566=FACE_OUTER_BOUND('',#2565,.T.);
#2567=FACE_SURFACE('',(#2566),#2564,.T.);
#2568=CARTESIAN_POINT('',(21.26797485,13.75883484,0.));
#2569=DIRECTION('',(0.,0.,-1.));
#2570=DIRECTION('',(-0.83277632,-0.55360961,0.));
#2571=AXIS2_PLACEMENT_3D('',#2568,#2569,#2570);
#2572=PLANE('',#2571);
#2573=POLY_LOOP('',(#108,#107,#271));
#2574=FACE_OUTER_BOUND('',#2573,.T.);
#2575=FACE_SURFACE('',(#2574),#2572,.T.);
#2576=CARTESIAN_POINT('',(21.20280457,13.95082092,0.));
#2577=DIRECTION('',(0.,0.,-1.));
#2578=DIRECTION('',(-0.80631878,-0.59148121,0.));
#2579=AXIS2_PLACEMENT_3D('',#2576,#2577,#2578);
#2580=PLANE('',#2579);
#2581=POLY_LOOP('',(#271,#107,#272));
#2582=FACE_OUTER_BOUND('',#2581,.T.);
#2583=FACE_SURFACE('',(#2582),#2580,.T.);
#2584=CARTESIAN_POINT('',(0.44999695,19.79399109,0.));
#2585=DIRECTION('',(0.,0.,-1.));
#2586=DIRECTION('',(0.33386783,-0.9426199,0.));
#2587=AXIS2_PLACEMENT_3D('',#2584,#2585,#2586);
#2588=PLANE('',#2587);
#2589=POLY_LOOP('',(#168,#273,#274));
#2590=FACE_OUTER_BOUND('',#2589,.T.);
#2591=FACE_SURFACE('',(#2590),#2588,.T.);
#2592=CARTESIAN_POINT('',(17.28466797,11.68635559,0.));
#2593=DIRECTION('',(0.,0.,-1.));
#2594=DIRECTION('',(0.84414153,0.53612039,0.));
#2595=AXIS2_PLACEMENT_3D('',#2592,#2593,#2594);
#2596=PLANE('',#2595);
#2597=POLY_LOOP('',(#275,#272,#107));
#2598=FACE_OUTER_BOUND('',#2597,.T.);
#2599=FACE_SURFACE('',(#2598),#2596,.T.);
#2600=CARTESIAN_POINT('',(17.28466797,11.68635559,0.));
#2601=DIRECTION('',(0.,0.,-1.));
#2602=DIRECTION('',(0.82322352,0.56771739,0.));
#2603=AXIS2_PLACEMENT_3D('',#2600,#2601,#2602);
#2604=PLANE('',#2603);
#2605=POLY_LOOP('',(#275,#276,#272));
#2606=FACE_OUTER_BOUND('',#2605,.T.);
#2607=FACE_SURFACE('',(#2606),#2604,.T.);
#2608=CARTESIAN_POINT('',(6.09658813,12.00883484,0.));
#2609=DIRECTION('',(0.,0.,-1.));
#2610=DIRECTION('',(0.48018691,0.87716619,0.));
#2611=AXIS2_PLACEMENT_3D('',#2608,#2609,#2610);
#2612=PLANE('',#2611);
#2613=POLY_LOOP('',(#277,#167,#278));
#2614=FACE_OUTER_BOUND('',#2613,.T.);
#2615=FACE_SURFACE('',(#2614),#2612,.T.);
#2616=CARTESIAN_POINT('',(17.28466797,11.68635559,0.));
#2617=DIRECTION('',(0.,0.,-1.));
#2618=DIRECTION('',(-0.94693157,0.32143523,0.));
#2619=AXIS2_PLACEMENT_3D('',#2616,#2617,#2618);
#2620=PLANE('',#2619);
#2621=POLY_LOOP('',(#275,#279,#280));
#2622=FACE_OUTER_BOUND('',#2621,.T.);
#2623=FACE_SURFACE('',(#2622),#2620,.T.);
#2624=CARTESIAN_POINT('',(21.16325378,14.55430603,0.));
#2625=DIRECTION('',(0.,0.,-1.));
#2626=DIRECTION('',(-0.85337816,-0.52129235,0.));
#2627=AXIS2_PLACEMENT_3D('',#2624,#2625,#2626);
#2628=PLANE('',#2627);
#2629=POLY_LOOP('',(#280,#279,#281));
#2630=FACE_OUTER_BOUND('',#2629,.T.);
#2631=FACE_SURFACE('',(#2630),#2628,.T.);
#2632=CARTESIAN_POINT('',(21.20280457,14.75315857,0.));
#2633=DIRECTION('',(0.,0.,-1.));
#2634=DIRECTION('',(-0.83837585,-0.54509259,0.));
#2635=AXIS2_PLACEMENT_3D('',#2632,#2633,#2634);
#2636=PLANE('',#2635);
#2637=POLY_LOOP('',(#281,#279,#282));
#2638=FACE_OUTER_BOUND('',#2637,.T.);
#2639=FACE_SURFACE('',(#2638),#2636,.T.);
#2640=CARTESIAN_POINT('',(21.26797485,14.94514465,0.));
#2641=DIRECTION('',(0.,0.,-1.));
#2642=DIRECTION('',(-0.32143856,-0.94693044,0.));
#2643=AXIS2_PLACEMENT_3D('',#2640,#2641,#2642);
#2644=PLANE('',#2643);
#2645=POLY_LOOP('',(#283,#281,#282));
#2646=FACE_OUTER_BOUND('',#2645,.T.);
#2647=FACE_SURFACE('',(#2646),#2644,.T.);
#2648=CARTESIAN_POINT('',(21.35765076,15.1269989,0.));
#2649=DIRECTION('',(0.,0.,-1.));
#2650=DIRECTION('',(-0.4422701,-0.89688191,0.));
#2651=AXIS2_PLACEMENT_3D('',#2648,#2649,#2650);
#2652=PLANE('',#2651);
#2653=POLY_LOOP('',(#284,#283,#282));
#2654=FACE_OUTER_BOUND('',#2653,.T.);
#2655=FACE_SURFACE('',(#2654),#2652,.T.);
#2656=CARTESIAN_POINT('',(15.66339111,12.00883484,0.));
#2657=DIRECTION('',(0.,0.,-1.));
#2658=DIRECTION('',(0.87710412,0.48030029,0.));
#2659=AXIS2_PLACEMENT_3D('',#2656,#2657,#2658);
#2660=PLANE('',#2659);
#2661=POLY_LOOP('',(#278,#284,#282));
#2662=FACE_OUTER_BOUND('',#2661,.T.);
#2663=FACE_SURFACE('',(#2662),#2660,.T.);
#2664=CARTESIAN_POINT('',(15.66339111,12.00883484,0.));
#2665=DIRECTION('',(0.,0.,-1.));
#2666=DIRECTION('',(-0.80741887,0.58997862,0.));
#2667=AXIS2_PLACEMENT_3D('',#2664,#2665,#2666);
#2668=PLANE('',#2667);
#2669=POLY_LOOP('',(#278,#167,#284));
#2670=FACE_OUTER_BOUND('',#2669,.T.);
#2671=FACE_SURFACE('',(#2670),#2668,.T.);
#2672=CARTESIAN_POINT('',(21.35765076,15.1269989,0.));
#2673=DIRECTION('',(0.,0.,-1.));
#2674=DIRECTION('',(-0.98898453,0.14801889,0.));
#2675=AXIS2_PLACEMENT_3D('',#2672,#2673,#2674);
#2676=PLANE('',#2675);
#2677=POLY_LOOP('',(#284,#167,#285));
#2678=FACE_OUTER_BOUND('',#2677,.T.);
#2679=FACE_SURFACE('',(#2678),#2676,.T.);
#2680=CARTESIAN_POINT('',(21.47029114,15.295578,0.));
#2681=DIRECTION('',(0.,0.,-1.));
#2682=DIRECTION('',(-0.99101056,0.13378364,0.));
#2683=AXIS2_PLACEMENT_3D('',#2680,#2681,#2682);
#2684=PLANE('',#2683);
#2685=POLY_LOOP('',(#285,#167,#286));
#2686=FACE_OUTER_BOUND('',#2685,.T.);
#2687=FACE_SURFACE('',(#2686),#2684,.T.);
#2688=CARTESIAN_POINT('',(21.60397339,15.44801331,0.));
#2689=DIRECTION('',(0.,0.,-1.));
#2690=DIRECTION('',(-0.99268163,0.12076087,0.));
#2691=AXIS2_PLACEMENT_3D('',#2688,#2689,#2690);
#2692=PLANE('',#2691);
#2693=POLY_LOOP('',(#286,#167,#287));
#2694=FACE_OUTER_BOUND('',#2693,.T.);
#2695=FACE_SURFACE('',(#2694),#2692,.T.);
#2696=CARTESIAN_POINT('',(21.75640869,15.58169556,0.));
#2697=DIRECTION('',(0.,0.,-1.));
#2698=DIRECTION('',(-0.99401787,0.10921752,0.));
#2699=AXIS2_PLACEMENT_3D('',#2696,#2697,#2698);
#2700=PLANE('',#2699);
#2701=POLY_LOOP('',(#287,#167,#288));
#2702=FACE_OUTER_BOUND('',#2701,.T.);
#2703=FACE_SURFACE('',(#2702),#2700,.T.);
#2704=CARTESIAN_POINT('',(21.92498779,15.69433594,0.));
#2705=DIRECTION('',(0.,0.,-1.));
#2706=DIRECTION('',(-0.99505112,0.09936435,0.));
#2707=AXIS2_PLACEMENT_3D('',#2704,#2705,#2706);
#2708=PLANE('',#2707);
#2709=POLY_LOOP('',(#288,#167,#289));
#2710=FACE_OUTER_BOUND('',#2709,.T.);
#2711=FACE_SURFACE('',(#2710),#2708,.T.);
#2712=CARTESIAN_POINT('',(22.10682678,15.78401184,0.));
#2713=DIRECTION('',(0.,0.,-1.));
#2714=DIRECTION('',(-0.99581857,0.09135298,0.));
#2715=AXIS2_PLACEMENT_3D('',#2712,#2713,#2714);
#2716=PLANE('',#2715);
#2717=POLY_LOOP('',(#289,#167,#290));
#2718=FACE_OUTER_BOUND('',#2717,.T.);
#2719=FACE_SURFACE('',(#2718),#2716,.T.);
#2720=CARTESIAN_POINT('',(22.29882812,15.84918213,0.));
#2721=DIRECTION('',(0.,0.,-1.));
#2722=DIRECTION('',(-0.99635716,0.08527846,0.));
#2723=AXIS2_PLACEMENT_3D('',#2720,#2721,#2722);
#2724=PLANE('',#2723);
#2725=POLY_LOOP('',(#290,#167,#291));
#2726=FACE_OUTER_BOUND('',#2725,.T.);
#2727=FACE_SURFACE('',(#2726),#2724,.T.);
#2728=CARTESIAN_POINT('',(22.49768066,15.88873291,0.));
#2729=DIRECTION('',(0.,0.,-1.));
#2730=DIRECTION('',(-0.99669926,0.0811824,0.));
#2731=AXIS2_PLACEMENT_3D('',#2728,#2729,#2730);
#2732=PLANE('',#2731);
#2733=POLY_LOOP('',(#291,#167,#117));
#2734=FACE_OUTER_BOUND('',#2733,.T.);
#2735=FACE_SURFACE('',(#2734),#2732,.T.);
#2736=CARTESIAN_POINT('',(22.69999695,15.9019928,0.));
#2737=DIRECTION('',(0.,0.,-1.));
#2738=DIRECTION('',(-0.99686995,0.0790589,0.));
#2739=AXIS2_PLACEMENT_3D('',#2736,#2737,#2738);
#2740=PLANE('',#2739);
#2741=POLY_LOOP('',(#117,#167,#111));
#2742=FACE_OUTER_BOUND('',#2741,.T.);
#2743=FACE_SURFACE('',(#2742),#2740,.T.);
#2744=CARTESIAN_POINT('',(42.16044617,17.00198364,0.));
#2745=DIRECTION('',(0.,0.,-1.));
#2746=DIRECTION('',(-0.99756021,-0.06981137,0.));
#2747=AXIS2_PLACEMENT_3D('',#2744,#2745,#2746);
#2748=PLANE('',#2747);
#2749=POLY_LOOP('',(#111,#112,#161));
#2750=FACE_OUTER_BOUND('',#2749,.T.);
#2751=FACE_SURFACE('',(#2750),#2748,.T.);
#2752=CARTESIAN_POINT('',(23.64356995,15.58169556,0.));
#2753=DIRECTION('',(0.,0.,-1.));
#2754=DIRECTION('',(0.99707129,0.07647772,0.));
#2755=AXIS2_PLACEMENT_3D('',#2752,#2753,#2754);
#2756=PLANE('',#2755);
#2757=POLY_LOOP('',(#113,#111,#292));
#2758=FACE_OUTER_BOUND('',#2757,.T.);
#2759=FACE_SURFACE('',(#2758),#2756,.T.);
#2760=CARTESIAN_POINT('',(23.9296875,15.295578,0.));
#2761=DIRECTION('',(0.,0.,-1.));
#2762=DIRECTION('',(-0.65934603,0.75183962,0.));
#2763=AXIS2_PLACEMENT_3D('',#2760,#2761,#2762);
#2764=PLANE('',#2763);
#2765=POLY_LOOP('',(#293,#292,#111));
#2766=FACE_OUTER_BOUND('',#2765,.T.);
#2767=FACE_SURFACE('',(#2766),#2764,.T.);
#2768=CARTESIAN_POINT('',(24.04232788,15.1269989,0.));
#2769=DIRECTION('',(0.,0.,-1.));
#2770=DIRECTION('',(-0.55556828,0.83147092,0.));
#2771=AXIS2_PLACEMENT_3D('',#2768,#2769,#2770);
#2772=PLANE('',#2771);
#2773=POLY_LOOP('',(#294,#293,#111));
#2774=FACE_OUTER_BOUND('',#2773,.T.);
#2775=FACE_SURFACE('',(#2774),#2772,.T.);
#2776=CARTESIAN_POINT('',(42.15368652,16.98205566,0.));
#2777=DIRECTION('',(0.,0.,-1.));
#2778=DIRECTION('',(-0.99479547,-0.10189197,0.));
#2779=AXIS2_PLACEMENT_3D('',#2776,#2777,#2778);
#2780=PLANE('',#2779);
#2781=POLY_LOOP('',(#159,#294,#111));
#2782=FACE_OUTER_BOUND('',#2781,.T.);
#2783=FACE_SURFACE('',(#2782),#2780,.T.);
#2784=CARTESIAN_POINT('',(42.15368652,16.98205566,0.));
#2785=DIRECTION('',(0.,0.,-1.));
#2786=DIRECTION('',(-0.99367316,-0.11231048,0.));
#2787=AXIS2_PLACEMENT_3D('',#2784,#2785,#2786);
#2788=PLANE('',#2787);
#2789=POLY_LOOP('',(#159,#158,#294));
#2790=FACE_OUTER_BOUND('',#2789,.T.);
#2791=FACE_SURFACE('',(#2790),#2788,.T.);
#2792=CARTESIAN_POINT('',(42.11282349,16.7766571,0.));
#2793=DIRECTION('',(0.,0.,-1.));
#2794=DIRECTION('',(-0.993682,-0.11223227,0.));
#2795=AXIS2_PLACEMENT_3D('',#2792,#2793,#2794);
#2796=PLANE('',#2795);
#2797=POLY_LOOP('',(#160,#116,#158));
#2798=FACE_OUTER_BOUND('',#2797,.T.);
#2799=FACE_SURFACE('',(#2798),#2796,.T.);
#2800=CARTESIAN_POINT('',(42.11282349,16.7766571,0.));
#2801=DIRECTION('',(0.,0.,-1.));
#2802=DIRECTION('',(-0.06530127,-0.99786559,0.));
#2803=AXIS2_PLACEMENT_3D('',#2800,#2801,#2802);
#2804=PLANE('',#2803);
#2805=POLY_LOOP('',(#160,#114,#116));
#2806=FACE_OUTER_BOUND('',#2805,.T.);
#2807=FACE_SURFACE('',(#2806),#2804,.T.);
#2808=CARTESIAN_POINT('',(42.1000061,16.58079529,0.));
#2809=DIRECTION('',(0.,0.,-1.));
#2810=DIRECTION('',(-0.9922946,-0.12390089,0.));
#2811=AXIS2_PLACEMENT_3D('',#2808,#2809,#2810);
#2812=PLANE('',#2811);
#2813=POLY_LOOP('',(#114,#157,#115));
#2814=FACE_OUTER_BOUND('',#2813,.T.);
#2815=FACE_SURFACE('',(#2814),#2812,.T.);
#2816=CARTESIAN_POINT('',(42.1000061,16.58079529,0.));
#2817=DIRECTION('',(0.,0.,-1.));
#2818=DIRECTION('',(0.,-1.,0.));
#2819=AXIS2_PLACEMENT_3D('',#2816,#2817,#2818);
#2820=PLANE('',#2819);
#2821=POLY_LOOP('',(#114,#155,#157));
#2822=FACE_OUTER_BOUND('',#2821,.T.);
#2823=FACE_SURFACE('',(#2822),#2820,.T.);
#2824=CARTESIAN_POINT('',(42.1000061,11.61619568,0.));
#2825=DIRECTION('',(0.,0.,-1.));
#2826=DIRECTION('',(-0.99160415,0.1293105,0.));
#2827=AXIS2_PLACEMENT_3D('',#2824,#2825,#2826);
#2828=PLANE('',#2827);
#2829=POLY_LOOP('',(#155,#169,#156));
#2830=FACE_OUTER_BOUND('',#2829,.T.);
#2831=FACE_SURFACE('',(#2830),#2828,.T.);
#2832=CARTESIAN_POINT('',(42.1000061,11.61619568,0.));
#2833=DIRECTION('',(0.,0.,-1.));
#2834=DIRECTION('',(0.06530127,-0.99786559,0.));
#2835=AXIS2_PLACEMENT_3D('',#2832,#2833,#2834);
#2836=PLANE('',#2835);
#2837=POLY_LOOP('',(#155,#170,#169));
#2838=FACE_OUTER_BOUND('',#2837,.T.);
#2839=FACE_SURFACE('',(#2838),#2836,.T.);
#2840=CARTESIAN_POINT('',(42.11282349,11.42033386,0.));
#2841=DIRECTION('',(0.,0.,-1.));
#2842=DIRECTION('',(0.19510726,-0.98078191,0.));
#2843=AXIS2_PLACEMENT_3D('',#2840,#2841,#2842);
#2844=PLANE('',#2843);
#2845=POLY_LOOP('',(#170,#140,#171));
#2846=FACE_OUTER_BOUND('',#2845,.T.);
#2847=FACE_SURFACE('',(#2846),#2844,.T.);
#2848=CARTESIAN_POINT('',(24.13200378,13.75883484,0.));
#2849=DIRECTION('',(0.,0.,-1.));
#2850=DIRECTION('',(0.99018359,-0.13977289,0.));
#2851=AXIS2_PLACEMENT_3D('',#2848,#2849,#2850);
#2852=PLANE('',#2851);
#2853=POLY_LOOP('',(#171,#140,#139));
#2854=FACE_OUTER_BOUND('',#2853,.T.);
#2855=FACE_SURFACE('',(#2854),#2852,.T.);
#2856=CARTESIAN_POINT('',(23.64356995,4.4296875,0.));
#2857=DIRECTION('',(0.,0.,-1.));
#2858=DIRECTION('',(-0.83147092,0.55556828,0.));
#2859=AXIS2_PLACEMENT_3D('',#2856,#2857,#2858);
#2860=PLANE('',#2859);
#2861=POLY_LOOP('',(#154,#121,#120));
#2862=FACE_OUTER_BOUND('',#2861,.T.);
#2863=FACE_SURFACE('',(#2862),#2860,.T.);
#2864=CARTESIAN_POINT('',(23.29315186,4.63200378,0.));
#2865=DIRECTION('',(0.,0.,-1.));
#2866=DIRECTION('',(-0.02334163,0.99972755,0.));
#2867=AXIS2_PLACEMENT_3D('',#2864,#2865,#2866);
#2868=PLANE('',#2867);
#2869=POLY_LOOP('',(#295,#296,#122));
#2870=FACE_OUTER_BOUND('',#2869,.T.);
#2871=FACE_SURFACE('',(#2870),#2868,.T.);
#2872=CARTESIAN_POINT('',(23.29315186,4.63200378,0.));
#2873=DIRECTION('',(0.,0.,-1.));
#2874=DIRECTION('',(0.,1.,0.));
#2875=AXIS2_PLACEMENT_3D('',#2872,#2873,#2874);
#2876=PLANE('',#2875);
#2877=POLY_LOOP('',(#295,#122,#121));
#2878=FACE_OUTER_BOUND('',#2877,.T.);
#2879=FACE_SURFACE('',(#2878),#2876,.T.);
#2880=CARTESIAN_POINT('',(19.86375427,7.21925354,0.));
#2881=DIRECTION('',(0.,0.,-1.));
#2882=DIRECTION('',(0.75421622,-0.65662614,0.));
#2883=AXIS2_PLACEMENT_3D('',#2880,#2881,#2882);
#2884=PLANE('',#2883);
#2885=POLY_LOOP('',(#146,#297,#298));
#2886=FACE_OUTER_BOUND('',#2885,.T.);
#2887=FACE_SURFACE('',(#2886),#2884,.T.);
#2888=CARTESIAN_POINT('',(22.10682678,4.63200378,0.));
#2889=DIRECTION('',(0.,0.,-1.));
#2890=DIRECTION('',(-0.75473057,0.65603488,0.));
#2891=AXIS2_PLACEMENT_3D('',#2888,#2889,#2890);
#2892=PLANE('',#2891);
#2893=POLY_LOOP('',(#299,#145,#144));
#2894=FACE_OUTER_BOUND('',#2893,.T.);
#2895=FACE_SURFACE('',(#2894),#2892,.T.);
#2896=CARTESIAN_POINT('',(19.75563049,8.86875916,0.));
#2897=DIRECTION('',(0.,0.,-1.));
#2898=DIRECTION('',(0.62342489,0.78188324,0.));
#2899=AXIS2_PLACEMENT_3D('',#2896,#2897,#2898);
#2900=PLANE('',#2899);
#2901=POLY_LOOP('',(#141,#300,#151));
#2902=FACE_OUTER_BOUND('',#2901,.T.);
#2903=FACE_SURFACE('',(#2902),#2900,.T.);
#2904=CARTESIAN_POINT('',(19.75563049,8.86875916,0.));
#2905=DIRECTION('',(0.,0.,-1.));
#2906=DIRECTION('',(0.59927626,0.8005423,0.));
#2907=AXIS2_PLACEMENT_3D('',#2904,#2905,#2906);
#2908=PLANE('',#2907);
#2909=POLY_LOOP('',(#141,#301,#300));
#2910=FACE_OUTER_BOUND('',#2909,.T.);
#2911=FACE_SURFACE('',(#2910),#2908,.T.);
#2912=CARTESIAN_POINT('',(21.35765076,3.97499084,0.));
#2913=DIRECTION('',(0.,0.,-1.));
#2914=DIRECTION('',(-0.88644815,0.46282791,0.));
#2915=AXIS2_PLACEMENT_3D('',#2912,#2913,#2914);
#2916=PLANE('',#2915);
#2917=POLY_LOOP('',(#302,#303,#147));
#2918=FACE_OUTER_BOUND('',#2917,.T.);
#2919=FACE_SURFACE('',(#2918),#2916,.T.);
#2920=CARTESIAN_POINT('',(19.33239746,9.89054871,0.));
#2921=DIRECTION('',(0.,0.,-1.));
#2922=DIRECTION('',(0.70736507,0.7068484,0.));
#2923=AXIS2_PLACEMENT_3D('',#2920,#2921,#2922);
#2924=PLANE('',#2923);
#2925=POLY_LOOP('',(#262,#304,#142));
#2926=FACE_OUTER_BOUND('',#2925,.T.);
#2927=FACE_SURFACE('',(#2926),#2924,.T.);
#2928=CARTESIAN_POINT('',(142.20233154,13.57699585,0.));
#2929=DIRECTION('',(0.,0.,-1.));
#2930=DIRECTION('',(0.69278188,-0.72114719,0.));
#2931=AXIS2_PLACEMENT_3D('',#2928,#2929,#2930);
#2932=PLANE('',#2931);
#2933=POLY_LOOP('',(#305,#306,#307));
#2934=FACE_OUTER_BOUND('',#2933,.T.);
#2935=FACE_SURFACE('',(#2934),#2932,.T.);
#2936=CARTESIAN_POINT('',(139.51765442,13.57699585,0.));
#2937=DIRECTION('',(0.,0.,-1.));
#2938=DIRECTION('',(-0.98012908,-0.19836077,0.));
#2939=AXIS2_PLACEMENT_3D('',#2936,#2937,#2938);
#2940=PLANE('',#2939);
#2941=POLY_LOOP('',(#228,#230,#308));
#2942=FACE_OUTER_BOUND('',#2941,.T.);
#2943=FACE_SURFACE('',(#2942),#2940,.T.);
#2944=CARTESIAN_POINT('',(127.43196106,10.49729919,0.));
#2945=DIRECTION('',(0.,0.,-1.));
#2946=DIRECTION('',(0.65939664,0.75179524,0.));
#2947=AXIS2_PLACEMENT_3D('',#2944,#2945,#2946);
#2948=PLANE('',#2947);
#2949=POLY_LOOP('',(#309,#250,#249));
#2950=FACE_OUTER_BOUND('',#2949,.T.);
#2951=FACE_SURFACE('',(#2950),#2948,.T.);
#2952=CARTESIAN_POINT('',(139.36280823,2.79882812,0.));
#2953=DIRECTION('',(0.,0.,-1.));
#2954=DIRECTION('',(-0.86109261,0.50844815,0.));
#2955=AXIS2_PLACEMENT_3D('',#2952,#2953,#2954);
#2956=PLANE('',#2955);
#2957=POLY_LOOP('',(#240,#239,#310));
#2958=FACE_OUTER_BOUND('',#2957,.T.);
#2959=FACE_SURFACE('',(#2958),#2956,.T.);
#2960=CARTESIAN_POINT('',(139.42797852,13.75883484,0.));
#2961=DIRECTION('',(0.,0.,-1.));
#2962=DIRECTION('',(0.44229995,-0.89686719,0.));
#2963=AXIS2_PLACEMENT_3D('',#2960,#2961,#2962);
#2964=PLANE('',#2963);
#2965=POLY_LOOP('',(#311,#228,#308));
#2966=FACE_OUTER_BOUND('',#2965,.T.);
#2967=FACE_SURFACE('',(#2966),#2964,.T.);
#2968=CARTESIAN_POINT('',(127.8999939,11.61618042,0.));
#2969=DIRECTION('',(0.,0.,-1.));
#2970=DIRECTION('',(0.98316204,0.18273589,0.));
#2971=AXIS2_PLACEMENT_3D('',#2968,#2969,#2970);
#2972=PLANE('',#2971);
#2973=POLY_LOOP('',(#312,#311,#308));
#2974=FACE_OUTER_BOUND('',#2973,.T.);
#2975=FACE_SURFACE('',(#2974),#2972,.T.);
#2976=CARTESIAN_POINT('',(127.8999939,11.61618042,0.));
#2977=DIRECTION('',(0.,0.,-1.));
#2978=DIRECTION('',(0.97988286,0.19957352,0.));
#2979=AXIS2_PLACEMENT_3D('',#2976,#2977,#2978);
#2980=PLANE('',#2979);
#2981=POLY_LOOP('',(#312,#313,#311));
#2982=FACE_OUTER_BOUND('',#2981,.T.);
#2983=FACE_SURFACE('',(#2982),#2980,.T.);
#2984=CARTESIAN_POINT('',(127.8999939,11.61618042,0.));
#2985=DIRECTION('',(0.,0.,-1.));
#2986=DIRECTION('',(0.97627765,0.21652242,0.));
#2987=AXIS2_PLACEMENT_3D('',#2984,#2985,#2986);
#2988=PLANE('',#2987);
#2989=POLY_LOOP('',(#312,#314,#313));
#2990=FACE_OUTER_BOUND('',#2989,.T.);
#2991=FACE_SURFACE('',(#2990),#2988,.T.);
#2992=CARTESIAN_POINT('',(127.8999939,11.61618042,0.));
#2993=DIRECTION('',(0.,0.,-1.));
#2994=DIRECTION('',(0.9724374,0.23316411,0.));
#2995=AXIS2_PLACEMENT_3D('',#2992,#2993,#2994);
#2996=PLANE('',#2995);
#2997=POLY_LOOP('',(#312,#315,#314));
#2998=FACE_OUTER_BOUND('',#2997,.T.);
#2999=FACE_SURFACE('',(#2998),#2996,.T.);
#3000=CARTESIAN_POINT('',(127.8999939,11.61618042,0.));
#3001=DIRECTION('',(0.,0.,-1.));
#3002=DIRECTION('',(0.,1.,0.));
#3003=AXIS2_PLACEMENT_3D('',#3000,#3001,#3002);
#3004=PLANE('',#3003);
#3005=POLY_LOOP('',(#312,#316,#315));
#3006=FACE_OUTER_BOUND('',#3005,.T.);
#3007=FACE_SURFACE('',(#3006),#3004,.T.);
#3008=CARTESIAN_POINT('',(139.30999756,14.35198975,0.));
#3009=DIRECTION('',(0.,0.,-1.));
#3010=DIRECTION('',(-0.9814505,0.19171574,0.));
#3011=AXIS2_PLACEMENT_3D('',#3008,#3009,#3010);
#3012=PLANE('',#3011);
#3013=POLY_LOOP('',(#315,#316,#317));
#3014=FACE_OUTER_BOUND('',#3013,.T.);
#3015=FACE_SURFACE('',(#3014),#3012,.T.);
#3016=CARTESIAN_POINT('',(139.32325745,14.55430603,0.));
#3017=DIRECTION('',(0.,0.,-1.));
#3018=DIRECTION('',(-0.98462628,0.17467422,0.));
#3019=AXIS2_PLACEMENT_3D('',#3016,#3017,#3018);
#3020=PLANE('',#3019);
#3021=POLY_LOOP('',(#317,#316,#318));
#3022=FACE_OUTER_BOUND('',#3021,.T.);
#3023=FACE_SURFACE('',(#3022),#3020,.T.);
#3024=CARTESIAN_POINT('',(139.36280823,14.75315857,0.));
#3025=DIRECTION('',(0.,0.,-1.));
#3026=DIRECTION('',(-0.98752648,0.15745302,0.));
#3027=AXIS2_PLACEMENT_3D('',#3024,#3025,#3026);
#3028=PLANE('',#3027);
#3029=POLY_LOOP('',(#318,#316,#319));
#3030=FACE_OUTER_BOUND('',#3029,.T.);
#3031=FACE_SURFACE('',(#3030),#3028,.T.);
#3032=CARTESIAN_POINT('',(139.42797852,14.94514465,0.));
#3033=DIRECTION('',(0.,0.,-1.));
#3034=DIRECTION('',(-0.99008358,0.14047954,0.));
#3035=AXIS2_PLACEMENT_3D('',#3032,#3033,#3034);
#3036=PLANE('',#3035);
#3037=POLY_LOOP('',(#319,#316,#320));
#3038=FACE_OUTER_BOUND('',#3037,.T.);
#3039=FACE_SURFACE('',(#3038),#3036,.T.);
#3040=CARTESIAN_POINT('',(139.51765442,15.1269989,0.));
#3041=DIRECTION('',(0.,0.,-1.));
#3042=DIRECTION('',(-0.4422701,-0.89688191,0.));
#3043=AXIS2_PLACEMENT_3D('',#3040,#3041,#3042);
#3044=PLANE('',#3043);
#3045=POLY_LOOP('',(#321,#319,#320));
#3046=FACE_OUTER_BOUND('',#3045,.T.);
#3047=FACE_SURFACE('',(#3046),#3044,.T.);
#3048=CARTESIAN_POINT('',(127.84629822,16.98205566,0.));
#3049=DIRECTION('',(0.,0.,-1.));
#3050=DIRECTION('',(0.98760327,-0.15697063,0.));
#3051=AXIS2_PLACEMENT_3D('',#3048,#3049,#3050);
#3052=PLANE('',#3051);
#3053=POLY_LOOP('',(#322,#321,#320));
#3054=FACE_OUTER_BOUND('',#3053,.T.);
#3055=FACE_SURFACE('',(#3054),#3052,.T.);
#3056=CARTESIAN_POINT('',(127.84629822,16.98205566,0.));
#3057=DIRECTION('',(0.,0.,-1.));
#3058=DIRECTION('',(0.9899136,-0.14167241,0.));
#3059=AXIS2_PLACEMENT_3D('',#3056,#3057,#3058);
#3060=PLANE('',#3059);
#3061=POLY_LOOP('',(#322,#323,#321));
#3062=FACE_OUTER_BOUND('',#3061,.T.);
#3063=FACE_SURFACE('',(#3062),#3060,.T.);
#3064=CARTESIAN_POINT('',(127.84629822,16.98205566,0.));
#3065=DIRECTION('',(0.,0.,-1.));
#3066=DIRECTION('',(-0.32122667,0.94700234,0.));
#3067=AXIS2_PLACEMENT_3D('',#3064,#3065,#3066);
#3068=PLANE('',#3067);
#3069=POLY_LOOP('',(#322,#324,#323));
#3070=FACE_OUTER_BOUND('',#3069,.T.);
#3071=FACE_SURFACE('',(#3070),#3068,.T.);
#3072=CARTESIAN_POINT('',(139.6302948,15.295578,0.));
#3073=DIRECTION('',(0.,0.,-1.));
#3074=DIRECTION('',(-0.98968917,0.1432318,0.));
#3075=AXIS2_PLACEMENT_3D('',#3072,#3073,#3074);
#3076=PLANE('',#3075);
#3077=POLY_LOOP('',(#323,#324,#325));
#3078=FACE_OUTER_BOUND('',#3077,.T.);
#3079=FACE_SURFACE('',(#3078),#3076,.T.);
#3080=CARTESIAN_POINT('',(139.76397705,15.44801331,0.));
#3081=DIRECTION('',(0.,0.,-1.));
#3082=DIRECTION('',(-0.99161524,0.12922543,0.));
#3083=AXIS2_PLACEMENT_3D('',#3080,#3081,#3082);
#3084=PLANE('',#3083);
#3085=POLY_LOOP('',(#325,#324,#326));
#3086=FACE_OUTER_BOUND('',#3085,.T.);
#3087=FACE_SURFACE('',(#3086),#3084,.T.);
#3088=CARTESIAN_POINT('',(139.91641235,15.58169556,0.));
#3089=DIRECTION('',(0.,0.,-1.));
#3090=DIRECTION('',(-0.99315557,0.11679902,0.));
#3091=AXIS2_PLACEMENT_3D('',#3088,#3089,#3090);
#3092=PLANE('',#3091);
#3093=POLY_LOOP('',(#326,#324,#327));
#3094=FACE_OUTER_BOUND('',#3093,.T.);
#3095=FACE_SURFACE('',(#3094),#3092,.T.);
#3096=CARTESIAN_POINT('',(140.08499146,15.69433594,0.));
#3097=DIRECTION('',(0.,0.,-1.));
#3098=DIRECTION('',(-0.99434664,0.10618269,0.));
#3099=AXIS2_PLACEMENT_3D('',#3096,#3097,#3098);
#3100=PLANE('',#3099);
#3101=POLY_LOOP('',(#327,#324,#328));
#3102=FACE_OUTER_BOUND('',#3101,.T.);
#3103=FACE_SURFACE('',(#3102),#3100,.T.);
#3104=CARTESIAN_POINT('',(140.26683044,15.78401184,0.));
#3105=DIRECTION('',(0.,0.,-1.));
#3106=DIRECTION('',(-0.99523156,0.09754048,0.));
#3107=AXIS2_PLACEMENT_3D('',#3104,#3105,#3106);
#3108=PLANE('',#3107);
#3109=POLY_LOOP('',(#328,#324,#329));
#3110=FACE_OUTER_BOUND('',#3109,.T.);
#3111=FACE_SURFACE('',(#3110),#3108,.T.);
#3112=CARTESIAN_POINT('',(140.45881653,15.84918213,0.));
#3113=DIRECTION('',(0.,0.,-1.));
#3114=DIRECTION('',(-0.9958533,0.0909736,0.));
#3115=AXIS2_PLACEMENT_3D('',#3112,#3113,#3114);
#3116=PLANE('',#3115);
#3117=POLY_LOOP('',(#329,#324,#330));
#3118=FACE_OUTER_BOUND('',#3117,.T.);
#3119=FACE_SURFACE('',(#3118),#3116,.T.);
#3120=CARTESIAN_POINT('',(140.65768433,15.88873291,0.));
#3121=DIRECTION('',(0.,0.,-1.));
#3122=DIRECTION('',(-0.99624978,0.08652389,0.));
#3123=AXIS2_PLACEMENT_3D('',#3120,#3121,#3122);
#3124=PLANE('',#3123);
#3125=POLY_LOOP('',(#330,#324,#331));
#3126=FACE_OUTER_BOUND('',#3125,.T.);
#3127=FACE_SURFACE('',(#3126),#3124,.T.);
#3128=CARTESIAN_POINT('',(140.85998535,15.9019928,0.));
#3129=DIRECTION('',(0.,0.,-1.));
#3130=DIRECTION('',(-0.9964504,0.08418193,0.));
#3131=AXIS2_PLACEMENT_3D('',#3128,#3129,#3130);
#3132=PLANE('',#3131);
#3133=POLY_LOOP('',(#331,#324,#22));
#3134=FACE_OUTER_BOUND('',#3133,.T.);
#3135=FACE_SURFACE('',(#3134),#3132,.T.);
#3136=CARTESIAN_POINT('',(141.06230164,15.88873291,0.));
#3137=DIRECTION('',(0.,0.,-1.));
#3138=DIRECTION('',(-0.99785912,0.06540007,0.));
#3139=AXIS2_PLACEMENT_3D('',#3136,#3137,#3138);
#3140=PLANE('',#3139);
#3141=POLY_LOOP('',(#332,#331,#22));
#3142=FACE_OUTER_BOUND('',#3141,.T.);
#3143=FACE_SURFACE('',(#3142),#3140,.T.);
#3144=CARTESIAN_POINT('',(141.26116943,15.84918213,0.));
#3145=DIRECTION('',(0.,0.,-1.));
#3146=DIRECTION('',(-0.9807914,0.19505956,0.));
#3147=AXIS2_PLACEMENT_3D('',#3144,#3145,#3146);
#3148=PLANE('',#3147);
#3149=POLY_LOOP('',(#333,#332,#22));
#3150=FACE_OUTER_BOUND('',#3149,.T.);
#3151=FACE_SURFACE('',(#3150),#3148,.T.);
#3152=CARTESIAN_POINT('',(141.45315552,15.78401184,0.));
#3153=DIRECTION('',(0.,0.,-1.));
#3154=DIRECTION('',(-0.94693044,0.32143856,0.));
#3155=AXIS2_PLACEMENT_3D('',#3152,#3153,#3154);
#3156=PLANE('',#3155);
#3157=POLY_LOOP('',(#334,#333,#22));
#3158=FACE_OUTER_BOUND('',#3157,.T.);
#3159=FACE_SURFACE('',(#3158),#3156,.T.);
#3160=CARTESIAN_POINT('',(141.63499451,15.69433594,0.));
#3161=DIRECTION('',(0.,0.,-1.));
#3162=DIRECTION('',(-0.89686719,0.44229995,0.));
#3163=AXIS2_PLACEMENT_3D('',#3160,#3161,#3162);
#3164=PLANE('',#3163);
#3165=POLY_LOOP('',(#335,#334,#22));
#3166=FACE_OUTER_BOUND('',#3165,.T.);
#3167=FACE_SURFACE('',(#3166),#3164,.T.);
#3168=CARTESIAN_POINT('',(141.80357361,15.58169556,0.));
#3169=DIRECTION('',(0.,0.,-1.));
#3170=DIRECTION('',(-0.83147092,0.55556828,0.));
#3171=AXIS2_PLACEMENT_3D('',#3168,#3169,#3170);
#3172=PLANE('',#3171);
#3173=POLY_LOOP('',(#336,#335,#22));
#3174=FACE_OUTER_BOUND('',#3173,.T.);
#3175=FACE_SURFACE('',(#3174),#3172,.T.);
#3176=CARTESIAN_POINT('',(141.95600891,15.44801331,0.));
#3177=DIRECTION('',(0.,0.,-1.));
#3178=DIRECTION('',(-0.75183962,0.65934603,0.));
#3179=AXIS2_PLACEMENT_3D('',#3176,#3177,#3178);
#3180=PLANE('',#3179);
#3181=POLY_LOOP('',(#337,#336,#22));
#3182=FACE_OUTER_BOUND('',#3181,.T.);
#3183=FACE_SURFACE('',(#3182),#3180,.T.);
#3184=CARTESIAN_POINT('',(142.08969116,15.295578,0.));
#3185=DIRECTION('',(0.,0.,-1.));
#3186=DIRECTION('',(0.87026851,-0.49257763,0.));
#3187=AXIS2_PLACEMENT_3D('',#3184,#3185,#3186);
#3188=PLANE('',#3187);
#3189=POLY_LOOP('',(#338,#339,#340));
#3190=FACE_OUTER_BOUND('',#3189,.T.);
#3191=FACE_SURFACE('',(#3190),#3188,.T.);
#3192=CARTESIAN_POINT('',(147.34361267,11.97259521,0.));
#3193=DIRECTION('',(0.,0.,-1.));
#3194=DIRECTION('',(-0.87338869,0.48702382,0.));
#3195=AXIS2_PLACEMENT_3D('',#3192,#3193,#3194);
#3196=PLANE('',#3195);
#3197=POLY_LOOP('',(#341,#342,#343));
#3198=FACE_OUTER_BOUND('',#3197,.T.);
#3199=FACE_SURFACE('',(#3198),#3196,.T.);
#3200=CARTESIAN_POINT('',(146.80007935,11.86448669,0.));
#3201=DIRECTION('',(0.,0.,-1.));
#3202=DIRECTION('',(-0.85337816,0.52129235,0.));
#3203=AXIS2_PLACEMENT_3D('',#3200,#3201,#3202);
#3204=PLANE('',#3203);
#3205=POLY_LOOP('',(#344,#345,#342));
#3206=FACE_OUTER_BOUND('',#3205,.T.);
#3207=FACE_SURFACE('',(#3206),#3204,.T.);
#3208=CARTESIAN_POINT('',(146.27531433,11.68635559,0.));
#3209=DIRECTION('',(0.,0.,-1.));
#3210=DIRECTION('',(-0.82322352,0.56771739,0.));
#3211=AXIS2_PLACEMENT_3D('',#3208,#3209,#3210);
#3212=PLANE('',#3211);
#3213=POLY_LOOP('',(#346,#347,#345));
#3214=FACE_OUTER_BOUND('',#3213,.T.);
#3215=FACE_SURFACE('',(#3214),#3212,.T.);
#3216=CARTESIAN_POINT('',(142.35717773,13.95082092,0.));
#3217=DIRECTION('',(0.,0.,-1.));
#3218=DIRECTION('',(0.19507396,0.98078853,0.));
#3219=AXIS2_PLACEMENT_3D('',#3216,#3217,#3218);
#3220=PLANE('',#3219);
#3221=POLY_LOOP('',(#348,#349,#350));
#3222=FACE_OUTER_BOUND('',#3221,.T.);
#3223=FACE_SURFACE('',(#3222),#3220,.T.);
#3224=CARTESIAN_POINT('',(142.29200745,13.75883484,0.));
#3225=DIRECTION('',(0.,0.,-1.));
#3226=DIRECTION('',(0.83277632,-0.55360961,0.));
#3227=AXIS2_PLACEMENT_3D('',#3224,#3225,#3226);
#3228=PLANE('',#3227);
#3229=POLY_LOOP('',(#351,#350,#352));
#3230=FACE_OUTER_BOUND('',#3229,.T.);
#3231=FACE_SURFACE('',(#3230),#3228,.T.);
#3232=CARTESIAN_POINT('',(141.80357361,13.12229919,0.));
#3233=DIRECTION('',(0.,0.,-1.));
#3234=DIRECTION('',(0.75183962,0.65934603,0.));
#3235=AXIS2_PLACEMENT_3D('',#3232,#3233,#3234);
#3236=PLANE('',#3235);
#3237=POLY_LOOP('',(#353,#354,#355));
#3238=FACE_OUTER_BOUND('',#3237,.T.);
#3239=FACE_SURFACE('',(#3238),#3236,.T.);
#3240=CARTESIAN_POINT('',(141.63499451,13.00965881,0.));
#3241=DIRECTION('',(0.,0.,-1.));
#3242=DIRECTION('',(0.63921363,-0.76902921,0.));
#3243=AXIS2_PLACEMENT_3D('',#3240,#3241,#3242);
#3244=PLANE('',#3243);
#3245=POLY_LOOP('',(#356,#357,#358));
#3246=FACE_OUTER_BOUND('',#3245,.T.);
#3247=FACE_SURFACE('',(#3246),#3244,.T.);
#3248=CARTESIAN_POINT('',(141.45315552,12.91998291,0.));
#3249=DIRECTION('',(0.,0.,-1.));
#3250=DIRECTION('',(0.67538697,-0.73746351,0.));
#3251=AXIS2_PLACEMENT_3D('',#3248,#3249,#3250);
#3252=PLANE('',#3251);
#3253=POLY_LOOP('',(#358,#357,#359));
#3254=FACE_OUTER_BOUND('',#3253,.T.);
#3255=FACE_SURFACE('',(#3254),#3252,.T.);
#3256=CARTESIAN_POINT('',(141.26116943,12.85481262,0.));
#3257=DIRECTION('',(0.,0.,-1.));
#3258=DIRECTION('',(0.70736325,-0.70685022,0.));
#3259=AXIS2_PLACEMENT_3D('',#3256,#3257,#3258);
#3260=PLANE('',#3259);
#3261=POLY_LOOP('',(#359,#357,#360));
#3262=FACE_OUTER_BOUND('',#3261,.T.);
#3263=FACE_SURFACE('',(#3262),#3260,.T.);
#3264=CARTESIAN_POINT('',(147.34361267,11.97259521,0.));
#3265=DIRECTION('',(0.,0.,-1.));
#3266=DIRECTION('',(-0.86185838,0.50714902,0.));
#3267=AXIS2_PLACEMENT_3D('',#3264,#3265,#3266);
#3268=PLANE('',#3267);
#3269=POLY_LOOP('',(#341,#343,#340));
#3270=FACE_OUTER_BOUND('',#3269,.T.);
#3271=FACE_SURFACE('',(#3270),#3268,.T.);
#3272=CARTESIAN_POINT('',(143.98248291,9.39352417,0.));
#3273=DIRECTION('',(0.,0.,-1.));
#3274=DIRECTION('',(-0.64915934,0.76065245,0.));
#3275=AXIS2_PLACEMENT_3D('',#3272,#3273,#3274);
#3276=PLANE('',#3275);
#3277=POLY_LOOP('',(#360,#361,#359));
#3278=FACE_OUTER_BOUND('',#3277,.T.);
#3279=FACE_SURFACE('',(#3278),#3276,.T.);
#3280=CARTESIAN_POINT('',(143.98248291,9.39352417,0.));
#3281=DIRECTION('',(0.,0.,-1.));
#3282=DIRECTION('',(-0.32143523,-0.94693157,0.));
#3283=AXIS2_PLACEMENT_3D('',#3280,#3281,#3282);
#3284=PLANE('',#3283);
#3285=POLY_LOOP('',(#360,#362,#361));
#3286=FACE_OUTER_BOUND('',#3285,.T.);
#3287=FACE_SURFACE('',(#3286),#3284,.T.);
#3288=CARTESIAN_POINT('',(141.06230164,12.81524658,0.));
#3289=DIRECTION('',(0.,0.,-1.));
#3290=DIRECTION('',(0.5705971,-0.82123015,0.));
#3291=AXIS2_PLACEMENT_3D('',#3288,#3289,#3290);
#3292=PLANE('',#3291);
#3293=POLY_LOOP('',(#361,#362,#363));
#3294=FACE_OUTER_BOUND('',#3293,.T.);
#3295=FACE_SURFACE('',(#3294),#3292,.T.);
#3296=CARTESIAN_POINT('',(143.80435181,8.86875916,0.));
#3297=DIRECTION('',(0.,0.,-1.));
#3298=DIRECTION('',(-0.19507821,-0.98078769,0.));
#3299=AXIS2_PLACEMENT_3D('',#3296,#3297,#3298);
#3300=PLANE('',#3299);
#3301=POLY_LOOP('',(#362,#364,#365));
#3302=FACE_OUTER_BOUND('',#3301,.T.);
#3303=FACE_SURFACE('',(#3302),#3300,.T.);
#3304=CARTESIAN_POINT('',(140.65768433,12.81524658,0.));
#3305=DIRECTION('',(0.,0.,-1.));
#3306=DIRECTION('',(0.56046019,-0.82818136,0.));
#3307=AXIS2_PLACEMENT_3D('',#3304,#3305,#3306);
#3308=PLANE('',#3307);
#3309=POLY_LOOP('',(#365,#364,#366));
#3310=FACE_OUTER_BOUND('',#3309,.T.);
#3311=FACE_SURFACE('',(#3310),#3308,.T.);
#3312=CARTESIAN_POINT('',(139.76397705,4.29600525,0.));
#3313=DIRECTION('',(0.,0.,-1.));
#3314=DIRECTION('',(-0.65934603,-0.75183962,0.));
#3315=AXIS2_PLACEMENT_3D('',#3312,#3313,#3314);
#3316=PLANE('',#3315);
#3317=POLY_LOOP('',(#253,#235,#229));
#3318=FACE_OUTER_BOUND('',#3317,.T.);
#3319=FACE_SURFACE('',(#3318),#3316,.T.);
#3320=CARTESIAN_POINT('',(140.08499146,4.54232788,0.));
#3321=DIRECTION('',(0.,0.,-1.));
#3322=DIRECTION('',(0.,1.,0.));
#3323=AXIS2_PLACEMENT_3D('',#3320,#3321,#3322);
#3324=PLANE('',#3323);
#3325=POLY_LOOP('',(#367,#368,#369));
#3326=FACE_OUTER_BOUND('',#3325,.T.);
#3327=FACE_SURFACE('',(#3326),#3324,.T.);
#3328=CARTESIAN_POINT('',(0.44999695,0.44999695,0.));
#3329=DIRECTION('',(0.,0.,-1.));
#3330=DIRECTION('',(0.87752366,0.47953334,0.));
#3331=AXIS2_PLACEMENT_3D('',#3328,#3329,#3330);
#3332=PLANE('',#3331);
#3333=POLY_LOOP('',(#123,#370,#371));
#3334=FACE_OUTER_BOUND('',#3333,.T.);
#3335=FACE_SURFACE('',(#3334),#3332,.T.);
#3336=CARTESIAN_POINT('',(0.44999695,19.79399109,0.));
#3337=DIRECTION('',(0.,0.,-1.));
#3338=DIRECTION('',(0.44469271,-0.8956832,0.));
#3339=AXIS2_PLACEMENT_3D('',#3336,#3337,#3338);
#3340=PLANE('',#3339);
#3341=POLY_LOOP('',(#168,#372,#373));
#3342=FACE_OUTER_BOUND('',#3341,.T.);
#3343=FACE_SURFACE('',(#3342),#3340,.T.);
#3344=CARTESIAN_POINT('',(0.44999695,0.44999695,0.));
#3345=DIRECTION('',(0.,0.,-1.));
#3346=DIRECTION('',(0.85260158,0.52256152,0.));
#3347=AXIS2_PLACEMENT_3D('',#3344,#3345,#3346);
#3348=PLANE('',#3347);
#3349=POLY_LOOP('',(#123,#374,#370));
#3350=FACE_OUTER_BOUND('',#3349,.T.);
#3351=FACE_SURFACE('',(#3350),#3348,.T.);
#3352=CARTESIAN_POINT('',(0.44999695,19.79399109,0.));
#3353=DIRECTION('',(0.,0.,-1.));
#3354=DIRECTION('',(0.38911917,-0.92118742,0.));
#3355=AXIS2_PLACEMENT_3D('',#3352,#3353,#3354);
#3356=PLANE('',#3355);
#3357=POLY_LOOP('',(#168,#373,#273));
#3358=FACE_OUTER_BOUND('',#3357,.T.);
#3359=FACE_SURFACE('',(#3358),#3356,.T.);
#3360=CARTESIAN_POINT('',(0.44999695,0.44999695,0.));
#3361=DIRECTION('',(0.,0.,-1.));
#3362=DIRECTION('',(0.81542912,0.57885694,0.));
#3363=AXIS2_PLACEMENT_3D('',#3360,#3361,#3362);
#3364=PLANE('',#3363);
#3365=POLY_LOOP('',(#123,#375,#374));
#3366=FACE_OUTER_BOUND('',#3365,.T.);
#3367=FACE_SURFACE('',(#3366),#3364,.T.);
#3368=CARTESIAN_POINT('',(0.44999695,0.44999695,0.));
#3369=DIRECTION('',(0.,0.,-1.));
#3370=DIRECTION('',(0.76318927,0.646175,0.));
#3371=AXIS2_PLACEMENT_3D('',#3368,#3369,#3370);
#3372=PLANE('',#3371);
#3373=POLY_LOOP('',(#123,#376,#375));
#3374=FACE_OUTER_BOUND('',#3373,.T.);
#3375=FACE_SURFACE('',(#3374),#3372,.T.);
#3376=CARTESIAN_POINT('',(0.44999695,0.44999695,0.));
#3377=DIRECTION('',(0.,0.,-1.));
#3378=DIRECTION('',(0.69469841,0.71930113,0.));
#3379=AXIS2_PLACEMENT_3D('',#3376,#3377,#3378);
#3380=PLANE('',#3379);
#3381=POLY_LOOP('',(#123,#377,#376));
#3382=FACE_OUTER_BOUND('',#3381,.T.);
#3383=FACE_SURFACE('',(#3382),#3380,.T.);
#3384=CARTESIAN_POINT('',(0.44999695,0.44999695,0.));
#3385=DIRECTION('',(0.,0.,-1.));
#3386=DIRECTION('',(0.61227878,0.79064195,0.));
#3387=AXIS2_PLACEMENT_3D('',#3384,#3385,#3386);
#3388=PLANE('',#3387);
#3389=POLY_LOOP('',(#123,#378,#377));
#3390=FACE_OUTER_BOUND('',#3389,.T.);
#3391=FACE_SURFACE('',(#3390),#3388,.T.);
#3392=CARTESIAN_POINT('',(0.44999695,0.44999695,0.));
#3393=DIRECTION('',(0.,0.,-1.));
#3394=DIRECTION('',(0.52243653,0.85267818,0.));
#3395=AXIS2_PLACEMENT_3D('',#3392,#3393,#3394);
#3396=PLANE('',#3395);
#3397=POLY_LOOP('',(#123,#379,#378));
#3398=FACE_OUTER_BOUND('',#3397,.T.);
#3399=FACE_SURFACE('',(#3398),#3396,.T.);
#3400=CARTESIAN_POINT('',(0.44999695,0.44999695,0.));
#3401=DIRECTION('',(0.,0.,-1.));
#3402=DIRECTION('',(0.4340825,0.90087312,0.));
#3403=AXIS2_PLACEMENT_3D('',#3400,#3401,#3402);
#3404=PLANE('',#3403);
#3405=POLY_LOOP('',(#123,#380,#379));
#3406=FACE_OUTER_BOUND('',#3405,.T.);
#3407=FACE_SURFACE('',(#3406),#3404,.T.);
#3408=CARTESIAN_POINT('',(0.44999695,0.44999695,0.));
#3409=DIRECTION('',(0.,0.,-1.));
#3410=DIRECTION('',(0.35523098,0.93477856,0.));
#3411=AXIS2_PLACEMENT_3D('',#3408,#3409,#3410);
#3412=PLANE('',#3411);
#3413=POLY_LOOP('',(#123,#381,#380));
#3414=FACE_OUTER_BOUND('',#3413,.T.);
#3415=FACE_SURFACE('',(#3414),#3412,.T.);
#3416=CARTESIAN_POINT('',(0.44999695,0.44999695,0.));
#3417=DIRECTION('',(0.,0.,-1.));
#3418=DIRECTION('',(0.29076284,0.95679516,0.));
#3419=AXIS2_PLACEMENT_3D('',#3416,#3417,#3418);
#3420=PLANE('',#3419);
#3421=POLY_LOOP('',(#123,#382,#381));
#3422=FACE_OUTER_BOUND('',#3421,.T.);
#3423=FACE_SURFACE('',(#3422),#3420,.T.);
#3424=CARTESIAN_POINT('',(0.44999695,0.44999695,0.));
#3425=DIRECTION('',(0.,0.,-1.));
#3426=DIRECTION('',(0.24223012,0.97021883,0.));
#3427=AXIS2_PLACEMENT_3D('',#3424,#3425,#3426);
#3428=PLANE('',#3427);
#3429=POLY_LOOP('',(#123,#383,#382));
#3430=FACE_OUTER_BOUND('',#3429,.T.);
#3431=FACE_SURFACE('',(#3430),#3428,.T.);
#3432=CARTESIAN_POINT('',(0.44999695,0.44999695,0.));
#3433=DIRECTION('',(0.,0.,-1.));
#3434=DIRECTION('',(0.2089335,0.97792985,0.));
#3435=AXIS2_PLACEMENT_3D('',#3432,#3433,#3434);
#3436=PLANE('',#3435);
#3437=POLY_LOOP('',(#123,#125,#383));
#3438=FACE_OUTER_BOUND('',#3437,.T.);
#3439=FACE_SURFACE('',(#3438),#3436,.T.);
#3440=CARTESIAN_POINT('',(0.44999695,19.79399109,0.));
#3441=DIRECTION('',(0.,0.,-1.));
#3442=DIRECTION('',(0.11648804,-0.99319209,0.));
#3443=AXIS2_PLACEMENT_3D('',#3440,#3441,#3442);
#3444=PLANE('',#3443);
#3445=POLY_LOOP('',(#168,#124,#123));
#3446=FACE_OUTER_BOUND('',#3445,.T.);
#3447=FACE_SURFACE('',(#3446),#3444,.T.);
#3448=CARTESIAN_POINT('',(0.44999695,19.79399109,0.));
#3449=DIRECTION('',(0.,0.,-1.));
#3450=DIRECTION('',(0.12511195,-0.99214263,0.));
#3451=AXIS2_PLACEMENT_3D('',#3448,#3449,#3450);
#3452=PLANE('',#3451);
#3453=POLY_LOOP('',(#168,#384,#124));
#3454=FACE_OUTER_BOUND('',#3453,.T.);
#3455=FACE_SURFACE('',(#3454),#3452,.T.);
#3456=CARTESIAN_POINT('',(0.44999695,19.79399109,0.));
#3457=DIRECTION('',(0.,0.,-1.));
#3458=DIRECTION('',(0.14085336,-0.99003047,0.));
#3459=AXIS2_PLACEMENT_3D('',#3456,#3457,#3458);
#3460=PLANE('',#3459);
#3461=POLY_LOOP('',(#168,#385,#384));
#3462=FACE_OUTER_BOUND('',#3461,.T.);
#3463=FACE_SURFACE('',(#3462),#3460,.T.);
#3464=CARTESIAN_POINT('',(0.44999695,19.79399109,0.));
#3465=DIRECTION('',(0.,0.,-1.));
#3466=DIRECTION('',(0.16431333,-0.9864082,0.));
#3467=AXIS2_PLACEMENT_3D('',#3464,#3465,#3466);
#3468=PLANE('',#3467);
#3469=POLY_LOOP('',(#168,#386,#385));
#3470=FACE_OUTER_BOUND('',#3469,.T.);
#3471=FACE_SURFACE('',(#3470),#3468,.T.);
#3472=CARTESIAN_POINT('',(0.44999695,19.79399109,0.));
#3473=DIRECTION('',(0.,0.,-1.));
#3474=DIRECTION('',(0.19582062,-0.98063973,0.));
#3475=AXIS2_PLACEMENT_3D('',#3472,#3473,#3474);
#3476=PLANE('',#3475);
#3477=POLY_LOOP('',(#168,#387,#386));
#3478=FACE_OUTER_BOUND('',#3477,.T.);
#3479=FACE_SURFACE('',(#3478),#3476,.T.);
#3480=CARTESIAN_POINT('',(0.44999695,19.79399109,0.));
#3481=DIRECTION('',(0.,0.,-1.));
#3482=DIRECTION('',(0.23524458,-0.97193621,0.));
#3483=AXIS2_PLACEMENT_3D('',#3480,#3481,#3482);
#3484=PLANE('',#3483);
#3485=POLY_LOOP('',(#168,#388,#387));
#3486=FACE_OUTER_BOUND('',#3485,.T.);
#3487=FACE_SURFACE('',(#3486),#3484,.T.);
#3488=CARTESIAN_POINT('',(0.44999695,19.79399109,0.));
#3489=DIRECTION('',(0.,0.,-1.));
#3490=DIRECTION('',(0.28178992,-0.95947613,0.));
#3491=AXIS2_PLACEMENT_3D('',#3488,#3489,#3490);
#3492=PLANE('',#3491);
#3493=POLY_LOOP('',(#168,#274,#388));
#3494=FACE_OUTER_BOUND('',#3493,.T.);
#3495=FACE_SURFACE('',(#3494),#3492,.T.);
#3496=CARTESIAN_POINT('',(0.44999695,19.79399109,0.));
#3497=DIRECTION('',(0.,0.,-1.));
#3498=DIRECTION('',(0.49769939,-0.8673496,0.));
#3499=AXIS2_PLACEMENT_3D('',#3496,#3497,#3498);
#3500=PLANE('',#3499);
#3501=POLY_LOOP('',(#168,#389,#372));
#3502=FACE_OUTER_BOUND('',#3501,.T.);
#3503=FACE_SURFACE('',(#3502),#3500,.T.);
#3504=CARTESIAN_POINT('',(0.44999695,19.79399109,0.));
#3505=DIRECTION('',(0.,0.,-1.));
#3506=DIRECTION('',(0.9487282,-0.31609302,0.));
#3507=AXIS2_PLACEMENT_3D('',#3504,#3505,#3506);
#3508=PLANE('',#3507);
#3509=POLY_LOOP('',(#168,#167,#389));
#3510=FACE_OUTER_BOUND('',#3509,.T.);
#3511=FACE_SURFACE('',(#3510),#3508,.T.);
#3512=CARTESIAN_POINT('',(5.00007629,11.86448669,0.));
#3513=DIRECTION('',(0.,0.,-1.));
#3514=DIRECTION('',(0.59767912,0.80173541,0.));
#3515=AXIS2_PLACEMENT_3D('',#3512,#3513,#3514);
#3516=PLANE('',#3515);
#3517=POLY_LOOP('',(#389,#167,#390));
#3518=FACE_OUTER_BOUND('',#3517,.T.);
#3519=FACE_SURFACE('',(#3518),#3516,.T.);
#3520=CARTESIAN_POINT('',(5.54360962,11.97259521,0.));
#3521=DIRECTION('',(0.,0.,-1.));
#3522=DIRECTION('',(0.54700806,0.83712734,0.));
#3523=AXIS2_PLACEMENT_3D('',#3520,#3521,#3522);
#3524=PLANE('',#3523);
#3525=POLY_LOOP('',(#390,#167,#277));
#3526=FACE_OUTER_BOUND('',#3525,.T.);
#3527=FACE_SURFACE('',(#3526),#3524,.T.);
#3528=CARTESIAN_POINT('',(17.28466797,11.68635559,0.));
#3529=DIRECTION('',(0.,0.,-1.));
#3530=DIRECTION('',(0.80406023,0.59454786,0.));
#3531=AXIS2_PLACEMENT_3D('',#3528,#3529,#3530);
#3532=PLANE('',#3531);
#3533=POLY_LOOP('',(#275,#280,#276));
#3534=FACE_OUTER_BOUND('',#3533,.T.);
#3535=FACE_SURFACE('',(#3534),#3532,.T.);
#3536=CARTESIAN_POINT('',(21.35765076,13.57699585,0.));
#3537=DIRECTION('',(0.,0.,-1.));
#3538=DIRECTION('',(-0.69278188,-0.72114719,0.));
#3539=AXIS2_PLACEMENT_3D('',#3536,#3537,#3538);
#3540=PLANE('',#3539);
#3541=POLY_LOOP('',(#267,#268,#106));
#3542=FACE_OUTER_BOUND('',#3541,.T.);
#3543=FACE_SURFACE('',(#3542),#3540,.T.);
#3544=CARTESIAN_POINT('',(21.35765076,13.57699585,0.));
#3545=DIRECTION('',(0.,0.,-1.));
#3546=DIRECTION('',(0.55556828,-0.83147092,0.));
#3547=AXIS2_PLACEMENT_3D('',#3544,#3545,#3546);
#3548=PLANE('',#3547);
#3549=POLY_LOOP('',(#267,#269,#268));
#3550=FACE_OUTER_BOUND('',#3549,.T.);
#3551=FACE_SURFACE('',(#3550),#3548,.T.);
#3552=CARTESIAN_POINT('',(18.65911865,10.76797485,0.));
#3553=DIRECTION('',(0.,0.,-1.));
#3554=DIRECTION('',(0.76387129,0.64536861,0.));
#3555=AXIS2_PLACEMENT_3D('',#3552,#3553,#3554);
#3556=PLANE('',#3555);
#3557=POLY_LOOP('',(#268,#270,#265));
#3558=FACE_OUTER_BOUND('',#3557,.T.);
#3559=FACE_SURFACE('',(#3558),#3556,.T.);
#3560=CARTESIAN_POINT('',(19.02450562,10.35131836,0.));
#3561=DIRECTION('',(0.,0.,-1.));
#3562=DIRECTION('',(0.66401074,0.74772304,0.));
#3563=AXIS2_PLACEMENT_3D('',#3560,#3561,#3562);
#3564=PLANE('',#3563);
#3565=POLY_LOOP('',(#265,#270,#266));
#3566=FACE_OUTER_BOUND('',#3565,.T.);
#3567=FACE_SURFACE('',(#3566),#3564,.T.);
#3568=CARTESIAN_POINT('',(19.33239746,9.89054871,0.));
#3569=DIRECTION('',(0.,0.,-1.));
#3570=DIRECTION('',(-0.55558945,0.83145677,0.));
#3571=AXIS2_PLACEMENT_3D('',#3568,#3569,#3570);
#3572=PLANE('',#3571);
#3573=POLY_LOOP('',(#262,#265,#260));
#3574=FACE_OUTER_BOUND('',#3573,.T.);
#3575=FACE_SURFACE('',(#3574),#3572,.T.);
#3576=CARTESIAN_POINT('',(22.29882812,12.85481262,0.));
#3577=DIRECTION('',(0.,0.,-1.));
#3578=DIRECTION('',(-0.70736507,-0.7068484,0.));
#3579=AXIS2_PLACEMENT_3D('',#3576,#3577,#3578);
#3580=PLANE('',#3579);
#3581=POLY_LOOP('',(#304,#262,#261));
#3582=FACE_OUTER_BOUND('',#3581,.T.);
#3583=FACE_SURFACE('',(#3582),#3580,.T.);
#3584=CARTESIAN_POINT('',(22.49768066,12.81524658,0.));
#3585=DIRECTION('',(0.,0.,-1.));
#3586=DIRECTION('',(-0.64915934,-0.76065245,0.));
#3587=AXIS2_PLACEMENT_3D('',#3584,#3585,#3586);
#3588=PLANE('',#3587);
#3589=POLY_LOOP('',(#143,#142,#304));
#3590=FACE_OUTER_BOUND('',#3589,.T.);
#3591=FACE_SURFACE('',(#3590),#3588,.T.);
#3592=CARTESIAN_POINT('',(22.69999695,12.80198669,0.));
#3593=DIRECTION('',(0.,0.,-1.));
#3594=DIRECTION('',(-0.59927626,-0.8005423,0.));
#3595=AXIS2_PLACEMENT_3D('',#3592,#3593,#3594);
#3596=PLANE('',#3595);
#3597=POLY_LOOP('',(#301,#141,#143));
#3598=FACE_OUTER_BOUND('',#3597,.T.);
#3599=FACE_SURFACE('',(#3598),#3596,.T.);
#3600=CARTESIAN_POINT('',(23.10116577,12.85481262,0.));
#3601=DIRECTION('',(0.,0.,-1.));
#3602=DIRECTION('',(-0.58147512,-0.81356418,0.));
#3603=AXIS2_PLACEMENT_3D('',#3600,#3601,#3602);
#3604=PLANE('',#3603);
#3605=POLY_LOOP('',(#296,#151,#300));
#3606=FACE_OUTER_BOUND('',#3605,.T.);
#3607=FACE_SURFACE('',(#3606),#3604,.T.);
#3608=CARTESIAN_POINT('',(21.75640869,4.4296875,0.));
#3609=DIRECTION('',(0.,0.,-1.));
#3610=DIRECTION('',(-0.75183962,-0.65934603,0.));
#3611=AXIS2_PLACEMENT_3D('',#3608,#3609,#3610);
#3612=PLANE('',#3611);
#3613=POLY_LOOP('',(#264,#149,#148));
#3614=FACE_OUTER_BOUND('',#3613,.T.);
#3615=FACE_SURFACE('',(#3614),#3612,.T.);
#3616=CARTESIAN_POINT('',(19.02450562,5.19316101,0.));
#3617=DIRECTION('',(0.,0.,-1.));
#3618=DIRECTION('',(0.80736263,-0.59005558,0.));
#3619=AXIS2_PLACEMENT_3D('',#3616,#3617,#3618);
#3620=PLANE('',#3619);
#3621=POLY_LOOP('',(#303,#391,#392));
#3622=FACE_OUTER_BOUND('',#3621,.T.);
#3623=FACE_SURFACE('',(#3622),#3620,.T.);
#3624=CARTESIAN_POINT('',(18.65911865,4.77651978,0.));
#3625=DIRECTION('',(0.,0.,-1.));
#3626=DIRECTION('',(0.87666903,-0.48109397,0.));
#3627=AXIS2_PLACEMENT_3D('',#3624,#3625,#3626);
#3628=PLANE('',#3627);
#3629=POLY_LOOP('',(#392,#393,#394));
#3630=FACE_OUTER_BOUND('',#3629,.T.);
#3631=FACE_SURFACE('',(#3630),#3628,.T.);
#3632=CARTESIAN_POINT('',(18.24247742,4.41111755,0.));
#3633=DIRECTION('',(0.,0.,-1.));
#3634=DIRECTION('',(0.75182401,0.65936383,0.));
#3635=AXIS2_PLACEMENT_3D('',#3632,#3633,#3634);
#3636=PLANE('',#3635);
#3637=POLY_LOOP('',(#395,#392,#394));
#3638=FACE_OUTER_BOUND('',#3637,.T.);
#3639=FACE_SURFACE('',(#3638),#3636,.T.);
#3640=CARTESIAN_POINT('',(23.9296875,4.14356995,0.));
#3641=DIRECTION('',(0.,0.,-1.));
#3642=DIRECTION('',(-0.01466877,0.99989241,0.));
#3643=AXIS2_PLACEMENT_3D('',#3640,#3641,#3642);
#3644=PLANE('',#3643);
#3645=POLY_LOOP('',(#396,#397,#398));
#3646=FACE_OUTER_BOUND('',#3645,.T.);
#3647=FACE_SURFACE('',(#3646),#3644,.T.);
#3648=CARTESIAN_POINT('',(21.20280457,2.79882812,0.));
#3649=DIRECTION('',(0.,0.,-1.));
#3650=DIRECTION('',(-0.93438484,0.35626532,0.));
#3651=AXIS2_PLACEMENT_3D('',#3648,#3649,#3650);
#3652=PLANE('',#3651);
#3653=POLY_LOOP('',(#399,#400,#401));
#3654=FACE_OUTER_BOUND('',#3653,.T.);
#3655=FACE_SURFACE('',(#3654),#3652,.T.);
#3656=CARTESIAN_POINT('',(21.26797485,2.60682678,0.));
#3657=DIRECTION('',(0.,0.,-1.));
#3658=DIRECTION('',(-0.95403373,0.29969925,0.));
#3659=AXIS2_PLACEMENT_3D('',#3656,#3657,#3658);
#3660=PLANE('',#3659);
#3661=POLY_LOOP('',(#131,#130,#400));
#3662=FACE_OUTER_BOUND('',#3661,.T.);
#3663=FACE_SURFACE('',(#3662),#3660,.T.);
#3664=CARTESIAN_POINT('',(24.23672485,3.40231323,0.));
#3665=DIRECTION('',(0.,0.,-1.));
#3666=DIRECTION('',(0.92498246,0.3800098,0.));
#3667=AXIS2_PLACEMENT_3D('',#3664,#3665,#3666);
#3668=PLANE('',#3667);
#3669=POLY_LOOP('',(#402,#403,#404));
#3670=FACE_OUTER_BOUND('',#3669,.T.);
#3671=FACE_SURFACE('',(#3670),#3668,.T.);
#3672=CARTESIAN_POINT('',(24.23672485,2.99768066,0.));
#3673=DIRECTION('',(0.,0.,-1.));
#3674=DIRECTION('',(0.06547501,0.99785421,0.));
#3675=AXIS2_PLACEMENT_3D('',#3672,#3673,#3674);
#3676=PLANE('',#3675);
#3677=POLY_LOOP('',(#405,#406,#407));
#3678=FACE_OUTER_BOUND('',#3677,.T.);
#3679=FACE_SURFACE('',(#3678),#3676,.T.);
#3680=CARTESIAN_POINT('',(42.72544861,10.35922241,0.));
#3681=DIRECTION('',(0.,0.,-1.));
#3682=DIRECTION('',(0.83146686,-0.55557435,0.));
#3683=AXIS2_PLACEMENT_3D('',#3680,#3681,#3682);
#3684=PLANE('',#3683);
#3685=POLY_LOOP('',(#408,#409,#410));
#3686=FACE_OUTER_BOUND('',#3685,.T.);
#3687=FACE_SURFACE('',(#3686),#3684,.T.);
#3688=CARTESIAN_POINT('',(15.66339111,3.53564453,0.));
#3689=DIRECTION('',(0.,0.,-1.));
#3690=DIRECTION('',(0.99785957,0.06539324,0.));
#3691=AXIS2_PLACEMENT_3D('',#3688,#3689,#3690);
#3692=PLANE('',#3691);
#3693=POLY_LOOP('',(#371,#411,#412));
#3694=FACE_OUTER_BOUND('',#3693,.T.);
#3695=FACE_SURFACE('',(#3694),#3692,.T.);
#3696=CARTESIAN_POINT('',(0.44999695,0.44999695,0.));
#3697=DIRECTION('',(0.,0.,-1.));
#3698=DIRECTION('',(0.99854881,0.05385418,0.));
#3699=AXIS2_PLACEMENT_3D('',#3696,#3697,#3698);
#3700=PLANE('',#3699);
#3701=POLY_LOOP('',(#123,#413,#414));
#3702=FACE_OUTER_BOUND('',#3701,.T.);
#3703=FACE_SURFACE('',(#3702),#3700,.T.);
#3704=CARTESIAN_POINT('',(23.47499084,1.85765076,0.));
#3705=DIRECTION('',(0.,0.,-1.));
#3706=DIRECTION('',(0.83147092,0.55556828,0.));
#3707=AXIS2_PLACEMENT_3D('',#3704,#3705,#3706);
#3708=PLANE('',#3707);
#3709=POLY_LOOP('',(#415,#226,#225));
#3710=FACE_OUTER_BOUND('',#3709,.T.);
#3711=FACE_SURFACE('',(#3710),#3708,.T.);
#3712=CARTESIAN_POINT('',(147.89659119,3.53564453,0.));
#3713=DIRECTION('',(0.,0.,-1.));
#3714=DIRECTION('',(-0.96854745,-0.24882893,0.));
#3715=AXIS2_PLACEMENT_3D('',#3712,#3713,#3714);
#3716=PLANE('',#3715);
#3717=POLY_LOOP('',(#416,#417,#418));
#3718=FACE_OUTER_BOUND('',#3717,.T.);
#3719=FACE_SURFACE('',(#3718),#3716,.T.);
#3720=CARTESIAN_POINT('',(169.55000305,0.44999695,0.));
#3721=DIRECTION('',(0.,0.,-1.));
#3722=DIRECTION('',(-0.95647198,0.29182416,0.));
#3723=AXIS2_PLACEMENT_3D('',#3720,#3721,#3722);
#3724=PLANE('',#3723);
#3725=POLY_LOOP('',(#419,#420,#421));
#3726=FACE_OUTER_BOUND('',#3725,.T.);
#3727=FACE_SURFACE('',(#3726),#3724,.T.);
#3728=CARTESIAN_POINT('',(169.55000305,0.44999695,0.));
#3729=DIRECTION('',(0.,0.,-1.));
#3730=DIRECTION('',(-1.,0.,0.));
#3731=AXIS2_PLACEMENT_3D('',#3728,#3729,#3730);
#3732=PLANE('',#3731);
#3733=POLY_LOOP('',(#419,#123,#414));
#3734=FACE_OUTER_BOUND('',#3733,.T.);
#3735=FACE_SURFACE('',(#3734),#3732,.T.);
#3736=CARTESIAN_POINT('',(153.4598999,11.86448669,0.));
#3737=DIRECTION('',(0.,0.,-1.));
#3738=DIRECTION('',(0.83217823,0.55450825,0.));
#3739=AXIS2_PLACEMENT_3D('',#3736,#3737,#3738);
#3740=PLANE('',#3739);
#3741=POLY_LOOP('',(#422,#22,#423));
#3742=FACE_OUTER_BOUND('',#3741,.T.);
#3743=FACE_SURFACE('',(#3742),#3740,.T.);
#3744=CARTESIAN_POINT('',(140.85998535,1.6499939,0.));
#3745=DIRECTION('',(0.,0.,-1.));
#3746=DIRECTION('',(-0.99999999,0.00011241,0.));
#3747=AXIS2_PLACEMENT_3D('',#3744,#3745,#3746);
#3748=PLANE('',#3747);
#3749=POLY_LOOP('',(#414,#126,#424));
#3750=FACE_OUTER_BOUND('',#3749,.T.);
#3751=FACE_SURFACE('',(#3750),#3748,.T.);
#3752=CARTESIAN_POINT('',(142.08969116,2.25640869,0.));
#3753=DIRECTION('',(0.,0.,-1.));
#3754=DIRECTION('',(0.95723797,0.28930169,0.));
#3755=AXIS2_PLACEMENT_3D('',#3752,#3753,#3754);
#3756=PLANE('',#3755);
#3757=POLY_LOOP('',(#425,#426,#427));
#3758=FACE_OUTER_BOUND('',#3757,.T.);
#3759=FACE_SURFACE('',(#3758),#3756,.T.);
#3760=CARTESIAN_POINT('',(15.66339111,3.53564453,0.));
#3761=DIRECTION('',(0.,0.,-1.));
#3762=DIRECTION('',(0.96591796,-0.25884841,0.));
#3763=AXIS2_PLACEMENT_3D('',#3760,#3761,#3762);
#3764=PLANE('',#3763);
#3765=POLY_LOOP('',(#371,#428,#429));
#3766=FACE_OUTER_BOUND('',#3765,.T.);
#3767=FACE_SURFACE('',(#3766),#3764,.T.);
#3768=CARTESIAN_POINT('',(43.08735657,10.15026855,0.));
#3769=DIRECTION('',(0.,0.,-1.));
#3770=DIRECTION('',(-0.92912936,-0.36975483,0.));
#3771=AXIS2_PLACEMENT_3D('',#3768,#3769,#3770);
#3772=PLANE('',#3771);
#3773=POLY_LOOP('',(#430,#431,#409));
#3774=FACE_OUTER_BOUND('',#3773,.T.);
#3775=FACE_SURFACE('',(#3774),#3772,.T.);
#3776=CARTESIAN_POINT('',(126.31307983,10.02926636,0.));
#3777=DIRECTION('',(0.,0.,-1.));
#3778=DIRECTION('',(0.86157008,-0.50763865,0.));
#3779=AXIS2_PLACEMENT_3D('',#3776,#3777,#3778);
#3780=PLANE('',#3779);
#3781=POLY_LOOP('',(#245,#244,#251));
#3782=FACE_OUTER_BOUND('',#3781,.T.);
#3783=FACE_SURFACE('',(#3782),#3780,.T.);
#3784=CARTESIAN_POINT('',(139.42797852,2.60682678,0.));
#3785=DIRECTION('',(0.,0.,-1.));
#3786=DIRECTION('',(-0.86200756,0.50689542,0.));
#3787=AXIS2_PLACEMENT_3D('',#3784,#3785,#3786);
#3788=PLANE('',#3787);
#3789=POLY_LOOP('',(#432,#238,#240));
#3790=FACE_OUTER_BOUND('',#3789,.T.);
#3791=FACE_SURFACE('',(#3790),#3788,.T.);
#3792=CARTESIAN_POINT('',(139.51765442,2.42498779,0.));
#3793=DIRECTION('',(0.,0.,-1.));
#3794=DIRECTION('',(0.55556828,-0.83147092,0.));
#3795=AXIS2_PLACEMENT_3D('',#3792,#3793,#3794);
#3796=PLANE('',#3795);
#3797=POLY_LOOP('',(#433,#246,#245));
#3798=FACE_OUTER_BOUND('',#3797,.T.);
#3799=FACE_SURFACE('',(#3798),#3796,.T.);
#3800=CARTESIAN_POINT('',(126.50894165,10.042099,0.));
#3801=DIRECTION('',(0.,0.,-1.));
#3802=DIRECTION('',(0.86294925,-0.50529061,0.));
#3803=AXIS2_PLACEMENT_3D('',#3800,#3801,#3802);
#3804=PLANE('',#3803);
#3805=POLY_LOOP('',(#434,#433,#245));
#3806=FACE_OUTER_BOUND('',#3805,.T.);
#3807=FACE_SURFACE('',(#3806),#3804,.T.);
#3808=CARTESIAN_POINT('',(140.65768433,4.73672485,0.));
#3809=DIRECTION('',(0.,0.,-1.));
#3810=DIRECTION('',(0.64620681,0.76316234,0.));
#3811=AXIS2_PLACEMENT_3D('',#3808,#3809,#3810);
#3812=PLANE('',#3811);
#3813=POLY_LOOP('',(#435,#364,#436));
#3814=FACE_OUTER_BOUND('',#3813,.T.);
#3815=FACE_SURFACE('',(#3814),#3812,.T.);
#3816=CARTESIAN_POINT('',(126.50894165,10.042099,0.));
#3817=DIRECTION('',(0.,0.,-1.));
#3818=DIRECTION('',(0.86670835,-0.49881524,0.));
#3819=AXIS2_PLACEMENT_3D('',#3816,#3817,#3818);
#3820=PLANE('',#3819);
#3821=POLY_LOOP('',(#434,#432,#433));
#3822=FACE_OUTER_BOUND('',#3821,.T.);
#3823=FACE_SURFACE('',(#3822),#3820,.T.);
#3824=CARTESIAN_POINT('',(127.7789917,11.01663208,0.));
#3825=DIRECTION('',(0.,0.,-1.));
#3826=DIRECTION('',(0.98023682,0.19782765,0.));
#3827=AXIS2_PLACEMENT_3D('',#3824,#3825,#3826);
#3828=PLANE('',#3827);
#3829=POLY_LOOP('',(#234,#229,#235));
#3830=FACE_OUTER_BOUND('',#3829,.T.);
#3831=FACE_SURFACE('',(#3830),#3828,.T.);
#3832=CARTESIAN_POINT('',(143.80435181,8.86875916,0.));
#3833=DIRECTION('',(0.,0.,-1.));
#3834=DIRECTION('',(-0.62342304,0.78188472,0.));
#3835=AXIS2_PLACEMENT_3D('',#3832,#3833,#3834);
#3836=PLANE('',#3835);
#3837=POLY_LOOP('',(#362,#365,#363));
#3838=FACE_OUTER_BOUND('',#3837,.T.);
#3839=FACE_SURFACE('',(#3838),#3836,.T.);
#3840=CARTESIAN_POINT('',(141.63499451,13.00965881,0.));
#3841=DIRECTION('',(0.,0.,-1.));
#3842=DIRECTION('',(0.73720919,-0.67566456,0.));
#3843=AXIS2_PLACEMENT_3D('',#3840,#3841,#3842);
#3844=PLANE('',#3843);
#3845=POLY_LOOP('',(#356,#355,#357));
#3846=FACE_OUTER_BOUND('',#3845,.T.);
#3847=FACE_SURFACE('',(#3846),#3844,.T.);
#3848=CARTESIAN_POINT('',(141.63499451,13.00965881,0.));
#3849=DIRECTION('',(0.,0.,-1.));
#3850=DIRECTION('',(0.83147092,0.55556828,0.));
#3851=AXIS2_PLACEMENT_3D('',#3848,#3849,#3850);
#3852=PLANE('',#3851);
#3853=POLY_LOOP('',(#356,#353,#355));
#3854=FACE_OUTER_BOUND('',#3853,.T.);
#3855=FACE_SURFACE('',(#3854),#3852,.T.);
#3856=CARTESIAN_POINT('',(144.53547668,10.35131836,0.));
#3857=DIRECTION('',(0.,0.,-1.));
#3858=DIRECTION('',(-0.66401074,0.74772304,0.));
#3859=AXIS2_PLACEMENT_3D('',#3856,#3857,#3858);
#3860=PLANE('',#3859);
#3861=POLY_LOOP('',(#355,#354,#306));
#3862=FACE_OUTER_BOUND('',#3861,.T.);
#3863=FACE_SURFACE('',(#3862),#3860,.T.);
#3864=CARTESIAN_POINT('',(144.90086365,10.76797485,0.));
#3865=DIRECTION('',(0.,0.,-1.));
#3866=DIRECTION('',(-0.76387129,0.64536861,0.));
#3867=AXIS2_PLACEMENT_3D('',#3864,#3865,#3866);
#3868=PLANE('',#3867);
#3869=POLY_LOOP('',(#306,#354,#307));
#3870=FACE_OUTER_BOUND('',#3869,.T.);
#3871=FACE_SURFACE('',(#3870),#3868,.T.);
#3872=CARTESIAN_POINT('',(145.31752014,11.13336182,0.));
#3873=DIRECTION('',(0.,0.,-1.));
#3874=DIRECTION('',(-0.75184963,-0.65933462,0.));
#3875=AXIS2_PLACEMENT_3D('',#3872,#3873,#3874);
#3876=PLANE('',#3875);
#3877=POLY_LOOP('',(#352,#306,#305));
#3878=FACE_OUTER_BOUND('',#3877,.T.);
#3879=FACE_SURFACE('',(#3878),#3876,.T.);
#3880=CARTESIAN_POINT('',(142.29200745,13.75883484,0.));
#3881=DIRECTION('',(0.,0.,-1.));
#3882=DIRECTION('',(0.75527355,-0.65540969,0.));
#3883=AXIS2_PLACEMENT_3D('',#3880,#3881,#3882);
#3884=PLANE('',#3883);
#3885=POLY_LOOP('',(#351,#352,#305));
#3886=FACE_OUTER_BOUND('',#3885,.T.);
#3887=FACE_SURFACE('',(#3886),#3884,.T.);
#3888=CARTESIAN_POINT('',(142.35717773,13.95082092,0.));
#3889=DIRECTION('',(0.,0.,-1.));
#3890=DIRECTION('',(0.80631878,-0.59148121,0.));
#3891=AXIS2_PLACEMENT_3D('',#3888,#3889,#3890);
#3892=PLANE('',#3891);
#3893=POLY_LOOP('',(#348,#350,#351));
#3894=FACE_OUTER_BOUND('',#3893,.T.);
#3895=FACE_SURFACE('',(#3894),#3892,.T.);
#3896=CARTESIAN_POINT('',(142.39672852,14.14967346,0.));
#3897=DIRECTION('',(0.,0.,-1.));
#3898=DIRECTION('',(0.84414153,-0.53612039,0.));
#3899=AXIS2_PLACEMENT_3D('',#3896,#3897,#3898);
#3900=PLANE('',#3899);
#3901=POLY_LOOP('',(#349,#346,#350));
#3902=FACE_OUTER_BOUND('',#3901,.T.);
#3903=FACE_SURFACE('',(#3902),#3900,.T.);
#3904=CARTESIAN_POINT('',(142.39672852,14.14967346,0.));
#3905=DIRECTION('',(0.,0.,-1.));
#3906=DIRECTION('',(0.06540007,0.99785912,0.));
#3907=AXIS2_PLACEMENT_3D('',#3904,#3905,#3906);
#3908=PLANE('',#3907);
#3909=POLY_LOOP('',(#349,#347,#346));
#3910=FACE_OUTER_BOUND('',#3909,.T.);
#3911=FACE_SURFACE('',(#3910),#3908,.T.);
#3912=CARTESIAN_POINT('',(146.27531433,11.68635559,0.));
#3913=DIRECTION('',(0.,0.,-1.));
#3914=DIRECTION('',(-0.80406023,0.59454786,0.));
#3915=AXIS2_PLACEMENT_3D('',#3912,#3913,#3914);
#3916=PLANE('',#3915);
#3917=POLY_LOOP('',(#346,#345,#344));
#3918=FACE_OUTER_BOUND('',#3917,.T.);
#3919=FACE_SURFACE('',(#3918),#3916,.T.);
#3920=CARTESIAN_POINT('',(146.80007935,11.86448669,0.));
#3921=DIRECTION('',(0.,0.,-1.));
#3922=DIRECTION('',(-0.83837585,0.54509259,0.));
#3923=AXIS2_PLACEMENT_3D('',#3920,#3921,#3922);
#3924=PLANE('',#3923);
#3925=POLY_LOOP('',(#344,#342,#341));
#3926=FACE_OUTER_BOUND('',#3925,.T.);
#3927=FACE_SURFACE('',(#3926),#3924,.T.);
#3928=CARTESIAN_POINT('',(147.34361267,11.97259521,0.));
#3929=DIRECTION('',(0.,0.,-1.));
#3930=DIRECTION('',(-0.85235771,0.52295921,0.));
#3931=AXIS2_PLACEMENT_3D('',#3928,#3929,#3930);
#3932=PLANE('',#3931);
#3933=POLY_LOOP('',(#341,#340,#339));
#3934=FACE_OUTER_BOUND('',#3933,.T.);
#3935=FACE_SURFACE('',(#3934),#3932,.T.);
#3936=CARTESIAN_POINT('',(147.89659119,12.00883484,0.));
#3937=DIRECTION('',(0.,0.,-1.));
#3938=DIRECTION('',(-0.87026851,0.49257763,0.));
#3939=AXIS2_PLACEMENT_3D('',#3936,#3937,#3938);
#3940=PLANE('',#3939);
#3941=POLY_LOOP('',(#339,#338,#337));
#3942=FACE_OUTER_BOUND('',#3941,.T.);
#3943=FACE_SURFACE('',(#3942),#3940,.T.);
#3944=CARTESIAN_POINT('',(152.36338806,12.00883484,0.));
#3945=DIRECTION('',(0.,0.,-1.));
#3946=DIRECTION('',(-1.,0.,0.));
#3947=AXIS2_PLACEMENT_3D('',#3944,#3945,#3946);
#3948=PLANE('',#3947);
#3949=POLY_LOOP('',(#437,#339,#337));
#3950=FACE_OUTER_BOUND('',#3949,.T.);
#3951=FACE_SURFACE('',(#3950),#3948,.T.);
#3952=CARTESIAN_POINT('',(161.16999817,17.00198364,0.));
#3953=DIRECTION('',(0.,0.,-1.));
#3954=DIRECTION('',(-0.86990622,-0.49321716,0.));
#3955=AXIS2_PLACEMENT_3D('',#3952,#3953,#3954);
#3956=PLANE('',#3955);
#3957=POLY_LOOP('',(#22,#437,#337));
#3958=FACE_OUTER_BOUND('',#3957,.T.);
#3959=FACE_SURFACE('',(#3958),#3956,.T.);
#3960=CARTESIAN_POINT('',(161.16999817,17.00198364,0.));
#3961=DIRECTION('',(0.,0.,-1.));
#3962=DIRECTION('',(-0.85394811,-0.52035817,0.));
#3963=AXIS2_PLACEMENT_3D('',#3960,#3961,#3962);
#3964=PLANE('',#3963);
#3965=POLY_LOOP('',(#22,#438,#437));
#3966=FACE_OUTER_BOUND('',#3965,.T.);
#3967=FACE_SURFACE('',(#3966),#3964,.T.);
#3968=CARTESIAN_POINT('',(161.16999817,17.00198364,0.));
#3969=DIRECTION('',(0.,0.,-1.));
#3970=DIRECTION('',(-0.83217823,-0.55450825,0.));
#3971=AXIS2_PLACEMENT_3D('',#3968,#3969,#3970);
#3972=PLANE('',#3971);
#3973=POLY_LOOP('',(#22,#422,#438));
#3974=FACE_OUTER_BOUND('',#3973,.T.);
#3975=FACE_SURFACE('',(#3974),#3972,.T.);
#3976=CARTESIAN_POINT('',(157.31829834,11.4412384,0.));
#3977=DIRECTION('',(0.,0.,-1.));
#3978=DIRECTION('',(-0.83147799,-0.5555577,0.));
#3979=AXIS2_PLACEMENT_3D('',#3976,#3977,#3978);
#3980=PLANE('',#3979);
#3981=POLY_LOOP('',(#439,#440,#441));
#3982=FACE_OUTER_BOUND('',#3981,.T.);
#3983=FACE_SURFACE('',(#3982),#3980,.T.);
#3984=CARTESIAN_POINT('',(156.85751343,11.13336182,0.));
#3985=DIRECTION('',(0.,0.,-1.));
#3986=DIRECTION('',(-0.75184963,-0.65933462,0.));
#3987=AXIS2_PLACEMENT_3D('',#3984,#3985,#3986);
#3988=PLANE('',#3987);
#3989=POLY_LOOP('',(#440,#442,#443));
#3990=FACE_OUTER_BOUND('',#3989,.T.);
#3991=FACE_SURFACE('',(#3990),#3988,.T.);
#3992=CARTESIAN_POINT('',(156.44085693,10.76797485,0.));
#3993=DIRECTION('',(0.,0.,-1.));
#3994=DIRECTION('',(-0.86441265,-0.50278302,0.));
#3995=AXIS2_PLACEMENT_3D('',#3992,#3993,#3994);
#3996=PLANE('',#3995);
#3997=POLY_LOOP('',(#442,#444,#445));
#3998=FACE_OUTER_BOUND('',#3997,.T.);
#3999=FACE_SURFACE('',(#3998),#3996,.T.);
#4000=CARTESIAN_POINT('',(155.72451782,10.35131836,0.));
#4001=DIRECTION('',(0.,0.,-1.));
#4002=DIRECTION('',(0.86441265,0.50278302,0.));
#4003=AXIS2_PLACEMENT_3D('',#4000,#4001,#4002);
#4004=PLANE('',#4003);
#4005=POLY_LOOP('',(#444,#442,#446));
#4006=FACE_OUTER_BOUND('',#4005,.T.);
#4007=FACE_SURFACE('',(#4006),#4004,.T.);
#4008=CARTESIAN_POINT('',(155.8999939,10.08869934,0.));
#4009=DIRECTION('',(0.,0.,-1.));
#4010=DIRECTION('',(-0.55556948,0.83147012,0.));
#4011=AXIS2_PLACEMENT_3D('',#4008,#4009,#4010);
#4012=PLANE('',#4011);
#4013=POLY_LOOP('',(#447,#444,#446));
#4014=FACE_OUTER_BOUND('',#4013,.T.);
#4015=FACE_SURFACE('',(#4014),#4012,.T.);
#4016=CARTESIAN_POINT('',(155.3591156,10.76797485,0.));
#4017=DIRECTION('',(0.,0.,-1.));
#4018=DIRECTION('',(-0.75183766,0.65934827,0.));
#4019=AXIS2_PLACEMENT_3D('',#4016,#4017,#4018);
#4020=PLANE('',#4019);
#4021=POLY_LOOP('',(#445,#443,#442));
#4022=FACE_OUTER_BOUND('',#4021,.T.);
#4023=FACE_SURFACE('',(#4022),#4020,.T.);
#4024=CARTESIAN_POINT('',(154.94247437,11.13336182,0.));
#4025=DIRECTION('',(0.,0.,-1.));
#4026=DIRECTION('',(-0.83147799,0.5555577,0.));
#4027=AXIS2_PLACEMENT_3D('',#4024,#4025,#4026);
#4028=PLANE('',#4027);
#4029=POLY_LOOP('',(#443,#441,#440));
#4030=FACE_OUTER_BOUND('',#4029,.T.);
#4031=FACE_SURFACE('',(#4030),#4028,.T.);
#4032=CARTESIAN_POINT('',(154.48168945,11.4412384,0.));
#4033=DIRECTION('',(0.,0.,-1.));
#4034=DIRECTION('',(-0.89686429,0.44230583,0.));
#4035=AXIS2_PLACEMENT_3D('',#4032,#4033,#4034);
#4036=PLANE('',#4035);
#4037=POLY_LOOP('',(#441,#423,#439));
#4038=FACE_OUTER_BOUND('',#4037,.T.);
#4039=FACE_SURFACE('',(#4038),#4036,.T.);
#4040=CARTESIAN_POINT('',(157.31829834,11.4412384,0.));
#4041=DIRECTION('',(0.,0.,-1.));
#4042=DIRECTION('',(-0.99730769,0.07333058,0.));
#4043=AXIS2_PLACEMENT_3D('',#4040,#4041,#4042);
#4044=PLANE('',#4043);
#4045=POLY_LOOP('',(#439,#423,#448));
#4046=FACE_OUTER_BOUND('',#4045,.T.);
#4047=FACE_SURFACE('',(#4046),#4044,.T.);
#4048=CARTESIAN_POINT('',(157.81532288,11.68635559,0.));
#4049=DIRECTION('',(0.,0.,-1.));
#4050=DIRECTION('',(-1.,0.,0.));
#4051=AXIS2_PLACEMENT_3D('',#4048,#4049,#4050);
#4052=PLANE('',#4051);
#4053=POLY_LOOP('',(#448,#423,#22));
#4054=FACE_OUTER_BOUND('',#4053,.T.);
#4055=FACE_SURFACE('',(#4054),#4052,.T.);
#4056=CARTESIAN_POINT('',(158.34007263,11.86448669,0.));
#4057=DIRECTION('',(0.,0.,-1.));
#4058=DIRECTION('',(-0.94692872,-0.32144361,0.));
#4059=AXIS2_PLACEMENT_3D('',#4056,#4057,#4058);
#4060=PLANE('',#4059);
#4061=POLY_LOOP('',(#449,#448,#22));
#4062=FACE_OUTER_BOUND('',#4061,.T.);
#4063=FACE_SURFACE('',(#4062),#4060,.T.);
#4064=CARTESIAN_POINT('',(158.88360596,11.97259521,0.));
#4065=DIRECTION('',(0.,0.,-1.));
#4066=DIRECTION('',(-0.98078769,-0.19507821,0.));
#4067=AXIS2_PLACEMENT_3D('',#4064,#4065,#4066);
#4068=PLANE('',#4067);
#4069=POLY_LOOP('',(#232,#449,#22));
#4070=FACE_OUTER_BOUND('',#4069,.T.);
#4071=FACE_SURFACE('',(#4070),#4068,.T.);
#4072=CARTESIAN_POINT('',(159.43659973,12.00883484,0.));
#4073=DIRECTION('',(0.,0.,-1.));
#4074=DIRECTION('',(0.32795533,0.94469323,0.));
#4075=AXIS2_PLACEMENT_3D('',#4072,#4073,#4074);
#4076=PLANE('',#4075);
#4077=POLY_LOOP('',(#233,#22,#450));
#4078=FACE_OUTER_BOUND('',#4077,.T.);
#4079=FACE_SURFACE('',(#4078),#4076,.T.);
#4080=CARTESIAN_POINT('',(163.90339661,12.00883484,0.));
#4081=DIRECTION('',(0.,0.,-1.));
#4082=DIRECTION('',(-0.48018691,0.87716619,0.));
#4083=AXIS2_PLACEMENT_3D('',#4080,#4081,#4082);
#4084=PLANE('',#4083);
#4085=POLY_LOOP('',(#450,#22,#451));
#4086=FACE_OUTER_BOUND('',#4085,.T.);
#4087=FACE_SURFACE('',(#4086),#4084,.T.);
#4088=CARTESIAN_POINT('',(164.45637512,11.97259521,0.));
#4089=DIRECTION('',(0.,0.,-1.));
#4090=DIRECTION('',(-0.54700806,0.83712734,0.));
#4091=AXIS2_PLACEMENT_3D('',#4088,#4089,#4090);
#4092=PLANE('',#4091);
#4093=POLY_LOOP('',(#451,#22,#452));
#4094=FACE_OUTER_BOUND('',#4093,.T.);
#4095=FACE_SURFACE('',(#4094),#4092,.T.);
#4096=CARTESIAN_POINT('',(164.99990845,11.86448669,0.));
#4097=DIRECTION('',(0.,0.,-1.));
#4098=DIRECTION('',(-0.59767912,0.80173541,0.));
#4099=AXIS2_PLACEMENT_3D('',#4096,#4097,#4098);
#4100=PLANE('',#4099);
#4101=POLY_LOOP('',(#452,#22,#21));
#4102=FACE_OUTER_BOUND('',#4101,.T.);
#4103=FACE_SURFACE('',(#4102),#4100,.T.);
#4104=CARTESIAN_POINT('',(165.52467346,11.68635559,0.));
#4105=DIRECTION('',(0.,0.,-1.));
#4106=DIRECTION('',(-0.94693157,0.32143523,0.));
#4107=AXIS2_PLACEMENT_3D('',#4104,#4105,#4106);
#4108=PLANE('',#4107);
#4109=POLY_LOOP('',(#453,#452,#21));
#4110=FACE_OUTER_BOUND('',#4109,.T.);
#4111=FACE_SURFACE('',(#4110),#4108,.T.);
#4112=CARTESIAN_POINT('',(166.021698,11.4412384,0.));
#4113=DIRECTION('',(0.,0.,-1.));
#4114=DIRECTION('',(-0.89686429,0.44230583,0.));
#4115=AXIS2_PLACEMENT_3D('',#4112,#4113,#4114);
#4116=PLANE('',#4115);
#4117=POLY_LOOP('',(#454,#453,#21));
#4118=FACE_OUTER_BOUND('',#4117,.T.);
#4119=FACE_SURFACE('',(#4118),#4116,.T.);
#4120=CARTESIAN_POINT('',(166.48246765,11.13336182,0.));
#4121=DIRECTION('',(0.,0.,-1.));
#4122=DIRECTION('',(-0.83146949,0.55557042,0.));
#4123=AXIS2_PLACEMENT_3D('',#4120,#4121,#4122);
#4124=PLANE('',#4123);
#4125=POLY_LOOP('',(#455,#454,#21));
#4126=FACE_OUTER_BOUND('',#4125,.T.);
#4127=FACE_SURFACE('',(#4126),#4124,.T.);
#4128=CARTESIAN_POINT('',(166.89912415,10.76797485,0.));
#4129=DIRECTION('',(0.,0.,-1.));
#4130=DIRECTION('',(-0.75184963,0.65933462,0.));
#4131=AXIS2_PLACEMENT_3D('',#4128,#4129,#4130);
#4132=PLANE('',#4131);
#4133=POLY_LOOP('',(#456,#455,#21));
#4134=FACE_OUTER_BOUND('',#4133,.T.);
#4135=FACE_SURFACE('',(#4134),#4132,.T.);
#4136=CARTESIAN_POINT('',(167.26451111,10.35131836,0.));
#4137=DIRECTION('',(0.,0.,-1.));
#4138=DIRECTION('',(-0.65933462,0.75184963,0.));
#4139=AXIS2_PLACEMENT_3D('',#4136,#4137,#4138);
#4140=PLANE('',#4139);
#4141=POLY_LOOP('',(#457,#456,#21));
#4142=FACE_OUTER_BOUND('',#4141,.T.);
#4143=FACE_SURFACE('',(#4142),#4140,.T.);
#4144=CARTESIAN_POINT('',(167.57240295,9.89054871,0.));
#4145=DIRECTION('',(0.,0.,-1.));
#4146=DIRECTION('',(-0.55558945,0.83145677,0.));
#4147=AXIS2_PLACEMENT_3D('',#4144,#4145,#4146);
#4148=PLANE('',#4147);
#4149=POLY_LOOP('',(#458,#457,#21));
#4150=FACE_OUTER_BOUND('',#4149,.T.);
#4151=FACE_SURFACE('',(#4150),#4148,.T.);
#4152=CARTESIAN_POINT('',(167.81750488,9.39352417,0.));
#4153=DIRECTION('',(0.,0.,-1.));
#4154=DIRECTION('',(-0.44228369,0.89687521,0.));
#4155=AXIS2_PLACEMENT_3D('',#4152,#4153,#4154);
#4156=PLANE('',#4155);
#4157=POLY_LOOP('',(#459,#458,#21));
#4158=FACE_OUTER_BOUND('',#4157,.T.);
#4159=FACE_SURFACE('',(#4158),#4156,.T.);
#4160=CARTESIAN_POINT('',(167.99563599,8.86875916,0.));
#4161=DIRECTION('',(0.,0.,-1.));
#4162=DIRECTION('',(-0.32143523,0.94693157,0.));
#4163=AXIS2_PLACEMENT_3D('',#4160,#4161,#4162);
#4164=PLANE('',#4163);
#4165=POLY_LOOP('',(#460,#459,#21));
#4166=FACE_OUTER_BOUND('',#4165,.T.);
#4167=FACE_SURFACE('',(#4166),#4164,.T.);
#4168=CARTESIAN_POINT('',(168.13999939,7.77224731,0.));
#4169=DIRECTION('',(0.,0.,-1.));
#4170=DIRECTION('',(-0.06542246,0.99785766,0.));
#4171=AXIS2_PLACEMENT_3D('',#4168,#4169,#4170);
#4172=PLANE('',#4171);
#4173=POLY_LOOP('',(#461,#462,#21));
#4174=FACE_OUTER_BOUND('',#4173,.T.);
#4175=FACE_SURFACE('',(#4174),#4172,.T.);
#4176=CARTESIAN_POINT('',(168.10374451,8.32522583,0.));
#4177=DIRECTION('',(0.,0.,-1.));
#4178=DIRECTION('',(-0.19507821,0.98078769,0.));
#4179=AXIS2_PLACEMENT_3D('',#4176,#4177,#4178);
#4180=PLANE('',#4179);
#4181=POLY_LOOP('',(#462,#460,#21));
#4182=FACE_OUTER_BOUND('',#4181,.T.);
#4183=FACE_SURFACE('',(#4182),#4180,.T.);
#4184=CARTESIAN_POINT('',(169.55000305,0.44999695,0.));
#4185=DIRECTION('',(0.,0.,-1.));
#4186=DIRECTION('',(-0.18909033,0.9819597,0.));
#4187=AXIS2_PLACEMENT_3D('',#4184,#4185,#4186);
#4188=PLANE('',#4187);
#4189=POLY_LOOP('',(#419,#461,#21));
#4190=FACE_OUTER_BOUND('',#4189,.T.);
#4191=FACE_SURFACE('',(#4190),#4188,.T.);
#4192=CARTESIAN_POINT('',(169.55000305,0.44999695,0.));
#4193=DIRECTION('',(0.,0.,-1.));
#4194=DIRECTION('',(-0.20893561,0.9779294,0.));
#4195=AXIS2_PLACEMENT_3D('',#4192,#4193,#4194);
#4196=PLANE('',#4195);
#4197=POLY_LOOP('',(#419,#463,#461));
#4198=FACE_OUTER_BOUND('',#4197,.T.);
#4199=FACE_SURFACE('',(#4198),#4196,.T.);
#4200=CARTESIAN_POINT('',(169.55000305,0.44999695,0.));
#4201=DIRECTION('',(0.,0.,-1.));
#4202=DIRECTION('',(-0.24223236,0.97021827,0.));
#4203=AXIS2_PLACEMENT_3D('',#4200,#4201,#4202);
#4204=PLANE('',#4203);
#4205=POLY_LOOP('',(#419,#464,#463));
#4206=FACE_OUTER_BOUND('',#4205,.T.);
#4207=FACE_SURFACE('',(#4206),#4204,.T.);
#4208=CARTESIAN_POINT('',(169.55000305,0.44999695,0.));
#4209=DIRECTION('',(0.,0.,-1.));
#4210=DIRECTION('',(-0.29076519,0.95679444,0.));
#4211=AXIS2_PLACEMENT_3D('',#4208,#4209,#4210);
#4212=PLANE('',#4211);
#4213=POLY_LOOP('',(#419,#465,#464));
#4214=FACE_OUTER_BOUND('',#4213,.T.);
#4215=FACE_SURFACE('',(#4214),#4212,.T.);
#4216=CARTESIAN_POINT('',(169.55000305,0.44999695,0.));
#4217=DIRECTION('',(0.,0.,-1.));
#4218=DIRECTION('',(-0.35523338,0.93477765,0.));
#4219=AXIS2_PLACEMENT_3D('',#4216,#4217,#4218);
#4220=PLANE('',#4219);
#4221=POLY_LOOP('',(#419,#466,#465));
#4222=FACE_OUTER_BOUND('',#4221,.T.);
#4223=FACE_SURFACE('',(#4222),#4220,.T.);
#4224=CARTESIAN_POINT('',(169.55000305,0.44999695,0.));
#4225=DIRECTION('',(0.,0.,-1.));
#4226=DIRECTION('',(-0.43408485,0.90087199,0.));
#4227=AXIS2_PLACEMENT_3D('',#4224,#4225,#4226);
#4228=PLANE('',#4227);
#4229=POLY_LOOP('',(#419,#467,#466));
#4230=FACE_OUTER_BOUND('',#4229,.T.);
#4231=FACE_SURFACE('',(#4230),#4228,.T.);
#4232=CARTESIAN_POINT('',(169.55000305,0.44999695,0.));
#4233=DIRECTION('',(0.,0.,-1.));
#4234=DIRECTION('',(-0.52243872,0.85267684,0.));
#4235=AXIS2_PLACEMENT_3D('',#4232,#4233,#4234);
#4236=PLANE('',#4235);
#4237=POLY_LOOP('',(#419,#468,#467));
#4238=FACE_OUTER_BOUND('',#4237,.T.);
#4239=FACE_SURFACE('',(#4238),#4236,.T.);
#4240=CARTESIAN_POINT('',(169.55000305,0.44999695,0.));
#4241=DIRECTION('',(0.,0.,-1.));
#4242=DIRECTION('',(-0.61228069,0.79064047,0.));
#4243=AXIS2_PLACEMENT_3D('',#4240,#4241,#4242);
#4244=PLANE('',#4243);
#4245=POLY_LOOP('',(#419,#469,#468));
#4246=FACE_OUTER_BOUND('',#4245,.T.);
#4247=FACE_SURFACE('',(#4246),#4244,.T.);
#4248=CARTESIAN_POINT('',(169.55000305,0.44999695,0.));
#4249=DIRECTION('',(0.,0.,-1.));
#4250=DIRECTION('',(-0.69469997,0.71929963,0.));
#4251=AXIS2_PLACEMENT_3D('',#4248,#4249,#4250);
#4252=PLANE('',#4251);
#4253=POLY_LOOP('',(#419,#470,#469));
#4254=FACE_OUTER_BOUND('',#4253,.T.);
#4255=FACE_SURFACE('',(#4254),#4252,.T.);
#4256=CARTESIAN_POINT('',(169.55000305,0.44999695,0.));
#4257=DIRECTION('',(0.,0.,-1.));
#4258=DIRECTION('',(-0.76319048,0.64617357,0.));
#4259=AXIS2_PLACEMENT_3D('',#4256,#4257,#4258);
#4260=PLANE('',#4259);
#4261=POLY_LOOP('',(#419,#471,#470));
#4262=FACE_OUTER_BOUND('',#4261,.T.);
#4263=FACE_SURFACE('',(#4262),#4260,.T.);
#4264=CARTESIAN_POINT('',(169.55000305,0.44999695,0.));
#4265=DIRECTION('',(0.,0.,-1.));
#4266=DIRECTION('',(-0.81543003,0.57885565,0.));
#4267=AXIS2_PLACEMENT_3D('',#4264,#4265,#4266);
#4268=PLANE('',#4267);
#4269=POLY_LOOP('',(#419,#472,#471));
#4270=FACE_OUTER_BOUND('',#4269,.T.);
#4271=FACE_SURFACE('',(#4270),#4268,.T.);
#4272=CARTESIAN_POINT('',(169.55000305,0.44999695,0.));
#4273=DIRECTION('',(0.,0.,-1.));
#4274=DIRECTION('',(-0.85260228,0.52256038,0.));
#4275=AXIS2_PLACEMENT_3D('',#4272,#4273,#4274);
#4276=PLANE('',#4275);
#4277=POLY_LOOP('',(#419,#473,#472));
#4278=FACE_OUTER_BOUND('',#4277,.T.);
#4279=FACE_SURFACE('',(#4278),#4276,.T.);
#4280=CARTESIAN_POINT('',(169.55000305,0.44999695,0.));
#4281=DIRECTION('',(0.,0.,-1.));
#4282=DIRECTION('',(-0.8775242,0.47953235,0.));
#4283=AXIS2_PLACEMENT_3D('',#4280,#4281,#4282);
#4284=PLANE('',#4283);
#4285=POLY_LOOP('',(#419,#421,#473));
#4286=FACE_OUTER_BOUND('',#4285,.T.);
#4287=FACE_SURFACE('',(#4286),#4284,.T.);
#4288=CARTESIAN_POINT('',(159.43659973,3.53564453,0.));
#4289=DIRECTION('',(0.,0.,-1.));
#4290=DIRECTION('',(0.95647198,-0.29182416,0.));
#4291=AXIS2_PLACEMENT_3D('',#4288,#4289,#4290);
#4292=PLANE('',#4291);
#4293=POLY_LOOP('',(#420,#419,#474));
#4294=FACE_OUTER_BOUND('',#4293,.T.);
#4295=FACE_SURFACE('',(#4294),#4292,.T.);
#4296=CARTESIAN_POINT('',(158.88360596,3.57188416,0.));
#4297=DIRECTION('',(0.,0.,-1.));
#4298=DIRECTION('',(0.95973705,-0.28089999,0.));
#4299=AXIS2_PLACEMENT_3D('',#4296,#4297,#4298);
#4300=PLANE('',#4299);
#4301=POLY_LOOP('',(#474,#419,#475));
#4302=FACE_OUTER_BOUND('',#4301,.T.);
#4303=FACE_SURFACE('',(#4302),#4300,.T.);
#4304=CARTESIAN_POINT('',(158.34007263,3.68000793,0.));
#4305=DIRECTION('',(0.,0.,-1.));
#4306=DIRECTION('',(-0.99980135,-0.0199315,0.));
#4307=AXIS2_PLACEMENT_3D('',#4304,#4305,#4306);
#4308=PLANE('',#4307);
#4309=POLY_LOOP('',(#476,#475,#477));
#4310=FACE_OUTER_BOUND('',#4309,.T.);
#4311=FACE_SURFACE('',(#4310),#4308,.T.);
#4312=CARTESIAN_POINT('',(157.81532288,3.85813904,0.));
#4313=DIRECTION('',(0.,0.,-1.));
#4314=DIRECTION('',(-1.,0.,0.));
#4315=AXIS2_PLACEMENT_3D('',#4312,#4313,#4314);
#4316=PLANE('',#4315);
#4317=POLY_LOOP('',(#478,#479,#480));
#4318=FACE_OUTER_BOUND('',#4317,.T.);
#4319=FACE_SURFACE('',(#4318),#4316,.T.);
#4320=CARTESIAN_POINT('',(157.31829834,4.10324097,0.));
#4321=DIRECTION('',(0.,0.,-1.));
#4322=DIRECTION('',(-1.,0.,0.));
#4323=AXIS2_PLACEMENT_3D('',#4320,#4321,#4322);
#4324=PLANE('',#4323);
#4325=POLY_LOOP('',(#480,#481,#482));
#4326=FACE_OUTER_BOUND('',#4325,.T.);
#4327=FACE_SURFACE('',(#4326),#4324,.T.);
#4328=CARTESIAN_POINT('',(156.85751343,4.41111755,0.));
#4329=DIRECTION('',(0.,0.,-1.));
#4330=DIRECTION('',(-1.,0.,0.));
#4331=AXIS2_PLACEMENT_3D('',#4328,#4329,#4330);
#4332=PLANE('',#4331);
#4333=POLY_LOOP('',(#482,#483,#484));
#4334=FACE_OUTER_BOUND('',#4333,.T.);
#4335=FACE_SURFACE('',(#4334),#4332,.T.);
#4336=CARTESIAN_POINT('',(156.44085693,4.77651978,0.));
#4337=DIRECTION('',(0.,0.,-1.));
#4338=DIRECTION('',(-0.97152884,-0.23692133,0.));
#4339=AXIS2_PLACEMENT_3D('',#4336,#4337,#4338);
#4340=PLANE('',#4339);
#4341=POLY_LOOP('',(#484,#483,#485));
#4342=FACE_OUTER_BOUND('',#4341,.T.);
#4343=FACE_SURFACE('',(#4342),#4340,.T.);
#4344=CARTESIAN_POINT('',(156.07546997,5.19316101,0.));
#4345=DIRECTION('',(0.,0.,-1.));
#4346=DIRECTION('',(0.65934827,-0.75183766,0.));
#4347=AXIS2_PLACEMENT_3D('',#4344,#4345,#4346);
#4348=PLANE('',#4347);
#4349=POLY_LOOP('',(#486,#484,#487));
#4350=FACE_OUTER_BOUND('',#4349,.T.);
#4351=FACE_SURFACE('',(#4350),#4348,.T.);
#4352=CARTESIAN_POINT('',(155.8999939,5.45579529,0.));
#4353=DIRECTION('',(0.,0.,-1.));
#4354=DIRECTION('',(0.55554716,-0.83148503,0.));
#4355=AXIS2_PLACEMENT_3D('',#4352,#4353,#4354);
#4356=PLANE('',#4355);
#4357=POLY_LOOP('',(#488,#486,#487));
#4358=FACE_OUTER_BOUND('',#4357,.T.);
#4359=FACE_SURFACE('',(#4358),#4356,.T.);
#4360=CARTESIAN_POINT('',(155.72451782,5.19316101,0.));
#4361=DIRECTION('',(0.,0.,-1.));
#4362=DIRECTION('',(0.86442065,-0.50276927,0.));
#4363=AXIS2_PLACEMENT_3D('',#4360,#4361,#4362);
#4364=PLANE('',#4363);
#4365=POLY_LOOP('',(#487,#484,#485));
#4366=FACE_OUTER_BOUND('',#4365,.T.);
#4367=FACE_SURFACE('',(#4366),#4364,.T.);
#4368=CARTESIAN_POINT('',(156.85751343,4.41111755,0.));
#4369=DIRECTION('',(0.,0.,-1.));
#4370=DIRECTION('',(-0.99170786,-0.12851273,0.));
#4371=AXIS2_PLACEMENT_3D('',#4368,#4369,#4370);
#4372=PLANE('',#4371);
#4373=POLY_LOOP('',(#482,#481,#483));
#4374=FACE_OUTER_BOUND('',#4373,.T.);
#4375=FACE_SURFACE('',(#4374),#4372,.T.);
#4376=CARTESIAN_POINT('',(157.31829834,4.10324097,0.));
#4377=DIRECTION('',(0.,0.,-1.));
#4378=DIRECTION('',(-0.99730802,-0.07332603,0.));
#4379=AXIS2_PLACEMENT_3D('',#4376,#4377,#4378);
#4380=PLANE('',#4379);
#4381=POLY_LOOP('',(#480,#479,#481));
#4382=FACE_OUTER_BOUND('',#4381,.T.);
#4383=FACE_SURFACE('',(#4382),#4380,.T.);
#4384=CARTESIAN_POINT('',(157.81532288,3.85813904,0.));
#4385=DIRECTION('',(0.,0.,-1.));
#4386=DIRECTION('',(0.94692872,-0.32144361,0.));
#4387=AXIS2_PLACEMENT_3D('',#4384,#4385,#4386);
#4388=PLANE('',#4387);
#4389=POLY_LOOP('',(#478,#476,#479));
#4390=FACE_OUTER_BOUND('',#4389,.T.);
#4391=FACE_SURFACE('',(#4390),#4388,.T.);
#4392=CARTESIAN_POINT('',(153.98466492,3.85813904,0.));
#4393=DIRECTION('',(0.,0.,-1.));
#4394=DIRECTION('',(0.99916469,-0.04086467,0.));
#4395=AXIS2_PLACEMENT_3D('',#4392,#4393,#4394);
#4396=PLANE('',#4395);
#4397=POLY_LOOP('',(#479,#476,#477));
#4398=FACE_OUTER_BOUND('',#4397,.T.);
#4399=FACE_SURFACE('',(#4398),#4396,.T.);
#4400=CARTESIAN_POINT('',(158.34007263,3.68000793,0.));
#4401=DIRECTION('',(0.,0.,-1.));
#4402=DIRECTION('',(0.98078242,-0.19510469,0.));
#4403=AXIS2_PLACEMENT_3D('',#4400,#4401,#4402);
#4404=PLANE('',#4403);
#4405=POLY_LOOP('',(#476,#474,#475));
#4406=FACE_OUTER_BOUND('',#4405,.T.);
#4407=FACE_SURFACE('',(#4406),#4404,.T.);
#4408=CARTESIAN_POINT('',(152.91638184,3.57188416,0.));
#4409=DIRECTION('',(0.,0.,-1.));
#4410=DIRECTION('',(0.98283917,-0.18446453,0.));
#4411=AXIS2_PLACEMENT_3D('',#4408,#4409,#4410);
#4412=PLANE('',#4411);
#4413=POLY_LOOP('',(#475,#419,#489));
#4414=FACE_OUTER_BOUND('',#4413,.T.);
#4415=FACE_SURFACE('',(#4414),#4412,.T.);
#4416=CARTESIAN_POINT('',(140.45881653,1.70280457,0.));
#4417=DIRECTION('',(0.,0.,-1.));
#4418=DIRECTION('',(0.9807914,-0.19505956,0.));
#4419=AXIS2_PLACEMENT_3D('',#4416,#4417,#4418);
#4420=PLANE('',#4419);
#4421=POLY_LOOP('',(#128,#424,#126));
#4422=FACE_OUTER_BOUND('',#4421,.T.);
#4423=FACE_SURFACE('',(#4422),#4420,.T.);
#4424=CARTESIAN_POINT('',(0.44999695,0.44999695,0.));
#4425=DIRECTION('',(0.,0.,-1.));
#4426=DIRECTION('',(0.98004475,0.19877699,0.));
#4427=AXIS2_PLACEMENT_3D('',#4424,#4425,#4426);
#4428=PLANE('',#4427);
#4429=POLY_LOOP('',(#123,#371,#429));
#4430=FACE_OUTER_BOUND('',#4429,.T.);
#4431=FACE_SURFACE('',(#4430),#4428,.T.);
#4432=CARTESIAN_POINT('',(22.49768066,1.66325378,0.));
#4433=DIRECTION('',(0.,0.,-1.));
#4434=DIRECTION('',(0.99785912,-0.06540007,0.));
#4435=AXIS2_PLACEMENT_3D('',#4432,#4433,#4434);
#4436=PLANE('',#4435);
#4437=POLY_LOOP('',(#490,#413,#123));
#4438=FACE_OUTER_BOUND('',#4437,.T.);
#4439=FACE_SURFACE('',(#4438),#4436,.T.);
#4440=CARTESIAN_POINT('',(22.10682678,1.76797485,0.));
#4441=DIRECTION('',(0.,0.,-1.));
#4442=DIRECTION('',(0.94693821,-0.32141565,0.));
#4443=AXIS2_PLACEMENT_3D('',#4440,#4441,#4442);
#4444=PLANE('',#4443);
#4445=POLY_LOOP('',(#429,#491,#123));
#4446=FACE_OUTER_BOUND('',#4445,.T.);
#4447=FACE_SURFACE('',(#4446),#4444,.T.);
#4448=CARTESIAN_POINT('',(22.29882812,1.70280457,0.));
#4449=DIRECTION('',(0.,0.,-1.));
#4450=DIRECTION('',(0.98078853,-0.19507396,0.));
#4451=AXIS2_PLACEMENT_3D('',#4448,#4449,#4450);
#4452=PLANE('',#4451);
#4453=POLY_LOOP('',(#491,#490,#123));
#4454=FACE_OUTER_BOUND('',#4453,.T.);
#4455=FACE_SURFACE('',(#4454),#4452,.T.);
#4456=CARTESIAN_POINT('',(15.66339111,3.53564453,0.));
#4457=DIRECTION('',(0.,0.,-1.));
#4458=DIRECTION('',(0.96854745,-0.24882893,0.));
#4459=AXIS2_PLACEMENT_3D('',#4456,#4457,#4458);
#4460=PLANE('',#4459);
#4461=POLY_LOOP('',(#371,#412,#428));
#4462=FACE_OUTER_BOUND('',#4461,.T.);
#4463=FACE_SURFACE('',(#4462),#4460,.T.);
#4464=CARTESIAN_POINT('',(16.21638489,3.57188416,0.));
#4465=DIRECTION('',(0.,0.,-1.));
#4466=DIRECTION('',(0.98078137,0.19510996,0.));
#4467=AXIS2_PLACEMENT_3D('',#4464,#4465,#4466);
#4468=PLANE('',#4467);
#4469=POLY_LOOP('',(#411,#492,#493));
#4470=FACE_OUTER_BOUND('',#4469,.T.);
#4471=FACE_SURFACE('',(#4470),#4468,.T.);
#4472=CARTESIAN_POINT('',(16.21638489,3.57188416,0.));
#4473=DIRECTION('',(0.,0.,-1.));
#4474=DIRECTION('',(0.96482887,-0.26287878,0.));
#4475=AXIS2_PLACEMENT_3D('',#4472,#4473,#4474);
#4476=PLANE('',#4475);
#4477=POLY_LOOP('',(#411,#493,#412));
#4478=FACE_OUTER_BOUND('',#4477,.T.);
#4479=FACE_SURFACE('',(#4478),#4476,.T.);
#4480=CARTESIAN_POINT('',(16.75990295,3.68000793,0.));
#4481=DIRECTION('',(0.,0.,-1.));
#4482=DIRECTION('',(0.94693157,0.32143523,0.));
#4483=AXIS2_PLACEMENT_3D('',#4480,#4481,#4482);
#4484=PLANE('',#4483);
#4485=POLY_LOOP('',(#492,#130,#494));
#4486=FACE_OUTER_BOUND('',#4485,.T.);
#4487=FACE_SURFACE('',(#4486),#4484,.T.);
#4488=CARTESIAN_POINT('',(16.75990295,3.68000793,0.));
#4489=DIRECTION('',(0.,0.,-1.));
#4490=DIRECTION('',(0.95723797,-0.28930169,0.));
#4491=AXIS2_PLACEMENT_3D('',#4488,#4489,#4490);
#4492=PLANE('',#4491);
#4493=POLY_LOOP('',(#492,#494,#493));
#4494=FACE_OUTER_BOUND('',#4493,.T.);
#4495=FACE_SURFACE('',(#4494),#4492,.T.);
#4496=CARTESIAN_POINT('',(21.47029114,2.25640869,0.));
#4497=DIRECTION('',(0.,0.,-1.));
#4498=DIRECTION('',(-0.93395168,0.35739929,0.));
#4499=AXIS2_PLACEMENT_3D('',#4496,#4497,#4498);
#4500=PLANE('',#4499);
#4501=POLY_LOOP('',(#494,#130,#129));
#4502=FACE_OUTER_BOUND('',#4501,.T.);
#4503=FACE_SURFACE('',(#4502),#4500,.T.);
#4504=CARTESIAN_POINT('',(21.20280457,2.79882812,0.));
#4505=DIRECTION('',(0.,0.,-1.));
#4506=DIRECTION('',(0.32141565,-0.94693821,0.));
#4507=AXIS2_PLACEMENT_3D('',#4504,#4505,#4506);
#4508=PLANE('',#4507);
#4509=POLY_LOOP('',(#399,#131,#400));
#4510=FACE_OUTER_BOUND('',#4509,.T.);
#4511=FACE_SURFACE('',(#4510),#4508,.T.);
#4512=CARTESIAN_POINT('',(21.16325378,2.99768066,0.));
#4513=DIRECTION('',(0.,0.,-1.));
#4514=DIRECTION('',(-0.95049118,0.31075152,0.));
#4515=AXIS2_PLACEMENT_3D('',#4512,#4513,#4514);
#4516=PLANE('',#4515);
#4517=POLY_LOOP('',(#401,#400,#395));
#4518=FACE_OUTER_BOUND('',#4517,.T.);
#4519=FACE_SURFACE('',(#4518),#4516,.T.);
#4520=CARTESIAN_POINT('',(18.24247742,4.41111755,0.));
#4521=DIRECTION('',(0.,0.,-1.));
#4522=DIRECTION('',(0.92311576,-0.38452216,0.));
#4523=AXIS2_PLACEMENT_3D('',#4520,#4521,#4522);
#4524=PLANE('',#4523);
#4525=POLY_LOOP('',(#395,#394,#401));
#4526=FACE_OUTER_BOUND('',#4525,.T.);
#4527=FACE_SURFACE('',(#4526),#4524,.T.);
#4528=CARTESIAN_POINT('',(21.20280457,3.60116577,0.));
#4529=DIRECTION('',(0.,0.,-1.));
#4530=DIRECTION('',(-0.19507396,-0.98078853,0.));
#4531=AXIS2_PLACEMENT_3D('',#4528,#4529,#4530);
#4532=PLANE('',#4531);
#4533=POLY_LOOP('',(#391,#393,#392));
#4534=FACE_OUTER_BOUND('',#4533,.T.);
#4535=FACE_SURFACE('',(#4534),#4532,.T.);
#4536=CARTESIAN_POINT('',(21.26797485,3.79315186,0.));
#4537=DIRECTION('',(0.,0.,-1.));
#4538=DIRECTION('',(-0.32143856,-0.94693044,0.));
#4539=AXIS2_PLACEMENT_3D('',#4536,#4537,#4538);
#4540=PLANE('',#4539);
#4541=POLY_LOOP('',(#495,#391,#303));
#4542=FACE_OUTER_BOUND('',#4541,.T.);
#4543=FACE_SURFACE('',(#4542),#4540,.T.);
#4544=CARTESIAN_POINT('',(21.35765076,3.97499084,0.));
#4545=DIRECTION('',(0.,0.,-1.));
#4546=DIRECTION('',(-0.44229995,-0.89686719,0.));
#4547=AXIS2_PLACEMENT_3D('',#4544,#4545,#4546);
#4548=PLANE('',#4547);
#4549=POLY_LOOP('',(#302,#495,#303));
#4550=FACE_OUTER_BOUND('',#4549,.T.);
#4551=FACE_SURFACE('',(#4550),#4548,.T.);
#4552=CARTESIAN_POINT('',(21.47029114,4.14356995,0.));
#4553=DIRECTION('',(0.,0.,-1.));
#4554=DIRECTION('',(-0.55556828,-0.83147092,0.));
#4555=AXIS2_PLACEMENT_3D('',#4552,#4553,#4554);
#4556=PLANE('',#4555);
#4557=POLY_LOOP('',(#496,#302,#147));
#4558=FACE_OUTER_BOUND('',#4557,.T.);
#4559=FACE_SURFACE('',(#4558),#4556,.T.);
#4560=CARTESIAN_POINT('',(21.60397339,4.29600525,0.));
#4561=DIRECTION('',(0.,0.,-1.));
#4562=DIRECTION('',(-0.65934603,-0.75183962,0.));
#4563=AXIS2_PLACEMENT_3D('',#4560,#4561,#4562);
#4564=PLANE('',#4563);
#4565=POLY_LOOP('',(#149,#496,#147));
#4566=FACE_OUTER_BOUND('',#4565,.T.);
#4567=FACE_SURFACE('',(#4566),#4564,.T.);
#4568=CARTESIAN_POINT('',(19.57749939,6.15097046,0.));
#4569=DIRECTION('',(0.,0.,-1.));
#4570=DIRECTION('',(0.32143523,0.94693157,0.));
#4571=AXIS2_PLACEMENT_3D('',#4568,#4569,#4570);
#4572=PLANE('',#4571);
#4573=POLY_LOOP('',(#148,#145,#263));
#4574=FACE_OUTER_BOUND('',#4573,.T.);
#4575=FACE_SURFACE('',(#4574),#4572,.T.);
#4576=CARTESIAN_POINT('',(21.92498779,4.54232788,0.));
#4577=DIRECTION('',(0.,0.,-1.));
#4578=DIRECTION('',(-0.71298979,0.70117441,0.));
#4579=AXIS2_PLACEMENT_3D('',#4576,#4577,#4578);
#4580=PLANE('',#4579);
#4581=POLY_LOOP('',(#263,#145,#299));
#4582=FACE_OUTER_BOUND('',#4581,.T.);
#4583=FACE_SURFACE('',(#4582),#4580,.T.);
#4584=CARTESIAN_POINT('',(19.86375427,7.21925354,0.));
#4585=DIRECTION('',(0.,0.,-1.));
#4586=DIRECTION('',(0.7277118,-0.68588303,0.));
#4587=AXIS2_PLACEMENT_3D('',#4584,#4585,#4586);
#4588=PLANE('',#4587);
#4589=POLY_LOOP('',(#146,#298,#144));
#4590=FACE_OUTER_BOUND('',#4589,.T.);
#4591=FACE_SURFACE('',(#4590),#4588,.T.);
#4592=CARTESIAN_POINT('',(19.8999939,7.77224731,0.));
#4593=DIRECTION('',(0.,0.,-1.));
#4594=DIRECTION('',(0.67962048,-0.7335639,0.));
#4595=AXIS2_PLACEMENT_3D('',#4592,#4593,#4594);
#4596=PLANE('',#4595);
#4597=POLY_LOOP('',(#150,#297,#146));
#4598=FACE_OUTER_BOUND('',#4597,.T.);
#4599=FACE_SURFACE('',(#4598),#4596,.T.);
#4600=CARTESIAN_POINT('',(19.8999939,7.77224731,0.));
#4601=DIRECTION('',(0.,0.,-1.));
#4602=DIRECTION('',(0.70320765,-0.71098453,0.));
#4603=AXIS2_PLACEMENT_3D('',#4600,#4601,#4602);
#4604=PLANE('',#4603);
#4605=POLY_LOOP('',(#150,#152,#297));
#4606=FACE_OUTER_BOUND('',#4605,.T.);
#4607=FACE_SURFACE('',(#4606),#4604,.T.);
#4608=CARTESIAN_POINT('',(19.86375427,8.32522583,0.));
#4609=DIRECTION('',(0.,0.,-1.));
#4610=DIRECTION('',(0.66579598,-0.74613384,0.));
#4611=AXIS2_PLACEMENT_3D('',#4608,#4609,#4610);
#4612=PLANE('',#4611);
#4613=POLY_LOOP('',(#151,#497,#152));
#4614=FACE_OUTER_BOUND('',#4613,.T.);
#4615=FACE_SURFACE('',(#4614),#4612,.T.);
#4616=CARTESIAN_POINT('',(19.86375427,8.32522583,0.));
#4617=DIRECTION('',(0.,0.,-1.));
#4618=DIRECTION('',(0.58147512,0.81356418,0.));
#4619=AXIS2_PLACEMENT_3D('',#4616,#4617,#4618);
#4620=PLANE('',#4619);
#4621=POLY_LOOP('',(#151,#296,#497));
#4622=FACE_OUTER_BOUND('',#4621,.T.);
#4623=FACE_SURFACE('',(#4622),#4620,.T.);
#4624=CARTESIAN_POINT('',(23.10116577,4.69717407,0.));
#4625=DIRECTION('',(0.,0.,-1.));
#4626=DIRECTION('',(0.,1.,0.));
#4627=AXIS2_PLACEMENT_3D('',#4624,#4625,#4626);
#4628=PLANE('',#4627);
#4629=POLY_LOOP('',(#497,#296,#295));
#4630=FACE_OUTER_BOUND('',#4629,.T.);
#4631=FACE_SURFACE('',(#4630),#4628,.T.);
#4632=CARTESIAN_POINT('',(23.79600525,4.29600525,0.));
#4633=DIRECTION('',(0.,0.,-1.));
#4634=DIRECTION('',(-0.75183962,0.65934603,0.));
#4635=AXIS2_PLACEMENT_3D('',#4632,#4633,#4634);
#4636=PLANE('',#4635);
#4637=POLY_LOOP('',(#498,#154,#153));
#4638=FACE_OUTER_BOUND('',#4637,.T.);
#4639=FACE_SURFACE('',(#4638),#4636,.T.);
#4640=CARTESIAN_POINT('',(23.79600525,13.25598145,0.));
#4641=DIRECTION('',(0.,0.,-1.));
#4642=DIRECTION('',(0.,-1.,0.));
#4643=AXIS2_PLACEMENT_3D('',#4640,#4641,#4642);
#4644=PLANE('',#4643);
#4645=POLY_LOOP('',(#397,#498,#153));
#4646=FACE_OUTER_BOUND('',#4645,.T.);
#4647=FACE_SURFACE('',(#4646),#4644,.T.);
#4648=CARTESIAN_POINT('',(23.79600525,13.25598145,0.));
#4649=DIRECTION('',(0.,0.,-1.));
#4650=DIRECTION('',(0.01466877,-0.99989241,0.));
#4651=AXIS2_PLACEMENT_3D('',#4648,#4649,#4650);
#4652=PLANE('',#4651);
#4653=POLY_LOOP('',(#397,#396,#498));
#4654=FACE_OUTER_BOUND('',#4653,.T.);
#4655=FACE_SURFACE('',(#4654),#4652,.T.);
#4656=CARTESIAN_POINT('',(23.9296875,13.40841675,0.));
#4657=DIRECTION('',(0.,0.,-1.));
#4658=DIRECTION('',(0.01193971,-0.99992872,0.));
#4659=AXIS2_PLACEMENT_3D('',#4656,#4657,#4658);
#4660=PLANE('',#4659);
#4661=POLY_LOOP('',(#398,#138,#396));
#4662=FACE_OUTER_BOUND('',#4661,.T.);
#4663=FACE_SURFACE('',(#4662),#4660,.T.);
#4664=CARTESIAN_POINT('',(23.9296875,13.40841675,0.));
#4665=DIRECTION('',(0.,0.,-1.));
#4666=DIRECTION('',(0.55556828,0.83147092,0.));
#4667=AXIS2_PLACEMENT_3D('',#4664,#4665,#4666);
#4668=PLANE('',#4667);
#4669=POLY_LOOP('',(#398,#139,#138));
#4670=FACE_OUTER_BOUND('',#4669,.T.);
#4671=FACE_SURFACE('',(#4670),#4668,.T.);
#4672=CARTESIAN_POINT('',(24.04232788,3.97499084,0.));
#4673=DIRECTION('',(0.,0.,-1.));
#4674=DIRECTION('',(0.92855824,0.37118673,0.));
#4675=AXIS2_PLACEMENT_3D('',#4672,#4673,#4674);
#4676=PLANE('',#4675);
#4677=POLY_LOOP('',(#138,#140,#136));
#4678=FACE_OUTER_BOUND('',#4677,.T.);
#4679=FACE_SURFACE('',(#4678),#4676,.T.);
#4680=CARTESIAN_POINT('',(24.13200378,3.79315186,0.));
#4681=DIRECTION('',(0.,0.,-1.));
#4682=DIRECTION('',(0.92465867,0.38079698,0.));
#4683=AXIS2_PLACEMENT_3D('',#4680,#4681,#4682);
#4684=PLANE('',#4683);
#4685=POLY_LOOP('',(#136,#140,#137));
#4686=FACE_OUTER_BOUND('',#4685,.T.);
#4687=FACE_SURFACE('',(#4686),#4684,.T.);
#4688=CARTESIAN_POINT('',(24.19717407,3.60116577,0.));
#4689=DIRECTION('',(0.,0.,-1.));
#4690=DIRECTION('',(0.92478837,0.3804819,0.));
#4691=AXIS2_PLACEMENT_3D('',#4688,#4689,#4690);
#4692=PLANE('',#4691);
#4693=POLY_LOOP('',(#135,#137,#403));
#4694=FACE_OUTER_BOUND('',#4693,.T.);
#4695=FACE_SURFACE('',(#4694),#4692,.T.);
#4696=CARTESIAN_POINT('',(24.23672485,3.40231323,0.));
#4697=DIRECTION('',(0.,0.,-1.));
#4698=DIRECTION('',(-0.19507396,0.98078853,0.));
#4699=AXIS2_PLACEMENT_3D('',#4696,#4697,#4698);
#4700=PLANE('',#4699);
#4701=POLY_LOOP('',(#402,#135,#403));
#4702=FACE_OUTER_BOUND('',#4701,.T.);
#4703=FACE_SURFACE('',(#4702),#4700,.T.);
#4704=CARTESIAN_POINT('',(24.25,3.19999695,0.));
#4705=DIRECTION('',(0.,0.,-1.));
#4706=DIRECTION('',(-0.06547501,0.99785421,0.));
#4707=AXIS2_PLACEMENT_3D('',#4704,#4705,#4706);
#4708=PLANE('',#4707);
#4709=POLY_LOOP('',(#406,#402,#404));
#4710=FACE_OUTER_BOUND('',#4709,.T.);
#4711=FACE_SURFACE('',(#4710),#4708,.T.);
#4712=CARTESIAN_POINT('',(42.56802368,10.49729919,0.));
#4713=DIRECTION('',(0.,0.,-1.));
#4714=DIRECTION('',(-0.92899879,-0.37008277,0.));
#4715=AXIS2_PLACEMENT_3D('',#4712,#4713,#4714);
#4716=PLANE('',#4715);
#4717=POLY_LOOP('',(#407,#406,#404));
#4718=FACE_OUTER_BOUND('',#4717,.T.);
#4719=FACE_SURFACE('',(#4718),#4716,.T.);
#4720=CARTESIAN_POINT('',(42.72544861,10.35922241,0.));
#4721=DIRECTION('',(0.,0.,-1.));
#4722=DIRECTION('',(-0.92906376,-0.36991962,0.));
#4723=AXIS2_PLACEMENT_3D('',#4720,#4721,#4722);
#4724=PLANE('',#4723);
#4725=POLY_LOOP('',(#408,#405,#407));
#4726=FACE_OUTER_BOUND('',#4725,.T.);
#4727=FACE_SURFACE('',(#4726),#4724,.T.);
#4728=CARTESIAN_POINT('',(42.72544861,10.35922241,0.));
#4729=DIRECTION('',(0.,0.,-1.));
#4730=DIRECTION('',(-0.92588552,-0.37780418,0.));
#4731=AXIS2_PLACEMENT_3D('',#4728,#4729,#4730);
#4732=PLANE('',#4731);
#4733=POLY_LOOP('',(#408,#410,#405));
#4734=FACE_OUTER_BOUND('',#4733,.T.);
#4735=FACE_SURFACE('',(#4734),#4732,.T.);
#4736=CARTESIAN_POINT('',(42.89955139,10.2428894,0.));
#4737=DIRECTION('',(0.,0.,-1.));
#4738=DIRECTION('',(-0.92626429,-0.37687461,0.));
#4739=AXIS2_PLACEMENT_3D('',#4736,#4737,#4738);
#4740=PLANE('',#4739);
#4741=POLY_LOOP('',(#409,#431,#410));
#4742=FACE_OUTER_BOUND('',#4741,.T.);
#4743=FACE_SURFACE('',(#4742),#4740,.T.);
#4744=CARTESIAN_POINT('',(43.08735657,10.15026855,0.));
#4745=DIRECTION('',(0.,0.,-1.));
#4746=DIRECTION('',(-0.92666601,-0.37588576,0.));
#4747=AXIS2_PLACEMENT_3D('',#4744,#4745,#4746);
#4748=PLANE('',#4747);
#4749=POLY_LOOP('',(#430,#499,#431));
#4750=FACE_OUTER_BOUND('',#4749,.T.);
#4751=FACE_SURFACE('',(#4750),#4748,.T.);
#4752=CARTESIAN_POINT('',(43.08735657,10.15026855,0.));
#4753=DIRECTION('',(0.,0.,-1.));
#4754=DIRECTION('',(0.94693474,-0.32142587,0.));
#4755=AXIS2_PLACEMENT_3D('',#4752,#4753,#4754);
#4756=PLANE('',#4755);
#4757=POLY_LOOP('',(#430,#500,#499));
#4758=FACE_OUTER_BOUND('',#4757,.T.);
#4759=FACE_SURFACE('',(#4758),#4756,.T.);
#4760=CARTESIAN_POINT('',(24.04232788,2.42498779,0.));
#4761=DIRECTION('',(0.,0.,-1.));
#4762=DIRECTION('',(0.92913044,0.36975211,0.));
#4763=AXIS2_PLACEMENT_3D('',#4760,#4761,#4762);
#4764=PLANE('',#4763);
#4765=POLY_LOOP('',(#499,#500,#501));
#4766=FACE_OUTER_BOUND('',#4765,.T.);
#4767=FACE_SURFACE('',(#4766),#4764,.T.);
#4768=CARTESIAN_POINT('',(23.9296875,2.25640869,0.));
#4769=DIRECTION('',(0.,0.,-1.));
#4770=DIRECTION('',(0.92708003,0.37486347,0.));
#4771=AXIS2_PLACEMENT_3D('',#4768,#4769,#4770);
#4772=PLANE('',#4771);
#4773=POLY_LOOP('',(#501,#500,#502));
#4774=FACE_OUTER_BOUND('',#4773,.T.);
#4775=FACE_SURFACE('',(#4774),#4772,.T.);
#4776=CARTESIAN_POINT('',(23.79600525,2.10397339,0.));
#4777=DIRECTION('',(0.,0.,-1.));
#4778=DIRECTION('',(0.65934603,0.75183962,0.));
#4779=AXIS2_PLACEMENT_3D('',#4776,#4777,#4778);
#4780=PLANE('',#4779);
#4781=POLY_LOOP('',(#227,#501,#502));
#4782=FACE_OUTER_BOUND('',#4781,.T.);
#4783=FACE_SURFACE('',(#4782),#4780,.T.);
#4784=CARTESIAN_POINT('',(43.68690491,10.02926636,0.));
#4785=DIRECTION('',(0.,0.,-1.));
#4786=DIRECTION('',(-0.92897617,-0.37013953,0.));
#4787=AXIS2_PLACEMENT_3D('',#4784,#4785,#4786);
#4788=PLANE('',#4787);
#4789=POLY_LOOP('',(#225,#227,#502));
#4790=FACE_OUTER_BOUND('',#4789,.T.);
#4791=FACE_SURFACE('',(#4790),#4788,.T.);
#4792=CARTESIAN_POINT('',(140.26683044,1.76797485,0.));
#4793=DIRECTION('',(0.,0.,-1.));
#4794=DIRECTION('',(-0.99999985,-0.00055622,0.));
#4795=AXIS2_PLACEMENT_3D('',#4792,#4793,#4794);
#4796=PLANE('',#4795);
#4797=POLY_LOOP('',(#503,#127,#504));
#4798=FACE_OUTER_BOUND('',#4797,.T.);
#4799=FACE_SURFACE('',(#4798),#4796,.T.);
#4800=CARTESIAN_POINT('',(43.68690491,10.02926636,0.));
#4801=DIRECTION('',(0.,0.,-1.));
#4802=DIRECTION('',(0.99651152,-0.08345529,0.));
#4803=AXIS2_PLACEMENT_3D('',#4800,#4801,#4802);
#4804=PLANE('',#4803);
#4805=POLY_LOOP('',(#225,#251,#505));
#4806=FACE_OUTER_BOUND('',#4805,.T.);
#4807=FACE_SURFACE('',(#4806),#4804,.T.);
#4808=CARTESIAN_POINT('',(145.31752014,4.41111755,0.));
#4809=DIRECTION('',(0.,0.,-1.));
#4810=DIRECTION('',(-0.92311648,-0.38452044,0.));
#4811=AXIS2_PLACEMENT_3D('',#4808,#4809,#4810);
#4812=PLANE('',#4811);
#4813=POLY_LOOP('',(#506,#507,#508));
#4814=FACE_OUTER_BOUND('',#4813,.T.);
#4815=FACE_SURFACE('',(#4814),#4812,.T.);
#4816=CARTESIAN_POINT('',(145.77828979,4.10324097,0.));
#4817=DIRECTION('',(0.,0.,-1.));
#4818=DIRECTION('',(-0.93438484,-0.35626532,0.));
#4819=AXIS2_PLACEMENT_3D('',#4816,#4817,#4818);
#4820=PLANE('',#4819);
#4821=POLY_LOOP('',(#509,#510,#511));
#4822=FACE_OUTER_BOUND('',#4821,.T.);
#4823=FACE_SURFACE('',(#4822),#4820,.T.);
#4824=CARTESIAN_POINT('',(22.69999695,1.6499939,0.));
#4825=DIRECTION('',(0.,0.,-1.));
#4826=DIRECTION('',(0.99785912,0.06540007,0.));
#4827=AXIS2_PLACEMENT_3D('',#4824,#4825,#4826);
#4828=PLANE('',#4827);
#4829=POLY_LOOP('',(#413,#126,#414));
#4830=FACE_OUTER_BOUND('',#4829,.T.);
#4831=FACE_SURFACE('',(#4830),#4828,.T.);
#4832=CARTESIAN_POINT('',(141.45315552,1.76797485,0.));
#4833=DIRECTION('',(0.,0.,-1.));
#4834=DIRECTION('',(0.9643688,0.26456157,0.));
#4835=AXIS2_PLACEMENT_3D('',#4832,#4833,#4834);
#4836=PLANE('',#4835);
#4837=POLY_LOOP('',(#512,#416,#489));
#4838=FACE_OUTER_BOUND('',#4837,.T.);
#4839=FACE_SURFACE('',(#4838),#4836,.T.);
#4840=CARTESIAN_POINT('',(146.27531433,3.85813904,0.));
#4841=DIRECTION('',(0.,0.,-1.));
#4842=DIRECTION('',(-0.9433077,-0.33191955,0.));
#4843=AXIS2_PLACEMENT_3D('',#4840,#4841,#4842);
#4844=PLANE('',#4843);
#4845=POLY_LOOP('',(#513,#514,#515));
#4846=FACE_OUTER_BOUND('',#4845,.T.);
#4847=FACE_SURFACE('',(#4846),#4844,.T.);
#4848=CARTESIAN_POINT('',(140.45881653,1.70280457,0.));
#4849=DIRECTION('',(0.,0.,-1.));
#4850=DIRECTION('',(-1.,0.,0.));
#4851=AXIS2_PLACEMENT_3D('',#4848,#4849,#4850);
#4852=PLANE('',#4851);
#4853=POLY_LOOP('',(#128,#127,#503));
#4854=FACE_OUTER_BOUND('',#4853,.T.);
#4855=FACE_SURFACE('',(#4854),#4852,.T.);
#4856=CARTESIAN_POINT('',(141.26116943,4.69717407,0.));
#4857=DIRECTION('',(0.,0.,-1.));
#4858=DIRECTION('',(0.7892724,0.61404322,0.));
#4859=AXIS2_PLACEMENT_3D('',#4856,#4857,#4858);
#4860=PLANE('',#4859);
#4861=POLY_LOOP('',(#243,#242,#247));
#4862=FACE_OUTER_BOUND('',#4861,.T.);
#4863=FACE_SURFACE('',(#4862),#4860,.T.);
#4864=CARTESIAN_POINT('',(140.26683044,1.76797485,0.));
#4865=DIRECTION('',(0.,0.,-1.));
#4866=DIRECTION('',(-1.,0.,0.));
#4867=AXIS2_PLACEMENT_3D('',#4864,#4865,#4866);
#4868=PLANE('',#4867);
#4869=POLY_LOOP('',(#503,#504,#505));
#4870=FACE_OUTER_BOUND('',#4869,.T.);
#4871=FACE_SURFACE('',(#4870),#4868,.T.);
#4872=CARTESIAN_POINT('',(140.08499146,1.85765076,0.));
#4873=DIRECTION('',(0.,0.,-1.));
#4874=DIRECTION('',(-0.99999971,-0.00076783,0.));
#4875=AXIS2_PLACEMENT_3D('',#4872,#4873,#4874);
#4876=PLANE('',#4875);
#4877=POLY_LOOP('',(#505,#504,#415));
#4878=FACE_OUTER_BOUND('',#4877,.T.);
#4879=FACE_SURFACE('',(#4878),#4876,.T.);
#4880=CARTESIAN_POINT('',(43.68690491,10.02926636,0.));
#4881=DIRECTION('',(0.,0.,-1.));
#4882=DIRECTION('',(0.99642632,-0.08446654,0.));
#4883=AXIS2_PLACEMENT_3D('',#4880,#4881,#4882);
#4884=PLANE('',#4883);
#4885=POLY_LOOP('',(#225,#505,#415));
#4886=FACE_OUTER_BOUND('',#4885,.T.);
#4887=FACE_SURFACE('',(#4886),#4884,.T.);
#4888=CARTESIAN_POINT('',(126.50894165,10.042099,0.));
#4889=DIRECTION('',(0.,0.,-1.));
#4890=DIRECTION('',(0.98077914,0.1951212,0.));
#4891=AXIS2_PLACEMENT_3D('',#4888,#4889,#4890);
#4892=PLANE('',#4891);
#4893=POLY_LOOP('',(#434,#238,#432));
#4894=FACE_OUTER_BOUND('',#4893,.T.);
#4895=FACE_SURFACE('',(#4894),#4892,.T.);
#4896=CARTESIAN_POINT('',(126.91262817,10.15026855,0.));
#4897=DIRECTION('',(0.,0.,-1.));
#4898=DIRECTION('',(0.89686216,0.44231015,0.));
#4899=AXIS2_PLACEMENT_3D('',#4896,#4897,#4898);
#4900=PLANE('',#4899);
#4901=POLY_LOOP('',(#239,#516,#310));
#4902=FACE_OUTER_BOUND('',#4901,.T.);
#4903=FACE_SURFACE('',(#4902),#4900,.T.);
#4904=CARTESIAN_POINT('',(139.32325745,2.99768066,0.));
#4905=DIRECTION('',(0.,0.,-1.));
#4906=DIRECTION('',(-0.86022814,0.50990936,0.));
#4907=AXIS2_PLACEMENT_3D('',#4904,#4905,#4906);
#4908=PLANE('',#4907);
#4909=POLY_LOOP('',(#310,#516,#517));
#4910=FACE_OUTER_BOUND('',#4909,.T.);
#4911=FACE_SURFACE('',(#4910),#4908,.T.);
#4912=CARTESIAN_POINT('',(139.30999756,3.19999695,0.));
#4913=DIRECTION('',(0.,0.,-1.));
#4914=DIRECTION('',(-0.86621896,0.4996646,0.));
#4915=AXIS2_PLACEMENT_3D('',#4912,#4913,#4914);
#4916=PLANE('',#4915);
#4917=POLY_LOOP('',(#517,#516,#518));
#4918=FACE_OUTER_BOUND('',#4917,.T.);
#4919=FACE_SURFACE('',(#4918),#4916,.T.);
#4920=CARTESIAN_POINT('',(139.32325745,3.40231323,0.));
#4921=DIRECTION('',(0.,0.,-1.));
#4922=DIRECTION('',(-0.06540007,-0.99785912,0.));
#4923=AXIS2_PLACEMENT_3D('',#4920,#4921,#4922);
#4924=PLANE('',#4923);
#4925=POLY_LOOP('',(#519,#517,#518));
#4926=FACE_OUTER_BOUND('',#4925,.T.);
#4927=FACE_SURFACE('',(#4926),#4924,.T.);
#4928=CARTESIAN_POINT('',(139.36280823,3.60116577,0.));
#4929=DIRECTION('',(0.,0.,-1.));
#4930=DIRECTION('',(-0.19507396,-0.98078853,0.));
#4931=AXIS2_PLACEMENT_3D('',#4928,#4929,#4930);
#4932=PLANE('',#4931);
#4933=POLY_LOOP('',(#520,#519,#518));
#4934=FACE_OUTER_BOUND('',#4933,.T.);
#4935=FACE_SURFACE('',(#4934),#4932,.T.);
#4936=CARTESIAN_POINT('',(127.43196106,10.49729919,0.));
#4937=DIRECTION('',(0.,0.,-1.));
#4938=DIRECTION('',(0.86577846,-0.50042748,0.));
#4939=AXIS2_PLACEMENT_3D('',#4936,#4937,#4938);
#4940=PLANE('',#4939);
#4941=POLY_LOOP('',(#309,#520,#518));
#4942=FACE_OUTER_BOUND('',#4941,.T.);
#4943=FACE_SURFACE('',(#4942),#4940,.T.);
#4944=CARTESIAN_POINT('',(127.43196106,10.49729919,0.));
#4945=DIRECTION('',(0.,0.,-1.));
#4946=DIRECTION('',(0.87292828,-0.48784856,0.));
#4947=AXIS2_PLACEMENT_3D('',#4944,#4945,#4946);
#4948=PLANE('',#4947);
#4949=POLY_LOOP('',(#309,#249,#520));
#4950=FACE_OUTER_BOUND('',#4949,.T.);
#4951=FACE_SURFACE('',(#4950),#4948,.T.);
#4952=CARTESIAN_POINT('',(127.68637085,10.8288269,0.));
#4953=DIRECTION('',(0.,0.,-1.));
#4954=DIRECTION('',(0.86529479,-0.50126333,0.));
#4955=AXIS2_PLACEMENT_3D('',#4952,#4953,#4954);
#4956=PLANE('',#4955);
#4957=POLY_LOOP('',(#237,#236,#250));
#4958=FACE_OUTER_BOUND('',#4957,.T.);
#4959=FACE_SURFACE('',(#4958),#4956,.T.);
#4960=CARTESIAN_POINT('',(139.76397705,13.25598145,0.));
#4961=DIRECTION('',(0.,0.,-1.));
#4962=DIRECTION('',(0.01726801,-0.9998509,0.));
#4963=AXIS2_PLACEMENT_3D('',#4960,#4961,#4962);
#4964=PLANE('',#4963);
#4965=POLY_LOOP('',(#252,#521,#253));
#4966=FACE_OUTER_BOUND('',#4965,.T.);
#4967=FACE_SURFACE('',(#4966),#4964,.T.);
#4968=CARTESIAN_POINT('',(140.26683044,4.63200378,0.));
#4969=DIRECTION('',(0.,0.,-1.));
#4970=DIRECTION('',(-0.02170013,0.99976452,0.));
#4971=AXIS2_PLACEMENT_3D('',#4968,#4969,#4970);
#4972=PLANE('',#4971);
#4973=POLY_LOOP('',(#369,#368,#522));
#4974=FACE_OUTER_BOUND('',#4973,.T.);
#4975=FACE_SURFACE('',(#4974),#4972,.T.);
#4976=CARTESIAN_POINT('',(139.91641235,13.12229919,0.));
#4977=DIRECTION('',(0.,0.,-1.));
#4978=DIRECTION('',(0.,-1.,0.));
#4979=AXIS2_PLACEMENT_3D('',#4976,#4977,#4978);
#4980=PLANE('',#4979);
#4981=POLY_LOOP('',(#523,#521,#252));
#4982=FACE_OUTER_BOUND('',#4981,.T.);
#4983=FACE_SURFACE('',(#4982),#4980,.T.);
#4984=CARTESIAN_POINT('',(139.91641235,13.12229919,0.));
#4985=DIRECTION('',(0.,0.,-1.));
#4986=DIRECTION('',(0.01964419,-0.99980703,0.));
#4987=AXIS2_PLACEMENT_3D('',#4984,#4985,#4986);
#4988=PLANE('',#4987);
#4989=POLY_LOOP('',(#523,#367,#521));
#4990=FACE_OUTER_BOUND('',#4989,.T.);
#4991=FACE_SURFACE('',(#4990),#4988,.T.);
#4992=CARTESIAN_POINT('',(139.91641235,13.12229919,0.));
#4993=DIRECTION('',(0.,0.,-1.));
#4994=DIRECTION('',(0.83147092,-0.55556828,0.));
#4995=AXIS2_PLACEMENT_3D('',#4992,#4993,#4994);
#4996=PLANE('',#4995);
#4997=POLY_LOOP('',(#523,#368,#367));
#4998=FACE_OUTER_BOUND('',#4997,.T.);
#4999=FACE_SURFACE('',(#4998),#4996,.T.);
#5000=CARTESIAN_POINT('',(140.45881653,12.85481262,0.));
#5001=DIRECTION('',(0.,0.,-1.));
#5002=DIRECTION('',(0.,-1.,0.));
#5003=AXIS2_PLACEMENT_3D('',#5000,#5001,#5002);
#5004=PLANE('',#5003);
#5005=POLY_LOOP('',(#366,#524,#522));
#5006=FACE_OUTER_BOUND('',#5005,.T.);
#5007=FACE_SURFACE('',(#5006),#5004,.T.);
#5008=CARTESIAN_POINT('',(140.45881653,4.69717407,0.));
#5009=DIRECTION('',(0.,0.,-1.));
#5010=DIRECTION('',(-0.94693044,-0.32143856,0.));
#5011=AXIS2_PLACEMENT_3D('',#5008,#5009,#5010);
#5012=PLANE('',#5011);
#5013=POLY_LOOP('',(#524,#369,#522));
#5014=FACE_OUTER_BOUND('',#5013,.T.);
#5015=FACE_SURFACE('',(#5014),#5012,.T.);
#5016=CARTESIAN_POINT('',(143.69624329,8.32522583,0.));
#5017=DIRECTION('',(0.,0.,-1.));
#5018=DIRECTION('',(-0.64620681,-0.76316234,0.));
#5019=AXIS2_PLACEMENT_3D('',#5016,#5017,#5018);
#5020=PLANE('',#5019);
#5021=POLY_LOOP('',(#364,#435,#524));
#5022=FACE_OUTER_BOUND('',#5021,.T.);
#5023=FACE_SURFACE('',(#5022),#5020,.T.);
#5024=CARTESIAN_POINT('',(143.69624329,8.32522583,0.));
#5025=DIRECTION('',(0.,0.,-1.));
#5026=DIRECTION('',(-0.66579773,-0.74613228,0.));
#5027=AXIS2_PLACEMENT_3D('',#5024,#5025,#5026);
#5028=PLANE('',#5027);
#5029=POLY_LOOP('',(#364,#524,#366));
#5030=FACE_OUTER_BOUND('',#5029,.T.);
#5031=FACE_SURFACE('',(#5030),#5028,.T.);
#5032=CARTESIAN_POINT('',(140.85998535,4.75,0.));
#5033=DIRECTION('',(0.,0.,-1.));
#5034=DIRECTION('',(-0.99785389,-0.06547993,0.));
#5035=AXIS2_PLACEMENT_3D('',#5032,#5033,#5034);
#5036=PLANE('',#5035);
#5037=POLY_LOOP('',(#525,#435,#436));
#5038=FACE_OUTER_BOUND('',#5037,.T.);
#5039=FACE_SURFACE('',(#5038),#5036,.T.);
#5040=CARTESIAN_POINT('',(143.69624329,7.21925354,0.));
#5041=DIRECTION('',(0.,0.,-1.));
#5042=DIRECTION('',(-0.72771378,-0.68588093,0.));
#5043=AXIS2_PLACEMENT_3D('',#5040,#5041,#5042);
#5044=PLANE('',#5043);
#5045=POLY_LOOP('',(#241,#526,#525));
#5046=FACE_OUTER_BOUND('',#5045,.T.);
#5047=FACE_SURFACE('',(#5046),#5044,.T.);
#5048=CARTESIAN_POINT('',(143.69624329,7.21925354,0.));
#5049=DIRECTION('',(0.,0.,-1.));
#5050=DIRECTION('',(-0.75421797,-0.65662413,0.));
#5051=AXIS2_PLACEMENT_3D('',#5048,#5049,#5050);
#5052=PLANE('',#5051);
#5053=POLY_LOOP('',(#241,#525,#436));
#5054=FACE_OUTER_BOUND('',#5053,.T.);
#5055=FACE_SURFACE('',(#5054),#5052,.T.);
#5056=CARTESIAN_POINT('',(143.69624329,7.21925354,0.));
#5057=DIRECTION('',(0.,0.,-1.));
#5058=DIRECTION('',(-0.694589,-0.71940679,0.));
#5059=AXIS2_PLACEMENT_3D('',#5056,#5057,#5058);
#5060=PLANE('',#5059);
#5061=POLY_LOOP('',(#241,#243,#526));
#5062=FACE_OUTER_BOUND('',#5061,.T.);
#5063=FACE_SURFACE('',(#5062),#5060,.T.);
#5064=CARTESIAN_POINT('',(143.80435181,6.67573547,0.));
#5065=DIRECTION('',(0.,0.,-1.));
#5066=DIRECTION('',(0.32143523,-0.94693157,0.));
#5067=AXIS2_PLACEMENT_3D('',#5064,#5065,#5066);
#5068=PLANE('',#5067);
#5069=POLY_LOOP('',(#242,#527,#248));
#5070=FACE_OUTER_BOUND('',#5069,.T.);
#5071=FACE_SURFACE('',(#5070),#5068,.T.);
#5072=CARTESIAN_POINT('',(141.63499451,4.54232788,0.));
#5073=DIRECTION('',(0.,0.,-1.));
#5074=DIRECTION('',(0.82490316,0.56527408,0.));
#5075=AXIS2_PLACEMENT_3D('',#5072,#5073,#5074);
#5076=PLANE('',#5075);
#5077=POLY_LOOP('',(#248,#527,#528));
#5078=FACE_OUTER_BOUND('',#5077,.T.);
#5079=FACE_SURFACE('',(#5078),#5076,.T.);
#5080=CARTESIAN_POINT('',(141.80357361,4.4296875,0.));
#5081=DIRECTION('',(0.,0.,-1.));
#5082=DIRECTION('',(0.78469157,0.61988639,0.));
#5083=AXIS2_PLACEMENT_3D('',#5080,#5081,#5082);
#5084=PLANE('',#5083);
#5085=POLY_LOOP('',(#528,#527,#256));
#5086=FACE_OUTER_BOUND('',#5085,.T.);
#5087=FACE_SURFACE('',(#5086),#5084,.T.);
#5088=CARTESIAN_POINT('',(141.95600891,4.29600525,0.));
#5089=DIRECTION('',(0.,0.,-1.));
#5090=DIRECTION('',(0.73763189,0.67520308,0.));
#5091=AXIS2_PLACEMENT_3D('',#5088,#5089,#5090);
#5092=PLANE('',#5091);
#5093=POLY_LOOP('',(#256,#527,#254));
#5094=FACE_OUTER_BOUND('',#5093,.T.);
#5095=FACE_SURFACE('',(#5094),#5092,.T.);
#5096=CARTESIAN_POINT('',(142.08969116,4.14356995,0.));
#5097=DIRECTION('',(0.,0.,-1.));
#5098=DIRECTION('',(0.8167384,0.57700814,0.));
#5099=AXIS2_PLACEMENT_3D('',#5096,#5097,#5098);
#5100=PLANE('',#5099);
#5101=POLY_LOOP('',(#255,#254,#529));
#5102=FACE_OUTER_BOUND('',#5101,.T.);
#5103=FACE_SURFACE('',(#5102),#5100,.T.);
#5104=CARTESIAN_POINT('',(142.20233154,3.97499084,0.));
#5105=DIRECTION('',(0.,0.,-1.));
#5106=DIRECTION('',(0.76985569,0.638218,0.));
#5107=AXIS2_PLACEMENT_3D('',#5104,#5105,#5106);
#5108=PLANE('',#5107);
#5109=POLY_LOOP('',(#529,#254,#258));
#5110=FACE_OUTER_BOUND('',#5109,.T.);
#5111=FACE_SURFACE('',(#5110),#5108,.T.);
#5112=CARTESIAN_POINT('',(142.29200745,3.79315186,0.));
#5113=DIRECTION('',(0.,0.,-1.));
#5114=DIRECTION('',(-0.44229995,0.89686719,0.));
#5115=AXIS2_PLACEMENT_3D('',#5112,#5113,#5114);
#5116=PLANE('',#5115);
#5117=POLY_LOOP('',(#257,#529,#258));
#5118=FACE_OUTER_BOUND('',#5117,.T.);
#5119=FACE_SURFACE('',(#5118),#5116,.T.);
#5120=CARTESIAN_POINT('',(142.35717773,3.60116577,0.));
#5121=DIRECTION('',(0.,0.,-1.));
#5122=DIRECTION('',(0.80736263,0.59005558,0.));
#5123=AXIS2_PLACEMENT_3D('',#5120,#5121,#5122);
#5124=PLANE('',#5123);
#5125=POLY_LOOP('',(#259,#258,#508));
#5126=FACE_OUTER_BOUND('',#5125,.T.);
#5127=FACE_SURFACE('',(#5126),#5124,.T.);
#5128=CARTESIAN_POINT('',(142.39672852,3.40231323,0.));
#5129=DIRECTION('',(0.,0.,-1.));
#5130=DIRECTION('',(-0.19507396,0.98078853,0.));
#5131=AXIS2_PLACEMENT_3D('',#5128,#5129,#5130);
#5132=PLANE('',#5131);
#5133=POLY_LOOP('',(#530,#259,#508));
#5134=FACE_OUTER_BOUND('',#5133,.T.);
#5135=FACE_SURFACE('',(#5134),#5132,.T.);
#5136=CARTESIAN_POINT('',(142.4099884,3.19999695,0.));
#5137=DIRECTION('',(0.,0.,-1.));
#5138=DIRECTION('',(-0.06540007,0.99785912,0.));
#5139=AXIS2_PLACEMENT_3D('',#5136,#5137,#5138);
#5140=PLANE('',#5139);
#5141=POLY_LOOP('',(#507,#530,#508));
#5142=FACE_OUTER_BOUND('',#5141,.T.);
#5143=FACE_SURFACE('',(#5142),#5140,.T.);
#5144=CARTESIAN_POINT('',(142.39672852,2.99768066,0.));
#5145=DIRECTION('',(0.,0.,-1.));
#5146=DIRECTION('',(0.06540007,0.99785912,0.));
#5147=AXIS2_PLACEMENT_3D('',#5144,#5145,#5146);
#5148=PLANE('',#5147);
#5149=POLY_LOOP('',(#511,#507,#506));
#5150=FACE_OUTER_BOUND('',#5149,.T.);
#5151=FACE_SURFACE('',(#5150),#5148,.T.);
#5152=CARTESIAN_POINT('',(145.77828979,4.10324097,0.));
#5153=DIRECTION('',(0.,0.,-1.));
#5154=DIRECTION('',(-0.95049118,-0.31075152,0.));
#5155=AXIS2_PLACEMENT_3D('',#5152,#5153,#5154);
#5156=PLANE('',#5155);
#5157=POLY_LOOP('',(#509,#511,#506));
#5158=FACE_OUTER_BOUND('',#5157,.T.);
#5159=FACE_SURFACE('',(#5158),#5156,.T.);
#5160=CARTESIAN_POINT('',(142.29200745,2.60682678,0.));
#5161=DIRECTION('',(0.,0.,-1.));
#5162=DIRECTION('',(0.32141565,0.94693821,0.));
#5163=AXIS2_PLACEMENT_3D('',#5160,#5161,#5162);
#5164=PLANE('',#5163);
#5165=POLY_LOOP('',(#515,#510,#509));
#5166=FACE_OUTER_BOUND('',#5165,.T.);
#5167=FACE_SURFACE('',(#5166),#5164,.T.);
#5168=CARTESIAN_POINT('',(146.27531433,3.85813904,0.));
#5169=DIRECTION('',(0.,0.,-1.));
#5170=DIRECTION('',(-0.95403373,-0.29969925,0.));
#5171=AXIS2_PLACEMENT_3D('',#5168,#5169,#5170);
#5172=PLANE('',#5171);
#5173=POLY_LOOP('',(#513,#515,#509));
#5174=FACE_OUTER_BOUND('',#5173,.T.);
#5175=FACE_SURFACE('',(#5174),#5172,.T.);
#5176=CARTESIAN_POINT('',(142.08969116,2.25640869,0.));
#5177=DIRECTION('',(0.,0.,-1.));
#5178=DIRECTION('',(0.55556828,0.83147092,0.));
#5179=AXIS2_PLACEMENT_3D('',#5176,#5177,#5178);
#5180=PLANE('',#5179);
#5181=POLY_LOOP('',(#425,#514,#513));
#5182=FACE_OUTER_BOUND('',#5181,.T.);
#5183=FACE_SURFACE('',(#5182),#5180,.T.);
#5184=CARTESIAN_POINT('',(146.80007935,3.68000793,0.));
#5185=DIRECTION('',(0.,0.,-1.));
#5186=DIRECTION('',(-0.95723797,-0.28930169,0.));
#5187=AXIS2_PLACEMENT_3D('',#5184,#5185,#5186);
#5188=PLANE('',#5187);
#5189=POLY_LOOP('',(#426,#425,#513));
#5190=FACE_OUTER_BOUND('',#5189,.T.);
#5191=FACE_SURFACE('',(#5190),#5188,.T.);
#5192=CARTESIAN_POINT('',(147.34361267,3.57188416,0.));
#5193=DIRECTION('',(0.,0.,-1.));
#5194=DIRECTION('',(-0.96482906,-0.26287809,0.));
#5195=AXIS2_PLACEMENT_3D('',#5192,#5193,#5194);
#5196=PLANE('',#5195);
#5197=POLY_LOOP('',(#418,#427,#426));
#5198=FACE_OUTER_BOUND('',#5197,.T.);
#5199=FACE_SURFACE('',(#5198),#5196,.T.);
#5200=CARTESIAN_POINT('',(147.34361267,3.57188416,0.));
#5201=DIRECTION('',(0.,0.,-1.));
#5202=DIRECTION('',(-0.96066158,-0.27772167,0.));
#5203=AXIS2_PLACEMENT_3D('',#5200,#5201,#5202);
#5204=PLANE('',#5203);
#5205=POLY_LOOP('',(#418,#417,#427));
#5206=FACE_OUTER_BOUND('',#5205,.T.);
#5207=FACE_SURFACE('',(#5206),#5204,.T.);
#5208=CARTESIAN_POINT('',(147.89659119,3.53564453,0.));
#5209=DIRECTION('',(0.,0.,-1.));
#5210=DIRECTION('',(-0.96591796,-0.25884841,0.));
#5211=AXIS2_PLACEMENT_3D('',#5208,#5209,#5210);
#5212=PLANE('',#5211);
#5213=POLY_LOOP('',(#416,#531,#417));
#5214=FACE_OUTER_BOUND('',#5213,.T.);
#5215=FACE_SURFACE('',(#5214),#5212,.T.);
#5216=CARTESIAN_POINT('',(147.89659119,3.53564453,0.));
#5217=DIRECTION('',(0.,0.,-1.));
#5218=DIRECTION('',(-0.9643688,-0.26456157,0.));
#5219=AXIS2_PLACEMENT_3D('',#5216,#5217,#5218);
#5220=PLANE('',#5219);
#5221=POLY_LOOP('',(#416,#512,#531));
#5222=FACE_OUTER_BOUND('',#5221,.T.);
#5223=FACE_SURFACE('',(#5222),#5220,.T.);
#5224=CARTESIAN_POINT('',(152.36338806,3.53564453,0.));
#5225=DIRECTION('',(0.,0.,-1.));
#5226=DIRECTION('',(-0.98664539,-0.16288304,0.));
#5227=AXIS2_PLACEMENT_3D('',#5224,#5225,#5226);
#5228=PLANE('',#5227);
#5229=POLY_LOOP('',(#489,#532,#512));
#5230=FACE_OUTER_BOUND('',#5229,.T.);
#5231=FACE_SURFACE('',(#5230),#5228,.T.);
#5232=CARTESIAN_POINT('',(152.36338806,3.53564453,0.));
#5233=DIRECTION('',(0.,0.,-1.));
#5234=DIRECTION('',(0.98426254,-0.17671236,0.));
#5235=AXIS2_PLACEMENT_3D('',#5232,#5233,#5234);
#5236=PLANE('',#5235);
#5237=POLY_LOOP('',(#489,#419,#532));
#5238=FACE_OUTER_BOUND('',#5237,.T.);
#5239=FACE_SURFACE('',(#5238),#5236,.T.);
#5240=CARTESIAN_POINT('',(141.26116943,1.70280457,0.));
#5241=DIRECTION('',(0.,0.,-1.));
#5242=DIRECTION('',(0.9990208,-0.04424293,0.));
#5243=AXIS2_PLACEMENT_3D('',#5240,#5241,#5242);
#5244=PLANE('',#5243);
#5245=POLY_LOOP('',(#532,#419,#533));
#5246=FACE_OUTER_BOUND('',#5245,.T.);
#5247=FACE_SURFACE('',(#5246),#5244,.T.);
#5248=CARTESIAN_POINT('',(141.06230164,1.66325378,0.));
#5249=DIRECTION('',(0.,0.,-1.));
#5250=DIRECTION('',(0.99909433,-0.04255022,0.));
#5251=AXIS2_PLACEMENT_3D('',#5248,#5249,#5250);
#5252=PLANE('',#5251);
#5253=POLY_LOOP('',(#533,#419,#414));
#5254=FACE_OUTER_BOUND('',#5253,.T.);
#5255=FACE_SURFACE('',(#5254),#5252,.T.);
#5256=CARTESIAN_POINT('',(161.16999817,17.00198364,3.79999995));
#5257=DIRECTION('',(0.,0.,1.));
#5258=DIRECTION('',(0.94872838,0.3160925,0.));
#5259=AXIS2_PLACEMENT_3D('',#5256,#5257,#5258);
#5260=PLANE('',#5259);
#5261=POLY_LOOP('',(#534,#535,#536));
#5262=FACE_OUTER_BOUND('',#5261,.T.);
#5263=FACE_SURFACE('',(#5262),#5260,.T.);
#5264=CARTESIAN_POINT('',(141.96347046,60.32228088,3.79999995));
#5265=DIRECTION('',(0.,0.,1.));
#5266=DIRECTION('',(0.98595627,0.16700367,0.));
#5267=AXIS2_PLACEMENT_3D('',#5264,#5265,#5266);
#5268=PLANE('',#5267);
#5269=POLY_LOOP('',(#537,#538,#539));
#5270=FACE_OUTER_BOUND('',#5269,.T.);
#5271=FACE_SURFACE('',(#5270),#5268,.T.);
#5272=CARTESIAN_POINT('',(161.16999817,52.01403809,3.79999995));
#5273=DIRECTION('',(0.,0.,1.));
#5274=DIRECTION('',(-0.86067734,0.50915078,0.));
#5275=AXIS2_PLACEMENT_3D('',#5272,#5273,#5274);
#5276=PLANE('',#5275);
#5277=POLY_LOOP('',(#540,#541,#542));
#5278=FACE_OUTER_BOUND('',#5277,.T.);
#5279=FACE_SURFACE('',(#5278),#5276,.T.);
#5280=CARTESIAN_POINT('',(158.35499573,53.44754028,3.79999995));
#5281=DIRECTION('',(0.,0.,1.));
#5282=DIRECTION('',(-0.87920677,0.47644041,0.));
#5283=AXIS2_PLACEMENT_3D('',#5280,#5281,#5282);
#5284=PLANE('',#5283);
#5285=POLY_LOOP('',(#542,#543,#544));
#5286=FACE_OUTER_BOUND('',#5285,.T.);
#5287=FACE_SURFACE('',(#5286),#5284,.T.);
#5288=CARTESIAN_POINT('',(154.57635498,55.49517822,3.79999995));
#5289=DIRECTION('',(0.,0.,1.));
#5290=DIRECTION('',(-0.90952328,0.41565297,0.));
#5291=AXIS2_PLACEMENT_3D('',#5288,#5289,#5290);
#5292=PLANE('',#5291);
#5293=POLY_LOOP('',(#543,#545,#546));
#5294=FACE_OUTER_BOUND('',#5293,.T.);
#5295=FACE_SURFACE('',(#5294),#5292,.T.);
#5296=CARTESIAN_POINT('',(146.76489258,58.74423218,3.79999995));
#5297=DIRECTION('',(0.,0.,1.));
#5298=DIRECTION('',(0.38883103,0.92130908,0.));
#5299=AXIS2_PLACEMENT_3D('',#5296,#5297,#5298);
#5300=PLANE('',#5299);
#5301=POLY_LOOP('',(#547,#548,#549));
#5302=FACE_OUTER_BOUND('',#5301,.T.);
#5303=FACE_SURFACE('',(#5302),#5300,.T.);
#5304=CARTESIAN_POINT('',(135.24354553,63.32069397,3.79999995));
#5305=DIRECTION('',(0.,0.,1.));
#5306=DIRECTION('',(0.83552,-0.54946003,0.));
#5307=AXIS2_PLACEMENT_3D('',#5304,#5305,#5306);
#5308=PLANE('',#5307);
#5309=POLY_LOOP('',(#550,#551,#539));
#5310=FACE_OUTER_BOUND('',#5309,.T.);
#5311=FACE_SURFACE('',(#5310),#5308,.T.);
#5312=CARTESIAN_POINT('',(131.37748718,64.58268738,3.79999995));
#5313=DIRECTION('',(0.,0.,1.));
#5314=DIRECTION('',(-0.54043161,-0.84138795,0.));
#5315=AXIS2_PLACEMENT_3D('',#5312,#5313,#5314);
#5316=PLANE('',#5315);
#5317=POLY_LOOP('',(#552,#553,#554));
#5318=FACE_OUTER_BOUND('',#5317,.T.);
#5319=FACE_SURFACE('',(#5318),#5316,.T.);
#5320=CARTESIAN_POINT('',(127.51165771,65.7436676,3.79999995));
#5321=DIRECTION('',(0.,0.,1.));
#5322=DIRECTION('',(-0.42687343,-0.90431138,0.));
#5323=AXIS2_PLACEMENT_3D('',#5320,#5321,#5322);
#5324=PLANE('',#5323);
#5325=POLY_LOOP('',(#555,#556,#553));
#5326=FACE_OUTER_BOUND('',#5325,.T.);
#5327=FACE_SURFACE('',(#5326),#5324,.T.);
#5328=CARTESIAN_POINT('',(123.64674377,66.80345154,3.79999995));
#5329=DIRECTION('',(0.,0.,1.));
#5330=DIRECTION('',(-0.34168305,-0.93981525,0.));
#5331=AXIS2_PLACEMENT_3D('',#5328,#5329,#5330);
#5332=PLANE('',#5331);
#5333=POLY_LOOP('',(#557,#558,#556));
#5334=FACE_OUTER_BOUND('',#5333,.T.);
#5335=FACE_SURFACE('',(#5334),#5332,.T.);
#5336=CARTESIAN_POINT('',(119.7805481,67.7625885,3.79999995));
#5337=DIRECTION('',(0.,0.,1.));
#5338=DIRECTION('',(-0.2756306,-0.96126363,0.));
#5339=AXIS2_PLACEMENT_3D('',#5336,#5337,#5338);
#5340=PLANE('',#5339);
#5341=POLY_LOOP('',(#559,#560,#558));
#5342=FACE_OUTER_BOUND('',#5341,.T.);
#5343=FACE_SURFACE('',(#5342),#5340,.T.);
#5344=CARTESIAN_POINT('',(108.16481018,67.35279846,3.79999995));
#5345=DIRECTION('',(0.,0.,1.));
#5346=DIRECTION('',(0.88686855,0.46202184,0.));
#5347=AXIS2_PLACEMENT_3D('',#5344,#5345,#5346);
#5348=PLANE('',#5347);
#5349=POLY_LOOP('',(#561,#562,#563));
#5350=FACE_OUTER_BOUND('',#5349,.T.);
#5351=FACE_SURFACE('',(#5350),#5348,.T.);
#5352=CARTESIAN_POINT('',(107.7671051,67.58241272,3.79999995));
#5353=DIRECTION('',(0.,0.,1.));
#5354=DIRECTION('',(0.16877578,0.98565447,0.));
#5355=AXIS2_PLACEMENT_3D('',#5352,#5353,#5354);
#5356=PLANE('',#5355);
#5357=POLY_LOOP('',(#564,#563,#565));
#5358=FACE_OUTER_BOUND('',#5357,.T.);
#5359=FACE_SURFACE('',(#5358),#5356,.T.);
#5360=CARTESIAN_POINT('',(108.18678284,70.03334045,3.79999995));
#5361=DIRECTION('',(0.,0.,1.));
#5362=DIRECTION('',(-0.98984198,0.14217192,0.));
#5363=AXIS2_PLACEMENT_3D('',#5360,#5361,#5362);
#5364=PLANE('',#5363);
#5365=POLY_LOOP('',(#563,#566,#567));
#5366=FACE_OUTER_BOUND('',#5365,.T.);
#5367=FACE_SURFACE('',(#5366),#5364,.T.);
#5368=CARTESIAN_POINT('',(94.03894043,68.69720459,3.79999995));
#5369=DIRECTION('',(0.,0.,1.));
#5370=DIRECTION('',(0.98865074,-0.15023222,0.));
#5371=AXIS2_PLACEMENT_3D('',#5368,#5369,#5370);
#5372=PLANE('',#5371);
#5373=POLY_LOOP('',(#568,#569,#570));
#5374=FACE_OUTER_BOUND('',#5373,.T.);
#5375=FACE_SURFACE('',(#5374),#5372,.T.);
#5376=CARTESIAN_POINT('',(93.7925415,68.88627625,3.79999995));
#5377=DIRECTION('',(0.,0.,1.));
#5378=DIRECTION('',(0.74472903,0.66736697,0.));
#5379=AXIS2_PLACEMENT_3D('',#5376,#5377,#5378);
#5380=PLANE('',#5379);
#5381=POLY_LOOP('',(#571,#570,#572));
#5382=FACE_OUTER_BOUND('',#5381,.T.);
#5383=FACE_SURFACE('',(#5382),#5380,.T.);
#5384=CARTESIAN_POINT('',(88.79782104,68.63638306,3.79999995));
#5385=DIRECTION('',(0.,0.,1.));
#5386=DIRECTION('',(0.98938604,0.14531095,0.));
#5387=AXIS2_PLACEMENT_3D('',#5384,#5385,#5386);
#5388=PLANE('',#5387);
#5389=POLY_LOOP('',(#573,#574,#575));
#5390=FACE_OUTER_BOUND('',#5389,.T.);
#5391=FACE_SURFACE('',(#5390),#5388,.T.);
#5392=CARTESIAN_POINT('',(90.02770996,68.60032654,3.79999995));
#5393=DIRECTION('',(0.,0.,1.));
#5394=DIRECTION('',(0.44235925,0.89683794,0.));
#5395=AXIS2_PLACEMENT_3D('',#5392,#5393,#5394);
#5396=PLANE('',#5395);
#5397=POLY_LOOP('',(#576,#577,#573));
#5398=FACE_OUTER_BOUND('',#5397,.T.);
#5399=FACE_SURFACE('',(#5398),#5396,.T.);
#5400=CARTESIAN_POINT('',(79.66667175,68.88627625,3.79999995));
#5401=DIRECTION('',(0.,0.,1.));
#5402=DIRECTION('',(0.89686348,-0.44230748,0.));
#5403=AXIS2_PLACEMENT_3D('',#5400,#5401,#5402);
#5404=PLANE('',#5403);
#5405=POLY_LOOP('',(#578,#579,#580));
#5406=FACE_OUTER_BOUND('',#5405,.T.);
#5407=FACE_SURFACE('',(#5406),#5404,.T.);
#5408=CARTESIAN_POINT('',(79.51538086,68.92680359,3.79999995));
#5409=DIRECTION('',(0.,0.,1.));
#5410=DIRECTION('',(0.49130094,0.87098989,0.));
#5411=AXIS2_PLACEMENT_3D('',#5408,#5409,#5410);
#5412=PLANE('',#5411);
#5413=POLY_LOOP('',(#581,#580,#582));
#5414=FACE_OUTER_BOUND('',#5413,.T.);
#5415=FACE_SURFACE('',(#5414),#5412,.T.);
#5416=CARTESIAN_POINT('',(73.60650635,68.3394165,3.79999995));
#5417=DIRECTION('',(0.,0.,1.));
#5418=DIRECTION('',(0.98865074,0.15023222,0.));
#5419=AXIS2_PLACEMENT_3D('',#5416,#5417,#5418);
#5420=PLANE('',#5419);
#5421=POLY_LOOP('',(#583,#584,#585));
#5422=FACE_OUTER_BOUND('',#5421,.T.);
#5423=FACE_SURFACE('',(#5422),#5420,.T.);
#5424=CARTESIAN_POINT('',(69.80871582,68.07958984,3.79999995));
#5425=DIRECTION('',(0.,0.,1.));
#5426=DIRECTION('',(0.99766786,0.06825566,0.));
#5427=AXIS2_PLACEMENT_3D('',#5424,#5425,#5426);
#5428=PLANE('',#5427);
#5429=POLY_LOOP('',(#586,#583,#587));
#5430=FACE_OUTER_BOUND('',#5429,.T.);
#5431=FACE_SURFACE('',(#5430),#5428,.T.);
#5432=CARTESIAN_POINT('',(66.01095581,67.74551392,3.79999995));
#5433=DIRECTION('',(0.,0.,1.));
#5434=DIRECTION('',(0.7309828,0.68239589,0.));
#5435=AXIS2_PLACEMENT_3D('',#5432,#5433,#5434);
#5436=PLANE('',#5435);
#5437=POLY_LOOP('',(#588,#587,#589));
#5438=FACE_OUTER_BOUND('',#5437,.T.);
#5439=FACE_SURFACE('',(#5438),#5436,.T.);
#5440=CARTESIAN_POINT('',(62.01119995,67.50715637,3.79999995));
#5441=DIRECTION('',(0.,0.,1.));
#5442=DIRECTION('',(0.89686348,0.44230748,0.));
#5443=AXIS2_PLACEMENT_3D('',#5440,#5441,#5442);
#5444=PLANE('',#5443);
#5445=POLY_LOOP('',(#590,#591,#592));
#5446=FACE_OUTER_BOUND('',#5445,.T.);
#5447=FACE_SURFACE('',(#5446),#5444,.T.);
#5448=CARTESIAN_POINT('',(58.4155426,66.85464478,3.79999995));
#5449=DIRECTION('',(0.,0.,1.));
#5450=DIRECTION('',(0.9918792,0.12718354,0.));
#5451=AXIS2_PLACEMENT_3D('',#5448,#5449,#5450);
#5452=PLANE('',#5451);
#5453=POLY_LOOP('',(#593,#594,#595));
#5454=FACE_OUTER_BOUND('',#5453,.T.);
#5455=FACE_SURFACE('',(#5454),#5452,.T.);
#5456=CARTESIAN_POINT('',(61.78952026,67.28337097,3.79999995));
#5457=DIRECTION('',(0.,0.,1.));
#5458=DIRECTION('',(0.44326909,0.8963886,0.));
#5459=AXIS2_PLACEMENT_3D('',#5456,#5457,#5458);
#5460=PLANE('',#5459);
#5461=POLY_LOOP('',(#596,#594,#593));
#5462=FACE_OUTER_BOUND('',#5461,.T.);
#5463=FACE_SURFACE('',(#5462),#5460,.T.);
#5464=CARTESIAN_POINT('',(75.84991455,68.4490509,3.79999995));
#5465=DIRECTION('',(0.,0.,1.));
#5466=DIRECTION('',(0.19483436,0.98083616,0.));
#5467=AXIS2_PLACEMENT_3D('',#5464,#5465,#5466);
#5468=PLANE('',#5467);
#5469=POLY_LOOP('',(#597,#598,#583));
#5470=FACE_OUTER_BOUND('',#5469,.T.);
#5471=FACE_SURFACE('',(#5470),#5468,.T.);
#5472=CARTESIAN_POINT('',(54.08401489,68.62043762,3.79999995));
#5473=DIRECTION('',(0.,0.,1.));
#5474=DIRECTION('',(0.22403361,-0.97458142,0.));
#5475=AXIS2_PLACEMENT_3D('',#5472,#5473,#5474);
#5476=PLANE('',#5475);
#5477=POLY_LOOP('',(#599,#600,#595));
#5478=FACE_OUTER_BOUND('',#5477,.T.);
#5479=FACE_SURFACE('',(#5478),#5476,.T.);
#5480=CARTESIAN_POINT('',(50.21943665,67.7625885,3.79999995));
#5481=DIRECTION('',(0.,0.,1.));
#5482=DIRECTION('',(-0.97057873,-0.24078397,0.));
#5483=AXIS2_PLACEMENT_3D('',#5480,#5481,#5482);
#5484=PLANE('',#5483);
#5485=POLY_LOOP('',(#601,#602,#603));
#5486=FACE_OUTER_BOUND('',#5485,.T.);
#5487=FACE_SURFACE('',(#5486),#5484,.T.);
#5488=CARTESIAN_POINT('',(46.35324097,66.80345154,3.79999995));
#5489=DIRECTION('',(0.,0.,1.));
#5490=DIRECTION('',(-0.96440082,-0.26444483,0.));
#5491=AXIS2_PLACEMENT_3D('',#5488,#5489,#5490);
#5492=PLANE('',#5491);
#5493=POLY_LOOP('',(#602,#604,#605));
#5494=FACE_OUTER_BOUND('',#5493,.T.);
#5495=FACE_SURFACE('',(#5494),#5492,.T.);
#5496=CARTESIAN_POINT('',(39.42807007,63.32850647,3.79999995));
#5497=DIRECTION('',(0.,0.,1.));
#5498=DIRECTION('',(-0.54043161,0.84138795,0.));
#5499=AXIS2_PLACEMENT_3D('',#5496,#5497,#5498);
#5500=PLANE('',#5499);
#5501=POLY_LOOP('',(#606,#607,#608));
#5502=FACE_OUTER_BOUND('',#5501,.T.);
#5503=FACE_SURFACE('',(#5502),#5500,.T.);
#5504=CARTESIAN_POINT('',(35.63079834,62.40063477,3.79999995));
#5505=DIRECTION('',(0.,0.,1.));
#5506=DIRECTION('',(-0.68887488,0.72488026,0.));
#5507=AXIS2_PLACEMENT_3D('',#5504,#5505,#5506);
#5508=PLANE('',#5507);
#5509=POLY_LOOP('',(#608,#609,#610));
#5510=FACE_OUTER_BOUND('',#5509,.T.);
#5511=FACE_SURFACE('',(#5510),#5508,.T.);
#5512=CARTESIAN_POINT('',(28.03651428,60.32228088,3.79999995));
#5513=DIRECTION('',(0.,0.,1.));
#5514=DIRECTION('',(0.8676451,0.49718405,0.));
#5515=AXIS2_PLACEMENT_3D('',#5512,#5513,#5514);
#5516=PLANE('',#5515);
#5517=POLY_LOOP('',(#611,#612,#613));
#5518=FACE_OUTER_BOUND('',#5517,.T.);
#5519=FACE_SURFACE('',(#5518),#5516,.T.);
#5520=CARTESIAN_POINT('',(19.37095642,57.07922363,3.79999995));
#5521=DIRECTION('',(0.,0.,1.));
#5522=DIRECTION('',(-0.92806144,-0.37242711,0.));
#5523=AXIS2_PLACEMENT_3D('',#5520,#5521,#5522);
#5524=PLANE('',#5523);
#5525=POLY_LOOP('',(#614,#615,#616));
#5526=FACE_OUTER_BOUND('',#5525,.T.);
#5527=FACE_SURFACE('',(#5526),#5524,.T.);
#5528=CARTESIAN_POINT('',(11.55589294,53.62660217,3.79999995));
#5529=DIRECTION('',(0.,0.,1.));
#5530=DIRECTION('',(-0.86067734,-0.50915078,0.));
#5531=AXIS2_PLACEMENT_3D('',#5528,#5529,#5530);
#5532=PLANE('',#5531);
#5533=POLY_LOOP('',(#617,#618,#619));
#5534=FACE_OUTER_BOUND('',#5533,.T.);
#5535=FACE_SURFACE('',(#5534),#5532,.T.);
#5536=CARTESIAN_POINT('',(21.26797485,13.75883484,3.79999995));
#5537=DIRECTION('',(0.,0.,1.));
#5538=DIRECTION('',(-0.83277632,-0.55360961,0.));
#5539=AXIS2_PLACEMENT_3D('',#5536,#5537,#5538);
#5540=PLANE('',#5539);
#5541=POLY_LOOP('',(#620,#621,#622));
#5542=FACE_OUTER_BOUND('',#5541,.T.);
#5543=FACE_SURFACE('',(#5542),#5540,.T.);
#5544=CARTESIAN_POINT('',(42.16044617,17.00198364,3.79999995));
#5545=DIRECTION('',(0.,0.,1.));
#5546=DIRECTION('',(-0.99833336,-0.05771044,0.));
#5547=AXIS2_PLACEMENT_3D('',#5544,#5545,#5546);
#5548=PLANE('',#5547);
#5549=POLY_LOOP('',(#623,#624,#625));
#5550=FACE_OUTER_BOUND('',#5549,.T.);
#5551=FACE_SURFACE('',(#5550),#5548,.T.);
#5552=CARTESIAN_POINT('',(23.64356995,15.58169556,3.79999995));
#5553=DIRECTION('',(0.,0.,1.));
#5554=DIRECTION('',(0.99707129,0.07647772,0.));
#5555=AXIS2_PLACEMENT_3D('',#5552,#5553,#5554);
#5556=PLANE('',#5555);
#5557=POLY_LOOP('',(#626,#623,#627));
#5558=FACE_OUTER_BOUND('',#5557,.T.);
#5559=FACE_SURFACE('',(#5558),#5556,.T.);
#5560=CARTESIAN_POINT('',(24.19717407,14.75315857,3.79999995));
#5561=DIRECTION('',(0.,0.,1.));
#5562=DIRECTION('',(0.19507396,-0.98078853,0.));
#5563=AXIS2_PLACEMENT_3D('',#5560,#5561,#5562);
#5564=PLANE('',#5563);
#5565=POLY_LOOP('',(#628,#629,#630));
#5566=FACE_OUTER_BOUND('',#5565,.T.);
#5567=FACE_SURFACE('',(#5566),#5564,.T.);
#5568=CARTESIAN_POINT('',(42.16044617,17.00198364,3.79999995));
#5569=DIRECTION('',(0.,0.,1.));
#5570=DIRECTION('',(-0.99840631,-0.05643435,0.));
#5571=AXIS2_PLACEMENT_3D('',#5568,#5569,#5570);
#5572=PLANE('',#5571);
#5573=POLY_LOOP('',(#623,#631,#624));
#5574=FACE_OUTER_BOUND('',#5573,.T.);
#5575=FACE_SURFACE('',(#5574),#5572,.T.);
#5576=CARTESIAN_POINT('',(8.82998657,52.01403809,3.79999995));
#5577=DIRECTION('',(0.,0.,1.));
#5578=DIRECTION('',(-0.96785575,-0.25150597,0.));
#5579=AXIS2_PLACEMENT_3D('',#5576,#5577,#5578);
#5580=PLANE('',#5579);
#5581=POLY_LOOP('',(#618,#632,#633));
#5582=FACE_OUTER_BOUND('',#5581,.T.);
#5583=FACE_SURFACE('',(#5582),#5580,.T.);
#5584=CARTESIAN_POINT('',(23.29315186,12.91998291,3.79999995));
#5585=DIRECTION('',(0.,0.,1.));
#5586=DIRECTION('',(0.02170013,-0.99976452,0.));
#5587=AXIS2_PLACEMENT_3D('',#5584,#5585,#5586);
#5588=PLANE('',#5587);
#5589=POLY_LOOP('',(#634,#635,#636));
#5590=FACE_OUTER_BOUND('',#5589,.T.);
#5591=FACE_SURFACE('',(#5590),#5588,.T.);
#5592=CARTESIAN_POINT('',(1.89624023,7.21925354,3.79999995));
#5593=DIRECTION('',(0.,0.,1.));
#5594=DIRECTION('',(-0.06542066,0.99785777,0.));
#5595=AXIS2_PLACEMENT_3D('',#5592,#5593,#5594);
#5596=PLANE('',#5595);
#5597=POLY_LOOP('',(#637,#638,#639));
#5598=FACE_OUTER_BOUND('',#5597,.T.);
#5599=FACE_SURFACE('',(#5598),#5596,.T.);
#5600=CARTESIAN_POINT('',(140.45881653,1.70280457,3.79999995));
#5601=DIRECTION('',(0.,0.,1.));
#5602=DIRECTION('',(-1.,0.,0.));
#5603=AXIS2_PLACEMENT_3D('',#5600,#5601,#5602);
#5604=PLANE('',#5603);
#5605=POLY_LOOP('',(#640,#641,#642));
#5606=FACE_OUTER_BOUND('',#5605,.T.);
#5607=FACE_SURFACE('',(#5606),#5604,.T.);
#5608=CARTESIAN_POINT('',(150.62902832,57.07922363,3.79999995));
#5609=DIRECTION('',(0.,0.,1.));
#5610=DIRECTION('',(0.4018871,0.91568923,0.));
#5611=AXIS2_PLACEMENT_3D('',#5608,#5609,#5610);
#5612=PLANE('',#5611);
#5613=POLY_LOOP('',(#546,#545,#547));
#5614=FACE_OUTER_BOUND('',#5613,.T.);
#5615=FACE_SURFACE('',(#5614),#5612,.T.);
#5616=CARTESIAN_POINT('',(21.26797485,2.60682678,3.79999995));
#5617=DIRECTION('',(0.,0.,1.));
#5618=DIRECTION('',(-0.95403373,0.29969925,0.));
#5619=AXIS2_PLACEMENT_3D('',#5616,#5617,#5618);
#5620=PLANE('',#5619);
#5621=POLY_LOOP('',(#643,#644,#645));
#5622=FACE_OUTER_BOUND('',#5621,.T.);
#5623=FACE_SURFACE('',(#5622),#5620,.T.);
#5624=CARTESIAN_POINT('',(76.4370575,68.9319458,3.79999995));
#5625=DIRECTION('',(0.,0.,1.));
#5626=DIRECTION('',(0.29366205,0.95590931,0.));
#5627=AXIS2_PLACEMENT_3D('',#5624,#5625,#5626);
#5628=PLANE('',#5627);
#5629=POLY_LOOP('',(#646,#647,#648));
#5630=FACE_OUTER_BOUND('',#5629,.T.);
#5631=FACE_SURFACE('',(#5630),#5628,.T.);
#5632=CARTESIAN_POINT('',(42.22099304,11.01663208,3.79999995));
#5633=DIRECTION('',(0.,0.,1.));
#5634=DIRECTION('',(-0.92869102,-0.3708544,0.));
#5635=AXIS2_PLACEMENT_3D('',#5632,#5633,#5634);
#5636=PLANE('',#5635);
#5637=POLY_LOOP('',(#649,#650,#651));
#5638=FACE_OUTER_BOUND('',#5637,.T.);
#5639=FACE_SURFACE('',(#5638),#5636,.T.);
#5640=CARTESIAN_POINT('',(42.15368652,11.21492004,3.79999995));
#5641=DIRECTION('',(0.,0.,1.));
#5642=DIRECTION('',(-0.99160234,0.12932436,0.));
#5643=AXIS2_PLACEMENT_3D('',#5640,#5641,#5642);
#5644=PLANE('',#5643);
#5645=POLY_LOOP('',(#652,#653,#654));
#5646=FACE_OUTER_BOUND('',#5645,.T.);
#5647=FACE_SURFACE('',(#5646),#5644,.T.);
#5648=CARTESIAN_POINT('',(22.49768066,12.81524658,3.79999995));
#5649=DIRECTION('',(0.,0.,1.));
#5650=DIRECTION('',(-0.64915934,-0.76065245,0.));
#5651=AXIS2_PLACEMENT_3D('',#5648,#5649,#5650);
#5652=PLANE('',#5651);
#5653=POLY_LOOP('',(#655,#656,#657));
#5654=FACE_OUTER_BOUND('',#5653,.T.);
#5655=FACE_SURFACE('',(#5654),#5652,.T.);
#5656=CARTESIAN_POINT('',(19.86375427,7.21925354,3.79999995));
#5657=DIRECTION('',(0.,0.,1.));
#5658=DIRECTION('',(-0.19510996,-0.98078137,0.));
#5659=AXIS2_PLACEMENT_3D('',#5656,#5657,#5658);
#5660=PLANE('',#5659);
#5661=POLY_LOOP('',(#658,#659,#660));
#5662=FACE_OUTER_BOUND('',#5661,.T.);
#5663=FACE_SURFACE('',(#5662),#5660,.T.);
#5664=CARTESIAN_POINT('',(21.60397339,4.29600525,3.79999995));
#5665=DIRECTION('',(0.,0.,1.));
#5666=DIRECTION('',(-0.73763189,0.67520308,0.));
#5667=AXIS2_PLACEMENT_3D('',#5664,#5665,#5666);
#5668=PLANE('',#5667);
#5669=POLY_LOOP('',(#661,#662,#663));
#5670=FACE_OUTER_BOUND('',#5669,.T.);
#5671=FACE_SURFACE('',(#5670),#5668,.T.);
#5672=CARTESIAN_POINT('',(22.90231323,4.73672485,3.79999995));
#5673=DIRECTION('',(0.,0.,1.));
#5674=DIRECTION('',(-0.64620681,0.76316234,0.));
#5675=AXIS2_PLACEMENT_3D('',#5672,#5673,#5674);
#5676=PLANE('',#5675);
#5677=POLY_LOOP('',(#664,#665,#666));
#5678=FACE_OUTER_BOUND('',#5677,.T.);
#5679=FACE_SURFACE('',(#5678),#5676,.T.);
#5680=CARTESIAN_POINT('',(23.47499084,13.00965881,3.79999995));
#5681=DIRECTION('',(0.,0.,1.));
#5682=DIRECTION('',(0.01964419,-0.99980703,0.));
#5683=AXIS2_PLACEMENT_3D('',#5680,#5681,#5682);
#5684=PLANE('',#5683);
#5685=POLY_LOOP('',(#636,#667,#668));
#5686=FACE_OUTER_BOUND('',#5685,.T.);
#5687=FACE_SURFACE('',(#5686),#5684,.T.);
#5688=CARTESIAN_POINT('',(24.25,14.35198975,3.79999995));
#5689=DIRECTION('',(0.,0.,1.));
#5690=DIRECTION('',(-0.06547501,-0.99785421,0.));
#5691=AXIS2_PLACEMENT_3D('',#5688,#5689,#5690);
#5692=PLANE('',#5691);
#5693=POLY_LOOP('',(#669,#670,#671));
#5694=FACE_OUTER_BOUND('',#5693,.T.);
#5695=FACE_SURFACE('',(#5694),#5692,.T.);
#5696=CARTESIAN_POINT('',(42.11282349,16.7766571,3.79999995));
#5697=DIRECTION('',(0.,0.,1.));
#5698=DIRECTION('',(0.1951212,0.98077914,0.));
#5699=AXIS2_PLACEMENT_3D('',#5696,#5697,#5698);
#5700=PLANE('',#5699);
#5701=POLY_LOOP('',(#672,#673,#674));
#5702=FACE_OUTER_BOUND('',#5701,.T.);
#5703=FACE_SURFACE('',(#5702),#5700,.T.);
#5704=CARTESIAN_POINT('',(23.29315186,15.78401184,3.79999995));
#5705=DIRECTION('',(0.,0.,1.));
#5706=DIRECTION('',(0.99792284,0.06442057,0.));
#5707=AXIS2_PLACEMENT_3D('',#5704,#5705,#5706);
#5708=PLANE('',#5707);
#5709=POLY_LOOP('',(#675,#623,#625));
#5710=FACE_OUTER_BOUND('',#5709,.T.);
#5711=FACE_SURFACE('',(#5710),#5708,.T.);
#5712=CARTESIAN_POINT('',(11.55589294,53.62660217,3.79999995));
#5713=DIRECTION('',(0.,0.,1.));
#5714=DIRECTION('',(0.44547328,-0.89529524,0.));
#5715=AXIS2_PLACEMENT_3D('',#5712,#5713,#5714);
#5716=PLANE('',#5715);
#5717=POLY_LOOP('',(#617,#619,#615));
#5718=FACE_OUTER_BOUND('',#5717,.T.);
#5719=FACE_SURFACE('',(#5718),#5716,.T.);
#5720=CARTESIAN_POINT('',(23.23509216,58.74423218,3.79999995));
#5721=DIRECTION('',(0.,0.,1.));
#5722=DIRECTION('',(-0.93612126,-0.35167738,0.));
#5723=AXIS2_PLACEMENT_3D('',#5720,#5721,#5722);
#5724=PLANE('',#5723);
#5725=POLY_LOOP('',(#676,#677,#614));
#5726=FACE_OUTER_BOUND('',#5725,.T.);
#5727=FACE_SURFACE('',(#5726),#5724,.T.);
#5728=CARTESIAN_POINT('',(23.15731812,58.92851257,3.79999995));
#5729=DIRECTION('',(0.,0.,1.));
#5730=DIRECTION('',(0.38883103,-0.92130908,0.));
#5731=AXIS2_PLACEMENT_3D('',#5728,#5729,#5730);
#5732=PLANE('',#5731);
#5733=POLY_LOOP('',(#678,#676,#679));
#5734=FACE_OUTER_BOUND('',#5733,.T.);
#5735=FACE_SURFACE('',(#5734),#5732,.T.);
#5736=CARTESIAN_POINT('',(28.03651428,60.32228088,3.79999995));
#5737=DIRECTION('',(0.,0.,1.));
#5738=DIRECTION('',(0.96209769,0.27270505,0.));
#5739=AXIS2_PLACEMENT_3D('',#5736,#5737,#5738);
#5740=PLANE('',#5739);
#5741=POLY_LOOP('',(#611,#610,#612));
#5742=FACE_OUTER_BOUND('',#5741,.T.);
#5743=FACE_SURFACE('',(#5742),#5740,.T.);
#5744=CARTESIAN_POINT('',(43.22541809,64.18217468,3.79999995));
#5745=DIRECTION('',(0.,0.,1.));
#5746=DIRECTION('',(-0.42687343,0.90431138,0.));
#5747=AXIS2_PLACEMENT_3D('',#5744,#5745,#5746);
#5748=PLANE('',#5747);
#5749=POLY_LOOP('',(#605,#604,#606));
#5750=FACE_OUTER_BOUND('',#5749,.T.);
#5751=FACE_SURFACE('',(#5750),#5748,.T.);
#5752=CARTESIAN_POINT('',(54.08401489,68.62043762,3.79999995));
#5753=DIRECTION('',(0.,0.,1.));
#5754=DIRECTION('',(-0.97623764,-0.21670272,0.));
#5755=AXIS2_PLACEMENT_3D('',#5752,#5753,#5754);
#5756=PLANE('',#5755);
#5757=POLY_LOOP('',(#599,#601,#680));
#5758=FACE_OUTER_BOUND('',#5757,.T.);
#5759=FACE_SURFACE('',(#5758),#5756,.T.);
#5760=CARTESIAN_POINT('',(0.44999695,19.79399109,3.79999995));
#5761=DIRECTION('',(0.,0.,1.));
#5762=DIRECTION('',(0.9487282,-0.31609302,0.));
#5763=AXIS2_PLACEMENT_3D('',#5760,#5761,#5762);
#5764=PLANE('',#5763);
#5765=POLY_LOOP('',(#681,#682,#633));
#5766=FACE_OUTER_BOUND('',#5765,.T.);
#5767=FACE_SURFACE('',(#5766),#5764,.T.);
#5768=CARTESIAN_POINT('',(24.13200378,13.75883484,3.79999995));
#5769=DIRECTION('',(0.,0.,1.));
#5770=DIRECTION('',(0.9916486,-0.12896916,0.));
#5771=AXIS2_PLACEMENT_3D('',#5768,#5769,#5770);
#5772=PLANE('',#5771);
#5773=POLY_LOOP('',(#683,#684,#685));
#5774=FACE_OUTER_BOUND('',#5773,.T.);
#5775=FACE_SURFACE('',(#5774),#5772,.T.);
#5776=CARTESIAN_POINT('',(15.42362976,55.49517822,3.79999995));
#5777=DIRECTION('',(0.,0.,1.));
#5778=DIRECTION('',(-0.87920677,-0.47644041,0.));
#5779=AXIS2_PLACEMENT_3D('',#5776,#5777,#5778);
#5780=PLANE('',#5779);
#5781=POLY_LOOP('',(#615,#619,#616));
#5782=FACE_OUTER_BOUND('',#5781,.T.);
#5783=FACE_SURFACE('',(#5782),#5780,.T.);
#5784=CARTESIAN_POINT('',(11.55589294,53.62660217,3.79999995));
#5785=DIRECTION('',(0.,0.,1.));
#5786=DIRECTION('',(-0.89111117,-0.45378505,0.));
#5787=AXIS2_PLACEMENT_3D('',#5784,#5785,#5786);
#5788=PLANE('',#5787);
#5789=POLY_LOOP('',(#617,#632,#618));
#5790=FACE_OUTER_BOUND('',#5789,.T.);
#5791=FACE_SURFACE('',(#5790),#5788,.T.);
#5792=CARTESIAN_POINT('',(8.82998657,17.00198364,3.79999995));
#5793=DIRECTION('',(0.,0.,1.));
#5794=DIRECTION('',(0.,1.,0.));
#5795=AXIS2_PLACEMENT_3D('',#5792,#5793,#5794);
#5796=PLANE('',#5795);
#5797=POLY_LOOP('',(#682,#618,#633));
#5798=FACE_OUTER_BOUND('',#5797,.T.);
#5799=FACE_SURFACE('',(#5798),#5796,.T.);
#5800=CARTESIAN_POINT('',(19.29057312,57.26237488,3.79999995));
#5801=DIRECTION('',(0.,0.,1.));
#5802=DIRECTION('',(-0.90952328,-0.41565297,0.));
#5803=AXIS2_PLACEMENT_3D('',#5800,#5801,#5802);
#5804=PLANE('',#5803);
#5805=POLY_LOOP('',(#677,#615,#614));
#5806=FACE_OUTER_BOUND('',#5805,.T.);
#5807=FACE_SURFACE('',(#5806),#5804,.T.);
#5808=CARTESIAN_POINT('',(23.15731812,58.92851257,3.79999995));
#5809=DIRECTION('',(0.,0.,1.));
#5810=DIRECTION('',(-0.91837266,-0.39571663,0.));
#5811=AXIS2_PLACEMENT_3D('',#5808,#5809,#5810);
#5812=PLANE('',#5811);
#5813=POLY_LOOP('',(#678,#677,#676));
#5814=FACE_OUTER_BOUND('',#5813,.T.);
#5815=FACE_SURFACE('',(#5814),#5812,.T.);
#5816=CARTESIAN_POINT('',(27.02423096,60.4937439,3.79999995));
#5817=DIRECTION('',(0.,0.,1.));
#5818=DIRECTION('',(-0.92694245,-0.37520353,0.));
#5819=AXIS2_PLACEMENT_3D('',#5816,#5817,#5818);
#5820=PLANE('',#5819);
#5821=POLY_LOOP('',(#613,#678,#679));
#5822=FACE_OUTER_BOUND('',#5821,.T.);
#5823=FACE_SURFACE('',(#5822),#5820,.T.);
#5824=CARTESIAN_POINT('',(24.44577026,59.23429871,3.79999995));
#5825=DIRECTION('',(0.,0.,1.));
#5826=DIRECTION('',(0.95703343,0.2899776,0.));
#5827=AXIS2_PLACEMENT_3D('',#5824,#5825,#5826);
#5828=PLANE('',#5827);
#5829=POLY_LOOP('',(#679,#611,#613));
#5830=FACE_OUTER_BOUND('',#5829,.T.);
#5831=FACE_SURFACE('',(#5830),#5828,.T.);
#5832=CARTESIAN_POINT('',(31.83360291,61.39855957,3.79999995));
#5833=DIRECTION('',(0.,0.,1.));
#5834=DIRECTION('',(0.83552,0.54946003,0.));
#5835=AXIS2_PLACEMENT_3D('',#5832,#5833,#5834);
#5836=PLANE('',#5835);
#5837=POLY_LOOP('',(#610,#609,#612));
#5838=FACE_OUTER_BOUND('',#5837,.T.);
#5839=FACE_SURFACE('',(#5838),#5836,.T.);
#5840=CARTESIAN_POINT('',(35.63079834,62.40063477,3.79999995));
#5841=DIRECTION('',(0.,0.,1.));
#5842=DIRECTION('',(0.80792971,0.58927887,0.));
#5843=AXIS2_PLACEMENT_3D('',#5840,#5841,#5842);
#5844=PLANE('',#5843);
#5845=POLY_LOOP('',(#608,#607,#609));
#5846=FACE_OUTER_BOUND('',#5845,.T.);
#5847=FACE_SURFACE('',(#5846),#5844,.T.);
#5848=CARTESIAN_POINT('',(39.42807007,63.32850647,3.79999995));
#5849=DIRECTION('',(0.,0.,1.));
#5850=DIRECTION('',(0.78498645,0.61951293,0.));
#5851=AXIS2_PLACEMENT_3D('',#5848,#5849,#5850);
#5852=PLANE('',#5851);
#5853=POLY_LOOP('',(#606,#604,#607));
#5854=FACE_OUTER_BOUND('',#5853,.T.);
#5855=FACE_SURFACE('',(#5854),#5852,.T.);
#5856=CARTESIAN_POINT('',(43.22541809,64.18217468,3.79999995));
#5857=DIRECTION('',(0.,0.,1.));
#5858=DIRECTION('',(0.97957716,0.2010686,0.));
#5859=AXIS2_PLACEMENT_3D('',#5856,#5857,#5858);
#5860=PLANE('',#5859);
#5861=POLY_LOOP('',(#605,#603,#602));
#5862=FACE_OUTER_BOUND('',#5861,.T.);
#5863=FACE_SURFACE('',(#5862),#5860,.T.);
#5864=CARTESIAN_POINT('',(47.02285767,64.9616394,3.79999995));
#5865=DIRECTION('',(0.,0.,1.));
#5866=DIRECTION('',(0.98318964,0.18258734,0.));
#5867=AXIS2_PLACEMENT_3D('',#5864,#5865,#5866);
#5868=PLANE('',#5867);
#5869=POLY_LOOP('',(#603,#680,#601));
#5870=FACE_OUTER_BOUND('',#5869,.T.);
#5871=FACE_SURFACE('',(#5870),#5868,.T.);
#5872=CARTESIAN_POINT('',(50.82035828,65.66687012,3.79999995));
#5873=DIRECTION('',(0.,0.,1.));
#5874=DIRECTION('',(0.98647511,0.16391111,0.));
#5875=AXIS2_PLACEMENT_3D('',#5872,#5873,#5874);
#5876=PLANE('',#5875);
#5877=POLY_LOOP('',(#680,#600,#599));
#5878=FACE_OUTER_BOUND('',#5877,.T.);
#5879=FACE_SURFACE('',(#5878),#5876,.T.);
#5880=CARTESIAN_POINT('',(54.61791992,66.29786682,3.79999995));
#5881=DIRECTION('',(0.,0.,1.));
#5882=DIRECTION('',(0.98942265,0.14506147,0.));
#5883=AXIS2_PLACEMENT_3D('',#5880,#5881,#5882);
#5884=PLANE('',#5883);
#5885=POLY_LOOP('',(#600,#593,#595));
#5886=FACE_OUTER_BOUND('',#5885,.T.);
#5887=FACE_SURFACE('',(#5886),#5884,.T.);
#5888=CARTESIAN_POINT('',(64.54162598,67.58753967,3.79999995));
#5889=DIRECTION('',(0.,0.,1.));
#5890=DIRECTION('',(-0.74461997,0.66748865,0.));
#5891=AXIS2_PLACEMENT_3D('',#5888,#5889,#5890);
#5892=PLANE('',#5891);
#5893=POLY_LOOP('',(#686,#592,#687));
#5894=FACE_OUTER_BOUND('',#5893,.T.);
#5895=FACE_SURFACE('',(#5894),#5892,.T.);
#5896=CARTESIAN_POINT('',(69.54283142,71.04263306,3.79999995));
#5897=DIRECTION('',(0.,0.,1.));
#5898=DIRECTION('',(-0.7309828,-0.68239589,0.));
#5899=AXIS2_PLACEMENT_3D('',#5896,#5897,#5898);
#5900=PLANE('',#5899);
#5901=POLY_LOOP('',(#587,#588,#586));
#5902=FACE_OUTER_BOUND('',#5901,.T.);
#5903=FACE_SURFACE('',(#5902),#5900,.T.);
#5904=CARTESIAN_POINT('',(61.83517456,67.35279846,3.79999995));
#5905=DIRECTION('',(0.,0.,1.));
#5906=DIRECTION('',(-0.88686855,0.46202184,0.));
#5907=AXIS2_PLACEMENT_3D('',#5904,#5905,#5906);
#5908=PLANE('',#5907);
#5909=POLY_LOOP('',(#688,#595,#594));
#5910=FACE_OUTER_BOUND('',#5909,.T.);
#5911=FACE_SURFACE('',(#5910),#5908,.T.);
#5912=CARTESIAN_POINT('',(61.8132019,70.03334045,3.79999995));
#5913=DIRECTION('',(0.,0.,1.));
#5914=DIRECTION('',(-0.98589752,-0.16735016,0.));
#5915=AXIS2_PLACEMENT_3D('',#5912,#5913,#5914);
#5916=PLANE('',#5915);
#5917=POLY_LOOP('',(#592,#595,#688));
#5918=FACE_OUTER_BOUND('',#5917,.T.);
#5919=FACE_SURFACE('',(#5918),#5916,.T.);
#5920=CARTESIAN_POINT('',(61.8132019,70.03334045,3.79999995));
#5921=DIRECTION('',(0.,0.,1.));
#5922=DIRECTION('',(0.00819682,-0.99996641,0.));
#5923=AXIS2_PLACEMENT_3D('',#5920,#5921,#5922);
#5924=PLANE('',#5923);
#5925=POLY_LOOP('',(#592,#688,#689));
#5926=FACE_OUTER_BOUND('',#5925,.T.);
#5927=FACE_SURFACE('',(#5926),#5924,.T.);
#5928=CARTESIAN_POINT('',(61.8132019,70.03334045,3.79999995));
#5929=DIRECTION('',(0.,0.,1.));
#5930=DIRECTION('',(0.05158371,-0.99866867,0.));
#5931=AXIS2_PLACEMENT_3D('',#5928,#5929,#5930);
#5932=PLANE('',#5931);
#5933=POLY_LOOP('',(#592,#690,#590));
#5934=FACE_OUTER_BOUND('',#5933,.T.);
#5935=FACE_SURFACE('',(#5934),#5932,.T.);
#5936=CARTESIAN_POINT('',(61.8132019,70.03334045,3.79999995));
#5937=DIRECTION('',(0.,0.,1.));
#5938=DIRECTION('',(0.02811379,-0.99960473,0.));
#5939=AXIS2_PLACEMENT_3D('',#5936,#5937,#5938);
#5940=PLANE('',#5939);
#5941=POLY_LOOP('',(#592,#689,#690));
#5942=FACE_OUTER_BOUND('',#5941,.T.);
#5943=FACE_SURFACE('',(#5942),#5940,.T.);
#5944=CARTESIAN_POINT('',(62.08158875,67.54187012,3.79999995));
#5945=DIRECTION('',(0.,0.,1.));
#5946=DIRECTION('',(0.94693855,0.32141467,0.));
#5947=AXIS2_PLACEMENT_3D('',#5944,#5945,#5946);
#5948=PLANE('',#5947);
#5949=POLY_LOOP('',(#591,#691,#592));
#5950=FACE_OUTER_BOUND('',#5949,.T.);
#5951=FACE_SURFACE('',(#5950),#5948,.T.);
#5952=CARTESIAN_POINT('',(62.15589905,67.5670929,3.79999995));
#5953=DIRECTION('',(0.,0.,1.));
#5954=DIRECTION('',(0.98076716,0.19518141,0.));
#5955=AXIS2_PLACEMENT_3D('',#5952,#5953,#5954);
#5956=PLANE('',#5955);
#5957=POLY_LOOP('',(#691,#692,#592));
#5958=FACE_OUTER_BOUND('',#5957,.T.);
#5959=FACE_SURFACE('',(#5958),#5956,.T.);
#5960=CARTESIAN_POINT('',(62.31118774,67.58753967,3.79999995));
#5961=DIRECTION('',(0.,0.,1.));
#5962=DIRECTION('',(-0.19951491,0.97989479,0.));
#5963=AXIS2_PLACEMENT_3D('',#5960,#5961,#5962);
#5964=PLANE('',#5963);
#5965=POLY_LOOP('',(#687,#592,#692));
#5966=FACE_OUTER_BOUND('',#5965,.T.);
#5967=FACE_SURFACE('',(#5966),#5964,.T.);
#5968=CARTESIAN_POINT('',(64.54162598,67.58753967,3.79999995));
#5969=DIRECTION('',(0.,0.,1.));
#5970=DIRECTION('',(0.35420955,0.93516608,0.));
#5971=AXIS2_PLACEMENT_3D('',#5968,#5969,#5970);
#5972=PLANE('',#5971);
#5973=POLY_LOOP('',(#686,#589,#592));
#5974=FACE_OUTER_BOUND('',#5973,.T.);
#5975=FACE_SURFACE('',(#5974),#5972,.T.);
#5976=CARTESIAN_POINT('',(66.01095581,67.74551392,3.79999995));
#5977=DIRECTION('',(0.,0.,1.));
#5978=DIRECTION('',(-0.11622263,0.99322319,0.));
#5979=AXIS2_PLACEMENT_3D('',#5976,#5977,#5978);
#5980=PLANE('',#5979);
#5981=POLY_LOOP('',(#588,#589,#686));
#5982=FACE_OUTER_BOUND('',#5981,.T.);
#5983=FACE_SURFACE('',(#5982),#5980,.T.);
#5984=CARTESIAN_POINT('',(73.40699768,71.39581299,3.79999995));
#5985=DIRECTION('',(0.,0.,1.));
#5986=DIRECTION('',(-0.99584912,-0.09101936,0.));
#5987=AXIS2_PLACEMENT_3D('',#5984,#5985,#5986);
#5988=PLANE('',#5987);
#5989=POLY_LOOP('',(#585,#587,#583));
#5990=FACE_OUTER_BOUND('',#5989,.T.);
#5991=FACE_SURFACE('',(#5990),#5988,.T.);
#5992=CARTESIAN_POINT('',(75.85749817,68.48722839,3.79999995));
#5993=DIRECTION('',(0.,0.,1.));
#5994=DIRECTION('',(0.32152981,0.94689946,0.));
#5995=AXIS2_PLACEMENT_3D('',#5992,#5993,#5994);
#5996=PLANE('',#5995);
#5997=POLY_LOOP('',(#598,#693,#583));
#5998=FACE_OUTER_BOUND('',#5997,.T.);
#5999=FACE_SURFACE('',(#5998),#5996,.T.);
#6000=CARTESIAN_POINT('',(85.,68.67350769,3.79999995));
#6001=DIRECTION('',(0.,0.,1.));
#6002=DIRECTION('',(0.77745809,0.62893475,0.));
#6003=AXIS2_PLACEMENT_3D('',#6000,#6001,#6002);
#6004=PLANE('',#6003);
#6005=POLY_LOOP('',(#694,#575,#695));
#6006=FACE_OUTER_BOUND('',#6005,.T.);
#6007=FACE_SURFACE('',(#6006),#6004,.T.);
#6008=CARTESIAN_POINT('',(79.59234619,68.91149902,3.79999995));
#6009=DIRECTION('',(0.,0.,1.));
#6010=DIRECTION('',(0.4713429,0.88195004,0.));
#6011=AXIS2_PLACEMENT_3D('',#6008,#6009,#6010);
#6012=PLANE('',#6011);
#6013=POLY_LOOP('',(#696,#580,#581));
#6014=FACE_OUTER_BOUND('',#6013,.T.);
#6015=FACE_SURFACE('',(#6014),#6012,.T.);
#6016=CARTESIAN_POINT('',(79.66667175,68.88627625,3.79999995));
#6017=DIRECTION('',(0.,0.,1.));
#6018=DIRECTION('',(0.45027704,0.8928889,0.));
#6019=AXIS2_PLACEMENT_3D('',#6016,#6017,#6018);
#6020=PLANE('',#6019);
#6021=POLY_LOOP('',(#578,#580,#696));
#6022=FACE_OUTER_BOUND('',#6021,.T.);
#6023=FACE_SURFACE('',(#6022),#6020,.T.);
#6024=CARTESIAN_POINT('',(75.88273621,68.56155396,3.79999995));
#6025=DIRECTION('',(0.,0.,1.));
#6026=DIRECTION('',(0.44230748,0.89686348,0.));
#6027=AXIS2_PLACEMENT_3D('',#6024,#6025,#6026);
#6028=PLANE('',#6027);
#6029=POLY_LOOP('',(#693,#697,#583));
#6030=FACE_OUTER_BOUND('',#6029,.T.);
#6031=FACE_SURFACE('',(#6030),#6028,.T.);
#6032=CARTESIAN_POINT('',(75.91744995,68.63194275,3.79999995));
#6033=DIRECTION('',(0.,0.,1.));
#6034=DIRECTION('',(0.55546269,0.83154146,0.));
#6035=AXIS2_PLACEMENT_3D('',#6032,#6033,#6034);
#6036=PLANE('',#6035);
#6037=POLY_LOOP('',(#697,#584,#583));
#6038=FACE_OUTER_BOUND('',#6037,.T.);
#6039=FACE_SURFACE('',(#6038),#6036,.T.);
#6040=CARTESIAN_POINT('',(75.96104431,68.69720459,3.79999995));
#6041=DIRECTION('',(0.,0.,1.));
#6042=DIRECTION('',(0.65942625,0.75176926,0.));
#6043=AXIS2_PLACEMENT_3D('',#6040,#6041,#6042);
#6044=PLANE('',#6043);
#6045=POLY_LOOP('',(#584,#698,#585));
#6046=FACE_OUTER_BOUND('',#6045,.T.);
#6047=FACE_SURFACE('',(#6046),#6044,.T.);
#6048=CARTESIAN_POINT('',(76.01280212,68.75621033,3.79999995));
#6049=DIRECTION('',(0.,0.,1.));
#6050=DIRECTION('',(0.75186564,0.65931636,0.));
#6051=AXIS2_PLACEMENT_3D('',#6048,#6049,#6050);
#6052=PLANE('',#6051);
#6053=POLY_LOOP('',(#698,#699,#585));
#6054=FACE_OUTER_BOUND('',#6053,.T.);
#6055=FACE_SURFACE('',(#6054),#6052,.T.);
#6056=CARTESIAN_POINT('',(76.07180786,68.80795288,3.79999995));
#6057=DIRECTION('',(0.,0.,1.));
#6058=DIRECTION('',(0.83139163,0.55568692,0.));
#6059=AXIS2_PLACEMENT_3D('',#6056,#6057,#6058);
#6060=PLANE('',#6059);
#6061=POLY_LOOP('',(#699,#700,#585));
#6062=FACE_OUTER_BOUND('',#6061,.T.);
#6063=FACE_SURFACE('',(#6062),#6060,.T.);
#6064=CARTESIAN_POINT('',(76.13705444,68.8515625,3.79999995));
#6065=DIRECTION('',(0.,0.,1.));
#6066=DIRECTION('',(0.89686348,0.44230748,0.));
#6067=AXIS2_PLACEMENT_3D('',#6064,#6065,#6066);
#6068=PLANE('',#6067);
#6069=POLY_LOOP('',(#700,#701,#585));
#6070=FACE_OUTER_BOUND('',#6069,.T.);
#6071=FACE_SURFACE('',(#6070),#6068,.T.);
#6072=CARTESIAN_POINT('',(76.20744324,68.88627625,3.79999995));
#6073=DIRECTION('',(0.,0.,1.));
#6074=DIRECTION('',(0.35950725,0.93314229,0.));
#6075=AXIS2_PLACEMENT_3D('',#6072,#6073,#6074);
#6076=PLANE('',#6075);
#6077=POLY_LOOP('',(#701,#647,#585));
#6078=FACE_OUTER_BOUND('',#6077,.T.);
#6079=FACE_SURFACE('',(#6078),#6076,.T.);
#6080=CARTESIAN_POINT('',(76.2817688,68.91149902,3.79999995));
#6081=DIRECTION('',(0.,0.,1.));
#6082=DIRECTION('',(0.3400981,0.94038996,0.));
#6083=AXIS2_PLACEMENT_3D('',#6080,#6081,#6082);
#6084=PLANE('',#6083);
#6085=POLY_LOOP('',(#702,#647,#701));
#6086=FACE_OUTER_BOUND('',#6085,.T.);
#6087=FACE_SURFACE('',(#6086),#6084,.T.);
#6088=CARTESIAN_POINT('',(76.35874939,68.92680359,3.79999995));
#6089=DIRECTION('',(0.,0.,1.));
#6090=DIRECTION('',(0.31799269,0.94809316,0.));
#6091=AXIS2_PLACEMENT_3D('',#6088,#6089,#6090);
#6092=PLANE('',#6091);
#6093=POLY_LOOP('',(#648,#647,#702));
#6094=FACE_OUTER_BOUND('',#6093,.T.);
#6095=FACE_SURFACE('',(#6094),#6092,.T.);
#6096=CARTESIAN_POINT('',(76.4370575,68.9319458,3.79999995));
#6097=DIRECTION('',(0.,0.,1.));
#6098=DIRECTION('',(1.,0.,0.));
#6099=AXIS2_PLACEMENT_3D('',#6096,#6097,#6098);
#6100=PLANE('',#6099);
#6101=POLY_LOOP('',(#646,#582,#647));
#6102=FACE_OUTER_BOUND('',#6101,.T.);
#6103=FACE_SURFACE('',(#6102),#6100,.T.);
#6104=CARTESIAN_POINT('',(79.4370575,68.9319458,3.79999995));
#6105=DIRECTION('',(0.,0.,1.));
#6106=DIRECTION('',(0.5096779,0.8603653,0.));
#6107=AXIS2_PLACEMENT_3D('',#6104,#6105,#6106);
#6108=PLANE('',#6107);
#6109=POLY_LOOP('',(#582,#580,#647));
#6110=FACE_OUTER_BOUND('',#6109,.T.);
#6111=FACE_SURFACE('',(#6110),#6108,.T.);
#6112=CARTESIAN_POINT('',(79.73706055,68.8515625,3.79999995));
#6113=DIRECTION('',(0.,0.,1.));
#6114=DIRECTION('',(0.83145165,-0.55559711,0.));
#6115=AXIS2_PLACEMENT_3D('',#6112,#6113,#6114);
#6116=PLANE('',#6115);
#6117=POLY_LOOP('',(#579,#703,#704));
#6118=FACE_OUTER_BOUND('',#6117,.T.);
#6119=FACE_SURFACE('',(#6118),#6116,.T.);
#6120=CARTESIAN_POINT('',(79.80232239,68.80795288,3.79999995));
#6121=DIRECTION('',(0.,0.,1.));
#6122=DIRECTION('',(0.75186564,-0.65931636,0.));
#6123=AXIS2_PLACEMENT_3D('',#6120,#6121,#6122);
#6124=PLANE('',#6123);
#6125=POLY_LOOP('',(#703,#705,#704));
#6126=FACE_OUTER_BOUND('',#6125,.T.);
#6127=FACE_SURFACE('',(#6126),#6124,.T.);
#6128=CARTESIAN_POINT('',(79.86132812,68.75621033,3.79999995));
#6129=DIRECTION('',(0.,0.,1.));
#6130=DIRECTION('',(0.65931636,-0.75186564,0.));
#6131=AXIS2_PLACEMENT_3D('',#6128,#6129,#6130);
#6132=PLANE('',#6131);
#6133=POLY_LOOP('',(#705,#706,#704));
#6134=FACE_OUTER_BOUND('',#6133,.T.);
#6135=FACE_SURFACE('',(#6134),#6132,.T.);
#6136=CARTESIAN_POINT('',(79.91307068,68.69720459,3.79999995));
#6137=DIRECTION('',(0.,0.,1.));
#6138=DIRECTION('',(0.55559711,-0.83145165,0.));
#6139=AXIS2_PLACEMENT_3D('',#6136,#6137,#6138);
#6140=PLANE('',#6139);
#6141=POLY_LOOP('',(#706,#707,#704));
#6142=FACE_OUTER_BOUND('',#6141,.T.);
#6143=FACE_SURFACE('',(#6142),#6140,.T.);
#6144=CARTESIAN_POINT('',(79.9566803,68.63194275,3.79999995));
#6145=DIRECTION('',(0.,0.,1.));
#6146=DIRECTION('',(0.44235925,-0.89683794,0.));
#6147=AXIS2_PLACEMENT_3D('',#6144,#6145,#6146);
#6148=PLANE('',#6147);
#6149=POLY_LOOP('',(#707,#708,#704));
#6150=FACE_OUTER_BOUND('',#6149,.T.);
#6151=FACE_SURFACE('',(#6150),#6148,.T.);
#6152=CARTESIAN_POINT('',(79.73706055,68.8515625,3.79999995));
#6153=DIRECTION('',(0.,0.,1.));
#6154=DIRECTION('',(0.98938604,-0.14531095,0.));
#6155=AXIS2_PLACEMENT_3D('',#6152,#6153,#6154);
#6156=PLANE('',#6155);
#6157=POLY_LOOP('',(#579,#704,#580));
#6158=FACE_OUTER_BOUND('',#6157,.T.);
#6159=FACE_SURFACE('',(#6158),#6156,.T.);
#6160=CARTESIAN_POINT('',(81.2021637,68.63638306,3.79999995));
#6161=DIRECTION('',(0.,0.,1.));
#6162=DIRECTION('',(0.99995223,0.00977474,0.));
#6163=AXIS2_PLACEMENT_3D('',#6160,#6161,#6162);
#6164=PLANE('',#6163);
#6165=POLY_LOOP('',(#704,#694,#580));
#6166=FACE_OUTER_BOUND('',#6165,.T.);
#6167=FACE_SURFACE('',(#6166),#6164,.T.);
#6168=CARTESIAN_POINT('',(85.,68.67350769,3.79999995));
#6169=DIRECTION('',(0.,0.,1.));
#6170=DIRECTION('',(0.,1.,0.));
#6171=AXIS2_PLACEMENT_3D('',#6168,#6169,#6170);
#6172=PLANE('',#6171);
#6173=POLY_LOOP('',(#694,#695,#580));
#6174=FACE_OUTER_BOUND('',#6173,.T.);
#6175=FACE_SURFACE('',(#6174),#6172,.T.);
#6176=CARTESIAN_POINT('',(96.59298706,71.39581299,3.79999995));
#6177=DIRECTION('',(0.,0.,1.));
#6178=DIRECTION('',(-0.06513716,-0.99787632,0.));
#6179=AXIS2_PLACEMENT_3D('',#6176,#6177,#6178);
#6180=PLANE('',#6179);
#6181=POLY_LOOP('',(#570,#569,#709));
#6182=FACE_OUTER_BOUND('',#6181,.T.);
#6183=FACE_SURFACE('',(#6182),#6180,.T.);
#6184=CARTESIAN_POINT('',(88.79782104,68.63638306,3.79999995));
#6185=DIRECTION('',(0.,0.,1.));
#6186=DIRECTION('',(0.02097966,0.9997799,0.));
#6187=AXIS2_PLACEMENT_3D('',#6184,#6185,#6186);
#6188=PLANE('',#6187);
#6189=POLY_LOOP('',(#573,#575,#694));
#6190=FACE_OUTER_BOUND('',#6189,.T.);
#6191=FACE_SURFACE('',(#6190),#6188,.T.);
#6192=CARTESIAN_POINT('',(88.79782104,68.63638306,3.79999995));
#6193=DIRECTION('',(0.,0.,1.));
#6194=DIRECTION('',(0.99257264,0.12165344,0.));
#6195=AXIS2_PLACEMENT_3D('',#6192,#6193,#6194);
#6196=PLANE('',#6195);
#6197=POLY_LOOP('',(#573,#710,#574));
#6198=FACE_OUTER_BOUND('',#6197,.T.);
#6199=FACE_SURFACE('',(#6198),#6196,.T.);
#6200=CARTESIAN_POINT('',(88.86419678,71.79949951,3.79999995));
#6201=DIRECTION('',(0.,0.,1.));
#6202=DIRECTION('',(0.5096779,-0.8603653,0.));
#6203=AXIS2_PLACEMENT_3D('',#6200,#6201,#6202);
#6204=PLANE('',#6203);
#6205=POLY_LOOP('',(#575,#711,#572));
#6206=FACE_OUTER_BOUND('',#6205,.T.);
#6207=FACE_SURFACE('',(#6206),#6204,.T.);
#6208=CARTESIAN_POINT('',(93.64123535,68.92680359,3.79999995));
#6209=DIRECTION('',(0.,0.,1.));
#6210=DIRECTION('',(0.98080435,-0.1949944,0.));
#6211=AXIS2_PLACEMENT_3D('',#6208,#6209,#6210);
#6212=PLANE('',#6211);
#6213=POLY_LOOP('',(#712,#713,#572));
#6214=FACE_OUTER_BOUND('',#6213,.T.);
#6215=FACE_SURFACE('',(#6214),#6212,.T.);
#6216=CARTESIAN_POINT('',(88.79782104,68.63638306,3.79999995));
#6217=DIRECTION('',(0.,0.,1.));
#6218=DIRECTION('',(0.99999364,-0.00356511,0.));
#6219=AXIS2_PLACEMENT_3D('',#6216,#6217,#6218);
#6220=PLANE('',#6219);
#6221=POLY_LOOP('',(#573,#577,#714));
#6222=FACE_OUTER_BOUND('',#6221,.T.);
#6223=FACE_SURFACE('',(#6222),#6220,.T.);
#6224=CARTESIAN_POINT('',(88.86419678,71.79949951,3.79999995));
#6225=DIRECTION('',(0.,0.,1.));
#6226=DIRECTION('',(0.49130094,-0.87098989,0.));
#6227=AXIS2_PLACEMENT_3D('',#6224,#6225,#6226);
#6228=PLANE('',#6227);
#6229=POLY_LOOP('',(#575,#715,#711));
#6230=FACE_OUTER_BOUND('',#6229,.T.);
#6231=FACE_SURFACE('',(#6230),#6228,.T.);
#6232=CARTESIAN_POINT('',(88.79782104,68.63638306,3.79999995));
#6233=DIRECTION('',(0.,0.,1.));
#6234=DIRECTION('',(0.9988888,0.04712922,0.));
#6235=AXIS2_PLACEMENT_3D('',#6232,#6233,#6234);
#6236=PLANE('',#6235);
#6237=POLY_LOOP('',(#573,#714,#716));
#6238=FACE_OUTER_BOUND('',#6237,.T.);
#6239=FACE_SURFACE('',(#6238),#6236,.T.);
#6240=CARTESIAN_POINT('',(88.79782104,68.63638306,3.79999995));
#6241=DIRECTION('',(0.,0.,1.));
#6242=DIRECTION('',(0.99603048,0.08901286,0.));
#6243=AXIS2_PLACEMENT_3D('',#6240,#6241,#6242);
#6244=PLANE('',#6243);
#6245=POLY_LOOP('',(#573,#716,#710));
#6246=FACE_OUTER_BOUND('',#6245,.T.);
#6247=FACE_SURFACE('',(#6246),#6244,.T.);
#6248=CARTESIAN_POINT('',(90.26292419,68.8515625,3.79999995));
#6249=DIRECTION('',(0.,0.,1.));
#6250=DIRECTION('',(0.89686348,0.44230748,0.));
#6251=AXIS2_PLACEMENT_3D('',#6248,#6249,#6250);
#6252=PLANE('',#6251);
#6253=POLY_LOOP('',(#574,#717,#575));
#6254=FACE_OUTER_BOUND('',#6253,.T.);
#6255=FACE_SURFACE('',(#6254),#6252,.T.);
#6256=CARTESIAN_POINT('',(90.33331299,68.88627625,3.79999995));
#6257=DIRECTION('',(0.,0.,1.));
#6258=DIRECTION('',(0.94695863,0.32135549,0.));
#6259=AXIS2_PLACEMENT_3D('',#6256,#6257,#6258);
#6260=PLANE('',#6259);
#6261=POLY_LOOP('',(#717,#718,#575));
#6262=FACE_OUTER_BOUND('',#6261,.T.);
#6263=FACE_SURFACE('',(#6262),#6260,.T.);
#6264=CARTESIAN_POINT('',(90.40763855,68.91149902,3.79999995));
#6265=DIRECTION('',(0.,0.,1.));
#6266=DIRECTION('',(0.98079696,0.19503159,0.));
#6267=AXIS2_PLACEMENT_3D('',#6264,#6265,#6266);
#6268=PLANE('',#6267);
#6269=POLY_LOOP('',(#718,#715,#575));
#6270=FACE_OUTER_BOUND('',#6269,.T.);
#6271=FACE_SURFACE('',(#6270),#6268,.T.);
#6272=CARTESIAN_POINT('',(92.72850037,71.64811707,3.79999995));
#6273=DIRECTION('',(0.,0.,1.));
#6274=DIRECTION('',(-0.62340161,-0.78190181,0.));
#6275=AXIS2_PLACEMENT_3D('',#6272,#6273,#6274);
#6276=PLANE('',#6275);
#6277=POLY_LOOP('',(#572,#711,#719));
#6278=FACE_OUTER_BOUND('',#6277,.T.);
#6279=FACE_SURFACE('',(#6278),#6276,.T.);
#6280=CARTESIAN_POINT('',(92.72850037,71.64811707,3.79999995));
#6281=DIRECTION('',(0.,0.,1.));
#6282=DIRECTION('',(0.29366205,-0.95590931,0.));
#6283=AXIS2_PLACEMENT_3D('',#6280,#6281,#6282);
#6284=PLANE('',#6283);
#6285=POLY_LOOP('',(#572,#719,#712));
#6286=FACE_OUTER_BOUND('',#6285,.T.);
#6287=FACE_SURFACE('',(#6286),#6284,.T.);
#6288=CARTESIAN_POINT('',(93.71821594,68.91149902,3.79999995));
#6289=DIRECTION('',(0.,0.,1.));
#6290=DIRECTION('',(0.94695863,-0.32135549,0.));
#6291=AXIS2_PLACEMENT_3D('',#6288,#6289,#6290);
#6292=PLANE('',#6291);
#6293=POLY_LOOP('',(#713,#571,#572));
#6294=FACE_OUTER_BOUND('',#6293,.T.);
#6295=FACE_SURFACE('',(#6294),#6292,.T.);
#6296=CARTESIAN_POINT('',(96.39347839,68.3394165,3.79999995));
#6297=DIRECTION('',(0.,0.,1.));
#6298=DIRECTION('',(0.99766786,-0.06825566,0.));
#6299=AXIS2_PLACEMENT_3D('',#6296,#6297,#6298);
#6300=PLANE('',#6299);
#6301=POLY_LOOP('',(#569,#720,#709));
#6302=FACE_OUTER_BOUND('',#6301,.T.);
#6303=FACE_SURFACE('',(#6302),#6300,.T.);
#6304=CARTESIAN_POINT('',(93.7925415,68.88627625,3.79999995));
#6305=DIRECTION('',(0.,0.,1.));
#6306=DIRECTION('',(0.89686348,-0.44230748,0.));
#6307=AXIS2_PLACEMENT_3D('',#6304,#6305,#6306);
#6308=PLANE('',#6307);
#6309=POLY_LOOP('',(#571,#721,#570));
#6310=FACE_OUTER_BOUND('',#6309,.T.);
#6311=FACE_SURFACE('',(#6310),#6308,.T.);
#6312=CARTESIAN_POINT('',(93.8629303,68.8515625,3.79999995));
#6313=DIRECTION('',(0.,0.,1.));
#6314=DIRECTION('',(0.83139163,-0.55568692,0.));
#6315=AXIS2_PLACEMENT_3D('',#6312,#6313,#6314);
#6316=PLANE('',#6315);
#6317=POLY_LOOP('',(#721,#722,#570));
#6318=FACE_OUTER_BOUND('',#6317,.T.);
#6319=FACE_SURFACE('',(#6318),#6316,.T.);
#6320=CARTESIAN_POINT('',(93.92817688,68.80795288,3.79999995));
#6321=DIRECTION('',(0.,0.,1.));
#6322=DIRECTION('',(0.75186564,-0.65931636,0.));
#6323=AXIS2_PLACEMENT_3D('',#6320,#6321,#6322);
#6324=PLANE('',#6323);
#6325=POLY_LOOP('',(#722,#723,#570));
#6326=FACE_OUTER_BOUND('',#6325,.T.);
#6327=FACE_SURFACE('',(#6326),#6324,.T.);
#6328=CARTESIAN_POINT('',(93.98718262,68.75621033,3.79999995));
#6329=DIRECTION('',(0.,0.,1.));
#6330=DIRECTION('',(0.65942625,-0.75176926,0.));
#6331=AXIS2_PLACEMENT_3D('',#6328,#6329,#6330);
#6332=PLANE('',#6331);
#6333=POLY_LOOP('',(#723,#568,#570));
#6334=FACE_OUTER_BOUND('',#6333,.T.);
#6335=FACE_SURFACE('',(#6334),#6332,.T.);
#6336=CARTESIAN_POINT('',(94.03894043,68.69720459,3.79999995));
#6337=DIRECTION('',(0.,0.,1.));
#6338=DIRECTION('',(0.55546269,-0.83154146,0.));
#6339=AXIS2_PLACEMENT_3D('',#6336,#6337,#6338);
#6340=PLANE('',#6339);
#6341=POLY_LOOP('',(#568,#724,#569));
#6342=FACE_OUTER_BOUND('',#6341,.T.);
#6343=FACE_SURFACE('',(#6342),#6340,.T.);
#6344=CARTESIAN_POINT('',(94.08253479,68.63194275,3.79999995));
#6345=DIRECTION('',(0.,0.,1.));
#6346=DIRECTION('',(0.44230748,-0.89686348,0.));
#6347=AXIS2_PLACEMENT_3D('',#6344,#6345,#6346);
#6348=PLANE('',#6347);
#6349=POLY_LOOP('',(#724,#725,#569));
#6350=FACE_OUTER_BOUND('',#6349,.T.);
#6351=FACE_SURFACE('',(#6350),#6348,.T.);
#6352=CARTESIAN_POINT('',(94.11724854,68.56155396,3.79999995));
#6353=DIRECTION('',(0.,0.,1.));
#6354=DIRECTION('',(0.32152981,-0.94689946,0.));
#6355=AXIS2_PLACEMENT_3D('',#6352,#6353,#6354);
#6356=PLANE('',#6355);
#6357=POLY_LOOP('',(#725,#726,#569));
#6358=FACE_OUTER_BOUND('',#6357,.T.);
#6359=FACE_SURFACE('',(#6358),#6356,.T.);
#6360=CARTESIAN_POINT('',(94.14248657,68.48722839,3.79999995));
#6361=DIRECTION('',(0.,0.,1.));
#6362=DIRECTION('',(0.19483436,-0.98083616,0.));
#6363=AXIS2_PLACEMENT_3D('',#6360,#6361,#6362);
#6364=PLANE('',#6363);
#6365=POLY_LOOP('',(#726,#727,#569));
#6366=FACE_OUTER_BOUND('',#6365,.T.);
#6367=FACE_SURFACE('',(#6366),#6364,.T.);
#6368=CARTESIAN_POINT('',(100.19126892,68.07958984,3.79999995));
#6369=DIRECTION('',(0.,0.,1.));
#6370=DIRECTION('',(0.99615325,-0.08762819,0.));
#6371=AXIS2_PLACEMENT_3D('',#6368,#6369,#6370);
#6372=PLANE('',#6371);
#6373=POLY_LOOP('',(#720,#728,#709));
#6374=FACE_OUTER_BOUND('',#6373,.T.);
#6375=FACE_SURFACE('',(#6374),#6372,.T.);
#6376=CARTESIAN_POINT('',(103.98902893,67.74551392,3.79999995));
#6377=DIRECTION('',(0.,0.,1.));
#6378=DIRECTION('',(0.11622263,0.99322319,0.));
#6379=AXIS2_PLACEMENT_3D('',#6376,#6377,#6378);
#6380=PLANE('',#6379);
#6381=POLY_LOOP('',(#728,#566,#709));
#6382=FACE_OUTER_BOUND('',#6381,.T.);
#6383=FACE_SURFACE('',(#6382),#6380,.T.);
#6384=CARTESIAN_POINT('',(105.45835876,67.58753967,3.79999995));
#6385=DIRECTION('',(0.,0.,1.));
#6386=DIRECTION('',(-0.35420955,0.93516608,0.));
#6387=AXIS2_PLACEMENT_3D('',#6384,#6385,#6386);
#6388=PLANE('',#6387);
#6389=POLY_LOOP('',(#567,#566,#728));
#6390=FACE_OUTER_BOUND('',#6389,.T.);
#6391=FACE_SURFACE('',(#6390),#6388,.T.);
#6392=CARTESIAN_POINT('',(107.688797,67.58753967,3.79999995));
#6393=DIRECTION('',(0.,0.,1.));
#6394=DIRECTION('',(0.19951491,0.97989479,0.));
#6395=AXIS2_PLACEMENT_3D('',#6392,#6393,#6394);
#6396=PLANE('',#6395);
#6397=POLY_LOOP('',(#565,#563,#567));
#6398=FACE_OUTER_BOUND('',#6397,.T.);
#6399=FACE_SURFACE('',(#6398),#6396,.T.);
#6400=CARTESIAN_POINT('',(107.7671051,67.58241272,3.79999995));
#6401=DIRECTION('',(0.,0.,1.));
#6402=DIRECTION('',(0.98076716,-0.19518141,0.));
#6403=AXIS2_PLACEMENT_3D('',#6400,#6401,#6402);
#6404=PLANE('',#6403);
#6405=POLY_LOOP('',(#564,#729,#563));
#6406=FACE_OUTER_BOUND('',#6405,.T.);
#6407=FACE_SURFACE('',(#6406),#6404,.T.);
#6408=CARTESIAN_POINT('',(107.84408569,67.5670929,3.79999995));
#6409=DIRECTION('',(0.,0.,1.));
#6410=DIRECTION('',(0.94693855,-0.32141467,0.));
#6411=AXIS2_PLACEMENT_3D('',#6408,#6409,#6410);
#6412=PLANE('',#6411);
#6413=POLY_LOOP('',(#729,#730,#563));
#6414=FACE_OUTER_BOUND('',#6413,.T.);
#6415=FACE_SURFACE('',(#6414),#6412,.T.);
#6416=CARTESIAN_POINT('',(107.918396,67.54187012,3.79999995));
#6417=DIRECTION('',(0.,0.,1.));
#6418=DIRECTION('',(0.89686348,-0.44230748,0.));
#6419=AXIS2_PLACEMENT_3D('',#6416,#6417,#6418);
#6420=PLANE('',#6419);
#6421=POLY_LOOP('',(#730,#731,#563));
#6422=FACE_OUTER_BOUND('',#6421,.T.);
#6423=FACE_SURFACE('',(#6422),#6420,.T.);
#6424=CARTESIAN_POINT('',(107.98878479,67.50715637,3.79999995));
#6425=DIRECTION('',(0.,0.,1.));
#6426=DIRECTION('',(0.83145165,-0.55559711,0.));
#6427=AXIS2_PLACEMENT_3D('',#6424,#6425,#6426);
#6428=PLANE('',#6427);
#6429=POLY_LOOP('',(#731,#732,#563));
#6430=FACE_OUTER_BOUND('',#6429,.T.);
#6431=FACE_SURFACE('',(#6430),#6428,.T.);
#6432=CARTESIAN_POINT('',(108.05404663,67.46354675,3.79999995));
#6433=DIRECTION('',(0.,0.,1.));
#6434=DIRECTION('',(0.75186564,-0.65931636,0.));
#6435=AXIS2_PLACEMENT_3D('',#6432,#6433,#6434);
#6436=PLANE('',#6435);
#6437=POLY_LOOP('',(#732,#733,#563));
#6438=FACE_OUTER_BOUND('',#6437,.T.);
#6439=FACE_SURFACE('',(#6438),#6436,.T.);
#6440=CARTESIAN_POINT('',(108.11305237,67.4118042,3.79999995));
#6441=DIRECTION('',(0.,0.,1.));
#6442=DIRECTION('',(0.65942625,-0.75176926,0.));
#6443=AXIS2_PLACEMENT_3D('',#6440,#6441,#6442);
#6444=PLANE('',#6443);
#6445=POLY_LOOP('',(#733,#561,#563));
#6446=FACE_OUTER_BOUND('',#6445,.T.);
#6447=FACE_SURFACE('',(#6446),#6444,.T.);
#6448=CARTESIAN_POINT('',(108.16481018,67.35279846,3.79999995));
#6449=DIRECTION('',(0.,0.,1.));
#6450=DIRECTION('',(0.55546269,-0.83154146,0.));
#6451=AXIS2_PLACEMENT_3D('',#6448,#6449,#6450);
#6452=PLANE('',#6451);
#6453=POLY_LOOP('',(#561,#734,#562));
#6454=FACE_OUTER_BOUND('',#6453,.T.);
#6455=FACE_SURFACE('',(#6454),#6452,.T.);
#6456=CARTESIAN_POINT('',(108.20840454,67.28753662,3.79999995));
#6457=DIRECTION('',(0.,0.,1.));
#6458=DIRECTION('',(0.44326909,-0.8963886,0.));
#6459=AXIS2_PLACEMENT_3D('',#6456,#6457,#6458);
#6460=PLANE('',#6459);
#6461=POLY_LOOP('',(#734,#735,#736));
#6462=FACE_OUTER_BOUND('',#6461,.T.);
#6463=FACE_SURFACE('',(#6462),#6460,.T.);
#6464=CARTESIAN_POINT('',(108.20840454,67.28753662,3.79999995));
#6465=DIRECTION('',(0.,0.,1.));
#6466=DIRECTION('',(0.9918792,-0.12718354,0.));
#6467=AXIS2_PLACEMENT_3D('',#6464,#6465,#6466);
#6468=PLANE('',#6467);
#6469=POLY_LOOP('',(#734,#736,#562));
#6470=FACE_OUTER_BOUND('',#6469,.T.);
#6471=FACE_SURFACE('',(#6470),#6468,.T.);
#6472=CARTESIAN_POINT('',(111.58444214,66.85464478,3.79999995));
#6473=DIRECTION('',(0.,0.,1.));
#6474=DIRECTION('',(0.98942265,-0.14506147,0.));
#6475=AXIS2_PLACEMENT_3D('',#6472,#6473,#6474);
#6476=PLANE('',#6475);
#6477=POLY_LOOP('',(#736,#737,#562));
#6478=FACE_OUTER_BOUND('',#6477,.T.);
#6479=FACE_SURFACE('',(#6478),#6476,.T.);
#6480=CARTESIAN_POINT('',(115.38206482,66.29786682,3.79999995));
#6481=DIRECTION('',(0.,0.,1.));
#6482=DIRECTION('',(0.22403361,0.97458142,0.));
#6483=AXIS2_PLACEMENT_3D('',#6480,#6481,#6482);
#6484=PLANE('',#6483);
#6485=POLY_LOOP('',(#737,#738,#562));
#6486=FACE_OUTER_BOUND('',#6485,.T.);
#6487=FACE_SURFACE('',(#6486),#6484,.T.);
#6488=CARTESIAN_POINT('',(119.17962646,65.66687012,3.79999995));
#6489=DIRECTION('',(0.,0.,1.));
#6490=DIRECTION('',(-0.74145266,0.67100518,0.));
#6491=AXIS2_PLACEMENT_3D('',#6488,#6489,#6490);
#6492=PLANE('',#6491);
#6493=POLY_LOOP('',(#560,#738,#737));
#6494=FACE_OUTER_BOUND('',#6493,.T.);
#6495=FACE_SURFACE('',(#6494),#6492,.T.);
#6496=CARTESIAN_POINT('',(119.7805481,67.7625885,3.79999995));
#6497=DIRECTION('',(0.,0.,1.));
#6498=DIRECTION('',(-0.97623764,0.21670272,0.));
#6499=AXIS2_PLACEMENT_3D('',#6496,#6497,#6498);
#6500=PLANE('',#6499);
#6501=POLY_LOOP('',(#559,#738,#560));
#6502=FACE_OUTER_BOUND('',#6501,.T.);
#6503=FACE_SURFACE('',(#6502),#6500,.T.);
#6504=CARTESIAN_POINT('',(123.64674377,66.80345154,3.79999995));
#6505=DIRECTION('',(0.,0.,1.));
#6506=DIRECTION('',(-0.97057873,0.24078397,0.));
#6507=AXIS2_PLACEMENT_3D('',#6504,#6505,#6506);
#6508=PLANE('',#6507);
#6509=POLY_LOOP('',(#557,#559,#558));
#6510=FACE_OUTER_BOUND('',#6509,.T.);
#6511=FACE_SURFACE('',(#6510),#6508,.T.);
#6512=CARTESIAN_POINT('',(127.51165771,65.7436676,3.79999995));
#6513=DIRECTION('',(0.,0.,1.));
#6514=DIRECTION('',(-0.96440082,0.26444483,0.));
#6515=AXIS2_PLACEMENT_3D('',#6512,#6513,#6514);
#6516=PLANE('',#6515);
#6517=POLY_LOOP('',(#555,#557,#556));
#6518=FACE_OUTER_BOUND('',#6517,.T.);
#6519=FACE_SURFACE('',(#6518),#6516,.T.);
#6520=CARTESIAN_POINT('',(131.37748718,64.58268738,3.79999995));
#6521=DIRECTION('',(0.,0.,1.));
#6522=DIRECTION('',(-0.95774228,0.28762775,0.));
#6523=AXIS2_PLACEMENT_3D('',#6520,#6521,#6522);
#6524=PLANE('',#6523);
#6525=POLY_LOOP('',(#552,#555,#553));
#6526=FACE_OUTER_BOUND('',#6525,.T.);
#6527=FACE_SURFACE('',(#6526),#6524,.T.);
#6528=CARTESIAN_POINT('',(135.24354553,63.32069397,3.79999995));
#6529=DIRECTION('',(0.,0.,1.));
#6530=DIRECTION('',(-0.95063397,0.31031446,0.));
#6531=AXIS2_PLACEMENT_3D('',#6528,#6529,#6530);
#6532=PLANE('',#6531);
#6533=POLY_LOOP('',(#550,#552,#554));
#6534=FACE_OUTER_BOUND('',#6533,.T.);
#6535=FACE_SURFACE('',(#6534),#6532,.T.);
#6536=CARTESIAN_POINT('',(135.24354553,63.32069397,3.79999995));
#6537=DIRECTION('',(0.,0.,1.));
#6538=DIRECTION('',(-0.68887488,-0.72488026,0.));
#6539=AXIS2_PLACEMENT_3D('',#6536,#6537,#6538);
#6540=PLANE('',#6539);
#6541=POLY_LOOP('',(#550,#554,#551));
#6542=FACE_OUTER_BOUND('',#6541,.T.);
#6543=FACE_SURFACE('',(#6542),#6540,.T.);
#6544=CARTESIAN_POINT('',(139.10914612,61.95788574,3.79999995));
#6545=DIRECTION('',(0.,0.,1.));
#6546=DIRECTION('',(-0.86003095,-0.51024188,0.));
#6547=AXIS2_PLACEMENT_3D('',#6544,#6545,#6546);
#6548=PLANE('',#6547);
#6549=POLY_LOOP('',(#539,#551,#537));
#6550=FACE_OUTER_BOUND('',#6549,.T.);
#6551=FACE_SURFACE('',(#6550),#6548,.T.);
#6552=CARTESIAN_POINT('',(23.79600525,2.10397339,3.79999995));
#6553=DIRECTION('',(0.,0.,1.));
#6554=DIRECTION('',(-0.75183962,-0.65934603,0.));
#6555=AXIS2_PLACEMENT_3D('',#6552,#6553,#6554);
#6556=PLANE('',#6555);
#6557=POLY_LOOP('',(#739,#740,#741));
#6558=FACE_OUTER_BOUND('',#6557,.T.);
#6559=FACE_SURFACE('',(#6558),#6556,.T.);
#6560=CARTESIAN_POINT('',(145.55421448,59.23429871,3.79999995));
#6561=DIRECTION('',(0.,0.,1.));
#6562=DIRECTION('',(-0.89854045,0.43889071,0.));
#6563=AXIS2_PLACEMENT_3D('',#6560,#6561,#6562);
#6564=PLANE('',#6563);
#6565=POLY_LOOP('',(#549,#538,#537));
#6566=FACE_OUTER_BOUND('',#6565,.T.);
#6567=FACE_SURFACE('',(#6566),#6564,.T.);
#6568=CARTESIAN_POINT('',(142.97575378,60.4937439,3.79999995));
#6569=DIRECTION('',(0.,0.,1.));
#6570=DIRECTION('',(0.89854045,-0.43889071,0.));
#6571=AXIS2_PLACEMENT_3D('',#6568,#6569,#6570);
#6572=PLANE('',#6571);
#6573=POLY_LOOP('',(#538,#549,#548));
#6574=FACE_OUTER_BOUND('',#6573,.T.);
#6575=FACE_SURFACE('',(#6574),#6572,.T.);
#6576=CARTESIAN_POINT('',(146.84266663,58.92851257,3.79999995));
#6577=DIRECTION('',(0.,0.,1.));
#6578=DIRECTION('',(-0.38883103,-0.92130908,0.));
#6579=AXIS2_PLACEMENT_3D('',#6576,#6577,#6578);
#6580=PLANE('',#6579);
#6581=POLY_LOOP('',(#548,#547,#545));
#6582=FACE_OUTER_BOUND('',#6581,.T.);
#6583=FACE_SURFACE('',(#6582),#6580,.T.);
#6584=CARTESIAN_POINT('',(154.49124146,55.31417847,3.79999995));
#6585=DIRECTION('',(0.,0.,1.));
#6586=DIRECTION('',(0.42553984,0.90493969,0.));
#6587=AXIS2_PLACEMENT_3D('',#6584,#6585,#6586);
#6588=PLANE('',#6587);
#6589=POLY_LOOP('',(#544,#543,#546));
#6590=FACE_OUTER_BOUND('',#6589,.T.);
#6591=FACE_SURFACE('',(#6590),#6588,.T.);
#6592=CARTESIAN_POINT('',(127.84629822,11.21492004,3.79999995));
#6593=DIRECTION('',(0.,0.,1.));
#6594=DIRECTION('',(0.98311316,0.18299865,0.));
#6595=AXIS2_PLACEMENT_3D('',#6592,#6593,#6594);
#6596=PLANE('',#6595);
#6597=POLY_LOOP('',(#742,#743,#744));
#6598=FACE_OUTER_BOUND('',#6597,.T.);
#6599=FACE_SURFACE('',(#6598),#6596,.T.);
#6600=CARTESIAN_POINT('',(158.35499573,53.44754028,3.79999995));
#6601=DIRECTION('',(0.,0.,1.));
#6602=DIRECTION('',(0.44547328,0.89529524,0.));
#6603=AXIS2_PLACEMENT_3D('',#6600,#6601,#6602);
#6604=PLANE('',#6603);
#6605=POLY_LOOP('',(#542,#541,#543));
#6606=FACE_OUTER_BOUND('',#6605,.T.);
#6607=FACE_SURFACE('',(#6606),#6604,.T.);
#6608=CARTESIAN_POINT('',(161.16999817,52.01403809,3.79999995));
#6609=DIRECTION('',(0.,0.,1.));
#6610=DIRECTION('',(0.96785575,-0.25150597,0.));
#6611=AXIS2_PLACEMENT_3D('',#6608,#6609,#6610);
#6612=PLANE('',#6611);
#6613=POLY_LOOP('',(#540,#745,#541));
#6614=FACE_OUTER_BOUND('',#6613,.T.);
#6615=FACE_SURFACE('',(#6614),#6612,.T.);
#6616=CARTESIAN_POINT('',(162.06999207,19.79399109,3.79999995));
#6617=DIRECTION('',(0.,0.,1.));
#6618=DIRECTION('',(0.,1.,0.));
#6619=AXIS2_PLACEMENT_3D('',#6616,#6617,#6618);
#6620=PLANE('',#6619);
#6621=POLY_LOOP('',(#536,#745,#540));
#6622=FACE_OUTER_BOUND('',#6621,.T.);
#6623=FACE_SURFACE('',(#6622),#6620,.T.);
#6624=CARTESIAN_POINT('',(159.43659973,12.00883484,3.79999995));
#6625=DIRECTION('',(0.,0.,1.));
#6626=DIRECTION('',(0.32795533,0.94469323,0.));
#6627=AXIS2_PLACEMENT_3D('',#6624,#6625,#6626);
#6628=PLANE('',#6627);
#6629=POLY_LOOP('',(#746,#534,#747));
#6630=FACE_OUTER_BOUND('',#6629,.T.);
#6631=FACE_SURFACE('',(#6630),#6628,.T.);
#6632=CARTESIAN_POINT('',(127.7789917,11.01663208,3.79999995));
#6633=DIRECTION('',(0.,0.,1.));
#6634=DIRECTION('',(0.98023682,0.19782765,0.));
#6635=AXIS2_PLACEMENT_3D('',#6632,#6633,#6634);
#6636=PLANE('',#6635);
#6637=POLY_LOOP('',(#748,#743,#742));
#6638=FACE_OUTER_BOUND('',#6637,.T.);
#6639=FACE_SURFACE('',(#6638),#6636,.T.);
#6640=CARTESIAN_POINT('',(161.16999817,52.01403809,3.79999995));
#6641=DIRECTION('',(0.,0.,1.));
#6642=DIRECTION('',(0.,-1.,0.));
#6643=AXIS2_PLACEMENT_3D('',#6640,#6641,#6642);
#6644=PLANE('',#6643);
#6645=POLY_LOOP('',(#540,#534,#536));
#6646=FACE_OUTER_BOUND('',#6645,.T.);
#6647=FACE_SURFACE('',(#6646),#6644,.T.);
#6648=CARTESIAN_POINT('',(127.68637085,10.8288269,3.79999995));
#6649=DIRECTION('',(0.,0.,1.));
#6650=DIRECTION('',(0.86529479,-0.50126333,0.));
#6651=AXIS2_PLACEMENT_3D('',#6648,#6649,#6650);
#6652=PLANE('',#6651);
#6653=POLY_LOOP('',(#749,#750,#751));
#6654=FACE_OUTER_BOUND('',#6653,.T.);
#6655=FACE_SURFACE('',(#6654),#6652,.T.);
#6656=CARTESIAN_POINT('',(139.36280823,2.79882812,3.79999995));
#6657=DIRECTION('',(0.,0.,1.));
#6658=DIRECTION('',(-0.86109261,0.50844815,0.));
#6659=AXIS2_PLACEMENT_3D('',#6656,#6657,#6658);
#6660=PLANE('',#6659);
#6661=POLY_LOOP('',(#752,#753,#754));
#6662=FACE_OUTER_BOUND('',#6661,.T.);
#6663=FACE_SURFACE('',(#6662),#6660,.T.);
#6664=CARTESIAN_POINT('',(141.26116943,4.69717407,3.79999995));
#6665=DIRECTION('',(0.,0.,1.));
#6666=DIRECTION('',(0.7892724,0.61404322,0.));
#6667=AXIS2_PLACEMENT_3D('',#6664,#6665,#6666);
#6668=PLANE('',#6667);
#6669=POLY_LOOP('',(#755,#756,#757));
#6670=FACE_OUTER_BOUND('',#6669,.T.);
#6671=FACE_SURFACE('',(#6670),#6668,.T.);
#6672=CARTESIAN_POINT('',(139.6302948,2.25640869,3.79999995));
#6673=DIRECTION('',(0.,0.,1.));
#6674=DIRECTION('',(-0.86365236,0.50408789,0.));
#6675=AXIS2_PLACEMENT_3D('',#6672,#6673,#6674);
#6676=PLANE('',#6675);
#6677=POLY_LOOP('',(#758,#759,#760));
#6678=FACE_OUTER_BOUND('',#6677,.T.);
#6679=FACE_SURFACE('',(#6678),#6676,.T.);
#6680=CARTESIAN_POINT('',(141.63499451,4.54232788,3.79999995));
#6681=DIRECTION('',(0.,0.,1.));
#6682=DIRECTION('',(0.71298979,0.70117441,0.));
#6683=AXIS2_PLACEMENT_3D('',#6680,#6681,#6682);
#6684=PLANE('',#6683);
#6685=POLY_LOOP('',(#761,#756,#762));
#6686=FACE_OUTER_BOUND('',#6685,.T.);
#6687=FACE_SURFACE('',(#6686),#6684,.T.);
#6688=CARTESIAN_POINT('',(127.57003784,10.65472412,3.79999995));
#6689=DIRECTION('',(0.,0.,1.));
#6690=DIRECTION('',(0.86553866,-0.50084211,0.));
#6691=AXIS2_PLACEMENT_3D('',#6688,#6689,#6690);
#6692=PLANE('',#6691);
#6693=POLY_LOOP('',(#763,#764,#750));
#6694=FACE_OUTER_BOUND('',#6693,.T.);
#6695=FACE_SURFACE('',(#6694),#6692,.T.);
#6696=CARTESIAN_POINT('',(126.31307983,10.02926636,3.79999995));
#6697=DIRECTION('',(0.,0.,1.));
#6698=DIRECTION('',(-1.,0.,0.));
#6699=AXIS2_PLACEMENT_3D('',#6696,#6697,#6698);
#6700=PLANE('',#6699);
#6701=POLY_LOOP('',(#759,#741,#765));
#6702=FACE_OUTER_BOUND('',#6701,.T.);
#6703=FACE_SURFACE('',(#6702),#6700,.T.);
#6704=CARTESIAN_POINT('',(127.68637085,10.8288269,3.79999995));
#6705=DIRECTION('',(0.,0.,1.));
#6706=DIRECTION('',(0.87261004,-0.48841757,0.));
#6707=AXIS2_PLACEMENT_3D('',#6704,#6705,#6706);
#6708=PLANE('',#6707);
#6709=POLY_LOOP('',(#749,#751,#748));
#6710=FACE_OUTER_BOUND('',#6709,.T.);
#6711=FACE_SURFACE('',(#6710),#6708,.T.);
#6712=CARTESIAN_POINT('',(139.6302948,13.40841675,3.79999995));
#6713=DIRECTION('',(0.,0.,1.));
#6714=DIRECTION('',(0.01466877,-0.99989241,0.));
#6715=AXIS2_PLACEMENT_3D('',#6712,#6713,#6714);
#6716=PLANE('',#6715);
#6717=POLY_LOOP('',(#743,#766,#767));
#6718=FACE_OUTER_BOUND('',#6717,.T.);
#6719=FACE_SURFACE('',(#6718),#6716,.T.);
#6720=CARTESIAN_POINT('',(141.95600891,4.29600525,3.79999995));
#6721=DIRECTION('',(0.,0.,1.));
#6722=DIRECTION('',(0.65934603,-0.75183962,0.));
#6723=AXIS2_PLACEMENT_3D('',#6720,#6721,#6722);
#6724=PLANE('',#6723);
#6725=POLY_LOOP('',(#768,#769,#770));
#6726=FACE_OUTER_BOUND('',#6725,.T.);
#6727=FACE_SURFACE('',(#6726),#6724,.T.);
#6728=CARTESIAN_POINT('',(142.35717773,3.60116577,3.79999995));
#6729=DIRECTION('',(0.,0.,1.));
#6730=DIRECTION('',(0.80736263,0.59005558,0.));
#6731=AXIS2_PLACEMENT_3D('',#6728,#6729,#6730);
#6732=PLANE('',#6731);
#6733=POLY_LOOP('',(#771,#772,#773));
#6734=FACE_OUTER_BOUND('',#6733,.T.);
#6735=FACE_SURFACE('',(#6734),#6732,.T.);
#6736=CARTESIAN_POINT('',(19.33239746,9.89054871,3.79999995));
#6737=DIRECTION('',(0.,0.,1.));
#6738=DIRECTION('',(0.67538697,0.73746351,0.));
#6739=AXIS2_PLACEMENT_3D('',#6736,#6737,#6738);
#6740=PLANE('',#6739);
#6741=POLY_LOOP('',(#774,#775,#776));
#6742=FACE_OUTER_BOUND('',#6741,.T.);
#6743=FACE_SURFACE('',(#6742),#6740,.T.);
#6744=CARTESIAN_POINT('',(19.57749939,6.15097046,3.79999995));
#6745=DIRECTION('',(0.,0.,1.));
#6746=DIRECTION('',(0.78469157,-0.61988639,0.));
#6747=AXIS2_PLACEMENT_3D('',#6744,#6745,#6746);
#6748=PLANE('',#6747);
#6749=POLY_LOOP('',(#662,#777,#778));
#6750=FACE_OUTER_BOUND('',#6749,.T.);
#6751=FACE_SURFACE('',(#6750),#6748,.T.);
#6752=CARTESIAN_POINT('',(21.75640869,13.12229919,3.79999995));
#6753=DIRECTION('',(0.,0.,1.));
#6754=DIRECTION('',(-0.70206769,-0.71211022,0.));
#6755=AXIS2_PLACEMENT_3D('',#6752,#6753,#6754);
#6756=PLANE('',#6755);
#6757=POLY_LOOP('',(#779,#780,#776));
#6758=FACE_OUTER_BOUND('',#6757,.T.);
#6759=FACE_SURFACE('',(#6758),#6756,.T.);
#6760=CARTESIAN_POINT('',(18.24247742,11.13336182,3.79999995));
#6761=DIRECTION('',(0.,0.,1.));
#6762=DIRECTION('',(0.78680916,0.61719636,0.));
#6763=AXIS2_PLACEMENT_3D('',#6760,#6761,#6762);
#6764=PLANE('',#6763);
#6765=POLY_LOOP('',(#622,#781,#620));
#6766=FACE_OUTER_BOUND('',#6765,.T.);
#6767=FACE_SURFACE('',(#6766),#6764,.T.);
#6768=CARTESIAN_POINT('',(21.60397339,13.25598145,3.79999995));
#6769=DIRECTION('',(0.,0.,1.));
#6770=DIRECTION('',(-0.65934603,0.75183962,0.));
#6771=AXIS2_PLACEMENT_3D('',#6768,#6769,#6770);
#6772=PLANE('',#6771);
#6773=POLY_LOOP('',(#782,#783,#784));
#6774=FACE_OUTER_BOUND('',#6773,.T.);
#6775=FACE_SURFACE('',(#6774),#6772,.T.);
#6776=CARTESIAN_POINT('',(21.20280457,13.95082092,3.79999995));
#6777=DIRECTION('',(0.,0.,1.));
#6778=DIRECTION('',(-0.80631878,-0.59148121,0.));
#6779=AXIS2_PLACEMENT_3D('',#6776,#6777,#6778);
#6780=PLANE('',#6779);
#6781=POLY_LOOP('',(#785,#621,#620));
#6782=FACE_OUTER_BOUND('',#6781,.T.);
#6783=FACE_SURFACE('',(#6782),#6780,.T.);
#6784=CARTESIAN_POINT('',(21.16325378,14.14967346,3.79999995));
#6785=DIRECTION('',(0.,0.,1.));
#6786=DIRECTION('',(-0.78050996,-0.62514335,0.));
#6787=AXIS2_PLACEMENT_3D('',#6784,#6785,#6786);
#6788=PLANE('',#6787);
#6789=POLY_LOOP('',(#786,#621,#785));
#6790=FACE_OUTER_BOUND('',#6789,.T.);
#6791=FACE_SURFACE('',(#6790),#6788,.T.);
#6792=CARTESIAN_POINT('',(3.1008606,10.76797485,3.79999995));
#6793=DIRECTION('',(0.,0.,1.));
#6794=DIRECTION('',(0.75184963,0.65933462,0.));
#6795=AXIS2_PLACEMENT_3D('',#6792,#6793,#6794);
#6796=PLANE('',#6795);
#6797=POLY_LOOP('',(#787,#788,#681));
#6798=FACE_OUTER_BOUND('',#6797,.T.);
#6799=FACE_SURFACE('',(#6798),#6796,.T.);
#6800=CARTESIAN_POINT('',(17.7816925,11.4412384,3.79999995));
#6801=DIRECTION('',(0.,0.,1.));
#6802=DIRECTION('',(0.78050996,0.62514335,0.));
#6803=AXIS2_PLACEMENT_3D('',#6800,#6801,#6802);
#6804=PLANE('',#6803);
#6805=POLY_LOOP('',(#621,#786,#789));
#6806=FACE_OUTER_BOUND('',#6805,.T.);
#6807=FACE_SURFACE('',(#6806),#6804,.T.);
#6808=CARTESIAN_POINT('',(21.16325378,14.14967346,3.79999995));
#6809=DIRECTION('',(0.,0.,1.));
#6810=DIRECTION('',(-0.06540007,0.99785912,0.));
#6811=AXIS2_PLACEMENT_3D('',#6808,#6809,#6810);
#6812=PLANE('',#6811);
#6813=POLY_LOOP('',(#786,#790,#789));
#6814=FACE_OUTER_BOUND('',#6813,.T.);
#6815=FACE_SURFACE('',(#6814),#6812,.T.);
#6816=CARTESIAN_POINT('',(15.66339111,12.00883484,3.79999995));
#6817=DIRECTION('',(0.,0.,1.));
#6818=DIRECTION('',(-0.80741887,0.58997862,0.));
#6819=AXIS2_PLACEMENT_3D('',#6816,#6817,#6818);
#6820=PLANE('',#6819);
#6821=POLY_LOOP('',(#791,#682,#792));
#6822=FACE_OUTER_BOUND('',#6821,.T.);
#6823=FACE_SURFACE('',(#6822),#6820,.T.);
#6824=CARTESIAN_POINT('',(21.16325378,14.55430603,3.79999995));
#6825=DIRECTION('',(0.,0.,1.));
#6826=DIRECTION('',(-0.85337816,-0.52129235,0.));
#6827=AXIS2_PLACEMENT_3D('',#6824,#6825,#6826);
#6828=PLANE('',#6827);
#6829=POLY_LOOP('',(#793,#794,#789));
#6830=FACE_OUTER_BOUND('',#6829,.T.);
#6831=FACE_SURFACE('',(#6830),#6828,.T.);
#6832=CARTESIAN_POINT('',(21.20280457,14.75315857,3.79999995));
#6833=DIRECTION('',(0.,0.,1.));
#6834=DIRECTION('',(-0.83837585,-0.54509259,0.));
#6835=AXIS2_PLACEMENT_3D('',#6832,#6833,#6834);
#6836=PLANE('',#6835);
#6837=POLY_LOOP('',(#795,#794,#793));
#6838=FACE_OUTER_BOUND('',#6837,.T.);
#6839=FACE_SURFACE('',(#6838),#6836,.T.);
#6840=CARTESIAN_POINT('',(16.21638489,11.97259521,3.79999995));
#6841=DIRECTION('',(0.,0.,1.));
#6842=DIRECTION('',(0.98078664,-0.19508347,0.));
#6843=AXIS2_PLACEMENT_3D('',#6840,#6841,#6842);
#6844=PLANE('',#6843);
#6845=POLY_LOOP('',(#796,#794,#795));
#6846=FACE_OUTER_BOUND('',#6845,.T.);
#6847=FACE_SURFACE('',(#6846),#6844,.T.);
#6848=CARTESIAN_POINT('',(16.21638489,11.97259521,3.79999995));
#6849=DIRECTION('',(0.,0.,1.));
#6850=DIRECTION('',(0.87338805,0.48702495,0.));
#6851=AXIS2_PLACEMENT_3D('',#6848,#6849,#6850);
#6852=PLANE('',#6851);
#6853=POLY_LOOP('',(#796,#795,#797));
#6854=FACE_OUTER_BOUND('',#6853,.T.);
#6855=FACE_SURFACE('',(#6854),#6852,.T.);
#6856=CARTESIAN_POINT('',(16.21638489,11.97259521,3.79999995));
#6857=DIRECTION('',(0.,0.,1.));
#6858=DIRECTION('',(0.86185771,0.50715016,0.));
#6859=AXIS2_PLACEMENT_3D('',#6856,#6857,#6858);
#6860=PLANE('',#6859);
#6861=POLY_LOOP('',(#796,#797,#798));
#6862=FACE_OUTER_BOUND('',#6861,.T.);
#6863=FACE_SURFACE('',(#6862),#6860,.T.);
#6864=CARTESIAN_POINT('',(16.21638489,11.97259521,3.79999995));
#6865=DIRECTION('',(0.,0.,1.));
#6866=DIRECTION('',(0.85235702,0.52296034,0.));
#6867=AXIS2_PLACEMENT_3D('',#6864,#6865,#6866);
#6868=PLANE('',#6867);
#6869=POLY_LOOP('',(#796,#798,#791));
#6870=FACE_OUTER_BOUND('',#6869,.T.);
#6871=FACE_SURFACE('',(#6870),#6868,.T.);
#6872=CARTESIAN_POINT('',(21.35765076,15.1269989,3.79999995));
#6873=DIRECTION('',(0.,0.,1.));
#6874=DIRECTION('',(-0.98898453,0.14801889,0.));
#6875=AXIS2_PLACEMENT_3D('',#6872,#6873,#6874);
#6876=PLANE('',#6875);
#6877=POLY_LOOP('',(#798,#682,#791));
#6878=FACE_OUTER_BOUND('',#6877,.T.);
#6879=FACE_SURFACE('',(#6878),#6876,.T.);
#6880=CARTESIAN_POINT('',(21.47029114,15.295578,3.79999995));
#6881=DIRECTION('',(0.,0.,1.));
#6882=DIRECTION('',(-0.99101056,0.13378364,0.));
#6883=AXIS2_PLACEMENT_3D('',#6880,#6881,#6882);
#6884=PLANE('',#6883);
#6885=POLY_LOOP('',(#799,#682,#798));
#6886=FACE_OUTER_BOUND('',#6885,.T.);
#6887=FACE_SURFACE('',(#6886),#6884,.T.);
#6888=CARTESIAN_POINT('',(21.60397339,15.44801331,3.79999995));
#6889=DIRECTION('',(0.,0.,1.));
#6890=DIRECTION('',(-0.99268163,0.12076087,0.));
#6891=AXIS2_PLACEMENT_3D('',#6888,#6889,#6890);
#6892=PLANE('',#6891);
#6893=POLY_LOOP('',(#800,#682,#799));
#6894=FACE_OUTER_BOUND('',#6893,.T.);
#6895=FACE_SURFACE('',(#6894),#6892,.T.);
#6896=CARTESIAN_POINT('',(21.75640869,15.58169556,3.79999995));
#6897=DIRECTION('',(0.,0.,1.));
#6898=DIRECTION('',(-0.99401787,0.10921752,0.));
#6899=AXIS2_PLACEMENT_3D('',#6896,#6897,#6898);
#6900=PLANE('',#6899);
#6901=POLY_LOOP('',(#801,#682,#800));
#6902=FACE_OUTER_BOUND('',#6901,.T.);
#6903=FACE_SURFACE('',(#6902),#6900,.T.);
#6904=CARTESIAN_POINT('',(21.92498779,15.69433594,3.79999995));
#6905=DIRECTION('',(0.,0.,1.));
#6906=DIRECTION('',(-0.99505112,0.09936435,0.));
#6907=AXIS2_PLACEMENT_3D('',#6904,#6905,#6906);
#6908=PLANE('',#6907);
#6909=POLY_LOOP('',(#802,#682,#801));
#6910=FACE_OUTER_BOUND('',#6909,.T.);
#6911=FACE_SURFACE('',(#6910),#6908,.T.);
#6912=CARTESIAN_POINT('',(22.10682678,15.78401184,3.79999995));
#6913=DIRECTION('',(0.,0.,1.));
#6914=DIRECTION('',(-0.99581857,0.09135298,0.));
#6915=AXIS2_PLACEMENT_3D('',#6912,#6913,#6914);
#6916=PLANE('',#6915);
#6917=POLY_LOOP('',(#803,#682,#802));
#6918=FACE_OUTER_BOUND('',#6917,.T.);
#6919=FACE_SURFACE('',(#6918),#6916,.T.);
#6920=CARTESIAN_POINT('',(22.29882812,15.84918213,3.79999995));
#6921=DIRECTION('',(0.,0.,1.));
#6922=DIRECTION('',(-0.99635716,0.08527846,0.));
#6923=AXIS2_PLACEMENT_3D('',#6920,#6921,#6922);
#6924=PLANE('',#6923);
#6925=POLY_LOOP('',(#804,#682,#803));
#6926=FACE_OUTER_BOUND('',#6925,.T.);
#6927=FACE_SURFACE('',(#6926),#6924,.T.);
#6928=CARTESIAN_POINT('',(22.49768066,15.88873291,3.79999995));
#6929=DIRECTION('',(0.,0.,1.));
#6930=DIRECTION('',(-0.99669926,0.0811824,0.));
#6931=AXIS2_PLACEMENT_3D('',#6928,#6929,#6930);
#6932=PLANE('',#6931);
#6933=POLY_LOOP('',(#805,#682,#804));
#6934=FACE_OUTER_BOUND('',#6933,.T.);
#6935=FACE_SURFACE('',(#6934),#6932,.T.);
#6936=CARTESIAN_POINT('',(22.69999695,15.9019928,3.79999995));
#6937=DIRECTION('',(0.,0.,1.));
#6938=DIRECTION('',(-0.99686995,0.0790589,0.));
#6939=AXIS2_PLACEMENT_3D('',#6936,#6937,#6938);
#6940=PLANE('',#6939);
#6941=POLY_LOOP('',(#631,#682,#805));
#6942=FACE_OUTER_BOUND('',#6941,.T.);
#6943=FACE_SURFACE('',(#6942),#6940,.T.);
#6944=CARTESIAN_POINT('',(42.16044617,17.00198364,3.79999995));
#6945=DIRECTION('',(0.,0.,1.));
#6946=DIRECTION('',(-1.,0.,0.));
#6947=AXIS2_PLACEMENT_3D('',#6944,#6945,#6946);
#6948=PLANE('',#6947);
#6949=POLY_LOOP('',(#623,#682,#631));
#6950=FACE_OUTER_BOUND('',#6949,.T.);
#6951=FACE_SURFACE('',(#6950),#6948,.T.);
#6952=CARTESIAN_POINT('',(23.29315186,15.78401184,3.79999995));
#6953=DIRECTION('',(0.,0.,1.));
#6954=DIRECTION('',(0.89686719,-0.44229995,0.));
#6955=AXIS2_PLACEMENT_3D('',#6952,#6953,#6954);
#6956=PLANE('',#6955);
#6957=POLY_LOOP('',(#675,#627,#623));
#6958=FACE_OUTER_BOUND('',#6957,.T.);
#6959=FACE_SURFACE('',(#6958),#6956,.T.);
#6960=CARTESIAN_POINT('',(23.79600525,15.44801331,3.79999995));
#6961=DIRECTION('',(0.,0.,1.));
#6962=DIRECTION('',(0.99643897,0.08431711,0.));
#6963=AXIS2_PLACEMENT_3D('',#6960,#6961,#6962);
#6964=PLANE('',#6963);
#6965=POLY_LOOP('',(#806,#623,#626));
#6966=FACE_OUTER_BOUND('',#6965,.T.);
#6967=FACE_SURFACE('',(#6966),#6964,.T.);
#6968=CARTESIAN_POINT('',(42.16044617,17.00198364,3.79999995));
#6969=DIRECTION('',(0.,0.,1.));
#6970=DIRECTION('',(-0.99643897,-0.08431711,0.));
#6971=AXIS2_PLACEMENT_3D('',#6968,#6969,#6970);
#6972=PLANE('',#6971);
#6973=POLY_LOOP('',(#623,#806,#807));
#6974=FACE_OUTER_BOUND('',#6973,.T.);
#6975=FACE_SURFACE('',(#6974),#6972,.T.);
#6976=CARTESIAN_POINT('',(42.16044617,17.00198364,3.79999995));
#6977=DIRECTION('',(0.,0.,1.));
#6978=DIRECTION('',(-0.99564806,-0.09319302,0.));
#6979=AXIS2_PLACEMENT_3D('',#6976,#6977,#6978);
#6980=PLANE('',#6979);
#6981=POLY_LOOP('',(#623,#807,#808));
#6982=FACE_OUTER_BOUND('',#6981,.T.);
#6983=FACE_SURFACE('',(#6982),#6980,.T.);
#6984=CARTESIAN_POINT('',(42.16044617,17.00198364,3.79999995));
#6985=DIRECTION('',(0.,0.,1.));
#6986=DIRECTION('',(-0.99468788,-0.10293699,0.));
#6987=AXIS2_PLACEMENT_3D('',#6984,#6985,#6986);
#6988=PLANE('',#6987);
#6989=POLY_LOOP('',(#623,#808,#673));
#6990=FACE_OUTER_BOUND('',#6989,.T.);
#6991=FACE_SURFACE('',(#6990),#6988,.T.);
#6992=CARTESIAN_POINT('',(24.04232788,15.1269989,3.79999995));
#6993=DIRECTION('',(0.,0.,1.));
#6994=DIRECTION('',(0.4422701,-0.89688191,0.));
#6995=AXIS2_PLACEMENT_3D('',#6992,#6993,#6994);
#6996=PLANE('',#6995);
#6997=POLY_LOOP('',(#808,#674,#673));
#6998=FACE_OUTER_BOUND('',#6997,.T.);
#6999=FACE_SURFACE('',(#6998),#6996,.T.);
#7000=CARTESIAN_POINT('',(24.13200378,14.94514465,3.79999995));
#7001=DIRECTION('',(0.,0.,1.));
#7002=DIRECTION('',(0.32143856,-0.94693044,0.));
#7003=AXIS2_PLACEMENT_3D('',#7000,#7001,#7002);
#7004=PLANE('',#7003);
#7005=POLY_LOOP('',(#674,#628,#672));
#7006=FACE_OUTER_BOUND('',#7005,.T.);
#7007=FACE_SURFACE('',(#7006),#7004,.T.);
#7008=CARTESIAN_POINT('',(24.19717407,14.75315857,3.79999995));
#7009=DIRECTION('',(0.,0.,1.));
#7010=DIRECTION('',(0.99482956,0.10155863,0.));
#7011=AXIS2_PLACEMENT_3D('',#7008,#7009,#7010);
#7012=PLANE('',#7011);
#7013=POLY_LOOP('',(#628,#630,#672));
#7014=FACE_OUTER_BOUND('',#7013,.T.);
#7015=FACE_SURFACE('',(#7014),#7012,.T.);
#7016=CARTESIAN_POINT('',(24.23672485,14.55430603,3.79999995));
#7017=DIRECTION('',(0.,0.,1.));
#7018=DIRECTION('',(0.06547501,-0.99785421,0.));
#7019=AXIS2_PLACEMENT_3D('',#7016,#7017,#7018);
#7020=PLANE('',#7019);
#7021=POLY_LOOP('',(#629,#669,#630));
#7022=FACE_OUTER_BOUND('',#7021,.T.);
#7023=FACE_SURFACE('',(#7022),#7020,.T.);
#7024=CARTESIAN_POINT('',(24.25,14.35198975,3.79999995));
#7025=DIRECTION('',(0.,0.,1.));
#7026=DIRECTION('',(0.98845776,-0.15149669,0.));
#7027=AXIS2_PLACEMENT_3D('',#7024,#7025,#7026);
#7028=PLANE('',#7027);
#7029=POLY_LOOP('',(#669,#671,#630));
#7030=FACE_OUTER_BOUND('',#7029,.T.);
#7031=FACE_SURFACE('',(#7030),#7028,.T.);
#7032=CARTESIAN_POINT('',(24.23672485,14.14967346,3.79999995));
#7033=DIRECTION('',(0.,0.,1.));
#7034=DIRECTION('',(-0.19507396,-0.98078853,0.));
#7035=AXIS2_PLACEMENT_3D('',#7032,#7033,#7034);
#7036=PLANE('',#7035);
#7037=POLY_LOOP('',(#670,#685,#671));
#7038=FACE_OUTER_BOUND('',#7037,.T.);
#7039=FACE_SURFACE('',(#7038),#7036,.T.);
#7040=CARTESIAN_POINT('',(24.19717407,13.95082092,3.79999995));
#7041=DIRECTION('',(0.,0.,1.));
#7042=DIRECTION('',(0.99017181,-0.13985633,0.));
#7043=AXIS2_PLACEMENT_3D('',#7040,#7041,#7042);
#7044=PLANE('',#7043);
#7045=POLY_LOOP('',(#685,#684,#671));
#7046=FACE_OUTER_BOUND('',#7045,.T.);
#7047=FACE_SURFACE('',(#7046),#7044,.T.);
#7048=CARTESIAN_POINT('',(24.13200378,13.75883484,3.79999995));
#7049=DIRECTION('',(0.,0.,1.));
#7050=DIRECTION('',(0.99018359,-0.13977289,0.));
#7051=AXIS2_PLACEMENT_3D('',#7048,#7049,#7050);
#7052=PLANE('',#7051);
#7053=POLY_LOOP('',(#683,#652,#684));
#7054=FACE_OUTER_BOUND('',#7053,.T.);
#7055=FACE_SURFACE('',(#7054),#7052,.T.);
#7056=CARTESIAN_POINT('',(24.04232788,13.57699585,3.79999995));
#7057=DIRECTION('',(0.,0.,1.));
#7058=DIRECTION('',(0.99160234,-0.12932436,0.));
#7059=AXIS2_PLACEMENT_3D('',#7056,#7057,#7058);
#7060=PLANE('',#7059);
#7061=POLY_LOOP('',(#653,#652,#683));
#7062=FACE_OUTER_BOUND('',#7061,.T.);
#7063=FACE_SURFACE('',(#7062),#7060,.T.);
#7064=CARTESIAN_POINT('',(23.47499084,13.00965881,3.79999995));
#7065=DIRECTION('',(0.,0.,1.));
#7066=DIRECTION('',(0.,-1.,0.));
#7067=AXIS2_PLACEMENT_3D('',#7064,#7065,#7066);
#7068=PLANE('',#7067);
#7069=POLY_LOOP('',(#636,#635,#667));
#7070=FACE_OUTER_BOUND('',#7069,.T.);
#7071=FACE_SURFACE('',(#7070),#7068,.T.);
#7072=CARTESIAN_POINT('',(23.29315186,12.91998291,3.79999995));
#7073=DIRECTION('',(0.,0.,1.));
#7074=DIRECTION('',(-0.94693044,-0.32143856,0.));
#7075=AXIS2_PLACEMENT_3D('',#7072,#7073,#7074);
#7076=PLANE('',#7075);
#7077=POLY_LOOP('',(#634,#809,#810));
#7078=FACE_OUTER_BOUND('',#7077,.T.);
#7079=FACE_SURFACE('',(#7078),#7076,.T.);
#7080=CARTESIAN_POINT('',(23.47499084,4.54232788,3.79999995));
#7081=DIRECTION('',(0.,0.,1.));
#7082=DIRECTION('',(-0.02170013,0.99976452,0.));
#7083=AXIS2_PLACEMENT_3D('',#7080,#7081,#7082);
#7084=PLANE('',#7083);
#7085=POLY_LOOP('',(#635,#634,#810));
#7086=FACE_OUTER_BOUND('',#7085,.T.);
#7087=FACE_SURFACE('',(#7086),#7084,.T.);
#7088=CARTESIAN_POINT('',(22.49768066,4.73672485,3.79999995));
#7089=DIRECTION('',(0.,0.,1.));
#7090=DIRECTION('',(0.99785421,0.06547501,0.));
#7091=AXIS2_PLACEMENT_3D('',#7088,#7089,#7090);
#7092=PLANE('',#7091);
#7093=POLY_LOOP('',(#811,#812,#658));
#7094=FACE_OUTER_BOUND('',#7093,.T.);
#7095=FACE_SURFACE('',(#7094),#7092,.T.);
#7096=CARTESIAN_POINT('',(22.29882812,4.69717407,3.79999995));
#7097=DIRECTION('',(0.,0.,1.));
#7098=DIRECTION('',(-0.78927418,0.61404093,0.));
#7099=AXIS2_PLACEMENT_3D('',#7096,#7097,#7098);
#7100=PLANE('',#7099);
#7101=POLY_LOOP('',(#660,#659,#813));
#7102=FACE_OUTER_BOUND('',#7101,.T.);
#7103=FACE_SURFACE('',(#7102),#7100,.T.);
#7104=CARTESIAN_POINT('',(19.86375427,8.32522583,3.79999995));
#7105=DIRECTION('',(0.,0.,1.));
#7106=DIRECTION('',(0.56046019,0.82818136,0.));
#7107=AXIS2_PLACEMENT_3D('',#7104,#7105,#7106);
#7108=PLANE('',#7107);
#7109=POLY_LOOP('',(#665,#814,#657));
#7110=FACE_OUTER_BOUND('',#7109,.T.);
#7111=FACE_SURFACE('',(#7110),#7108,.T.);
#7112=CARTESIAN_POINT('',(22.90231323,12.81524658,3.79999995));
#7113=DIRECTION('',(0.,0.,1.));
#7114=DIRECTION('',(-0.99785912,-0.06540007,0.));
#7115=AXIS2_PLACEMENT_3D('',#7112,#7113,#7114);
#7116=PLANE('',#7115);
#7117=POLY_LOOP('',(#814,#815,#657));
#7118=FACE_OUTER_BOUND('',#7117,.T.);
#7119=FACE_SURFACE('',(#7118),#7116,.T.);
#7120=CARTESIAN_POINT('',(19.33239746,5.65394592,3.79999995));
#7121=DIRECTION('',(0.,0.,1.));
#7122=DIRECTION('',(-0.55557673,-0.83146527,0.));
#7123=AXIS2_PLACEMENT_3D('',#7120,#7121,#7122);
#7124=PLANE('',#7123);
#7125=POLY_LOOP('',(#663,#816,#817));
#7126=FACE_OUTER_BOUND('',#7125,.T.);
#7127=FACE_SURFACE('',(#7126),#7124,.T.);
#7128=CARTESIAN_POINT('',(19.57749939,9.39352417,3.79999995));
#7129=DIRECTION('',(0.,0.,1.));
#7130=DIRECTION('',(0.61806656,0.78612577,0.));
#7131=AXIS2_PLACEMENT_3D('',#7128,#7129,#7130);
#7132=PLANE('',#7131);
#7133=POLY_LOOP('',(#656,#818,#774));
#7134=FACE_OUTER_BOUND('',#7133,.T.);
#7135=FACE_SURFACE('',(#7134),#7132,.T.);
#7136=CARTESIAN_POINT('',(142.08969116,13.40841675,3.79999995));
#7137=DIRECTION('',(0.,0.,1.));
#7138=DIRECTION('',(0.7288942,-0.68462636,0.));
#7139=AXIS2_PLACEMENT_3D('',#7136,#7137,#7138);
#7140=PLANE('',#7139);
#7141=POLY_LOOP('',(#819,#820,#821));
#7142=FACE_OUTER_BOUND('',#7141,.T.);
#7143=FACE_SURFACE('',(#7142),#7140,.T.);
#7144=CARTESIAN_POINT('',(127.88716125,11.4203186,3.79999995));
#7145=DIRECTION('',(0.,0.,1.));
#7146=DIRECTION('',(-0.1951212,-0.98077914,0.));
#7147=AXIS2_PLACEMENT_3D('',#7144,#7145,#7146);
#7148=PLANE('',#7147);
#7149=POLY_LOOP('',(#822,#742,#744));
#7150=FACE_OUTER_BOUND('',#7149,.T.);
#7151=FACE_SURFACE('',(#7150),#7148,.T.);
#7152=CARTESIAN_POINT('',(139.42797852,3.79315186,3.79999995));
#7153=DIRECTION('',(0.,0.,1.));
#7154=DIRECTION('',(-0.86553866,0.50084211,0.));
#7155=AXIS2_PLACEMENT_3D('',#7152,#7153,#7154);
#7156=PLANE('',#7155);
#7157=POLY_LOOP('',(#764,#763,#823));
#7158=FACE_OUTER_BOUND('',#7157,.T.);
#7159=FACE_SURFACE('',(#7158),#7156,.T.);
#7160=CARTESIAN_POINT('',(139.32325745,2.99768066,3.79999995));
#7161=DIRECTION('',(0.,0.,1.));
#7162=DIRECTION('',(-0.86640883,0.4993353,0.));
#7163=AXIS2_PLACEMENT_3D('',#7160,#7161,#7162);
#7164=PLANE('',#7163);
#7165=POLY_LOOP('',(#824,#753,#752));
#7166=FACE_OUTER_BOUND('',#7165,.T.);
#7167=FACE_SURFACE('',(#7166),#7164,.T.);
#7168=CARTESIAN_POINT('',(127.88716125,11.4203186,3.79999995));
#7169=DIRECTION('',(0.,0.,1.));
#7170=DIRECTION('',(0.98323835,0.18232484,0.));
#7171=AXIS2_PLACEMENT_3D('',#7168,#7169,#7170);
#7172=PLANE('',#7171);
#7173=POLY_LOOP('',(#822,#744,#825));
#7174=FACE_OUTER_BOUND('',#7173,.T.);
#7175=FACE_SURFACE('',(#7174),#7172,.T.);
#7176=CARTESIAN_POINT('',(127.88716125,11.4203186,3.79999995));
#7177=DIRECTION('',(0.,0.,1.));
#7178=DIRECTION('',(0.98008184,0.19859402,0.));
#7179=AXIS2_PLACEMENT_3D('',#7176,#7177,#7178);
#7180=PLANE('',#7179);
#7181=POLY_LOOP('',(#822,#825,#826));
#7182=FACE_OUTER_BOUND('',#7181,.T.);
#7183=FACE_SURFACE('',(#7182),#7180,.T.);
#7184=CARTESIAN_POINT('',(139.42797852,13.75883484,3.79999995));
#7185=DIRECTION('',(0.,0.,1.));
#7186=DIRECTION('',(-0.32143856,0.94693044,0.));
#7187=AXIS2_PLACEMENT_3D('',#7184,#7185,#7186);
#7188=PLANE('',#7187);
#7189=POLY_LOOP('',(#825,#827,#826));
#7190=FACE_OUTER_BOUND('',#7189,.T.);
#7191=FACE_SURFACE('',(#7190),#7188,.T.);
#7192=CARTESIAN_POINT('',(139.36280823,13.95082092,3.79999995));
#7193=DIRECTION('',(0.,0.,1.));
#7194=DIRECTION('',(-0.19507396,0.98078853,0.));
#7195=AXIS2_PLACEMENT_3D('',#7192,#7193,#7194);
#7196=PLANE('',#7195);
#7197=POLY_LOOP('',(#827,#828,#826));
#7198=FACE_OUTER_BOUND('',#7197,.T.);
#7199=FACE_SURFACE('',(#7198),#7196,.T.);
#7200=CARTESIAN_POINT('',(139.32325745,14.14967346,3.79999995));
#7201=DIRECTION('',(0.,0.,1.));
#7202=DIRECTION('',(-0.06540007,0.99785912,0.));
#7203=AXIS2_PLACEMENT_3D('',#7200,#7201,#7202);
#7204=PLANE('',#7203);
#7205=POLY_LOOP('',(#828,#829,#826));
#7206=FACE_OUTER_BOUND('',#7205,.T.);
#7207=FACE_SURFACE('',(#7206),#7204,.T.);
#7208=CARTESIAN_POINT('',(139.30999756,14.35198975,3.79999995));
#7209=DIRECTION('',(0.,0.,1.));
#7210=DIRECTION('',(-0.9814505,0.19171574,0.));
#7211=AXIS2_PLACEMENT_3D('',#7208,#7209,#7210);
#7212=PLANE('',#7211);
#7213=POLY_LOOP('',(#829,#830,#826));
#7214=FACE_OUTER_BOUND('',#7213,.T.);
#7215=FACE_SURFACE('',(#7214),#7212,.T.);
#7216=CARTESIAN_POINT('',(139.32325745,14.55430603,3.79999995));
#7217=DIRECTION('',(0.,0.,1.));
#7218=DIRECTION('',(-0.98462628,0.17467422,0.));
#7219=AXIS2_PLACEMENT_3D('',#7216,#7217,#7218);
#7220=PLANE('',#7219);
#7221=POLY_LOOP('',(#831,#830,#829));
#7222=FACE_OUTER_BOUND('',#7221,.T.);
#7223=FACE_SURFACE('',(#7222),#7220,.T.);
#7224=CARTESIAN_POINT('',(139.36280823,14.75315857,3.79999995));
#7225=DIRECTION('',(0.,0.,1.));
#7226=DIRECTION('',(-0.98752648,0.15745302,0.));
#7227=AXIS2_PLACEMENT_3D('',#7224,#7225,#7226);
#7228=PLANE('',#7227);
#7229=POLY_LOOP('',(#832,#830,#831));
#7230=FACE_OUTER_BOUND('',#7229,.T.);
#7231=FACE_SURFACE('',(#7230),#7228,.T.);
#7232=CARTESIAN_POINT('',(139.42797852,14.94514465,3.79999995));
#7233=DIRECTION('',(0.,0.,1.));
#7234=DIRECTION('',(-0.99008358,0.14047954,0.));
#7235=AXIS2_PLACEMENT_3D('',#7232,#7233,#7234);
#7236=PLANE('',#7235);
#7237=POLY_LOOP('',(#833,#830,#832));
#7238=FACE_OUTER_BOUND('',#7237,.T.);
#7239=FACE_SURFACE('',(#7238),#7236,.T.);
#7240=CARTESIAN_POINT('',(127.88716125,16.77667236,3.79999995));
#7241=DIRECTION('',(0.,0.,1.));
#7242=DIRECTION('',(0.06537868,-0.99786053,0.));
#7243=AXIS2_PLACEMENT_3D('',#7240,#7241,#7242);
#7244=PLANE('',#7243);
#7245=POLY_LOOP('',(#834,#830,#833));
#7246=FACE_OUTER_BOUND('',#7245,.T.);
#7247=FACE_SURFACE('',(#7246),#7244,.T.);
#7248=CARTESIAN_POINT('',(127.88716125,16.77667236,3.79999995));
#7249=DIRECTION('',(0.,0.,1.));
#7250=DIRECTION('',(0.98764014,-0.15673849,0.));
#7251=AXIS2_PLACEMENT_3D('',#7248,#7249,#7250);
#7252=PLANE('',#7251);
#7253=POLY_LOOP('',(#834,#833,#835));
#7254=FACE_OUTER_BOUND('',#7253,.T.);
#7255=FACE_SURFACE('',(#7254),#7252,.T.);
#7256=CARTESIAN_POINT('',(127.88716125,16.77667236,3.79999995));
#7257=DIRECTION('',(0.,0.,1.));
#7258=DIRECTION('',(0.99008994,-0.14043472,0.));
#7259=AXIS2_PLACEMENT_3D('',#7256,#7257,#7258);
#7260=PLANE('',#7259);
#7261=POLY_LOOP('',(#834,#835,#836));
#7262=FACE_OUTER_BOUND('',#7261,.T.);
#7263=FACE_SURFACE('',(#7262),#7260,.T.);
#7264=CARTESIAN_POINT('',(139.51765442,15.1269989,3.79999995));
#7265=DIRECTION('',(0.,0.,1.));
#7266=DIRECTION('',(0.55556828,0.83147092,0.));
#7267=AXIS2_PLACEMENT_3D('',#7264,#7265,#7266);
#7268=PLANE('',#7267);
#7269=POLY_LOOP('',(#835,#837,#836));
#7270=FACE_OUTER_BOUND('',#7269,.T.);
#7271=FACE_SURFACE('',(#7270),#7268,.T.);
#7272=CARTESIAN_POINT('',(139.6302948,15.295578,3.79999995));
#7273=DIRECTION('',(0.,0.,1.));
#7274=DIRECTION('',(-0.98968917,0.1432318,0.));
#7275=AXIS2_PLACEMENT_3D('',#7272,#7273,#7274);
#7276=PLANE('',#7275);
#7277=POLY_LOOP('',(#837,#838,#836));
#7278=FACE_OUTER_BOUND('',#7277,.T.);
#7279=FACE_SURFACE('',(#7278),#7276,.T.);
#7280=CARTESIAN_POINT('',(139.76397705,15.44801331,3.79999995));
#7281=DIRECTION('',(0.,0.,1.));
#7282=DIRECTION('',(-0.99161524,0.12922543,0.));
#7283=AXIS2_PLACEMENT_3D('',#7280,#7281,#7282);
#7284=PLANE('',#7283);
#7285=POLY_LOOP('',(#839,#838,#837));
#7286=FACE_OUTER_BOUND('',#7285,.T.);
#7287=FACE_SURFACE('',(#7286),#7284,.T.);
#7288=CARTESIAN_POINT('',(139.91641235,15.58169556,3.79999995));
#7289=DIRECTION('',(0.,0.,1.));
#7290=DIRECTION('',(-0.99315557,0.11679902,0.));
#7291=AXIS2_PLACEMENT_3D('',#7288,#7289,#7290);
#7292=PLANE('',#7291);
#7293=POLY_LOOP('',(#840,#838,#839));
#7294=FACE_OUTER_BOUND('',#7293,.T.);
#7295=FACE_SURFACE('',(#7294),#7292,.T.);
#7296=CARTESIAN_POINT('',(140.08499146,15.69433594,3.79999995));
#7297=DIRECTION('',(0.,0.,1.));
#7298=DIRECTION('',(-0.99434664,0.10618269,0.));
#7299=AXIS2_PLACEMENT_3D('',#7296,#7297,#7298);
#7300=PLANE('',#7299);
#7301=POLY_LOOP('',(#841,#838,#840));
#7302=FACE_OUTER_BOUND('',#7301,.T.);
#7303=FACE_SURFACE('',(#7302),#7300,.T.);
#7304=CARTESIAN_POINT('',(140.26683044,15.78401184,3.79999995));
#7305=DIRECTION('',(0.,0.,1.));
#7306=DIRECTION('',(-0.99523156,0.09754048,0.));
#7307=AXIS2_PLACEMENT_3D('',#7304,#7305,#7306);
#7308=PLANE('',#7307);
#7309=POLY_LOOP('',(#842,#838,#841));
#7310=FACE_OUTER_BOUND('',#7309,.T.);
#7311=FACE_SURFACE('',(#7310),#7308,.T.);
#7312=CARTESIAN_POINT('',(140.45881653,15.84918213,3.79999995));
#7313=DIRECTION('',(0.,0.,1.));
#7314=DIRECTION('',(-0.9958533,0.0909736,0.));
#7315=AXIS2_PLACEMENT_3D('',#7312,#7313,#7314);
#7316=PLANE('',#7315);
#7317=POLY_LOOP('',(#843,#838,#842));
#7318=FACE_OUTER_BOUND('',#7317,.T.);
#7319=FACE_SURFACE('',(#7318),#7316,.T.);
#7320=CARTESIAN_POINT('',(140.65768433,15.88873291,3.79999995));
#7321=DIRECTION('',(0.,0.,1.));
#7322=DIRECTION('',(-0.99624978,0.08652389,0.));
#7323=AXIS2_PLACEMENT_3D('',#7320,#7321,#7322);
#7324=PLANE('',#7323);
#7325=POLY_LOOP('',(#844,#838,#843));
#7326=FACE_OUTER_BOUND('',#7325,.T.);
#7327=FACE_SURFACE('',(#7326),#7324,.T.);
#7328=CARTESIAN_POINT('',(140.85998535,15.9019928,3.79999995));
#7329=DIRECTION('',(0.,0.,1.));
#7330=DIRECTION('',(-0.9964504,0.08418193,0.));
#7331=AXIS2_PLACEMENT_3D('',#7328,#7329,#7330);
#7332=PLANE('',#7331);
#7333=POLY_LOOP('',(#845,#838,#844));
#7334=FACE_OUTER_BOUND('',#7333,.T.);
#7335=FACE_SURFACE('',(#7334),#7332,.T.);
#7336=CARTESIAN_POINT('',(161.16999817,17.00198364,3.79999995));
#7337=DIRECTION('',(0.,0.,1.));
#7338=DIRECTION('',(-1.,0.,0.));
#7339=AXIS2_PLACEMENT_3D('',#7336,#7337,#7338);
#7340=PLANE('',#7339);
#7341=POLY_LOOP('',(#534,#838,#845));
#7342=FACE_OUTER_BOUND('',#7341,.T.);
#7343=FACE_SURFACE('',(#7342),#7340,.T.);
#7344=CARTESIAN_POINT('',(161.16999817,17.00198364,3.79999995));
#7345=DIRECTION('',(0.,0.,1.));
#7346=DIRECTION('',(-0.99853656,-0.05408077,0.));
#7347=AXIS2_PLACEMENT_3D('',#7344,#7345,#7346);
#7348=PLANE('',#7347);
#7349=POLY_LOOP('',(#534,#845,#846));
#7350=FACE_OUTER_BOUND('',#7349,.T.);
#7351=FACE_SURFACE('',(#7350),#7348,.T.);
#7352=CARTESIAN_POINT('',(161.16999817,17.00198364,3.79999995));
#7353=DIRECTION('',(0.,0.,1.));
#7354=DIRECTION('',(-0.99847091,-0.05527975,0.));
#7355=AXIS2_PLACEMENT_3D('',#7352,#7353,#7354);
#7356=PLANE('',#7355);
#7357=POLY_LOOP('',(#534,#846,#847));
#7358=FACE_OUTER_BOUND('',#7357,.T.);
#7359=FACE_SURFACE('',(#7358),#7356,.T.);
#7360=CARTESIAN_POINT('',(161.16999817,17.00198364,3.79999995));
#7361=DIRECTION('',(0.,0.,1.));
#7362=DIRECTION('',(-0.99832777,-0.05780721,0.));
#7363=AXIS2_PLACEMENT_3D('',#7360,#7361,#7362);
#7364=PLANE('',#7363);
#7365=POLY_LOOP('',(#534,#847,#848));
#7366=FACE_OUTER_BOUND('',#7365,.T.);
#7367=FACE_SURFACE('',(#7366),#7364,.T.);
#7368=CARTESIAN_POINT('',(161.16999817,17.00198364,3.79999995));
#7369=DIRECTION('',(0.,0.,1.));
#7370=DIRECTION('',(-0.99809748,-0.06165564,0.));
#7371=AXIS2_PLACEMENT_3D('',#7368,#7369,#7370);
#7372=PLANE('',#7371);
#7373=POLY_LOOP('',(#534,#848,#849));
#7374=FACE_OUTER_BOUND('',#7373,.T.);
#7375=FACE_SURFACE('',(#7374),#7372,.T.);
#7376=CARTESIAN_POINT('',(161.16999817,17.00198364,3.79999995));
#7377=DIRECTION('',(0.,0.,1.));
#7378=DIRECTION('',(-0.99776711,-0.06678923,0.));
#7379=AXIS2_PLACEMENT_3D('',#7376,#7377,#7378);
#7380=PLANE('',#7379);
#7381=POLY_LOOP('',(#534,#849,#850));
#7382=FACE_OUTER_BOUND('',#7381,.T.);
#7383=FACE_SURFACE('',(#7382),#7380,.T.);
#7384=CARTESIAN_POINT('',(161.16999817,17.00198364,3.79999995));
#7385=DIRECTION('',(0.,0.,1.));
#7386=DIRECTION('',(-0.99732159,-0.07314122,0.));
#7387=AXIS2_PLACEMENT_3D('',#7384,#7385,#7386);
#7388=PLANE('',#7387);
#7389=POLY_LOOP('',(#534,#850,#851));
#7390=FACE_OUTER_BOUND('',#7389,.T.);
#7391=FACE_SURFACE('',(#7390),#7388,.T.);
#7392=CARTESIAN_POINT('',(142.20233154,15.1269989,3.79999995));
#7393=DIRECTION('',(0.,0.,1.));
#7394=DIRECTION('',(0.87710412,-0.48030029,0.));
#7395=AXIS2_PLACEMENT_3D('',#7392,#7393,#7394);
#7396=PLANE('',#7395);
#7397=POLY_LOOP('',(#852,#853,#854));
#7398=FACE_OUTER_BOUND('',#7397,.T.);
#7399=FACE_SURFACE('',(#7398),#7396,.T.);
#7400=CARTESIAN_POINT('',(142.29200745,14.94514465,3.79999995));
#7401=DIRECTION('',(0.,0.,1.));
#7402=DIRECTION('',(0.32143856,-0.94693044,0.));
#7403=AXIS2_PLACEMENT_3D('',#7400,#7401,#7402);
#7404=PLANE('',#7403);
#7405=POLY_LOOP('',(#855,#856,#857));
#7406=FACE_OUTER_BOUND('',#7405,.T.);
#7407=FACE_SURFACE('',(#7406),#7404,.T.);
#7408=CARTESIAN_POINT('',(142.35717773,14.75315857,3.79999995));
#7409=DIRECTION('',(0.,0.,1.));
#7410=DIRECTION('',(0.19507396,-0.98078853,0.));
#7411=AXIS2_PLACEMENT_3D('',#7408,#7409,#7410);
#7412=PLANE('',#7411);
#7413=POLY_LOOP('',(#856,#858,#859));
#7414=FACE_OUTER_BOUND('',#7413,.T.);
#7415=FACE_SURFACE('',(#7414),#7412,.T.);
#7416=CARTESIAN_POINT('',(142.39672852,14.55430603,3.79999995));
#7417=DIRECTION('',(0.,0.,1.));
#7418=DIRECTION('',(0.06540007,-0.99785912,0.));
#7419=AXIS2_PLACEMENT_3D('',#7416,#7417,#7418);
#7420=PLANE('',#7419);
#7421=POLY_LOOP('',(#858,#860,#861));
#7422=FACE_OUTER_BOUND('',#7421,.T.);
#7423=FACE_SURFACE('',(#7422),#7420,.T.);
#7424=CARTESIAN_POINT('',(145.77828979,11.4412384,3.79999995));
#7425=DIRECTION('',(0.,0.,1.));
#7426=DIRECTION('',(-0.78050996,0.62514335,0.));
#7427=AXIS2_PLACEMENT_3D('',#7424,#7425,#7426);
#7428=PLANE('',#7427);
#7429=POLY_LOOP('',(#862,#863,#864));
#7430=FACE_OUTER_BOUND('',#7429,.T.);
#7431=FACE_SURFACE('',(#7430),#7428,.T.);
#7432=CARTESIAN_POINT('',(145.31752014,11.13336182,3.79999995));
#7433=DIRECTION('',(0.,0.,1.));
#7434=DIRECTION('',(0.83146949,0.55557042,0.));
#7435=AXIS2_PLACEMENT_3D('',#7432,#7433,#7434);
#7436=PLANE('',#7435);
#7437=POLY_LOOP('',(#865,#862,#866));
#7438=FACE_OUTER_BOUND('',#7437,.T.);
#7439=FACE_SURFACE('',(#7438),#7436,.T.);
#7440=CARTESIAN_POINT('',(144.53547668,10.35131836,3.79999995));
#7441=DIRECTION('',(0.,0.,1.));
#7442=DIRECTION('',(-0.66401074,0.74772304,0.));
#7443=AXIS2_PLACEMENT_3D('',#7440,#7441,#7442);
#7444=PLANE('',#7443);
#7445=POLY_LOOP('',(#867,#868,#869));
#7446=FACE_OUTER_BOUND('',#7445,.T.);
#7447=FACE_SURFACE('',(#7446),#7444,.T.);
#7448=CARTESIAN_POINT('',(141.45315552,12.91998291,3.79999995));
#7449=DIRECTION('',(0.,0.,1.));
#7450=DIRECTION('',(0.67538697,-0.73746351,0.));
#7451=AXIS2_PLACEMENT_3D('',#7448,#7449,#7450);
#7452=PLANE('',#7451);
#7453=POLY_LOOP('',(#870,#871,#872));
#7454=FACE_OUTER_BOUND('',#7453,.T.);
#7455=FACE_SURFACE('',(#7454),#7452,.T.);
#7456=CARTESIAN_POINT('',(141.26116943,12.85481262,3.79999995));
#7457=DIRECTION('',(0.,0.,1.));
#7458=DIRECTION('',(0.70736325,-0.70685022,0.));
#7459=AXIS2_PLACEMENT_3D('',#7456,#7457,#7458);
#7460=PLANE('',#7459);
#7461=POLY_LOOP('',(#873,#871,#870));
#7462=FACE_OUTER_BOUND('',#7461,.T.);
#7463=FACE_SURFACE('',(#7462),#7460,.T.);
#7464=CARTESIAN_POINT('',(143.98248291,9.39352417,3.79999995));
#7465=DIRECTION('',(0.,0.,1.));
#7466=DIRECTION('',(0.44228369,0.89687521,0.));
#7467=AXIS2_PLACEMENT_3D('',#7464,#7465,#7466);
#7468=PLANE('',#7467);
#7469=POLY_LOOP('',(#874,#871,#873));
#7470=FACE_OUTER_BOUND('',#7469,.T.);
#7471=FACE_SURFACE('',(#7470),#7468,.T.);
#7472=CARTESIAN_POINT('',(142.20233154,15.1269989,3.79999995));
#7473=DIRECTION('',(0.,0.,1.));
#7474=DIRECTION('',(0.4422701,-0.89688191,0.));
#7475=AXIS2_PLACEMENT_3D('',#7472,#7473,#7474);
#7476=PLANE('',#7475);
#7477=POLY_LOOP('',(#852,#855,#857));
#7478=FACE_OUTER_BOUND('',#7477,.T.);
#7479=FACE_SURFACE('',(#7478),#7476,.T.);
#7480=CARTESIAN_POINT('',(141.26116943,12.85481262,3.79999995));
#7481=DIRECTION('',(0.,0.,1.));
#7482=DIRECTION('',(-0.980777,-0.19513195,0.));
#7483=AXIS2_PLACEMENT_3D('',#7480,#7481,#7482);
#7484=PLANE('',#7483);
#7485=POLY_LOOP('',(#873,#875,#874));
#7486=FACE_OUTER_BOUND('',#7485,.T.);
#7487=FACE_SURFACE('',(#7486),#7484,.T.);
#7488=CARTESIAN_POINT('',(141.06230164,12.81524658,3.79999995));
#7489=DIRECTION('',(0.,0.,1.));
#7490=DIRECTION('',(0.5705971,-0.82123015,0.));
#7491=AXIS2_PLACEMENT_3D('',#7488,#7489,#7490);
#7492=PLANE('',#7491);
#7493=POLY_LOOP('',(#875,#876,#874));
#7494=FACE_OUTER_BOUND('',#7493,.T.);
#7495=FACE_SURFACE('',(#7494),#7492,.T.);
#7496=CARTESIAN_POINT('',(140.85998535,12.80198669,3.79999995));
#7497=DIRECTION('',(0.,0.,1.));
#7498=DIRECTION('',(0.59927626,-0.8005423,0.));
#7499=AXIS2_PLACEMENT_3D('',#7496,#7497,#7498);
#7500=PLANE('',#7499);
#7501=POLY_LOOP('',(#877,#876,#875));
#7502=FACE_OUTER_BOUND('',#7501,.T.);
#7503=FACE_SURFACE('',(#7502),#7500,.T.);
#7504=CARTESIAN_POINT('',(140.65768433,12.81524658,3.79999995));
#7505=DIRECTION('',(0.,0.,1.));
#7506=DIRECTION('',(0.56046019,-0.82818136,0.));
#7507=AXIS2_PLACEMENT_3D('',#7504,#7505,#7506);
#7508=PLANE('',#7507);
#7509=POLY_LOOP('',(#878,#879,#876));
#7510=FACE_OUTER_BOUND('',#7509,.T.);
#7511=FACE_SURFACE('',(#7510),#7508,.T.);
#7512=CARTESIAN_POINT('',(140.45881653,12.85481262,3.79999995));
#7513=DIRECTION('',(0.,0.,1.));
#7514=DIRECTION('',(0.58147694,-0.81356289,0.));
#7515=AXIS2_PLACEMENT_3D('',#7512,#7513,#7514);
#7516=PLANE('',#7515);
#7517=POLY_LOOP('',(#880,#879,#878));
#7518=FACE_OUTER_BOUND('',#7517,.T.);
#7519=FACE_SURFACE('',(#7518),#7516,.T.);
#7520=CARTESIAN_POINT('',(139.6302948,13.40841675,3.79999995));
#7521=DIRECTION('',(0.,0.,1.));
#7522=DIRECTION('',(0.,-1.,0.));
#7523=AXIS2_PLACEMENT_3D('',#7520,#7521,#7522);
#7524=PLANE('',#7523);
#7525=POLY_LOOP('',(#743,#751,#766));
#7526=FACE_OUTER_BOUND('',#7525,.T.);
#7527=FACE_SURFACE('',(#7526),#7524,.T.);
#7528=CARTESIAN_POINT('',(140.26683044,4.63200378,3.79999995));
#7529=DIRECTION('',(0.,0.,1.));
#7530=DIRECTION('',(-0.02170013,0.99976452,0.));
#7531=AXIS2_PLACEMENT_3D('',#7528,#7529,#7530);
#7532=PLANE('',#7531);
#7533=POLY_LOOP('',(#881,#882,#883));
#7534=FACE_OUTER_BOUND('',#7533,.T.);
#7535=FACE_SURFACE('',(#7534),#7532,.T.);
#7536=CARTESIAN_POINT('',(15.66339111,3.53564453,3.79999995));
#7537=DIRECTION('',(0.,0.,1.));
#7538=DIRECTION('',(-1.,0.,0.));
#7539=AXIS2_PLACEMENT_3D('',#7536,#7537,#7538);
#7540=PLANE('',#7539);
#7541=POLY_LOOP('',(#884,#885,#639));
#7542=FACE_OUTER_BOUND('',#7541,.T.);
#7543=FACE_SURFACE('',(#7542),#7540,.T.);
#7544=CARTESIAN_POINT('',(3.97828674,11.4412384,3.79999995));
#7545=DIRECTION('',(0.,0.,1.));
#7546=DIRECTION('',(0.89686429,0.44230583,0.));
#7547=AXIS2_PLACEMENT_3D('',#7544,#7545,#7546);
#7548=PLANE('',#7547);
#7549=POLY_LOOP('',(#886,#887,#681));
#7550=FACE_OUTER_BOUND('',#7549,.T.);
#7551=FACE_SURFACE('',(#7550),#7548,.T.);
#7552=CARTESIAN_POINT('',(6.09658813,3.53564453,3.79999995));
#7553=DIRECTION('',(0.,0.,1.));
#7554=DIRECTION('',(-0.99785945,0.06539504,0.));
#7555=AXIS2_PLACEMENT_3D('',#7552,#7553,#7554);
#7556=PLANE('',#7555);
#7557=POLY_LOOP('',(#885,#888,#639));
#7558=FACE_OUTER_BOUND('',#7557,.T.);
#7559=FACE_SURFACE('',(#7558),#7556,.T.);
#7560=CARTESIAN_POINT('',(3.51751709,11.13336182,3.79999995));
#7561=DIRECTION('',(0.,0.,1.));
#7562=DIRECTION('',(0.83146949,0.55557042,0.));
#7563=AXIS2_PLACEMENT_3D('',#7560,#7561,#7562);
#7564=PLANE('',#7563);
#7565=POLY_LOOP('',(#788,#886,#681));
#7566=FACE_OUTER_BOUND('',#7565,.T.);
#7567=FACE_SURFACE('',(#7566),#7564,.T.);
#7568=CARTESIAN_POINT('',(5.54360962,3.57188416,3.79999995));
#7569=DIRECTION('',(0.,0.,1.));
#7570=DIRECTION('',(-0.98078242,0.19510469,0.));
#7571=AXIS2_PLACEMENT_3D('',#7568,#7569,#7570);
#7572=PLANE('',#7571);
#7573=POLY_LOOP('',(#888,#889,#639));
#7574=FACE_OUTER_BOUND('',#7573,.T.);
#7575=FACE_SURFACE('',(#7574),#7572,.T.);
#7576=CARTESIAN_POINT('',(5.00007629,3.68000793,3.79999995));
#7577=DIRECTION('',(0.,0.,1.));
#7578=DIRECTION('',(-0.94693157,0.32143523,0.));
#7579=AXIS2_PLACEMENT_3D('',#7576,#7577,#7578);
#7580=PLANE('',#7579);
#7581=POLY_LOOP('',(#889,#890,#639));
#7582=FACE_OUTER_BOUND('',#7581,.T.);
#7583=FACE_SURFACE('',(#7582),#7580,.T.);
#7584=CARTESIAN_POINT('',(4.47531128,3.85813904,3.79999995));
#7585=DIRECTION('',(0.,0.,1.));
#7586=DIRECTION('',(-0.89687521,0.44228369,0.));
#7587=AXIS2_PLACEMENT_3D('',#7584,#7585,#7586);
#7588=PLANE('',#7587);
#7589=POLY_LOOP('',(#890,#891,#639));
#7590=FACE_OUTER_BOUND('',#7589,.T.);
#7591=FACE_SURFACE('',(#7590),#7588,.T.);
#7592=CARTESIAN_POINT('',(3.97828674,4.10324097,3.79999995));
#7593=DIRECTION('',(0.,0.,1.));
#7594=DIRECTION('',(-0.83146949,0.55557042,0.));
#7595=AXIS2_PLACEMENT_3D('',#7592,#7593,#7594);
#7596=PLANE('',#7595);
#7597=POLY_LOOP('',(#891,#892,#639));
#7598=FACE_OUTER_BOUND('',#7597,.T.);
#7599=FACE_SURFACE('',(#7598),#7596,.T.);
#7600=CARTESIAN_POINT('',(3.51751709,4.41111755,3.79999995));
#7601=DIRECTION('',(0.,0.,1.));
#7602=DIRECTION('',(-0.75183598,0.65935018,0.));
#7603=AXIS2_PLACEMENT_3D('',#7600,#7601,#7602);
#7604=PLANE('',#7603);
#7605=POLY_LOOP('',(#892,#893,#639));
#7606=FACE_OUTER_BOUND('',#7605,.T.);
#7607=FACE_SURFACE('',(#7606),#7604,.T.);
#7608=CARTESIAN_POINT('',(3.1008606,4.77651978,3.79999995));
#7609=DIRECTION('',(0.,0.,1.));
#7610=DIRECTION('',(-0.65934827,0.75183766,0.));
#7611=AXIS2_PLACEMENT_3D('',#7608,#7609,#7610);
#7612=PLANE('',#7611);
#7613=POLY_LOOP('',(#893,#894,#639));
#7614=FACE_OUTER_BOUND('',#7613,.T.);
#7615=FACE_SURFACE('',(#7614),#7612,.T.);
#7616=CARTESIAN_POINT('',(2.73547363,5.19316101,3.79999995));
#7617=DIRECTION('',(0.,0.,1.));
#7618=DIRECTION('',(-0.55557673,0.83146527,0.));
#7619=AXIS2_PLACEMENT_3D('',#7616,#7617,#7618);
#7620=PLANE('',#7619);
#7621=POLY_LOOP('',(#894,#895,#639));
#7622=FACE_OUTER_BOUND('',#7621,.T.);
#7623=FACE_SURFACE('',(#7622),#7620,.T.);
#7624=CARTESIAN_POINT('',(2.42758179,5.65394592,3.79999995));
#7625=DIRECTION('',(0.,0.,1.));
#7626=DIRECTION('',(-0.44228369,0.89687521,0.));
#7627=AXIS2_PLACEMENT_3D('',#7624,#7625,#7626);
#7628=PLANE('',#7627);
#7629=POLY_LOOP('',(#895,#896,#639));
#7630=FACE_OUTER_BOUND('',#7629,.T.);
#7631=FACE_SURFACE('',(#7630),#7628,.T.);
#7632=CARTESIAN_POINT('',(2.18247986,6.15097046,3.79999995));
#7633=DIRECTION('',(0.,0.,1.));
#7634=DIRECTION('',(-0.32143523,0.94693157,0.));
#7635=AXIS2_PLACEMENT_3D('',#7632,#7633,#7634);
#7636=PLANE('',#7635);
#7637=POLY_LOOP('',(#896,#897,#639));
#7638=FACE_OUTER_BOUND('',#7637,.T.);
#7639=FACE_SURFACE('',(#7638),#7636,.T.);
#7640=CARTESIAN_POINT('',(2.00434875,6.67573547,3.79999995));
#7641=DIRECTION('',(0.,0.,1.));
#7642=DIRECTION('',(-0.19508347,0.98078664,0.));
#7643=AXIS2_PLACEMENT_3D('',#7640,#7641,#7642);
#7644=PLANE('',#7643);
#7645=POLY_LOOP('',(#897,#637,#639));
#7646=FACE_OUTER_BOUND('',#7645,.T.);
#7647=FACE_SURFACE('',(#7646),#7644,.T.);
#7648=CARTESIAN_POINT('',(0.44999695,0.44999695,3.79999995));
#7649=DIRECTION('',(0.,0.,1.));
#7650=DIRECTION('',(0.18908836,0.98196008,0.));
#7651=AXIS2_PLACEMENT_3D('',#7648,#7649,#7650);
#7652=PLANE('',#7651);
#7653=POLY_LOOP('',(#639,#638,#681));
#7654=FACE_OUTER_BOUND('',#7653,.T.);
#7655=FACE_SURFACE('',(#7654),#7652,.T.);
#7656=CARTESIAN_POINT('',(1.85998535,7.77224731,3.79999995));
#7657=DIRECTION('',(0.,0.,1.));
#7658=DIRECTION('',(0.06542246,0.99785766,0.));
#7659=AXIS2_PLACEMENT_3D('',#7656,#7657,#7658);
#7660=PLANE('',#7659);
#7661=POLY_LOOP('',(#638,#898,#681));
#7662=FACE_OUTER_BOUND('',#7661,.T.);
#7663=FACE_SURFACE('',(#7662),#7660,.T.);
#7664=CARTESIAN_POINT('',(1.89624023,8.32522583,3.79999995));
#7665=DIRECTION('',(0.,0.,1.));
#7666=DIRECTION('',(0.19507821,0.98078769,0.));
#7667=AXIS2_PLACEMENT_3D('',#7664,#7665,#7666);
#7668=PLANE('',#7667);
#7669=POLY_LOOP('',(#898,#899,#681));
#7670=FACE_OUTER_BOUND('',#7669,.T.);
#7671=FACE_SURFACE('',(#7670),#7668,.T.);
#7672=CARTESIAN_POINT('',(2.00434875,8.86875916,3.79999995));
#7673=DIRECTION('',(0.,0.,1.));
#7674=DIRECTION('',(0.32143523,0.94693157,0.));
#7675=AXIS2_PLACEMENT_3D('',#7672,#7673,#7674);
#7676=PLANE('',#7675);
#7677=POLY_LOOP('',(#899,#900,#681));
#7678=FACE_OUTER_BOUND('',#7677,.T.);
#7679=FACE_SURFACE('',(#7678),#7676,.T.);
#7680=CARTESIAN_POINT('',(2.18247986,9.39352417,3.79999995));
#7681=DIRECTION('',(0.,0.,1.));
#7682=DIRECTION('',(0.44228369,0.89687521,0.));
#7683=AXIS2_PLACEMENT_3D('',#7680,#7681,#7682);
#7684=PLANE('',#7683);
#7685=POLY_LOOP('',(#900,#901,#681));
#7686=FACE_OUTER_BOUND('',#7685,.T.);
#7687=FACE_SURFACE('',(#7686),#7684,.T.);
#7688=CARTESIAN_POINT('',(2.42758179,9.89054871,3.79999995));
#7689=DIRECTION('',(0.,0.,1.));
#7690=DIRECTION('',(0.55558945,0.83145677,0.));
#7691=AXIS2_PLACEMENT_3D('',#7688,#7689,#7690);
#7692=PLANE('',#7691);
#7693=POLY_LOOP('',(#901,#902,#681));
#7694=FACE_OUTER_BOUND('',#7693,.T.);
#7695=FACE_SURFACE('',(#7694),#7692,.T.);
#7696=CARTESIAN_POINT('',(2.73547363,10.35131836,3.79999995));
#7697=DIRECTION('',(0.,0.,1.));
#7698=DIRECTION('',(0.65933462,0.75184963,0.));
#7699=AXIS2_PLACEMENT_3D('',#7696,#7697,#7698);
#7700=PLANE('',#7699);
#7701=POLY_LOOP('',(#902,#787,#681));
#7702=FACE_OUTER_BOUND('',#7701,.T.);
#7703=FACE_SURFACE('',(#7702),#7700,.T.);
#7704=CARTESIAN_POINT('',(4.47531128,11.68635559,3.79999995));
#7705=DIRECTION('',(0.,0.,1.));
#7706=DIRECTION('',(0.94693157,0.32143523,0.));
#7707=AXIS2_PLACEMENT_3D('',#7704,#7705,#7706);
#7708=PLANE('',#7707);
#7709=POLY_LOOP('',(#887,#903,#681));
#7710=FACE_OUTER_BOUND('',#7709,.T.);
#7711=FACE_SURFACE('',(#7710),#7708,.T.);
#7712=CARTESIAN_POINT('',(5.00007629,11.86448669,3.79999995));
#7713=DIRECTION('',(0.,0.,1.));
#7714=DIRECTION('',(0.59767912,0.80173541,0.));
#7715=AXIS2_PLACEMENT_3D('',#7712,#7713,#7714);
#7716=PLANE('',#7715);
#7717=POLY_LOOP('',(#903,#682,#681));
#7718=FACE_OUTER_BOUND('',#7717,.T.);
#7719=FACE_SURFACE('',(#7718),#7716,.T.);
#7720=CARTESIAN_POINT('',(5.54360962,11.97259521,3.79999995));
#7721=DIRECTION('',(0.,0.,1.));
#7722=DIRECTION('',(0.54700806,0.83712734,0.));
#7723=AXIS2_PLACEMENT_3D('',#7720,#7721,#7722);
#7724=PLANE('',#7723);
#7725=POLY_LOOP('',(#904,#682,#903));
#7726=FACE_OUTER_BOUND('',#7725,.T.);
#7727=FACE_SURFACE('',(#7726),#7724,.T.);
#7728=CARTESIAN_POINT('',(6.09658813,12.00883484,3.79999995));
#7729=DIRECTION('',(0.,0.,1.));
#7730=DIRECTION('',(0.48018691,0.87716619,0.));
#7731=AXIS2_PLACEMENT_3D('',#7728,#7729,#7730);
#7732=PLANE('',#7731);
#7733=POLY_LOOP('',(#792,#682,#904));
#7734=FACE_OUTER_BOUND('',#7733,.T.);
#7735=FACE_SURFACE('',(#7734),#7732,.T.);
#7736=CARTESIAN_POINT('',(21.1499939,14.35198975,3.79999995));
#7737=DIRECTION('',(0.,0.,1.));
#7738=DIRECTION('',(0.06540007,0.99785912,0.));
#7739=AXIS2_PLACEMENT_3D('',#7736,#7737,#7738);
#7740=PLANE('',#7739);
#7741=POLY_LOOP('',(#790,#793,#789));
#7742=FACE_OUTER_BOUND('',#7741,.T.);
#7743=FACE_SURFACE('',(#7742),#7740,.T.);
#7744=CARTESIAN_POINT('',(18.24247742,11.13336182,3.79999995));
#7745=DIRECTION('',(0.,0.,1.));
#7746=DIRECTION('',(0.75183766,-0.65934827,0.));
#7747=AXIS2_PLACEMENT_3D('',#7744,#7745,#7746);
#7748=PLANE('',#7747);
#7749=POLY_LOOP('',(#622,#784,#781));
#7750=FACE_OUTER_BOUND('',#7749,.T.);
#7751=FACE_SURFACE('',(#7750),#7748,.T.);
#7752=CARTESIAN_POINT('',(18.65911865,10.76797485,3.79999995));
#7753=DIRECTION('',(0.,0.,1.));
#7754=DIRECTION('',(0.7288942,0.68462636,0.));
#7755=AXIS2_PLACEMENT_3D('',#7752,#7753,#7754);
#7756=PLANE('',#7755);
#7757=POLY_LOOP('',(#784,#783,#781));
#7758=FACE_OUTER_BOUND('',#7757,.T.);
#7759=FACE_SURFACE('',(#7758),#7756,.T.);
#7760=CARTESIAN_POINT('',(19.02450562,10.35131836,3.79999995));
#7761=DIRECTION('',(0.,0.,1.));
#7762=DIRECTION('',(0.66401074,0.74772304,0.));
#7763=AXIS2_PLACEMENT_3D('',#7760,#7761,#7762);
#7764=PLANE('',#7763);
#7765=POLY_LOOP('',(#780,#782,#784));
#7766=FACE_OUTER_BOUND('',#7765,.T.);
#7767=FACE_SURFACE('',(#7766),#7764,.T.);
#7768=CARTESIAN_POINT('',(21.75640869,13.12229919,3.79999995));
#7769=DIRECTION('',(0.,0.,1.));
#7770=DIRECTION('',(-0.75183962,0.65934603,0.));
#7771=AXIS2_PLACEMENT_3D('',#7768,#7769,#7770);
#7772=PLANE('',#7771);
#7773=POLY_LOOP('',(#779,#782,#780));
#7774=FACE_OUTER_BOUND('',#7773,.T.);
#7775=FACE_SURFACE('',(#7774),#7772,.T.);
#7776=CARTESIAN_POINT('',(21.92498779,13.00965881,3.79999995));
#7777=DIRECTION('',(0.,0.,1.));
#7778=DIRECTION('',(-0.73720919,-0.67566456,0.));
#7779=AXIS2_PLACEMENT_3D('',#7776,#7777,#7778);
#7780=PLANE('',#7779);
#7781=POLY_LOOP('',(#776,#780,#774));
#7782=FACE_OUTER_BOUND('',#7781,.T.);
#7783=FACE_SURFACE('',(#7782),#7780,.T.);
#7784=CARTESIAN_POINT('',(22.10682678,12.91998291,3.79999995));
#7785=DIRECTION('',(0.,0.,1.));
#7786=DIRECTION('',(-0.67538697,-0.73746351,0.));
#7787=AXIS2_PLACEMENT_3D('',#7784,#7785,#7786);
#7788=PLANE('',#7787);
#7789=POLY_LOOP('',(#775,#774,#818));
#7790=FACE_OUTER_BOUND('',#7789,.T.);
#7791=FACE_SURFACE('',(#7790),#7788,.T.);
#7792=CARTESIAN_POINT('',(22.29882812,12.85481262,3.79999995));
#7793=DIRECTION('',(0.,0.,1.));
#7794=DIRECTION('',(-0.61806656,-0.78612577,0.));
#7795=AXIS2_PLACEMENT_3D('',#7792,#7793,#7794);
#7796=PLANE('',#7795);
#7797=POLY_LOOP('',(#818,#656,#655));
#7798=FACE_OUTER_BOUND('',#7797,.T.);
#7799=FACE_SURFACE('',(#7798),#7796,.T.);
#7800=CARTESIAN_POINT('',(22.49768066,12.81524658,3.79999995));
#7801=DIRECTION('',(0.,0.,1.));
#7802=DIRECTION('',(-0.5705971,-0.82123015,0.));
#7803=AXIS2_PLACEMENT_3D('',#7800,#7801,#7802);
#7804=PLANE('',#7803);
#7805=POLY_LOOP('',(#655,#657,#815));
#7806=FACE_OUTER_BOUND('',#7805,.T.);
#7807=FACE_SURFACE('',(#7806),#7804,.T.);
#7808=CARTESIAN_POINT('',(22.90231323,12.81524658,3.79999995));
#7809=DIRECTION('',(0.,0.,1.));
#7810=DIRECTION('',(-0.56046019,-0.82818136,0.));
#7811=AXIS2_PLACEMENT_3D('',#7808,#7809,#7810);
#7812=PLANE('',#7811);
#7813=POLY_LOOP('',(#814,#665,#809));
#7814=FACE_OUTER_BOUND('',#7813,.T.);
#7815=FACE_SURFACE('',(#7814),#7812,.T.);
#7816=CARTESIAN_POINT('',(19.57749939,6.15097046,3.79999995));
#7817=DIRECTION('',(0.,0.,1.));
#7818=DIRECTION('',(0.73763189,-0.67520308,0.));
#7819=AXIS2_PLACEMENT_3D('',#7816,#7817,#7818);
#7820=PLANE('',#7819);
#7821=POLY_LOOP('',(#662,#661,#777));
#7822=FACE_OUTER_BOUND('',#7821,.T.);
#7823=FACE_SURFACE('',(#7822),#7820,.T.);
#7824=CARTESIAN_POINT('',(18.65911865,4.77651978,3.79999995));
#7825=DIRECTION('',(0.,0.,1.));
#7826=DIRECTION('',(0.90777665,-0.41945388,0.));
#7827=AXIS2_PLACEMENT_3D('',#7824,#7825,#7826);
#7828=PLANE('',#7827);
#7829=POLY_LOOP('',(#905,#906,#816));
#7830=FACE_OUTER_BOUND('',#7829,.T.);
#7831=FACE_SURFACE('',(#7830),#7828,.T.);
#7832=CARTESIAN_POINT('',(21.1499939,3.19999695,3.79999995));
#7833=DIRECTION('',(0.,0.,1.));
#7834=DIRECTION('',(0.06540007,0.99785912,0.));
#7835=AXIS2_PLACEMENT_3D('',#7832,#7833,#7834);
#7836=PLANE('',#7835);
#7837=POLY_LOOP('',(#907,#908,#905));
#7838=FACE_OUTER_BOUND('',#7837,.T.);
#7839=FACE_SURFACE('',(#7838),#7836,.T.);
#7840=CARTESIAN_POINT('',(21.1499939,3.19999695,3.79999995));
#7841=DIRECTION('',(0.,0.,1.));
#7842=DIRECTION('',(-0.84497721,0.53480232,0.));
#7843=AXIS2_PLACEMENT_3D('',#7840,#7841,#7842);
#7844=PLANE('',#7843);
#7845=POLY_LOOP('',(#907,#905,#909));
#7846=FACE_OUTER_BOUND('',#7845,.T.);
#7847=FACE_SURFACE('',(#7846),#7844,.T.);
#7848=CARTESIAN_POINT('',(23.9296875,13.40841675,3.79999995));
#7849=DIRECTION('',(0.,0.,1.));
#7850=DIRECTION('',(-0.65934603,-0.75183962,0.));
#7851=AXIS2_PLACEMENT_3D('',#7848,#7849,#7850);
#7852=PLANE('',#7851);
#7853=POLY_LOOP('',(#910,#911,#912));
#7854=FACE_OUTER_BOUND('',#7853,.T.);
#7855=FACE_SURFACE('',(#7854),#7852,.T.);
#7856=CARTESIAN_POINT('',(21.16325378,2.99768066,3.79999995));
#7857=DIRECTION('',(0.,0.,1.));
#7858=DIRECTION('',(-0.95049118,0.31075152,0.));
#7859=AXIS2_PLACEMENT_3D('',#7856,#7857,#7858);
#7860=PLANE('',#7859);
#7861=POLY_LOOP('',(#913,#914,#915));
#7862=FACE_OUTER_BOUND('',#7861,.T.);
#7863=FACE_SURFACE('',(#7862),#7860,.T.);
#7864=CARTESIAN_POINT('',(17.7816925,4.10324097,3.79999995));
#7865=DIRECTION('',(0.,0.,1.));
#7866=DIRECTION('',(-0.89687521,-0.44228369,0.));
#7867=AXIS2_PLACEMENT_3D('',#7864,#7865,#7866);
#7868=PLANE('',#7867);
#7869=POLY_LOOP('',(#914,#644,#643));
#7870=FACE_OUTER_BOUND('',#7869,.T.);
#7871=FACE_SURFACE('',(#7870),#7868,.T.);
#7872=CARTESIAN_POINT('',(42.4299469,10.65472412,3.79999995));
#7873=DIRECTION('',(0.,0.,1.));
#7874=DIRECTION('',(-0.55557435,0.83146686,0.));
#7875=AXIS2_PLACEMENT_3D('',#7872,#7873,#7874);
#7876=PLANE('',#7875);
#7877=POLY_LOOP('',(#916,#917,#918));
#7878=FACE_OUTER_BOUND('',#7877,.T.);
#7879=FACE_SURFACE('',(#7878),#7876,.T.);
#7880=CARTESIAN_POINT('',(42.56802368,10.49729919,3.79999995));
#7881=DIRECTION('',(0.,0.,1.));
#7882=DIRECTION('',(-0.92899879,-0.37008277,0.));
#7883=AXIS2_PLACEMENT_3D('',#7880,#7881,#7882);
#7884=PLANE('',#7883);
#7885=POLY_LOOP('',(#919,#920,#921));
#7886=FACE_OUTER_BOUND('',#7885,.T.);
#7887=FACE_SURFACE('',(#7886),#7884,.T.);
#7888=CARTESIAN_POINT('',(24.19717407,2.79882812,3.79999995));
#7889=DIRECTION('',(0.,0.,1.));
#7890=DIRECTION('',(0.92910729,0.36981029,0.));
#7891=AXIS2_PLACEMENT_3D('',#7888,#7889,#7890);
#7892=PLANE('',#7891);
#7893=POLY_LOOP('',(#922,#923,#924));
#7894=FACE_OUTER_BOUND('',#7893,.T.);
#7895=FACE_SURFACE('',(#7894),#7892,.T.);
#7896=CARTESIAN_POINT('',(21.75640869,1.97029114,3.79999995));
#7897=DIRECTION('',(0.,0.,1.));
#7898=DIRECTION('',(-0.96066138,0.27772237,0.));
#7899=AXIS2_PLACEMENT_3D('',#7896,#7897,#7898);
#7900=PLANE('',#7899);
#7901=POLY_LOOP('',(#925,#926,#884));
#7902=FACE_OUTER_BOUND('',#7901,.T.);
#7903=FACE_SURFACE('',(#7902),#7900,.T.);
#7904=CARTESIAN_POINT('',(140.85998535,1.6499939,3.79999995));
#7905=DIRECTION('',(0.,0.,1.));
#7906=DIRECTION('',(-1.,0.,0.));
#7907=AXIS2_PLACEMENT_3D('',#7904,#7905,#7906);
#7908=PLANE('',#7907);
#7909=POLY_LOOP('',(#927,#928,#639));
#7910=FACE_OUTER_BOUND('',#7909,.T.);
#7911=FACE_SURFACE('',(#7910),#7908,.T.);
#7912=CARTESIAN_POINT('',(43.68690491,10.02926636,3.79999995));
#7913=DIRECTION('',(0.,0.,1.));
#7914=DIRECTION('',(-0.92781052,-0.37305179,0.));
#7915=AXIS2_PLACEMENT_3D('',#7912,#7913,#7914);
#7916=PLANE('',#7915);
#7917=POLY_LOOP('',(#741,#740,#929));
#7918=FACE_OUTER_BOUND('',#7917,.T.);
#7919=FACE_SURFACE('',(#7918),#7916,.T.);
#7920=CARTESIAN_POINT('',(147.34361267,3.57188416,3.79999995));
#7921=DIRECTION('',(0.,0.,1.));
#7922=DIRECTION('',(-0.96066158,-0.27772167,0.));
#7923=AXIS2_PLACEMENT_3D('',#7920,#7921,#7922);
#7924=PLANE('',#7923);
#7925=POLY_LOOP('',(#930,#931,#932));
#7926=FACE_OUTER_BOUND('',#7925,.T.);
#7927=FACE_SURFACE('',(#7926),#7924,.T.);
#7928=CARTESIAN_POINT('',(163.90339661,3.53564453,3.79999995));
#7929=DIRECTION('',(0.,0.,1.));
#7930=DIRECTION('',(-1.,0.,0.));
#7931=AXIS2_PLACEMENT_3D('',#7928,#7929,#7930);
#7932=PLANE('',#7931);
#7933=POLY_LOOP('',(#933,#934,#935));
#7934=FACE_OUTER_BOUND('',#7933,.T.);
#7935=FACE_SURFACE('',(#7934),#7932,.T.);
#7936=CARTESIAN_POINT('',(140.85998535,1.6499939,3.79999995));
#7937=DIRECTION('',(0.,0.,1.));
#7938=DIRECTION('',(-0.99996348,-0.00854607,0.));
#7939=AXIS2_PLACEMENT_3D('',#7936,#7937,#7938);
#7940=PLANE('',#7939);
#7941=POLY_LOOP('',(#927,#639,#935));
#7942=FACE_OUTER_BOUND('',#7941,.T.);
#7943=FACE_SURFACE('',(#7942),#7940,.T.);
#7944=CARTESIAN_POINT('',(153.98466492,11.68635559,3.79999995));
#7945=DIRECTION('',(0.,0.,1.));
#7946=DIRECTION('',(0.80392313,0.59473322,0.));
#7947=AXIS2_PLACEMENT_3D('',#7944,#7945,#7946);
#7948=PLANE('',#7947);
#7949=POLY_LOOP('',(#936,#534,#937));
#7950=FACE_OUTER_BOUND('',#7949,.T.);
#7951=FACE_SURFACE('',(#7950),#7948,.T.);
#7952=CARTESIAN_POINT('',(140.65768433,1.66325378,3.79999995));
#7953=DIRECTION('',(0.,0.,1.));
#7954=DIRECTION('',(-1.,0.,0.));
#7955=AXIS2_PLACEMENT_3D('',#7952,#7953,#7954);
#7956=PLANE('',#7955);
#7957=POLY_LOOP('',(#938,#642,#927));
#7958=FACE_OUTER_BOUND('',#7957,.T.);
#7959=FACE_SURFACE('',(#7958),#7956,.T.);
#7960=CARTESIAN_POINT('',(141.95600891,2.10397339,3.79999995));
#7961=DIRECTION('',(0.,0.,1.));
#7962=DIRECTION('',(0.95093525,0.30938997,0.));
#7963=AXIS2_PLACEMENT_3D('',#7960,#7961,#7962);
#7964=PLANE('',#7963);
#7965=POLY_LOOP('',(#939,#940,#941));
#7966=FACE_OUTER_BOUND('',#7965,.T.);
#7967=FACE_SURFACE('',(#7966),#7964,.T.);
#7968=CARTESIAN_POINT('',(22.10682678,1.76797485,3.79999995));
#7969=DIRECTION('',(0.,0.,1.));
#7970=DIRECTION('',(-0.89686719,0.44229995,0.));
#7971=AXIS2_PLACEMENT_3D('',#7968,#7969,#7970);
#7972=PLANE('',#7971);
#7973=POLY_LOOP('',(#942,#943,#884));
#7974=FACE_OUTER_BOUND('',#7973,.T.);
#7975=FACE_SURFACE('',(#7974),#7972,.T.);
#7976=CARTESIAN_POINT('',(42.89955139,10.2428894,3.79999995));
#7977=DIRECTION('',(0.,0.,1.));
#7978=DIRECTION('',(-0.92626429,-0.37687461,0.));
#7979=AXIS2_PLACEMENT_3D('',#7976,#7977,#7978);
#7980=PLANE('',#7979);
#7981=POLY_LOOP('',(#923,#944,#945));
#7982=FACE_OUTER_BOUND('',#7981,.T.);
#7983=FACE_SURFACE('',(#7982),#7980,.T.);
#7984=CARTESIAN_POINT('',(139.91641235,1.97029114,3.79999995));
#7985=DIRECTION('',(0.,0.,1.));
#7986=DIRECTION('',(-0.75183962,0.65934603,0.));
#7987=AXIS2_PLACEMENT_3D('',#7984,#7985,#7986);
#7988=PLANE('',#7987);
#7989=POLY_LOOP('',(#765,#760,#759));
#7990=FACE_OUTER_BOUND('',#7989,.T.);
#7991=FACE_SURFACE('',(#7990),#7988,.T.);
#7992=CARTESIAN_POINT('',(139.36280823,2.79882812,3.79999995));
#7993=DIRECTION('',(0.,0.,1.));
#7994=DIRECTION('',(-0.8665726,0.49905102,0.));
#7995=AXIS2_PLACEMENT_3D('',#7992,#7993,#7994);
#7996=PLANE('',#7995);
#7997=POLY_LOOP('',(#752,#754,#946));
#7998=FACE_OUTER_BOUND('',#7997,.T.);
#7999=FACE_SURFACE('',(#7998),#7996,.T.);
#8000=CARTESIAN_POINT('',(126.31307983,10.02926636,3.79999995));
#8001=DIRECTION('',(0.,0.,1.));
#8002=DIRECTION('',(0.86365236,-0.50408789,0.));
#8003=AXIS2_PLACEMENT_3D('',#8000,#8001,#8002);
#8004=PLANE('',#8003);
#8005=POLY_LOOP('',(#759,#758,#947));
#8006=FACE_OUTER_BOUND('',#8005,.T.);
#8007=FACE_SURFACE('',(#8006),#8004,.T.);
#8008=CARTESIAN_POINT('',(126.31307983,10.02926636,3.79999995));
#8009=DIRECTION('',(0.,0.,1.));
#8010=DIRECTION('',(0.86657578,-0.49904551,0.));
#8011=AXIS2_PLACEMENT_3D('',#8008,#8009,#8010);
#8012=PLANE('',#8011);
#8013=POLY_LOOP('',(#759,#947,#948));
#8014=FACE_OUTER_BOUND('',#8013,.T.);
#8015=FACE_SURFACE('',(#8014),#8012,.T.);
#8016=CARTESIAN_POINT('',(143.6599884,7.77224731,3.79999995));
#8017=DIRECTION('',(0.,0.,1.));
#8018=DIRECTION('',(0.06542246,0.99785766,0.));
#8019=AXIS2_PLACEMENT_3D('',#8016,#8017,#8018);
#8020=PLANE('',#8019);
#8021=POLY_LOOP('',(#949,#879,#950));
#8022=FACE_OUTER_BOUND('',#8021,.T.);
#8023=FACE_SURFACE('',(#8022),#8020,.T.);
#8024=CARTESIAN_POINT('',(139.51765442,2.42498779,3.79999995));
#8025=DIRECTION('',(0.,0.,1.));
#8026=DIRECTION('',(-0.44229995,0.89686719,0.));
#8027=AXIS2_PLACEMENT_3D('',#8024,#8025,#8026);
#8028=PLANE('',#8027);
#8029=POLY_LOOP('',(#947,#946,#948));
#8030=FACE_OUTER_BOUND('',#8029,.T.);
#8031=FACE_SURFACE('',(#8030),#8028,.T.);
#8032=CARTESIAN_POINT('',(139.6302948,4.14356995,3.79999995));
#8033=DIRECTION('',(0.,0.,1.));
#8034=DIRECTION('',(0.,1.,0.));
#8035=AXIS2_PLACEMENT_3D('',#8032,#8033,#8034);
#8036=PLANE('',#8035);
#8037=POLY_LOOP('',(#751,#743,#748));
#8038=FACE_OUTER_BOUND('',#8037,.T.);
#8039=FACE_SURFACE('',(#8038),#8036,.T.);
#8040=CARTESIAN_POINT('',(140.85998535,12.80198669,3.79999995));
#8041=DIRECTION('',(0.,0.,1.));
#8042=DIRECTION('',(-0.9978588,0.06540499,0.));
#8043=AXIS2_PLACEMENT_3D('',#8040,#8041,#8042);
#8044=PLANE('',#8043);
#8045=POLY_LOOP('',(#877,#878,#876));
#8046=FACE_OUTER_BOUND('',#8045,.T.);
#8047=FACE_SURFACE('',(#8046),#8044,.T.);
#8048=CARTESIAN_POINT('',(144.22758484,9.89054871,3.79999995));
#8049=DIRECTION('',(0.,0.,1.));
#8050=DIRECTION('',(0.55558945,0.83145677,0.));
#8051=AXIS2_PLACEMENT_3D('',#8048,#8049,#8050);
#8052=PLANE('',#8051);
#8053=POLY_LOOP('',(#871,#867,#872));
#8054=FACE_OUTER_BOUND('',#8053,.T.);
#8055=FACE_SURFACE('',(#8054),#8052,.T.);
#8056=CARTESIAN_POINT('',(144.53547668,10.35131836,3.79999995));
#8057=DIRECTION('',(0.,0.,1.));
#8058=DIRECTION('',(-0.70206769,0.71211022,0.));
#8059=AXIS2_PLACEMENT_3D('',#8056,#8057,#8058);
#8060=PLANE('',#8059);
#8061=POLY_LOOP('',(#867,#869,#872));
#8062=FACE_OUTER_BOUND('',#8061,.T.);
#8063=FACE_SURFACE('',(#8062),#8060,.T.);
#8064=CARTESIAN_POINT('',(144.90086365,10.76797485,3.79999995));
#8065=DIRECTION('',(0.,0.,1.));
#8066=DIRECTION('',(-0.76387129,0.64536861,0.));
#8067=AXIS2_PLACEMENT_3D('',#8064,#8065,#8066);
#8068=PLANE('',#8067);
#8069=POLY_LOOP('',(#820,#868,#867));
#8070=FACE_OUTER_BOUND('',#8069,.T.);
#8071=FACE_SURFACE('',(#8070),#8068,.T.);
#8072=CARTESIAN_POINT('',(142.08969116,13.40841675,3.79999995));
#8073=DIRECTION('',(0.,0.,1.));
#8074=DIRECTION('',(-0.65934603,-0.75183962,0.));
#8075=AXIS2_PLACEMENT_3D('',#8072,#8073,#8074);
#8076=PLANE('',#8075);
#8077=POLY_LOOP('',(#819,#868,#820));
#8078=FACE_OUTER_BOUND('',#8077,.T.);
#8079=FACE_SURFACE('',(#8078),#8076,.T.);
#8080=CARTESIAN_POINT('',(142.20233154,13.57699585,3.79999995));
#8081=DIRECTION('',(0.,0.,1.));
#8082=DIRECTION('',(0.69278188,-0.72114719,0.));
#8083=AXIS2_PLACEMENT_3D('',#8080,#8081,#8082);
#8084=PLANE('',#8083);
#8085=POLY_LOOP('',(#821,#820,#865));
#8086=FACE_OUTER_BOUND('',#8085,.T.);
#8087=FACE_SURFACE('',(#8086),#8084,.T.);
#8088=CARTESIAN_POINT('',(142.20233154,13.57699585,3.79999995));
#8089=DIRECTION('',(0.,0.,1.));
#8090=DIRECTION('',(0.78681063,-0.61719449,0.));
#8091=AXIS2_PLACEMENT_3D('',#8088,#8089,#8090);
#8092=PLANE('',#8091);
#8093=POLY_LOOP('',(#821,#865,#866));
#8094=FACE_OUTER_BOUND('',#8093,.T.);
#8095=FACE_SURFACE('',(#8094),#8092,.T.);
#8096=CARTESIAN_POINT('',(142.29200745,13.75883484,3.79999995));
#8097=DIRECTION('',(0.,0.,1.));
#8098=DIRECTION('',(0.83277632,-0.55360961,0.));
#8099=AXIS2_PLACEMENT_3D('',#8096,#8097,#8098);
#8100=PLANE('',#8099);
#8101=POLY_LOOP('',(#866,#862,#864));
#8102=FACE_OUTER_BOUND('',#8101,.T.);
#8103=FACE_SURFACE('',(#8102),#8100,.T.);
#8104=CARTESIAN_POINT('',(145.77828979,11.4412384,3.79999995));
#8105=DIRECTION('',(0.,0.,1.));
#8106=DIRECTION('',(0.89686429,0.44230583,0.));
#8107=AXIS2_PLACEMENT_3D('',#8104,#8105,#8106);
#8108=PLANE('',#8107);
#8109=POLY_LOOP('',(#862,#861,#863));
#8110=FACE_OUTER_BOUND('',#8109,.T.);
#8111=FACE_SURFACE('',(#8110),#8108,.T.);
#8112=CARTESIAN_POINT('',(146.27531433,11.68635559,3.79999995));
#8113=DIRECTION('',(0.,0.,1.));
#8114=DIRECTION('',(-0.82322352,0.56771739,0.));
#8115=AXIS2_PLACEMENT_3D('',#8112,#8113,#8114);
#8116=PLANE('',#8115);
#8117=POLY_LOOP('',(#861,#860,#863));
#8118=FACE_OUTER_BOUND('',#8117,.T.);
#8119=FACE_SURFACE('',(#8118),#8116,.T.);
#8120=CARTESIAN_POINT('',(146.80007935,11.86448669,3.79999995));
#8121=DIRECTION('',(0.,0.,1.));
#8122=DIRECTION('',(-0.85337816,0.52129235,0.));
#8123=AXIS2_PLACEMENT_3D('',#8120,#8121,#8122);
#8124=PLANE('',#8123);
#8125=POLY_LOOP('',(#859,#858,#861));
#8126=FACE_OUTER_BOUND('',#8125,.T.);
#8127=FACE_SURFACE('',(#8126),#8124,.T.);
#8128=CARTESIAN_POINT('',(147.34361267,11.97259521,3.79999995));
#8129=DIRECTION('',(0.,0.,1.));
#8130=DIRECTION('',(-0.87338869,0.48702382,0.));
#8131=AXIS2_PLACEMENT_3D('',#8128,#8129,#8130);
#8132=PLANE('',#8131);
#8133=POLY_LOOP('',(#857,#856,#859));
#8134=FACE_OUTER_BOUND('',#8133,.T.);
#8135=FACE_SURFACE('',(#8134),#8132,.T.);
#8136=CARTESIAN_POINT('',(147.89659119,12.00883484,3.79999995));
#8137=DIRECTION('',(0.,0.,1.));
#8138=DIRECTION('',(-0.87710412,0.48030029,0.));
#8139=AXIS2_PLACEMENT_3D('',#8136,#8137,#8138);
#8140=PLANE('',#8139);
#8141=POLY_LOOP('',(#853,#852,#857));
#8142=FACE_OUTER_BOUND('',#8141,.T.);
#8143=FACE_SURFACE('',(#8142),#8140,.T.);
#8144=CARTESIAN_POINT('',(141.95600891,15.44801331,3.79999995));
#8145=DIRECTION('',(0.,0.,1.));
#8146=DIRECTION('',(0.65934603,-0.75183962,0.));
#8147=AXIS2_PLACEMENT_3D('',#8144,#8145,#8146);
#8148=PLANE('',#8147);
#8149=POLY_LOOP('',(#851,#854,#853));
#8150=FACE_OUTER_BOUND('',#8149,.T.);
#8151=FACE_SURFACE('',(#8150),#8148,.T.);
#8152=CARTESIAN_POINT('',(141.95600891,15.44801331,3.79999995));
#8153=DIRECTION('',(0.,0.,1.));
#8154=DIRECTION('',(0.86543298,-0.5010247,0.));
#8155=AXIS2_PLACEMENT_3D('',#8152,#8153,#8154);
#8156=PLANE('',#8155);
#8157=POLY_LOOP('',(#851,#853,#951));
#8158=FACE_OUTER_BOUND('',#8157,.T.);
#8159=FACE_SURFACE('',(#8158),#8156,.T.);
#8160=CARTESIAN_POINT('',(141.95600891,15.44801331,3.79999995));
#8161=DIRECTION('',(0.,0.,1.));
#8162=DIRECTION('',(0.94949979,-0.31376768,0.));
#8163=AXIS2_PLACEMENT_3D('',#8160,#8161,#8162);
#8164=PLANE('',#8163);
#8165=POLY_LOOP('',(#851,#951,#534));
#8166=FACE_OUTER_BOUND('',#8165,.T.);
#8167=FACE_SURFACE('',(#8166),#8164,.T.);
#8168=CARTESIAN_POINT('',(152.36338806,12.00883484,3.79999995));
#8169=DIRECTION('',(0.,0.,1.));
#8170=DIRECTION('',(0.99785957,-0.06539324,0.));
#8171=AXIS2_PLACEMENT_3D('',#8168,#8169,#8170);
#8172=PLANE('',#8171);
#8173=POLY_LOOP('',(#951,#952,#534));
#8174=FACE_OUTER_BOUND('',#8173,.T.);
#8175=FACE_SURFACE('',(#8174),#8172,.T.);
#8176=CARTESIAN_POINT('',(152.91638184,11.97259521,3.79999995));
#8177=DIRECTION('',(0.,0.,1.));
#8178=DIRECTION('',(0.98078664,-0.19508347,0.));
#8179=AXIS2_PLACEMENT_3D('',#8176,#8177,#8178);
#8180=PLANE('',#8179);
#8181=POLY_LOOP('',(#952,#937,#534));
#8182=FACE_OUTER_BOUND('',#8181,.T.);
#8183=FACE_SURFACE('',(#8182),#8180,.T.);
#8184=CARTESIAN_POINT('',(154.48168945,11.4412384,3.79999995));
#8185=DIRECTION('',(0.,0.,1.));
#8186=DIRECTION('',(0.99170786,-0.12851273,0.));
#8187=AXIS2_PLACEMENT_3D('',#8184,#8185,#8186);
#8188=PLANE('',#8187);
#8189=POLY_LOOP('',(#953,#954,#955));
#8190=FACE_OUTER_BOUND('',#8189,.T.);
#8191=FACE_SURFACE('',(#8190),#8188,.T.);
#8192=CARTESIAN_POINT('',(154.94247437,11.13336182,3.79999995));
#8193=DIRECTION('',(0.,0.,1.));
#8194=DIRECTION('',(0.97153111,-0.23691199,0.));
#8195=AXIS2_PLACEMENT_3D('',#8192,#8193,#8194);
#8196=PLANE('',#8195);
#8197=POLY_LOOP('',(#956,#957,#954));
#8198=FACE_OUTER_BOUND('',#8197,.T.);
#8199=FACE_SURFACE('',(#8198),#8196,.T.);
#8200=CARTESIAN_POINT('',(155.3591156,10.76797485,3.79999995));
#8201=DIRECTION('',(0.,0.,1.));
#8202=DIRECTION('',(0.65935018,-0.75183598,0.));
#8203=AXIS2_PLACEMENT_3D('',#8200,#8201,#8202);
#8204=PLANE('',#8203);
#8205=POLY_LOOP('',(#958,#959,#957));
#8206=FACE_OUTER_BOUND('',#8205,.T.);
#8207=FACE_SURFACE('',(#8206),#8204,.T.);
#8208=CARTESIAN_POINT('',(156.07546997,10.35131836,3.79999995));
#8209=DIRECTION('',(0.,0.,1.));
#8210=DIRECTION('',(0.65933462,0.75184963,0.));
#8211=AXIS2_PLACEMENT_3D('',#8208,#8209,#8210);
#8212=PLANE('',#8211);
#8213=POLY_LOOP('',(#960,#957,#959));
#8214=FACE_OUTER_BOUND('',#8213,.T.);
#8215=FACE_SURFACE('',(#8214),#8212,.T.);
#8216=CARTESIAN_POINT('',(156.07546997,10.35131836,3.79999995));
#8217=DIRECTION('',(0.,0.,1.));
#8218=DIRECTION('',(-1.,0.,0.));
#8219=AXIS2_PLACEMENT_3D('',#8216,#8217,#8218);
#8220=PLANE('',#8219);
#8221=POLY_LOOP('',(#960,#959,#961));
#8222=FACE_OUTER_BOUND('',#8221,.T.);
#8223=FACE_SURFACE('',(#8222),#8220,.T.);
#8224=CARTESIAN_POINT('',(156.44085693,10.76797485,3.79999995));
#8225=DIRECTION('',(0.,0.,1.));
#8226=DIRECTION('',(-0.97153111,0.23691199,0.));
#8227=AXIS2_PLACEMENT_3D('',#8224,#8225,#8226);
#8228=PLANE('',#8227);
#8229=POLY_LOOP('',(#957,#956,#958));
#8230=FACE_OUTER_BOUND('',#8229,.T.);
#8231=FACE_SURFACE('',(#8230),#8228,.T.);
#8232=CARTESIAN_POINT('',(156.85751343,11.13336182,3.79999995));
#8233=DIRECTION('',(0.,0.,1.));
#8234=DIRECTION('',(-0.99170786,0.12851273,0.));
#8235=AXIS2_PLACEMENT_3D('',#8232,#8233,#8234);
#8236=PLANE('',#8235);
#8237=POLY_LOOP('',(#954,#953,#956));
#8238=FACE_OUTER_BOUND('',#8237,.T.);
#8239=FACE_SURFACE('',(#8238),#8236,.T.);
#8240=CARTESIAN_POINT('',(157.31829834,11.4412384,3.79999995));
#8241=DIRECTION('',(0.,0.,1.));
#8242=DIRECTION('',(-0.99730769,0.07333058,0.));
#8243=AXIS2_PLACEMENT_3D('',#8240,#8241,#8242);
#8244=PLANE('',#8243);
#8245=POLY_LOOP('',(#955,#936,#953));
#8246=FACE_OUTER_BOUND('',#8245,.T.);
#8247=FACE_SURFACE('',(#8246),#8244,.T.);
#8248=CARTESIAN_POINT('',(157.81532288,11.68635559,3.79999995));
#8249=DIRECTION('',(0.,0.,1.));
#8250=DIRECTION('',(-1.,0.,0.));
#8251=AXIS2_PLACEMENT_3D('',#8248,#8249,#8250);
#8252=PLANE('',#8251);
#8253=POLY_LOOP('',(#962,#936,#955));
#8254=FACE_OUTER_BOUND('',#8253,.T.);
#8255=FACE_SURFACE('',(#8254),#8252,.T.);
#8256=CARTESIAN_POINT('',(161.16999817,17.00198364,3.79999995));
#8257=DIRECTION('',(0.,0.,1.));
#8258=DIRECTION('',(-0.80392313,-0.59473322,0.));
#8259=AXIS2_PLACEMENT_3D('',#8256,#8257,#8258);
#8260=PLANE('',#8259);
#8261=POLY_LOOP('',(#534,#936,#962));
#8262=FACE_OUTER_BOUND('',#8261,.T.);
#8263=FACE_SURFACE('',(#8262),#8260,.T.);
#8264=CARTESIAN_POINT('',(161.16999817,17.00198364,3.79999995));
#8265=DIRECTION('',(0.,0.,1.));
#8266=DIRECTION('',(-0.53370142,-0.84567298,0.));
#8267=AXIS2_PLACEMENT_3D('',#8264,#8265,#8266);
#8268=PLANE('',#8267);
#8269=POLY_LOOP('',(#534,#962,#963));
#8270=FACE_OUTER_BOUND('',#8269,.T.);
#8271=FACE_SURFACE('',(#8270),#8268,.T.);
#8272=CARTESIAN_POINT('',(161.16999817,17.00198364,3.79999995));
#8273=DIRECTION('',(0.,0.,1.));
#8274=DIRECTION('',(-0.4824818,-0.875906,0.));
#8275=AXIS2_PLACEMENT_3D('',#8272,#8273,#8274);
#8276=PLANE('',#8275);
#8277=POLY_LOOP('',(#534,#963,#747));
#8278=FACE_OUTER_BOUND('',#8277,.T.);
#8279=FACE_SURFACE('',(#8278),#8276,.T.);
#8280=CARTESIAN_POINT('',(163.90339661,12.00883484,3.79999995));
#8281=DIRECTION('',(0.,0.,1.));
#8282=DIRECTION('',(-0.48018691,0.87716619,0.));
#8283=AXIS2_PLACEMENT_3D('',#8280,#8281,#8282);
#8284=PLANE('',#8283);
#8285=POLY_LOOP('',(#964,#534,#746));
#8286=FACE_OUTER_BOUND('',#8285,.T.);
#8287=FACE_SURFACE('',(#8286),#8284,.T.);
#8288=CARTESIAN_POINT('',(164.45637512,11.97259521,3.79999995));
#8289=DIRECTION('',(0.,0.,1.));
#8290=DIRECTION('',(-0.54700806,0.83712734,0.));
#8291=AXIS2_PLACEMENT_3D('',#8288,#8289,#8290);
#8292=PLANE('',#8291);
#8293=POLY_LOOP('',(#965,#534,#964));
#8294=FACE_OUTER_BOUND('',#8293,.T.);
#8295=FACE_SURFACE('',(#8294),#8292,.T.);
#8296=CARTESIAN_POINT('',(164.99990845,11.86448669,3.79999995));
#8297=DIRECTION('',(0.,0.,1.));
#8298=DIRECTION('',(-0.59767912,0.80173541,0.));
#8299=AXIS2_PLACEMENT_3D('',#8296,#8297,#8298);
#8300=PLANE('',#8299);
#8301=POLY_LOOP('',(#966,#534,#965));
#8302=FACE_OUTER_BOUND('',#8301,.T.);
#8303=FACE_SURFACE('',(#8302),#8300,.T.);
#8304=CARTESIAN_POINT('',(169.55000305,19.79399109,3.79999995));
#8305=DIRECTION('',(0.,0.,1.));
#8306=DIRECTION('',(-0.94872838,-0.3160925,0.));
#8307=AXIS2_PLACEMENT_3D('',#8304,#8305,#8306);
#8308=PLANE('',#8307);
#8309=POLY_LOOP('',(#535,#534,#966));
#8310=FACE_OUTER_BOUND('',#8309,.T.);
#8311=FACE_SURFACE('',(#8310),#8308,.T.);
#8312=CARTESIAN_POINT('',(169.55000305,19.79399109,3.79999995));
#8313=DIRECTION('',(0.,0.,1.));
#8314=DIRECTION('',(-0.49770064,-0.86734887,0.));
#8315=AXIS2_PLACEMENT_3D('',#8312,#8313,#8314);
#8316=PLANE('',#8315);
#8317=POLY_LOOP('',(#535,#966,#967));
#8318=FACE_OUTER_BOUND('',#8317,.T.);
#8319=FACE_SURFACE('',(#8318),#8316,.T.);
#8320=CARTESIAN_POINT('',(169.55000305,19.79399109,3.79999995));
#8321=DIRECTION('',(0.,0.,1.));
#8322=DIRECTION('',(-0.44469406,-0.89568253,0.));
#8323=AXIS2_PLACEMENT_3D('',#8320,#8321,#8322);
#8324=PLANE('',#8323);
#8325=POLY_LOOP('',(#535,#967,#968));
#8326=FACE_OUTER_BOUND('',#8325,.T.);
#8327=FACE_SURFACE('',(#8326),#8324,.T.);
#8328=CARTESIAN_POINT('',(169.55000305,19.79399109,3.79999995));
#8329=DIRECTION('',(0.,0.,1.));
#8330=DIRECTION('',(-0.3891206,-0.92118682,0.));
#8331=AXIS2_PLACEMENT_3D('',#8328,#8329,#8330);
#8332=PLANE('',#8331);
#8333=POLY_LOOP('',(#535,#968,#969));
#8334=FACE_OUTER_BOUND('',#8333,.T.);
#8335=FACE_SURFACE('',(#8334),#8332,.T.);
#8336=CARTESIAN_POINT('',(169.55000305,19.79399109,3.79999995));
#8337=DIRECTION('',(0.,0.,1.));
#8338=DIRECTION('',(-0.33386931,-0.94261937,0.));
#8339=AXIS2_PLACEMENT_3D('',#8336,#8337,#8338);
#8340=PLANE('',#8339);
#8341=POLY_LOOP('',(#535,#969,#970));
#8342=FACE_OUTER_BOUND('',#8341,.T.);
#8343=FACE_SURFACE('',(#8342),#8340,.T.);
#8344=CARTESIAN_POINT('',(169.55000305,19.79399109,3.79999995));
#8345=DIRECTION('',(0.,0.,1.));
#8346=DIRECTION('',(-0.28179141,-0.95947569,0.));
#8347=AXIS2_PLACEMENT_3D('',#8344,#8345,#8346);
#8348=PLANE('',#8347);
#8349=POLY_LOOP('',(#535,#970,#971));
#8350=FACE_OUTER_BOUND('',#8349,.T.);
#8351=FACE_SURFACE('',(#8350),#8348,.T.);
#8352=CARTESIAN_POINT('',(169.55000305,19.79399109,3.79999995));
#8353=DIRECTION('',(0.,0.,1.));
#8354=DIRECTION('',(-0.23524606,-0.97193585,0.));
#8355=AXIS2_PLACEMENT_3D('',#8352,#8353,#8354);
#8356=PLANE('',#8355);
#8357=POLY_LOOP('',(#535,#971,#972));
#8358=FACE_OUTER_BOUND('',#8357,.T.);
#8359=FACE_SURFACE('',(#8358),#8356,.T.);
#8360=CARTESIAN_POINT('',(169.55000305,19.79399109,3.79999995));
#8361=DIRECTION('',(0.,0.,1.));
#8362=DIRECTION('',(-0.19582208,-0.98063944,0.));
#8363=AXIS2_PLACEMENT_3D('',#8360,#8361,#8362);
#8364=PLANE('',#8363);
#8365=POLY_LOOP('',(#535,#972,#973));
#8366=FACE_OUTER_BOUND('',#8365,.T.);
#8367=FACE_SURFACE('',(#8366),#8364,.T.);
#8368=CARTESIAN_POINT('',(169.55000305,19.79399109,3.79999995));
#8369=DIRECTION('',(0.,0.,1.));
#8370=DIRECTION('',(-0.16431474,-0.98640796,0.));
#8371=AXIS2_PLACEMENT_3D('',#8368,#8369,#8370);
#8372=PLANE('',#8371);
#8373=POLY_LOOP('',(#535,#973,#974));
#8374=FACE_OUTER_BOUND('',#8373,.T.);
#8375=FACE_SURFACE('',(#8374),#8372,.T.);
#8376=CARTESIAN_POINT('',(169.55000305,19.79399109,3.79999995));
#8377=DIRECTION('',(0.,0.,1.));
#8378=DIRECTION('',(-0.12511325,-0.99214247,0.));
#8379=AXIS2_PLACEMENT_3D('',#8376,#8377,#8378);
#8380=PLANE('',#8379);
#8381=POLY_LOOP('',(#535,#975,#976));
#8382=FACE_OUTER_BOUND('',#8381,.T.);
#8383=FACE_SURFACE('',(#8382),#8380,.T.);
#8384=CARTESIAN_POINT('',(169.55000305,19.79399109,3.79999995));
#8385=DIRECTION('',(0.,0.,1.));
#8386=DIRECTION('',(-0.14085472,-0.99003028,0.));
#8387=AXIS2_PLACEMENT_3D('',#8384,#8385,#8386);
#8388=PLANE('',#8387);
#8389=POLY_LOOP('',(#535,#974,#975));
#8390=FACE_OUTER_BOUND('',#8389,.T.);
#8391=FACE_SURFACE('',(#8390),#8388,.T.);
#8392=CARTESIAN_POINT('',(169.55000305,19.79399109,3.79999995));
#8393=DIRECTION('',(0.,0.,1.));
#8394=DIRECTION('',(-0.11648928,-0.99319195,0.));
#8395=AXIS2_PLACEMENT_3D('',#8392,#8393,#8394);
#8396=PLANE('',#8395);
#8397=POLY_LOOP('',(#535,#976,#935));
#8398=FACE_OUTER_BOUND('',#8397,.T.);
#8399=FACE_SURFACE('',(#8398),#8396,.T.);
#8400=CARTESIAN_POINT('',(168.13999939,7.77224731,3.79999995));
#8401=DIRECTION('',(0.,0.,1.));
#8402=DIRECTION('',(-0.06542066,-0.99785777,0.));
#8403=AXIS2_PLACEMENT_3D('',#8400,#8401,#8402);
#8404=PLANE('',#8403);
#8405=POLY_LOOP('',(#976,#977,#935));
#8406=FACE_OUTER_BOUND('',#8405,.T.);
#8407=FACE_SURFACE('',(#8406),#8404,.T.);
#8408=CARTESIAN_POINT('',(168.10374451,7.21925354,3.79999995));
#8409=DIRECTION('',(0.,0.,1.));
#8410=DIRECTION('',(-0.19508347,-0.98078664,0.));
#8411=AXIS2_PLACEMENT_3D('',#8408,#8409,#8410);
#8412=PLANE('',#8411);
#8413=POLY_LOOP('',(#977,#978,#935));
#8414=FACE_OUTER_BOUND('',#8413,.T.);
#8415=FACE_SURFACE('',(#8414),#8412,.T.);
#8416=CARTESIAN_POINT('',(167.99563599,6.67573547,3.79999995));
#8417=DIRECTION('',(0.,0.,1.));
#8418=DIRECTION('',(-0.32143523,-0.94693157,0.));
#8419=AXIS2_PLACEMENT_3D('',#8416,#8417,#8418);
#8420=PLANE('',#8419);
#8421=POLY_LOOP('',(#978,#979,#935));
#8422=FACE_OUTER_BOUND('',#8421,.T.);
#8423=FACE_SURFACE('',(#8422),#8420,.T.);
#8424=CARTESIAN_POINT('',(167.81750488,6.15097046,3.79999995));
#8425=DIRECTION('',(0.,0.,1.));
#8426=DIRECTION('',(-0.44228369,-0.89687521,0.));
#8427=AXIS2_PLACEMENT_3D('',#8424,#8425,#8426);
#8428=PLANE('',#8427);
#8429=POLY_LOOP('',(#979,#980,#935));
#8430=FACE_OUTER_BOUND('',#8429,.T.);
#8431=FACE_SURFACE('',(#8430),#8428,.T.);
#8432=CARTESIAN_POINT('',(167.57240295,5.65394592,3.79999995));
#8433=DIRECTION('',(0.,0.,1.));
#8434=DIRECTION('',(-0.55557673,-0.83146527,0.));
#8435=AXIS2_PLACEMENT_3D('',#8432,#8433,#8434);
#8436=PLANE('',#8435);
#8437=POLY_LOOP('',(#980,#981,#935));
#8438=FACE_OUTER_BOUND('',#8437,.T.);
#8439=FACE_SURFACE('',(#8438),#8436,.T.);
#8440=CARTESIAN_POINT('',(167.26451111,5.19316101,3.79999995));
#8441=DIRECTION('',(0.,0.,1.));
#8442=DIRECTION('',(-0.65934827,-0.75183766,0.));
#8443=AXIS2_PLACEMENT_3D('',#8440,#8441,#8442);
#8444=PLANE('',#8443);
#8445=POLY_LOOP('',(#981,#982,#935));
#8446=FACE_OUTER_BOUND('',#8445,.T.);
#8447=FACE_SURFACE('',(#8446),#8444,.T.);
#8448=CARTESIAN_POINT('',(166.89912415,4.77651978,3.79999995));
#8449=DIRECTION('',(0.,0.,1.));
#8450=DIRECTION('',(-0.75183598,-0.65935018,0.));
#8451=AXIS2_PLACEMENT_3D('',#8448,#8449,#8450);
#8452=PLANE('',#8451);
#8453=POLY_LOOP('',(#982,#983,#935));
#8454=FACE_OUTER_BOUND('',#8453,.T.);
#8455=FACE_SURFACE('',(#8454),#8452,.T.);
#8456=CARTESIAN_POINT('',(166.48246765,4.41111755,3.79999995));
#8457=DIRECTION('',(0.,0.,1.));
#8458=DIRECTION('',(-0.83146949,-0.55557042,0.));
#8459=AXIS2_PLACEMENT_3D('',#8456,#8457,#8458);
#8460=PLANE('',#8459);
#8461=POLY_LOOP('',(#983,#984,#935));
#8462=FACE_OUTER_BOUND('',#8461,.T.);
#8463=FACE_SURFACE('',(#8462),#8460,.T.);
#8464=CARTESIAN_POINT('',(166.021698,4.10324097,3.79999995));
#8465=DIRECTION('',(0.,0.,1.));
#8466=DIRECTION('',(-0.89687521,-0.44228369,0.));
#8467=AXIS2_PLACEMENT_3D('',#8464,#8465,#8466);
#8468=PLANE('',#8467);
#8469=POLY_LOOP('',(#984,#985,#935));
#8470=FACE_OUTER_BOUND('',#8469,.T.);
#8471=FACE_SURFACE('',(#8470),#8468,.T.);
#8472=CARTESIAN_POINT('',(165.52467346,3.85813904,3.79999995));
#8473=DIRECTION('',(0.,0.,1.));
#8474=DIRECTION('',(-0.94693157,-0.32143523,0.));
#8475=AXIS2_PLACEMENT_3D('',#8472,#8473,#8474);
#8476=PLANE('',#8475);
#8477=POLY_LOOP('',(#985,#986,#935));
#8478=FACE_OUTER_BOUND('',#8477,.T.);
#8479=FACE_SURFACE('',(#8478),#8476,.T.);
#8480=CARTESIAN_POINT('',(164.99990845,3.68000793,3.79999995));
#8481=DIRECTION('',(0.,0.,1.));
#8482=DIRECTION('',(-0.98078242,-0.19510469,0.));
#8483=AXIS2_PLACEMENT_3D('',#8480,#8481,#8482);
#8484=PLANE('',#8483);
#8485=POLY_LOOP('',(#986,#987,#935));
#8486=FACE_OUTER_BOUND('',#8485,.T.);
#8487=FACE_SURFACE('',(#8486),#8484,.T.);
#8488=CARTESIAN_POINT('',(164.45637512,3.57188416,3.79999995));
#8489=DIRECTION('',(0.,0.,1.));
#8490=DIRECTION('',(-0.99785945,-0.06539504,0.));
#8491=AXIS2_PLACEMENT_3D('',#8488,#8489,#8490);
#8492=PLANE('',#8491);
#8493=POLY_LOOP('',(#987,#933,#935));
#8494=FACE_OUTER_BOUND('',#8493,.T.);
#8495=FACE_SURFACE('',(#8494),#8492,.T.);
#8496=CARTESIAN_POINT('',(158.88360596,3.57188416,3.79999995));
#8497=DIRECTION('',(0.,0.,1.));
#8498=DIRECTION('',(0.95973705,-0.28089999,0.));
#8499=AXIS2_PLACEMENT_3D('',#8496,#8497,#8498);
#8500=PLANE('',#8499);
#8501=POLY_LOOP('',(#988,#935,#934));
#8502=FACE_OUTER_BOUND('',#8501,.T.);
#8503=FACE_SURFACE('',(#8502),#8500,.T.);
#8504=CARTESIAN_POINT('',(152.91638184,3.57188416,3.79999995));
#8505=DIRECTION('',(0.,0.,1.));
#8506=DIRECTION('',(0.98283917,-0.18446453,0.));
#8507=AXIS2_PLACEMENT_3D('',#8504,#8505,#8506);
#8508=PLANE('',#8507);
#8509=POLY_LOOP('',(#989,#935,#988));
#8510=FACE_OUTER_BOUND('',#8509,.T.);
#8511=FACE_SURFACE('',(#8510),#8508,.T.);
#8512=CARTESIAN_POINT('',(153.4598999,3.68000793,3.79999995));
#8513=DIRECTION('',(0.,0.,1.));
#8514=DIRECTION('',(-0.98078137,-0.19510996,0.));
#8515=AXIS2_PLACEMENT_3D('',#8512,#8513,#8514);
#8516=PLANE('',#8515);
#8517=POLY_LOOP('',(#990,#989,#991));
#8518=FACE_OUTER_BOUND('',#8517,.T.);
#8519=FACE_SURFACE('',(#8518),#8516,.T.);
#8520=CARTESIAN_POINT('',(157.31829834,4.10324097,3.79999995));
#8521=DIRECTION('',(0.,0.,1.));
#8522=DIRECTION('',(-0.99730802,-0.07332603,0.));
#8523=AXIS2_PLACEMENT_3D('',#8520,#8521,#8522);
#8524=PLANE('',#8523);
#8525=POLY_LOOP('',(#992,#993,#994));
#8526=FACE_OUTER_BOUND('',#8525,.T.);
#8527=FACE_SURFACE('',(#8526),#8524,.T.);
#8528=CARTESIAN_POINT('',(156.85751343,4.41111755,3.79999995));
#8529=DIRECTION('',(0.,0.,1.));
#8530=DIRECTION('',(-0.99170786,-0.12851273,0.));
#8531=AXIS2_PLACEMENT_3D('',#8528,#8529,#8530);
#8532=PLANE('',#8531);
#8533=POLY_LOOP('',(#995,#996,#992));
#8534=FACE_OUTER_BOUND('',#8533,.T.);
#8535=FACE_SURFACE('',(#8534),#8532,.T.);
#8536=CARTESIAN_POINT('',(156.44085693,4.77651978,3.79999995));
#8537=DIRECTION('',(0.,0.,1.));
#8538=DIRECTION('',(-0.97152884,-0.23692133,0.));
#8539=AXIS2_PLACEMENT_3D('',#8536,#8537,#8538);
#8540=PLANE('',#8539);
#8541=POLY_LOOP('',(#997,#998,#995));
#8542=FACE_OUTER_BOUND('',#8541,.T.);
#8543=FACE_SURFACE('',(#8542),#8540,.T.);
#8544=CARTESIAN_POINT('',(155.3591156,4.77651978,3.79999995));
#8545=DIRECTION('',(0.,0.,1.));
#8546=DIRECTION('',(-0.75182401,-0.65936383,0.));
#8547=AXIS2_PLACEMENT_3D('',#8544,#8545,#8546);
#8548=PLANE('',#8547);
#8549=POLY_LOOP('',(#999,#998,#997));
#8550=FACE_OUTER_BOUND('',#8549,.T.);
#8551=FACE_SURFACE('',(#8550),#8548,.T.);
#8552=CARTESIAN_POINT('',(155.72451782,5.19316101,3.79999995));
#8553=DIRECTION('',(0.,0.,1.));
#8554=DIRECTION('',(0.86442065,-0.50276927,0.));
#8555=AXIS2_PLACEMENT_3D('',#8552,#8553,#8554);
#8556=PLANE('',#8555);
#8557=POLY_LOOP('',(#1000,#997,#1001));
#8558=FACE_OUTER_BOUND('',#8557,.T.);
#8559=FACE_SURFACE('',(#8558),#8556,.T.);
#8560=CARTESIAN_POINT('',(155.72451782,5.19316101,3.79999995));
#8561=DIRECTION('',(0.,0.,1.));
#8562=DIRECTION('',(1.,0.,0.));
#8563=AXIS2_PLACEMENT_3D('',#8560,#8561,#8562);
#8564=PLANE('',#8563);
#8565=POLY_LOOP('',(#1000,#1001,#1002));
#8566=FACE_OUTER_BOUND('',#8565,.T.);
#8567=FACE_SURFACE('',(#8566),#8564,.T.);
#8568=CARTESIAN_POINT('',(155.3591156,4.77651978,3.79999995));
#8569=DIRECTION('',(0.,0.,1.));
#8570=DIRECTION('',(1.,0.,0.));
#8571=AXIS2_PLACEMENT_3D('',#8568,#8569,#8570);
#8572=PLANE('',#8571);
#8573=POLY_LOOP('',(#999,#997,#1000));
#8574=FACE_OUTER_BOUND('',#8573,.T.);
#8575=FACE_SURFACE('',(#8574),#8572,.T.);
#8576=CARTESIAN_POINT('',(154.94247437,4.41111755,3.79999995));
#8577=DIRECTION('',(0.,0.,1.));
#8578=DIRECTION('',(-0.83147799,-0.5555577,0.));
#8579=AXIS2_PLACEMENT_3D('',#8576,#8577,#8578);
#8580=PLANE('',#8579);
#8581=POLY_LOOP('',(#998,#996,#995));
#8582=FACE_OUTER_BOUND('',#8581,.T.);
#8583=FACE_SURFACE('',(#8582),#8580,.T.);
#8584=CARTESIAN_POINT('',(154.48168945,4.10324097,3.79999995));
#8585=DIRECTION('',(0.,0.,1.));
#8586=DIRECTION('',(-0.89687521,-0.44228369,0.));
#8587=AXIS2_PLACEMENT_3D('',#8584,#8585,#8586);
#8588=PLANE('',#8587);
#8589=POLY_LOOP('',(#996,#993,#992));
#8590=FACE_OUTER_BOUND('',#8589,.T.);
#8591=FACE_SURFACE('',(#8590),#8588,.T.);
#8592=CARTESIAN_POINT('',(153.98466492,3.85813904,3.79999995));
#8593=DIRECTION('',(0.,0.,1.));
#8594=DIRECTION('',(0.99916469,-0.04086467,0.));
#8595=AXIS2_PLACEMENT_3D('',#8592,#8593,#8594);
#8596=PLANE('',#8595);
#8597=POLY_LOOP('',(#993,#991,#994));
#8598=FACE_OUTER_BOUND('',#8597,.T.);
#8599=FACE_SURFACE('',(#8598),#8596,.T.);
#8600=CARTESIAN_POINT('',(153.4598999,3.68000793,3.79999995));
#8601=DIRECTION('',(0.,0.,1.));
#8602=DIRECTION('',(1.,0.,0.));
#8603=AXIS2_PLACEMENT_3D('',#8600,#8601,#8602);
#8604=PLANE('',#8603);
#8605=POLY_LOOP('',(#990,#991,#993));
#8606=FACE_OUTER_BOUND('',#8605,.T.);
#8607=FACE_SURFACE('',(#8606),#8604,.T.);
#8608=CARTESIAN_POINT('',(152.91638184,3.57188416,3.79999995));
#8609=DIRECTION('',(0.,0.,1.));
#8610=DIRECTION('',(1.,0.,0.));
#8611=AXIS2_PLACEMENT_3D('',#8608,#8609,#8610);
#8612=PLANE('',#8611);
#8613=POLY_LOOP('',(#989,#988,#991));
#8614=FACE_OUTER_BOUND('',#8613,.T.);
#8615=FACE_SURFACE('',(#8614),#8612,.T.);
#8616=CARTESIAN_POINT('',(152.36338806,3.53564453,3.79999995));
#8617=DIRECTION('',(0.,0.,1.));
#8618=DIRECTION('',(0.98426254,-0.17671236,0.));
#8619=AXIS2_PLACEMENT_3D('',#8616,#8617,#8618);
#8620=PLANE('',#8619);
#8621=POLY_LOOP('',(#1003,#935,#989));
#8622=FACE_OUTER_BOUND('',#8621,.T.);
#8623=FACE_SURFACE('',(#8622),#8620,.T.);
#8624=CARTESIAN_POINT('',(22.90231323,1.66325378,3.79999995));
#8625=DIRECTION('',(0.,0.,1.));
#8626=DIRECTION('',(1.,0.,0.));
#8627=AXIS2_PLACEMENT_3D('',#8624,#8625,#8626);
#8628=PLANE('',#8627);
#8629=POLY_LOOP('',(#642,#938,#640));
#8630=FACE_OUTER_BOUND('',#8629,.T.);
#8631=FACE_SURFACE('',(#8630),#8628,.T.);
#8632=CARTESIAN_POINT('',(22.10682678,1.76797485,3.79999995));
#8633=DIRECTION('',(0.,0.,1.));
#8634=DIRECTION('',(-0.9643688,0.26456157,0.));
#8635=AXIS2_PLACEMENT_3D('',#8632,#8633,#8634);
#8636=PLANE('',#8635);
#8637=POLY_LOOP('',(#942,#884,#639));
#8638=FACE_OUTER_BOUND('',#8637,.T.);
#8639=FACE_SURFACE('',(#8638),#8636,.T.);
#8640=CARTESIAN_POINT('',(0.44999695,0.44999695,3.79999995));
#8641=DIRECTION('',(0.,0.,1.));
#8642=DIRECTION('',(0.99854881,0.05385418,0.));
#8643=AXIS2_PLACEMENT_3D('',#8640,#8641,#8642);
#8644=PLANE('',#8643);
#8645=POLY_LOOP('',(#639,#928,#1004));
#8646=FACE_OUTER_BOUND('',#8645,.T.);
#8647=FACE_SURFACE('',(#8646),#8644,.T.);
#8648=CARTESIAN_POINT('',(0.44999695,0.44999695,3.79999995));
#8649=DIRECTION('',(0.,0.,1.));
#8650=DIRECTION('',(0.99836012,0.05724577,0.));
#8651=AXIS2_PLACEMENT_3D('',#8648,#8649,#8650);
#8652=PLANE('',#8651);
#8653=POLY_LOOP('',(#639,#1005,#942));
#8654=FACE_OUTER_BOUND('',#8653,.T.);
#8655=FACE_SURFACE('',(#8654),#8652,.T.);
#8656=CARTESIAN_POINT('',(0.44999695,0.44999695,3.79999995));
#8657=DIRECTION('',(0.,0.,1.));
#8658=DIRECTION('',(0.99848935,0.05494564,0.));
#8659=AXIS2_PLACEMENT_3D('',#8656,#8657,#8658);
#8660=PLANE('',#8659);
#8661=POLY_LOOP('',(#639,#1004,#1005));
#8662=FACE_OUTER_BOUND('',#8661,.T.);
#8663=FACE_SURFACE('',(#8662),#8660,.T.);
#8664=CARTESIAN_POINT('',(21.92498779,1.85765076,3.79999995));
#8665=DIRECTION('',(0.,0.,1.));
#8666=DIRECTION('',(-0.83147092,0.55556828,0.));
#8667=AXIS2_PLACEMENT_3D('',#8664,#8665,#8666);
#8668=PLANE('',#8667);
#8669=POLY_LOOP('',(#943,#925,#884));
#8670=FACE_OUTER_BOUND('',#8669,.T.);
#8671=FACE_SURFACE('',(#8670),#8668,.T.);
#8672=CARTESIAN_POINT('',(21.60397339,2.10397339,3.79999995));
#8673=DIRECTION('',(0.,0.,1.));
#8674=DIRECTION('',(-0.95093525,0.30938997,0.));
#8675=AXIS2_PLACEMENT_3D('',#8672,#8673,#8674);
#8676=PLANE('',#8675);
#8677=POLY_LOOP('',(#1006,#1007,#926));
#8678=FACE_OUTER_BOUND('',#8677,.T.);
#8679=FACE_SURFACE('',(#8678),#8676,.T.);
#8680=CARTESIAN_POINT('',(21.75640869,1.97029114,3.79999995));
#8681=DIRECTION('',(0.,0.,1.));
#8682=DIRECTION('',(-0.75183962,0.65934603,0.));
#8683=AXIS2_PLACEMENT_3D('',#8680,#8681,#8682);
#8684=PLANE('',#8683);
#8685=POLY_LOOP('',(#925,#1006,#926));
#8686=FACE_OUTER_BOUND('',#8685,.T.);
#8687=FACE_SURFACE('',(#8686),#8684,.T.);
#8688=CARTESIAN_POINT('',(21.47029114,2.25640869,3.79999995));
#8689=DIRECTION('',(0.,0.,1.));
#8690=DIRECTION('',(-0.93395168,0.35739929,0.));
#8691=AXIS2_PLACEMENT_3D('',#8688,#8689,#8690);
#8692=PLANE('',#8691);
#8693=POLY_LOOP('',(#1008,#644,#1007));
#8694=FACE_OUTER_BOUND('',#8693,.T.);
#8695=FACE_SURFACE('',(#8694),#8692,.T.);
#8696=CARTESIAN_POINT('',(21.60397339,2.10397339,3.79999995));
#8697=DIRECTION('',(0.,0.,1.));
#8698=DIRECTION('',(-0.65934603,0.75183962,0.));
#8699=AXIS2_PLACEMENT_3D('',#8696,#8697,#8698);
#8700=PLANE('',#8699);
#8701=POLY_LOOP('',(#1006,#1008,#1007));
#8702=FACE_OUTER_BOUND('',#8701,.T.);
#8703=FACE_SURFACE('',(#8702),#8700,.T.);
#8704=CARTESIAN_POINT('',(21.35765076,2.42498779,3.79999995));
#8705=DIRECTION('',(0.,0.,1.));
#8706=DIRECTION('',(-0.9433077,0.33191955,0.));
#8707=AXIS2_PLACEMENT_3D('',#8704,#8705,#8706);
#8708=PLANE('',#8707);
#8709=POLY_LOOP('',(#645,#644,#1008));
#8710=FACE_OUTER_BOUND('',#8709,.T.);
#8711=FACE_SURFACE('',(#8710),#8708,.T.);
#8712=CARTESIAN_POINT('',(17.7816925,4.10324097,3.79999995));
#8713=DIRECTION('',(0.,0.,1.));
#8714=DIRECTION('',(0.91892604,-0.39442989,0.));
#8715=AXIS2_PLACEMENT_3D('',#8712,#8713,#8714);
#8716=PLANE('',#8715);
#8717=POLY_LOOP('',(#914,#643,#915));
#8718=FACE_OUTER_BOUND('',#8717,.T.);
#8719=FACE_SURFACE('',(#8718),#8716,.T.);
#8720=CARTESIAN_POINT('',(18.24247742,4.41111755,3.79999995));
#8721=DIRECTION('',(0.,0.,1.));
#8722=DIRECTION('',(-0.83147799,-0.5555577,0.));
#8723=AXIS2_PLACEMENT_3D('',#8720,#8721,#8722);
#8724=PLANE('',#8723);
#8725=POLY_LOOP('',(#909,#914,#913));
#8726=FACE_OUTER_BOUND('',#8725,.T.);
#8727=FACE_SURFACE('',(#8726),#8724,.T.);
#8728=CARTESIAN_POINT('',(21.16325378,2.99768066,3.79999995));
#8729=DIRECTION('',(0.,0.,1.));
#8730=DIRECTION('',(-0.06540007,0.99785912,0.));
#8731=AXIS2_PLACEMENT_3D('',#8728,#8729,#8730);
#8732=PLANE('',#8731);
#8733=POLY_LOOP('',(#913,#907,#909));
#8734=FACE_OUTER_BOUND('',#8733,.T.);
#8735=FACE_SURFACE('',(#8734),#8732,.T.);
#8736=CARTESIAN_POINT('',(18.65911865,4.77651978,3.79999995));
#8737=DIRECTION('',(0.,0.,1.));
#8738=DIRECTION('',(0.87666903,-0.48109397,0.));
#8739=AXIS2_PLACEMENT_3D('',#8736,#8737,#8738);
#8740=PLANE('',#8739);
#8741=POLY_LOOP('',(#905,#908,#906));
#8742=FACE_OUTER_BOUND('',#8741,.T.);
#8743=FACE_SURFACE('',(#8742),#8740,.T.);
#8744=CARTESIAN_POINT('',(19.02450562,5.19316101,3.79999995));
#8745=DIRECTION('',(0.,0.,1.));
#8746=DIRECTION('',(0.80736263,-0.59005558,0.));
#8747=AXIS2_PLACEMENT_3D('',#8744,#8745,#8746);
#8748=PLANE('',#8747);
#8749=POLY_LOOP('',(#816,#906,#1009));
#8750=FACE_OUTER_BOUND('',#8749,.T.);
#8751=FACE_SURFACE('',(#8750),#8748,.T.);
#8752=CARTESIAN_POINT('',(19.02450562,5.19316101,3.79999995));
#8753=DIRECTION('',(0.,0.,1.));
#8754=DIRECTION('',(0.84836505,-0.52941169,0.));
#8755=AXIS2_PLACEMENT_3D('',#8752,#8753,#8754);
#8756=PLANE('',#8755);
#8757=POLY_LOOP('',(#816,#1009,#817));
#8758=FACE_OUTER_BOUND('',#8757,.T.);
#8759=FACE_SURFACE('',(#8758),#8756,.T.);
#8760=CARTESIAN_POINT('',(19.33239746,5.65394592,3.79999995));
#8761=DIRECTION('',(0.,0.,1.));
#8762=DIRECTION('',(0.76985569,-0.638218,0.));
#8763=AXIS2_PLACEMENT_3D('',#8760,#8761,#8762);
#8764=PLANE('',#8763);
#8765=POLY_LOOP('',(#663,#817,#1010));
#8766=FACE_OUTER_BOUND('',#8765,.T.);
#8767=FACE_SURFACE('',(#8766),#8764,.T.);
#8768=CARTESIAN_POINT('',(19.33239746,5.65394592,3.79999995));
#8769=DIRECTION('',(0.,0.,1.));
#8770=DIRECTION('',(0.8167384,-0.57700814,0.));
#8771=AXIS2_PLACEMENT_3D('',#8768,#8769,#8770);
#8772=PLANE('',#8771);
#8773=POLY_LOOP('',(#663,#1010,#661));
#8774=FACE_OUTER_BOUND('',#8773,.T.);
#8775=FACE_SURFACE('',(#8774),#8772,.T.);
#8776=CARTESIAN_POINT('',(21.92498779,4.54232788,3.79999995));
#8777=DIRECTION('',(0.,0.,1.));
#8778=DIRECTION('',(-0.71298979,0.70117441,0.));
#8779=AXIS2_PLACEMENT_3D('',#8776,#8777,#8778);
#8780=PLANE('',#8779);
#8781=POLY_LOOP('',(#778,#659,#662));
#8782=FACE_OUTER_BOUND('',#8781,.T.);
#8783=FACE_SURFACE('',(#8782),#8780,.T.);
#8784=CARTESIAN_POINT('',(22.10682678,4.63200378,3.79999995));
#8785=DIRECTION('',(0.,0.,1.));
#8786=DIRECTION('',(-0.75473057,0.65603488,0.));
#8787=AXIS2_PLACEMENT_3D('',#8784,#8785,#8786);
#8788=PLANE('',#8787);
#8789=POLY_LOOP('',(#813,#659,#778));
#8790=FACE_OUTER_BOUND('',#8789,.T.);
#8791=FACE_SURFACE('',(#8790),#8788,.T.);
#8792=CARTESIAN_POINT('',(22.29882812,4.69717407,3.79999995));
#8793=DIRECTION('',(0.,0.,1.));
#8794=DIRECTION('',(0.98078853,0.19507396,0.));
#8795=AXIS2_PLACEMENT_3D('',#8792,#8793,#8794);
#8796=PLANE('',#8795);
#8797=POLY_LOOP('',(#660,#811,#658));
#8798=FACE_OUTER_BOUND('',#8797,.T.);
#8799=FACE_SURFACE('',(#8798),#8796,.T.);
#8800=CARTESIAN_POINT('',(19.86375427,7.21925354,3.79999995));
#8801=DIRECTION('',(0.,0.,1.));
#8802=DIRECTION('',(0.75421622,-0.65662614,0.));
#8803=AXIS2_PLACEMENT_3D('',#8800,#8801,#8802);
#8804=PLANE('',#8803);
#8805=POLY_LOOP('',(#658,#812,#666));
#8806=FACE_OUTER_BOUND('',#8805,.T.);
#8807=FACE_SURFACE('',(#8806),#8804,.T.);
#8808=CARTESIAN_POINT('',(22.69999695,4.75,3.79999995));
#8809=DIRECTION('',(0.,0.,1.));
#8810=DIRECTION('',(0.99785421,-0.06547501,0.));
#8811=AXIS2_PLACEMENT_3D('',#8808,#8809,#8810);
#8812=PLANE('',#8811);
#8813=POLY_LOOP('',(#812,#664,#666));
#8814=FACE_OUTER_BOUND('',#8813,.T.);
#8815=FACE_SURFACE('',(#8814),#8812,.T.);
#8816=CARTESIAN_POINT('',(22.90231323,4.73672485,3.79999995));
#8817=DIRECTION('',(0.,0.,1.));
#8818=DIRECTION('',(0.98078853,-0.19507396,0.));
#8819=AXIS2_PLACEMENT_3D('',#8816,#8817,#8818);
#8820=PLANE('',#8819);
#8821=POLY_LOOP('',(#664,#1011,#665));
#8822=FACE_OUTER_BOUND('',#8821,.T.);
#8823=FACE_SURFACE('',(#8822),#8820,.T.);
#8824=CARTESIAN_POINT('',(23.10116577,4.69717407,3.79999995));
#8825=DIRECTION('',(0.,0.,1.));
#8826=DIRECTION('',(0.,1.,0.));
#8827=AXIS2_PLACEMENT_3D('',#8824,#8825,#8826);
#8828=PLANE('',#8827);
#8829=POLY_LOOP('',(#1011,#809,#665));
#8830=FACE_OUTER_BOUND('',#8829,.T.);
#8831=FACE_SURFACE('',(#8830),#8828,.T.);
#8832=CARTESIAN_POINT('',(23.29315186,4.63200378,3.79999995));
#8833=DIRECTION('',(0.,0.,1.));
#8834=DIRECTION('',(-0.02334163,0.99972755,0.));
#8835=AXIS2_PLACEMENT_3D('',#8832,#8833,#8834);
#8836=PLANE('',#8835);
#8837=POLY_LOOP('',(#810,#809,#1011));
#8838=FACE_OUTER_BOUND('',#8837,.T.);
#8839=FACE_SURFACE('',(#8838),#8836,.T.);
#8840=CARTESIAN_POINT('',(23.64356995,13.12229919,3.79999995));
#8841=DIRECTION('',(0.,0.,1.));
#8842=DIRECTION('',(0.,-1.,0.));
#8843=AXIS2_PLACEMENT_3D('',#8840,#8841,#8842);
#8844=PLANE('',#8843);
#8845=POLY_LOOP('',(#668,#667,#1012));
#8846=FACE_OUTER_BOUND('',#8845,.T.);
#8847=FACE_SURFACE('',(#8846),#8844,.T.);
#8848=CARTESIAN_POINT('',(23.64356995,13.12229919,3.79999995));
#8849=DIRECTION('',(0.,0.,1.));
#8850=DIRECTION('',(0.01726801,-0.9998509,0.));
#8851=AXIS2_PLACEMENT_3D('',#8848,#8849,#8850);
#8852=PLANE('',#8851);
#8853=POLY_LOOP('',(#668,#1012,#911));
#8854=FACE_OUTER_BOUND('',#8853,.T.);
#8855=FACE_SURFACE('',(#8854),#8852,.T.);
#8856=CARTESIAN_POINT('',(23.79600525,4.29600525,3.79999995));
#8857=DIRECTION('',(0.,0.,1.));
#8858=DIRECTION('',(0.65934603,-0.75183962,0.));
#8859=AXIS2_PLACEMENT_3D('',#8856,#8857,#8858);
#8860=PLANE('',#8859);
#8861=POLY_LOOP('',(#1012,#912,#911));
#8862=FACE_OUTER_BOUND('',#8861,.T.);
#8863=FACE_SURFACE('',(#8862),#8860,.T.);
#8864=CARTESIAN_POINT('',(23.9296875,4.14356995,3.79999995));
#8865=DIRECTION('',(0.,0.,1.));
#8866=DIRECTION('',(0.55556828,-0.83147092,0.));
#8867=AXIS2_PLACEMENT_3D('',#8864,#8865,#8866);
#8868=PLANE('',#8867);
#8869=POLY_LOOP('',(#912,#654,#910));
#8870=FACE_OUTER_BOUND('',#8869,.T.);
#8871=FACE_SURFACE('',(#8870),#8868,.T.);
#8872=CARTESIAN_POINT('',(24.04232788,3.97499084,3.79999995));
#8873=DIRECTION('',(0.,0.,1.));
#8874=DIRECTION('',(0.,1.,0.));
#8875=AXIS2_PLACEMENT_3D('',#8872,#8873,#8874);
#8876=PLANE('',#8875);
#8877=POLY_LOOP('',(#654,#653,#910));
#8878=FACE_OUTER_BOUND('',#8877,.T.);
#8879=FACE_SURFACE('',(#8878),#8876,.T.);
#8880=CARTESIAN_POINT('',(24.13200378,3.79315186,3.79999995));
#8881=DIRECTION('',(0.,0.,1.));
#8882=DIRECTION('',(0.92465867,0.38079698,0.));
#8883=AXIS2_PLACEMENT_3D('',#8880,#8881,#8882);
#8884=PLANE('',#8883);
#8885=POLY_LOOP('',(#650,#652,#654));
#8886=FACE_OUTER_BOUND('',#8885,.T.);
#8887=FACE_SURFACE('',(#8886),#8884,.T.);
#8888=CARTESIAN_POINT('',(42.22099304,11.01663208,3.79999995));
#8889=DIRECTION('',(0.,0.,1.));
#8890=DIRECTION('',(-0.32142587,0.94693474,0.));
#8891=AXIS2_PLACEMENT_3D('',#8888,#8889,#8890);
#8892=PLANE('',#8891);
#8893=POLY_LOOP('',(#649,#652,#650));
#8894=FACE_OUTER_BOUND('',#8893,.T.);
#8895=FACE_SURFACE('',(#8894),#8892,.T.);
#8896=CARTESIAN_POINT('',(42.31361389,10.8288269,3.79999995));
#8897=DIRECTION('',(0.,0.,1.));
#8898=DIRECTION('',(-0.44231015,0.89686216,0.));
#8899=AXIS2_PLACEMENT_3D('',#8896,#8897,#8898);
#8900=PLANE('',#8899);
#8901=POLY_LOOP('',(#917,#649,#651));
#8902=FACE_OUTER_BOUND('',#8901,.T.);
#8903=FACE_SURFACE('',(#8902),#8900,.T.);
#8904=CARTESIAN_POINT('',(42.31361389,10.8288269,3.79999995));
#8905=DIRECTION('',(0.,0.,1.));
#8906=DIRECTION('',(-0.92881071,-0.37055454,0.));
#8907=AXIS2_PLACEMENT_3D('',#8904,#8905,#8906);
#8908=PLANE('',#8907);
#8909=POLY_LOOP('',(#917,#651,#918));
#8910=FACE_OUTER_BOUND('',#8909,.T.);
#8911=FACE_SURFACE('',(#8910),#8908,.T.);
#8912=CARTESIAN_POINT('',(42.4299469,10.65472412,3.79999995));
#8913=DIRECTION('',(0.,0.,1.));
#8914=DIRECTION('',(-0.92891405,-0.3702954,0.));
#8915=AXIS2_PLACEMENT_3D('',#8912,#8913,#8914);
#8916=PLANE('',#8915);
#8917=POLY_LOOP('',(#916,#918,#920));
#8918=FACE_OUTER_BOUND('',#8917,.T.);
#8919=FACE_SURFACE('',(#8918),#8916,.T.);
#8920=CARTESIAN_POINT('',(42.4299469,10.65472412,3.79999995));
#8921=DIRECTION('',(0.,0.,1.));
#8922=DIRECTION('',(-0.92523495,-0.37939463,0.));
#8923=AXIS2_PLACEMENT_3D('',#8920,#8921,#8922);
#8924=PLANE('',#8923);
#8925=POLY_LOOP('',(#916,#920,#919));
#8926=FACE_OUTER_BOUND('',#8925,.T.);
#8927=FACE_SURFACE('',(#8926),#8924,.T.);
#8928=CARTESIAN_POINT('',(42.56802368,10.49729919,3.79999995));
#8929=DIRECTION('',(0.,0.,1.));
#8930=DIRECTION('',(-0.92553898,-0.37865234,0.));
#8931=AXIS2_PLACEMENT_3D('',#8928,#8929,#8930);
#8932=PLANE('',#8931);
#8933=POLY_LOOP('',(#919,#921,#924));
#8934=FACE_OUTER_BOUND('',#8933,.T.);
#8935=FACE_SURFACE('',(#8934),#8932,.T.);
#8936=CARTESIAN_POINT('',(24.23672485,2.99768066,3.79999995));
#8937=DIRECTION('',(0.,0.,1.));
#8938=DIRECTION('',(-0.19507396,-0.98078853,0.));
#8939=AXIS2_PLACEMENT_3D('',#8936,#8937,#8938);
#8940=PLANE('',#8939);
#8941=POLY_LOOP('',(#921,#922,#924));
#8942=FACE_OUTER_BOUND('',#8941,.T.);
#8943=FACE_SURFACE('',(#8942),#8940,.T.);
#8944=CARTESIAN_POINT('',(24.19717407,2.79882812,3.79999995));
#8945=DIRECTION('',(0.,0.,1.));
#8946=DIRECTION('',(-0.32141565,-0.94693821,0.));
#8947=AXIS2_PLACEMENT_3D('',#8944,#8945,#8946);
#8948=PLANE('',#8947);
#8949=POLY_LOOP('',(#922,#944,#923));
#8950=FACE_OUTER_BOUND('',#8949,.T.);
#8951=FACE_SURFACE('',(#8950),#8948,.T.);
#8952=CARTESIAN_POINT('',(24.13200378,2.60682678,3.79999995));
#8953=DIRECTION('',(0.,0.,1.));
#8954=DIRECTION('',(-0.44229995,-0.89686719,0.));
#8955=AXIS2_PLACEMENT_3D('',#8952,#8953,#8954);
#8956=PLANE('',#8955);
#8957=POLY_LOOP('',(#944,#1013,#945));
#8958=FACE_OUTER_BOUND('',#8957,.T.);
#8959=FACE_SURFACE('',(#8958),#8956,.T.);
#8960=CARTESIAN_POINT('',(24.04232788,2.42498779,3.79999995));
#8961=DIRECTION('',(0.,0.,1.));
#8962=DIRECTION('',(0.92913044,0.36975211,0.));
#8963=AXIS2_PLACEMENT_3D('',#8960,#8961,#8962);
#8964=PLANE('',#8963);
#8965=POLY_LOOP('',(#1013,#1014,#945));
#8966=FACE_OUTER_BOUND('',#8965,.T.);
#8967=FACE_SURFACE('',(#8966),#8964,.T.);
#8968=CARTESIAN_POINT('',(23.9296875,2.25640869,3.79999995));
#8969=DIRECTION('',(0.,0.,1.));
#8970=DIRECTION('',(0.92708003,0.37486347,0.));
#8971=AXIS2_PLACEMENT_3D('',#8968,#8969,#8970);
#8972=PLANE('',#8971);
#8973=POLY_LOOP('',(#1015,#1014,#1013));
#8974=FACE_OUTER_BOUND('',#8973,.T.);
#8975=FACE_SURFACE('',(#8974),#8972,.T.);
#8976=CARTESIAN_POINT('',(43.49104309,10.042099,3.79999995));
#8977=DIRECTION('',(0.,0.,1.));
#8978=DIRECTION('',(-0.98077914,0.1951212,0.));
#8979=AXIS2_PLACEMENT_3D('',#8976,#8977,#8978);
#8980=PLANE('',#8979);
#8981=POLY_LOOP('',(#1016,#1014,#1015));
#8982=FACE_OUTER_BOUND('',#8981,.T.);
#8983=FACE_SURFACE('',(#8982),#8980,.T.);
#8984=CARTESIAN_POINT('',(43.49104309,10.042099,3.79999995));
#8985=DIRECTION('',(0.,0.,1.));
#8986=DIRECTION('',(-0.92911166,-0.3697993,0.));
#8987=AXIS2_PLACEMENT_3D('',#8984,#8985,#8986);
#8988=PLANE('',#8987);
#8989=POLY_LOOP('',(#1016,#1015,#739));
#8990=FACE_OUTER_BOUND('',#8989,.T.);
#8991=FACE_SURFACE('',(#8990),#8988,.T.);
#8992=CARTESIAN_POINT('',(43.49104309,10.042099,3.79999995));
#8993=DIRECTION('',(0.,0.,1.));
#8994=DIRECTION('',(-0.92749735,-0.37382972,0.));
#8995=AXIS2_PLACEMENT_3D('',#8992,#8993,#8994);
#8996=PLANE('',#8995);
#8997=POLY_LOOP('',(#1016,#739,#741));
#8998=FACE_OUTER_BOUND('',#8997,.T.);
#8999=FACE_SURFACE('',(#8998),#8996,.T.);
#9000=CARTESIAN_POINT('',(23.29315186,1.76797485,3.79999995));
#9001=DIRECTION('',(0.,0.,1.));
#9002=DIRECTION('',(-0.94693044,-0.32143856,0.));
#9003=AXIS2_PLACEMENT_3D('',#9000,#9001,#9002);
#9004=PLANE('',#9003);
#9005=POLY_LOOP('',(#1017,#641,#1018));
#9006=FACE_OUTER_BOUND('',#9005,.T.);
#9007=FACE_SURFACE('',(#9006),#9004,.T.);
#9008=CARTESIAN_POINT('',(140.08499146,1.85765076,3.79999995));
#9009=DIRECTION('',(0.,0.,1.));
#9010=DIRECTION('',(-0.83147092,0.55556828,0.));
#9011=AXIS2_PLACEMENT_3D('',#9008,#9009,#9010);
#9012=PLANE('',#9011);
#9013=POLY_LOOP('',(#1019,#765,#741));
#9014=FACE_OUTER_BOUND('',#9013,.T.);
#9015=FACE_SURFACE('',(#9014),#9012,.T.);
#9016=CARTESIAN_POINT('',(144.90086365,4.77651978,3.79999995));
#9017=DIRECTION('',(0.,0.,1.));
#9018=DIRECTION('',(-0.84497721,-0.53480232,0.));
#9019=AXIS2_PLACEMENT_3D('',#9016,#9017,#9018);
#9020=PLANE('',#9019);
#9021=POLY_LOOP('',(#1020,#1021,#1022));
#9022=FACE_OUTER_BOUND('',#9021,.T.);
#9023=FACE_SURFACE('',(#9022),#9020,.T.);
#9024=CARTESIAN_POINT('',(142.39672852,2.99768066,3.79999995));
#9025=DIRECTION('',(0.,0.,1.));
#9026=DIRECTION('',(-0.19507396,-0.98078853,0.));
#9027=AXIS2_PLACEMENT_3D('',#9024,#9025,#9026);
#9028=PLANE('',#9027);
#9029=POLY_LOOP('',(#1023,#1024,#1025));
#9030=FACE_OUTER_BOUND('',#9029,.T.);
#9031=FACE_SURFACE('',(#9030),#9028,.T.);
#9032=CARTESIAN_POINT('',(140.85998535,1.6499939,3.79999995));
#9033=DIRECTION('',(0.,0.,1.));
#9034=DIRECTION('',(-0.99999999,0.00011241,0.));
#9035=AXIS2_PLACEMENT_3D('',#9032,#9033,#9034);
#9036=PLANE('',#9035);
#9037=POLY_LOOP('',(#927,#642,#928));
#9038=FACE_OUTER_BOUND('',#9037,.T.);
#9039=FACE_SURFACE('',(#9038),#9036,.T.);
#9040=CARTESIAN_POINT('',(152.36338806,3.53564453,3.79999995));
#9041=DIRECTION('',(0.,0.,1.));
#9042=DIRECTION('',(-1.,0.,0.));
#9043=AXIS2_PLACEMENT_3D('',#9040,#9041,#9042);
#9044=PLANE('',#9043);
#9045=POLY_LOOP('',(#1003,#932,#1026));
#9046=FACE_OUTER_BOUND('',#9045,.T.);
#9047=FACE_SURFACE('',(#9046),#9044,.T.);
#9048=CARTESIAN_POINT('',(142.29200745,2.60682678,3.79999995));
#9049=DIRECTION('',(0.,0.,1.));
#9050=DIRECTION('',(-0.44229995,-0.89686719,0.));
#9051=AXIS2_PLACEMENT_3D('',#9048,#9049,#9050);
#9052=PLANE('',#9051);
#9053=POLY_LOOP('',(#1027,#1028,#1029));
#9054=FACE_OUTER_BOUND('',#9053,.T.);
#9055=FACE_SURFACE('',(#9054),#9052,.T.);
#9056=CARTESIAN_POINT('',(140.26683044,1.76797485,3.79999995));
#9057=DIRECTION('',(0.,0.,1.));
#9058=DIRECTION('',(-0.99999985,-0.00055622,0.));
#9059=AXIS2_PLACEMENT_3D('',#9056,#9057,#9058);
#9060=PLANE('',#9059);
#9061=POLY_LOOP('',(#1018,#641,#640));
#9062=FACE_OUTER_BOUND('',#9061,.T.);
#9063=FACE_SURFACE('',(#9062),#9060,.T.);
#9064=CARTESIAN_POINT('',(141.45315552,4.63200378,3.79999995));
#9065=DIRECTION('',(0.,0.,1.));
#9066=DIRECTION('',(0.75473057,0.65603488,0.));
#9067=AXIS2_PLACEMENT_3D('',#9064,#9065,#9066);
#9068=PLANE('',#9067);
#9069=POLY_LOOP('',(#762,#756,#755));
#9070=FACE_OUTER_BOUND('',#9069,.T.);
#9071=FACE_SURFACE('',(#9070),#9068,.T.);
#9072=CARTESIAN_POINT('',(140.08499146,1.85765076,3.79999995));
#9073=DIRECTION('',(0.,0.,1.));
#9074=DIRECTION('',(-0.99999971,-0.00076783,0.));
#9075=AXIS2_PLACEMENT_3D('',#9072,#9073,#9074);
#9076=PLANE('',#9075);
#9077=POLY_LOOP('',(#1019,#1017,#1018));
#9078=FACE_OUTER_BOUND('',#9077,.T.);
#9079=FACE_SURFACE('',(#9078),#9076,.T.);
#9080=CARTESIAN_POINT('',(23.47499084,1.85765076,3.79999995));
#9081=DIRECTION('',(0.,0.,1.));
#9082=DIRECTION('',(-0.89686719,-0.44229995,0.));
#9083=AXIS2_PLACEMENT_3D('',#9080,#9081,#9082);
#9084=PLANE('',#9083);
#9085=POLY_LOOP('',(#929,#1017,#1019));
#9086=FACE_OUTER_BOUND('',#9085,.T.);
#9087=FACE_SURFACE('',(#9086),#9084,.T.);
#9088=CARTESIAN_POINT('',(23.47499084,1.85765076,3.79999995));
#9089=DIRECTION('',(0.,0.,1.));
#9090=DIRECTION('',(1.,0.,0.));
#9091=AXIS2_PLACEMENT_3D('',#9088,#9089,#9090);
#9092=PLANE('',#9091);
#9093=POLY_LOOP('',(#929,#1019,#741));
#9094=FACE_OUTER_BOUND('',#9093,.T.);
#9095=FACE_SURFACE('',(#9094),#9092,.T.);
#9096=CARTESIAN_POINT('',(139.42797852,2.60682678,3.79999995));
#9097=DIRECTION('',(0.,0.,1.));
#9098=DIRECTION('',(-0.86200756,0.50689542,0.));
#9099=AXIS2_PLACEMENT_3D('',#9096,#9097,#9098);
#9100=PLANE('',#9099);
#9101=POLY_LOOP('',(#946,#754,#948));
#9102=FACE_OUTER_BOUND('',#9101,.T.);
#9103=FACE_SURFACE('',(#9102),#9100,.T.);
#9104=CARTESIAN_POINT('',(139.32325745,2.99768066,3.79999995));
#9105=DIRECTION('',(0.,0.,1.));
#9106=DIRECTION('',(-0.86022814,0.50990936,0.));
#9107=AXIS2_PLACEMENT_3D('',#9104,#9105,#9106);
#9108=PLANE('',#9107);
#9109=POLY_LOOP('',(#824,#1030,#753));
#9110=FACE_OUTER_BOUND('',#9109,.T.);
#9111=FACE_SURFACE('',(#9110),#9108,.T.);
#9112=CARTESIAN_POINT('',(139.30999756,3.19999695,3.79999995));
#9113=DIRECTION('',(0.,0.,1.));
#9114=DIRECTION('',(-0.86621896,0.4996646,0.));
#9115=AXIS2_PLACEMENT_3D('',#9112,#9113,#9114);
#9116=PLANE('',#9115);
#9117=POLY_LOOP('',(#1031,#1030,#824));
#9118=FACE_OUTER_BOUND('',#9117,.T.);
#9119=FACE_SURFACE('',(#9118),#9116,.T.);
#9120=CARTESIAN_POINT('',(127.27453613,10.35922241,3.79999995));
#9121=DIRECTION('',(0.,0.,1.));
#9122=DIRECTION('',(-0.83146686,-0.55557435,0.));
#9123=AXIS2_PLACEMENT_3D('',#9120,#9121,#9122);
#9124=PLANE('',#9123);
#9125=POLY_LOOP('',(#1032,#1030,#1031));
#9126=FACE_OUTER_BOUND('',#9125,.T.);
#9127=FACE_SURFACE('',(#9126),#9124,.T.);
#9128=CARTESIAN_POINT('',(127.27453613,10.35922241,3.79999995));
#9129=DIRECTION('',(0.,0.,1.));
#9130=DIRECTION('',(0.8594416,-0.51123393,0.));
#9131=AXIS2_PLACEMENT_3D('',#9128,#9129,#9130);
#9132=PLANE('',#9131);
#9133=POLY_LOOP('',(#1032,#1031,#1033));
#9134=FACE_OUTER_BOUND('',#9133,.T.);
#9135=FACE_SURFACE('',(#9134),#9132,.T.);
#9136=CARTESIAN_POINT('',(127.27453613,10.35922241,3.79999995));
#9137=DIRECTION('',(0.,0.,1.));
#9138=DIRECTION('',(0.86600746,-0.50003109,0.));
#9139=AXIS2_PLACEMENT_3D('',#9136,#9137,#9138);
#9140=PLANE('',#9139);
#9141=POLY_LOOP('',(#1032,#1033,#1034));
#9142=FACE_OUTER_BOUND('',#9141,.T.);
#9143=FACE_SURFACE('',(#9142),#9140,.T.);
#9144=CARTESIAN_POINT('',(127.27453613,10.35922241,3.79999995));
#9145=DIRECTION('',(0.,0.,1.));
#9146=DIRECTION('',(0.87285596,-0.48797793,0.));
#9147=AXIS2_PLACEMENT_3D('',#9144,#9145,#9146);
#9148=PLANE('',#9147);
#9149=POLY_LOOP('',(#1032,#1034,#823));
#9150=FACE_OUTER_BOUND('',#9149,.T.);
#9151=FACE_SURFACE('',(#9150),#9148,.T.);
#9152=CARTESIAN_POINT('',(139.36280823,3.60116577,3.79999995));
#9153=DIRECTION('',(0.,0.,1.));
#9154=DIRECTION('',(0.32143856,0.94693044,0.));
#9155=AXIS2_PLACEMENT_3D('',#9152,#9153,#9154);
#9156=PLANE('',#9155);
#9157=POLY_LOOP('',(#1034,#764,#823));
#9158=FACE_OUTER_BOUND('',#9157,.T.);
#9159=FACE_SURFACE('',(#9158),#9156,.T.);
#9160=CARTESIAN_POINT('',(127.57003784,10.65472412,3.79999995));
#9161=DIRECTION('',(0.,0.,1.));
#9162=DIRECTION('',(0.87284628,-0.48799526,0.));
#9163=AXIS2_PLACEMENT_3D('',#9160,#9161,#9162);
#9164=PLANE('',#9163);
#9165=POLY_LOOP('',(#763,#750,#749));
#9166=FACE_OUTER_BOUND('',#9165,.T.);
#9167=FACE_SURFACE('',(#9166),#9164,.T.);
#9168=CARTESIAN_POINT('',(139.76397705,4.29600525,3.79999995));
#9169=DIRECTION('',(0.,0.,1.));
#9170=DIRECTION('',(0.75183962,0.65934603,0.));
#9171=AXIS2_PLACEMENT_3D('',#9168,#9169,#9170);
#9172=PLANE('',#9171);
#9173=POLY_LOOP('',(#766,#1035,#767));
#9174=FACE_OUTER_BOUND('',#9173,.T.);
#9175=FACE_SURFACE('',(#9174),#9172,.T.);
#9176=CARTESIAN_POINT('',(140.26683044,12.91998291,3.79999995));
#9177=DIRECTION('',(0.,0.,1.));
#9178=DIRECTION('',(-0.89686719,0.44229995,0.));
#9179=AXIS2_PLACEMENT_3D('',#9176,#9177,#9178);
#9180=PLANE('',#9179);
#9181=POLY_LOOP('',(#1036,#882,#881));
#9182=FACE_OUTER_BOUND('',#9181,.T.);
#9183=FACE_SURFACE('',(#9182),#9180,.T.);
#9184=CARTESIAN_POINT('',(139.76397705,13.25598145,3.79999995));
#9185=DIRECTION('',(0.,0.,1.));
#9186=DIRECTION('',(0.01726801,-0.9998509,0.));
#9187=AXIS2_PLACEMENT_3D('',#9184,#9185,#9186);
#9188=PLANE('',#9187);
#9189=POLY_LOOP('',(#767,#1035,#1037));
#9190=FACE_OUTER_BOUND('',#9189,.T.);
#9191=FACE_SURFACE('',(#9190),#9188,.T.);
#9192=CARTESIAN_POINT('',(139.91641235,4.4296875,3.79999995));
#9193=DIRECTION('',(0.,0.,1.));
#9194=DIRECTION('',(0.83147092,0.55556828,0.));
#9195=AXIS2_PLACEMENT_3D('',#9192,#9193,#9194);
#9196=PLANE('',#9195);
#9197=POLY_LOOP('',(#1035,#883,#1037));
#9198=FACE_OUTER_BOUND('',#9197,.T.);
#9199=FACE_SURFACE('',(#9198),#9196,.T.);
#9200=CARTESIAN_POINT('',(140.08499146,4.54232788,3.79999995));
#9201=DIRECTION('',(0.,0.,1.));
#9202=DIRECTION('',(0.,1.,0.));
#9203=AXIS2_PLACEMENT_3D('',#9200,#9201,#9202);
#9204=PLANE('',#9203);
#9205=POLY_LOOP('',(#883,#882,#1037));
#9206=FACE_OUTER_BOUND('',#9205,.T.);
#9207=FACE_SURFACE('',(#9206),#9204,.T.);
#9208=CARTESIAN_POINT('',(140.26683044,12.91998291,3.79999995));
#9209=DIRECTION('',(0.,0.,1.));
#9210=DIRECTION('',(0.02334163,-0.99972755,0.));
#9211=AXIS2_PLACEMENT_3D('',#9208,#9209,#9210);
#9212=PLANE('',#9211);
#9213=POLY_LOOP('',(#1036,#1038,#880));
#9214=FACE_OUTER_BOUND('',#9213,.T.);
#9215=FACE_SURFACE('',(#9214),#9212,.T.);
#9216=CARTESIAN_POINT('',(140.26683044,12.91998291,3.79999995));
#9217=DIRECTION('',(0.,0.,1.));
#9218=DIRECTION('',(0.,-1.,0.));
#9219=AXIS2_PLACEMENT_3D('',#9216,#9217,#9218);
#9220=PLANE('',#9219);
#9221=POLY_LOOP('',(#1036,#881,#1038));
#9222=FACE_OUTER_BOUND('',#9221,.T.);
#9223=FACE_SURFACE('',(#9222),#9220,.T.);
#9224=CARTESIAN_POINT('',(140.45881653,4.69717407,3.79999995));
#9225=DIRECTION('',(0.,0.,1.));
#9226=DIRECTION('',(0.9807914,0.19505956,0.));
#9227=AXIS2_PLACEMENT_3D('',#9224,#9225,#9226);
#9228=PLANE('',#9227);
#9229=POLY_LOOP('',(#1038,#950,#879));
#9230=FACE_OUTER_BOUND('',#9229,.T.);
#9231=FACE_SURFACE('',(#9230),#9228,.T.);
#9232=CARTESIAN_POINT('',(140.45881653,12.85481262,3.79999995));
#9233=DIRECTION('',(0.,0.,1.));
#9234=DIRECTION('',(0.,-1.,0.));
#9235=AXIS2_PLACEMENT_3D('',#9232,#9233,#9234);
#9236=PLANE('',#9235);
#9237=POLY_LOOP('',(#880,#1038,#879));
#9238=FACE_OUTER_BOUND('',#9237,.T.);
#9239=FACE_SURFACE('',(#9238),#9236,.T.);
#9240=CARTESIAN_POINT('',(143.6599884,7.77224731,3.79999995));
#9241=DIRECTION('',(0.,0.,1.));
#9242=DIRECTION('',(-0.70320584,-0.71098632,0.));
#9243=AXIS2_PLACEMENT_3D('',#9240,#9241,#9242);
#9244=PLANE('',#9243);
#9245=POLY_LOOP('',(#949,#950,#1039));
#9246=FACE_OUTER_BOUND('',#9245,.T.);
#9247=FACE_SURFACE('',(#9246),#9244,.T.);
#9248=CARTESIAN_POINT('',(140.85998535,4.75,3.79999995));
#9249=DIRECTION('',(0.,0.,1.));
#9250=DIRECTION('',(0.99785421,-0.06547501,0.));
#9251=AXIS2_PLACEMENT_3D('',#9248,#9249,#9250);
#9252=PLANE('',#9251);
#9253=POLY_LOOP('',(#1039,#1040,#757));
#9254=FACE_OUTER_BOUND('',#9253,.T.);
#9255=FACE_SURFACE('',(#9254),#9252,.T.);
#9256=CARTESIAN_POINT('',(143.6599884,7.77224731,3.79999995));
#9257=DIRECTION('',(0.,0.,1.));
#9258=DIRECTION('',(-0.67962048,-0.7335639,0.));
#9259=AXIS2_PLACEMENT_3D('',#9256,#9257,#9258);
#9260=PLANE('',#9259);
#9261=POLY_LOOP('',(#949,#1039,#757));
#9262=FACE_OUTER_BOUND('',#9261,.T.);
#9263=FACE_SURFACE('',(#9262),#9260,.T.);
#9264=CARTESIAN_POINT('',(141.06230164,4.73672485,3.79999995));
#9265=DIRECTION('',(0.,0.,1.));
#9266=DIRECTION('',(0.9807914,-0.19505956,0.));
#9267=AXIS2_PLACEMENT_3D('',#9264,#9265,#9266);
#9268=PLANE('',#9267);
#9269=POLY_LOOP('',(#1040,#755,#757));
#9270=FACE_OUTER_BOUND('',#9269,.T.);
#9271=FACE_SURFACE('',(#9270),#9268,.T.);
#9272=CARTESIAN_POINT('',(141.63499451,4.54232788,3.79999995));
#9273=DIRECTION('',(0.,0.,1.));
#9274=DIRECTION('',(0.82490316,0.56527408,0.));
#9275=AXIS2_PLACEMENT_3D('',#9272,#9273,#9274);
#9276=PLANE('',#9275);
#9277=POLY_LOOP('',(#761,#1041,#756));
#9278=FACE_OUTER_BOUND('',#9277,.T.);
#9279=FACE_SURFACE('',(#9278),#9276,.T.);
#9280=CARTESIAN_POINT('',(141.80357361,4.4296875,3.79999995));
#9281=DIRECTION('',(0.,0.,1.));
#9282=DIRECTION('',(0.78469157,0.61988639,0.));
#9283=AXIS2_PLACEMENT_3D('',#9280,#9281,#9282);
#9284=PLANE('',#9283);
#9285=POLY_LOOP('',(#1042,#1041,#761));
#9286=FACE_OUTER_BOUND('',#9285,.T.);
#9287=FACE_SURFACE('',(#9286),#9284,.T.);
#9288=CARTESIAN_POINT('',(141.95600891,4.29600525,3.79999995));
#9289=DIRECTION('',(0.,0.,1.));
#9290=DIRECTION('',(0.73763189,0.67520308,0.));
#9291=AXIS2_PLACEMENT_3D('',#9288,#9289,#9290);
#9292=PLANE('',#9291);
#9293=POLY_LOOP('',(#768,#1041,#1042));
#9294=FACE_OUTER_BOUND('',#9293,.T.);
#9295=FACE_SURFACE('',(#9294),#9292,.T.);
#9296=CARTESIAN_POINT('',(144.22758484,5.65394592,3.79999995));
#9297=DIRECTION('',(0.,0.,1.));
#9298=DIRECTION('',(-0.44228369,0.89687521,0.));
#9299=AXIS2_PLACEMENT_3D('',#9296,#9297,#9298);
#9300=PLANE('',#9299);
#9301=POLY_LOOP('',(#770,#1041,#768));
#9302=FACE_OUTER_BOUND('',#9301,.T.);
#9303=FACE_SURFACE('',(#9302),#9300,.T.);
#9304=CARTESIAN_POINT('',(142.20233154,3.97499084,3.79999995));
#9305=DIRECTION('',(0.,0.,1.));
#9306=DIRECTION('',(0.76985569,0.638218,0.));
#9307=AXIS2_PLACEMENT_3D('',#9304,#9305,#9306);
#9308=PLANE('',#9307);
#9309=POLY_LOOP('',(#1043,#770,#769));
#9310=FACE_OUTER_BOUND('',#9309,.T.);
#9311=FACE_SURFACE('',(#9310),#9308,.T.);
#9312=CARTESIAN_POINT('',(144.53547668,5.19316101,3.79999995));
#9313=DIRECTION('',(0.,0.,1.));
#9314=DIRECTION('',(-0.55557673,0.83146527,0.));
#9315=AXIS2_PLACEMENT_3D('',#9312,#9313,#9314);
#9316=PLANE('',#9315);
#9317=POLY_LOOP('',(#772,#770,#1043));
#9318=FACE_OUTER_BOUND('',#9317,.T.);
#9319=FACE_SURFACE('',(#9318),#9316,.T.);
#9320=CARTESIAN_POINT('',(144.53547668,5.19316101,3.79999995));
#9321=DIRECTION('',(0.,0.,1.));
#9322=DIRECTION('',(-0.88644815,-0.46282791,0.));
#9323=AXIS2_PLACEMENT_3D('',#9320,#9321,#9322);
#9324=PLANE('',#9323);
#9325=POLY_LOOP('',(#772,#1043,#773));
#9326=FACE_OUTER_BOUND('',#9325,.T.);
#9327=FACE_SURFACE('',(#9326),#9324,.T.);
#9328=CARTESIAN_POINT('',(144.90086365,4.77651978,3.79999995));
#9329=DIRECTION('',(0.,0.,1.));
#9330=DIRECTION('',(-0.65934827,0.75183766,0.));
#9331=AXIS2_PLACEMENT_3D('',#9328,#9329,#9330);
#9332=PLANE('',#9331);
#9333=POLY_LOOP('',(#1020,#772,#771));
#9334=FACE_OUTER_BOUND('',#9333,.T.);
#9335=FACE_SURFACE('',(#9334),#9332,.T.);
#9336=CARTESIAN_POINT('',(144.90086365,4.77651978,3.79999995));
#9337=DIRECTION('',(0.,0.,1.));
#9338=DIRECTION('',(-0.90777665,-0.41945388,0.));
#9339=AXIS2_PLACEMENT_3D('',#9336,#9337,#9338);
#9340=PLANE('',#9339);
#9341=POLY_LOOP('',(#1020,#771,#1044));
#9342=FACE_OUTER_BOUND('',#9341,.T.);
#9343=FACE_SURFACE('',(#9342),#9340,.T.);
#9344=CARTESIAN_POINT('',(144.90086365,4.77651978,3.79999995));
#9345=DIRECTION('',(0.,0.,1.));
#9346=DIRECTION('',(-0.87666903,-0.48109397,0.));
#9347=AXIS2_PLACEMENT_3D('',#9344,#9345,#9346);
#9348=PLANE('',#9347);
#9349=POLY_LOOP('',(#1020,#1044,#1021));
#9350=FACE_OUTER_BOUND('',#9349,.T.);
#9351=FACE_SURFACE('',(#9350),#9348,.T.);
#9352=CARTESIAN_POINT('',(145.31752014,4.41111755,3.79999995));
#9353=DIRECTION('',(0.,0.,1.));
#9354=DIRECTION('',(-0.92311648,-0.38452044,0.));
#9355=AXIS2_PLACEMENT_3D('',#9352,#9353,#9354);
#9356=PLANE('',#9355);
#9357=POLY_LOOP('',(#1022,#1021,#1023));
#9358=FACE_OUTER_BOUND('',#9357,.T.);
#9359=FACE_SURFACE('',(#9358),#9356,.T.);
#9360=CARTESIAN_POINT('',(145.31752014,4.41111755,3.79999995));
#9361=DIRECTION('',(0.,0.,1.));
#9362=DIRECTION('',(-0.90014105,-0.43559854,0.));
#9363=AXIS2_PLACEMENT_3D('',#9360,#9361,#9362);
#9364=PLANE('',#9363);
#9365=POLY_LOOP('',(#1022,#1023,#1025));
#9366=FACE_OUTER_BOUND('',#9365,.T.);
#9367=FACE_SURFACE('',(#9366),#9364,.T.);
#9368=CARTESIAN_POINT('',(145.77828979,4.10324097,3.79999995));
#9369=DIRECTION('',(0.,0.,1.));
#9370=DIRECTION('',(-0.93438484,-0.35626532,0.));
#9371=AXIS2_PLACEMENT_3D('',#9368,#9369,#9370);
#9372=PLANE('',#9371);
#9373=POLY_LOOP('',(#1025,#1024,#1027));
#9374=FACE_OUTER_BOUND('',#9373,.T.);
#9375=FACE_SURFACE('',(#9374),#9372,.T.);
#9376=CARTESIAN_POINT('',(145.77828979,4.10324097,3.79999995));
#9377=DIRECTION('',(0.,0.,1.));
#9378=DIRECTION('',(-0.91892604,-0.39442989,0.));
#9379=AXIS2_PLACEMENT_3D('',#9376,#9377,#9378);
#9380=PLANE('',#9379);
#9381=POLY_LOOP('',(#1025,#1027,#1029));
#9382=FACE_OUTER_BOUND('',#9381,.T.);
#9383=FACE_SURFACE('',(#9382),#9380,.T.);
#9384=CARTESIAN_POINT('',(146.27531433,3.85813904,3.79999995));
#9385=DIRECTION('',(0.,0.,1.));
#9386=DIRECTION('',(-0.9433077,-0.33191955,0.));
#9387=AXIS2_PLACEMENT_3D('',#9384,#9385,#9386);
#9388=PLANE('',#9387);
#9389=POLY_LOOP('',(#1029,#1028,#941));
#9390=FACE_OUTER_BOUND('',#9389,.T.);
#9391=FACE_SURFACE('',(#9390),#9388,.T.);
#9392=CARTESIAN_POINT('',(146.27531433,3.85813904,3.79999995));
#9393=DIRECTION('',(0.,0.,1.));
#9394=DIRECTION('',(-0.93395168,-0.35739929,0.));
#9395=AXIS2_PLACEMENT_3D('',#9392,#9393,#9394);
#9396=PLANE('',#9395);
#9397=POLY_LOOP('',(#1029,#941,#940));
#9398=FACE_OUTER_BOUND('',#9397,.T.);
#9399=FACE_SURFACE('',(#9398),#9396,.T.);
#9400=CARTESIAN_POINT('',(146.80007935,3.68000793,3.79999995));
#9401=DIRECTION('',(0.,0.,1.));
#9402=DIRECTION('',(-0.95093525,-0.30938997,0.));
#9403=AXIS2_PLACEMENT_3D('',#9400,#9401,#9402);
#9404=PLANE('',#9403);
#9405=POLY_LOOP('',(#940,#939,#930));
#9406=FACE_OUTER_BOUND('',#9405,.T.);
#9407=FACE_SURFACE('',(#9406),#9404,.T.);
#9408=CARTESIAN_POINT('',(141.95600891,2.10397339,3.79999995));
#9409=DIRECTION('',(0.,0.,1.));
#9410=DIRECTION('',(-0.75183962,-0.65934603,0.));
#9411=AXIS2_PLACEMENT_3D('',#9408,#9409,#9410);
#9412=PLANE('',#9411);
#9413=POLY_LOOP('',(#939,#931,#930));
#9414=FACE_OUTER_BOUND('',#9413,.T.);
#9415=FACE_SURFACE('',(#9414),#9412,.T.);
#9416=CARTESIAN_POINT('',(141.80357361,1.97029114,3.79999995));
#9417=DIRECTION('',(0.,0.,1.));
#9418=DIRECTION('',(-0.83147092,-0.55556828,0.));
#9419=AXIS2_PLACEMENT_3D('',#9416,#9417,#9418);
#9420=PLANE('',#9419);
#9421=POLY_LOOP('',(#931,#1045,#932));
#9422=FACE_OUTER_BOUND('',#9421,.T.);
#9423=FACE_SURFACE('',(#9422),#9420,.T.);
#9424=CARTESIAN_POINT('',(141.63499451,1.85765076,3.79999995));
#9425=DIRECTION('',(0.,0.,1.));
#9426=DIRECTION('',(-0.89686719,-0.44229995,0.));
#9427=AXIS2_PLACEMENT_3D('',#9424,#9425,#9426);
#9428=PLANE('',#9427);
#9429=POLY_LOOP('',(#1045,#1026,#932));
#9430=FACE_OUTER_BOUND('',#9429,.T.);
#9431=FACE_SURFACE('',(#9430),#9428,.T.);
#9432=CARTESIAN_POINT('',(141.45315552,1.76797485,3.79999995));
#9433=DIRECTION('',(0.,0.,1.));
#9434=DIRECTION('',(-0.94693044,-0.32143856,0.));
#9435=AXIS2_PLACEMENT_3D('',#9432,#9433,#9434);
#9436=PLANE('',#9435);
#9437=POLY_LOOP('',(#1026,#1046,#1003));
#9438=FACE_OUTER_BOUND('',#9437,.T.);
#9439=FACE_SURFACE('',(#9438),#9436,.T.);
#9440=CARTESIAN_POINT('',(141.26116943,1.70280457,3.79999995));
#9441=DIRECTION('',(0.,0.,1.));
#9442=DIRECTION('',(0.9990208,-0.04424293,0.));
#9443=AXIS2_PLACEMENT_3D('',#9440,#9441,#9442);
#9444=PLANE('',#9443);
#9445=POLY_LOOP('',(#1046,#935,#1003));
#9446=FACE_OUTER_BOUND('',#9445,.T.);
#9447=FACE_SURFACE('',(#9446),#9444,.T.);
#9448=CARTESIAN_POINT('',(141.06230164,1.66325378,3.79999995));
#9449=DIRECTION('',(0.,0.,1.));
#9450=DIRECTION('',(0.99909433,-0.04255022,0.));
#9451=AXIS2_PLACEMENT_3D('',#9448,#9449,#9450);
#9452=PLANE('',#9451);
#9453=POLY_LOOP('',(#1047,#935,#1046));
#9454=FACE_OUTER_BOUND('',#9453,.T.);
#9455=FACE_SURFACE('',(#9454),#9452,.T.);
#9456=CARTESIAN_POINT('',(140.85998535,1.6499939,3.79999995));
#9457=DIRECTION('',(0.,0.,1.));
#9458=DIRECTION('',(0.99912643,-0.04178975,0.));
#9459=AXIS2_PLACEMENT_3D('',#9456,#9457,#9458);
#9460=PLANE('',#9459);
#9461=POLY_LOOP('',(#927,#935,#1047));
#9462=FACE_OUTER_BOUND('',#9461,.T.);
#9463=FACE_SURFACE('',(#9462),#9460,.T.);
#9464=CARTESIAN_POINT('',(162.06999207,19.79399109,0.));
#9465=DIRECTION('',(0.,1.,0.));
#9466=DIRECTION('',(0.89154858,0.,0.45292508));
#9467=AXIS2_PLACEMENT_3D('',#9464,#9465,#9466);
#9468=PLANE('',#9467);
#9469=POLY_LOOP('',(#20,#535,#21));
#9470=FACE_OUTER_BOUND('',#9469,.T.);
#9471=FACE_SURFACE('',(#9470),#9468,.T.);
#9472=CARTESIAN_POINT('',(162.06999207,19.79399109,0.));
#9473=DIRECTION('',(0.,1.,0.));
#9474=DIRECTION('',(0.,0.,1.));
#9475=AXIS2_PLACEMENT_3D('',#9472,#9473,#9474);
#9476=PLANE('',#9475);
#9477=POLY_LOOP('',(#20,#536,#535));
#9478=FACE_OUTER_BOUND('',#9477,.T.);
#9479=FACE_SURFACE('',(#9478),#9476,.T.);
#9480=CARTESIAN_POINT('',(162.06999207,51.78016663,0.));
#9481=DIRECTION('',(1.,0.,0.));
#9482=DIRECTION('',(0.,-0.99301695,0.11797173));
#9483=AXIS2_PLACEMENT_3D('',#9480,#9481,#9482);
#9484=PLANE('',#9483);
#9485=POLY_LOOP('',(#231,#536,#20));
#9486=FACE_OUTER_BOUND('',#9485,.T.);
#9487=FACE_SURFACE('',(#9486),#9484,.T.);
#9488=CARTESIAN_POINT('',(162.06999207,51.78016663,0.));
#9489=DIRECTION('',(1.,0.,0.));
#9490=DIRECTION('',(0.,0.,1.));
#9491=AXIS2_PLACEMENT_3D('',#9488,#9489,#9490);
#9492=PLANE('',#9491);
#9493=POLY_LOOP('',(#231,#745,#536));
#9494=FACE_OUTER_BOUND('',#9493,.T.);
#9495=FACE_SURFACE('',(#9494),#9492,.T.);
#9496=CARTESIAN_POINT('',(158.4440918,53.62660217,0.));
#9497=DIRECTION('',(0.45378505,0.89111117,0.));
#9498=DIRECTION('',(0.65126792,-0.33164846,0.68253893));
#9499=AXIS2_PLACEMENT_3D('',#9496,#9497,#9498);
#9500=PLANE('',#9499);
#9501=POLY_LOOP('',(#27,#745,#231));
#9502=FACE_OUTER_BOUND('',#9501,.T.);
#9503=FACE_SURFACE('',(#9502),#9500,.T.);
#9504=CARTESIAN_POINT('',(158.4440918,53.62660217,0.));
#9505=DIRECTION('',(0.45378505,0.89111117,0.));
#9506=DIRECTION('',(0.,0.,1.));
#9507=AXIS2_PLACEMENT_3D('',#9504,#9505,#9506);
#9508=PLANE('',#9507);
#9509=POLY_LOOP('',(#27,#541,#745));
#9510=FACE_OUTER_BOUND('',#9509,.T.);
#9511=FACE_SURFACE('',(#9510),#9508,.T.);
#9512=CARTESIAN_POINT('',(154.57635498,55.49517822,0.));
#9513=DIRECTION('',(0.435012,0.90042465,0.));
#9514=DIRECTION('',(0.67440163,-0.32581605,0.66259063));
#9515=AXIS2_PLACEMENT_3D('',#9512,#9513,#9514);
#9516=PLANE('',#9515);
#9517=POLY_LOOP('',(#30,#541,#27));
#9518=FACE_OUTER_BOUND('',#9517,.T.);
#9519=FACE_SURFACE('',(#9518),#9516,.T.);
#9520=CARTESIAN_POINT('',(154.57635498,55.49517822,0.));
#9521=DIRECTION('',(0.435012,0.90042465,0.));
#9522=DIRECTION('',(0.,0.,1.));
#9523=AXIS2_PLACEMENT_3D('',#9520,#9521,#9522);
#9524=PLANE('',#9523);
#9525=POLY_LOOP('',(#30,#543,#541));
#9526=FACE_OUTER_BOUND('',#9525,.T.);
#9527=FACE_SURFACE('',(#9526),#9524,.T.);
#9528=CARTESIAN_POINT('',(150.70941162,57.26237488,0.));
#9529=DIRECTION('',(0.41565297,0.90952328,0.));
#9530=DIRECTION('',(0.67813738,-0.30990941,0.66639767));
#9531=AXIS2_PLACEMENT_3D('',#9528,#9529,#9530);
#9532=PLANE('',#9531);
#9533=POLY_LOOP('',(#32,#543,#30));
#9534=FACE_OUTER_BOUND('',#9533,.T.);
#9535=FACE_SURFACE('',(#9534),#9532,.T.);
#9536=CARTESIAN_POINT('',(150.70941162,57.26237488,0.));
#9537=DIRECTION('',(0.41565297,0.90952328,0.));
#9538=DIRECTION('',(0.,0.,1.));
#9539=AXIS2_PLACEMENT_3D('',#9536,#9537,#9538);
#9540=PLANE('',#9539);
#9541=POLY_LOOP('',(#32,#545,#543));
#9542=FACE_OUTER_BOUND('',#9541,.T.);
#9543=FACE_SURFACE('',(#9542),#9540,.T.);
#9544=CARTESIAN_POINT('',(146.84266663,58.92851257,0.));
#9545=DIRECTION('',(0.39571663,0.91837266,0.));
#9546=DIRECTION('',(0.68176596,-0.29376542,0.6699978));
#9547=AXIS2_PLACEMENT_3D('',#9544,#9545,#9546);
#9548=PLANE('',#9547);
#9549=POLY_LOOP('',(#34,#545,#32));
#9550=FACE_OUTER_BOUND('',#9549,.T.);
#9551=FACE_SURFACE('',(#9550),#9548,.T.);
#9552=CARTESIAN_POINT('',(146.84266663,58.92851257,0.));
#9553=DIRECTION('',(0.39571663,0.91837266,0.));
#9554=DIRECTION('',(0.,0.,1.));
#9555=AXIS2_PLACEMENT_3D('',#9552,#9553,#9554);
#9556=PLANE('',#9555);
#9557=POLY_LOOP('',(#34,#548,#545));
#9558=FACE_OUTER_BOUND('',#9557,.T.);
#9559=FACE_SURFACE('',(#9558),#9556,.T.);
#9560=CARTESIAN_POINT('',(142.97575378,60.4937439,0.));
#9561=DIRECTION('',(0.37520353,0.92694245,0.));
#9562=DIRECTION('',(0.68526357,-0.27737786,0.6734058));
#9563=AXIS2_PLACEMENT_3D('',#9560,#9561,#9562);
#9564=PLANE('',#9563);
#9565=POLY_LOOP('',(#24,#548,#34));
#9566=FACE_OUTER_BOUND('',#9565,.T.);
#9567=FACE_SURFACE('',(#9566),#9564,.T.);
#9568=CARTESIAN_POINT('',(142.97575378,60.4937439,0.));
#9569=DIRECTION('',(0.37520353,0.92694245,0.));
#9570=DIRECTION('',(0.,0.,1.));
#9571=AXIS2_PLACEMENT_3D('',#9568,#9569,#9570);
#9572=PLANE('',#9571);
#9573=POLY_LOOP('',(#24,#538,#548));
#9574=FACE_OUTER_BOUND('',#9573,.T.);
#9575=FACE_SURFACE('',(#9574),#9572,.T.);
#9576=CARTESIAN_POINT('',(139.10914612,61.95788574,0.));
#9577=DIRECTION('',(0.35412505,0.93519808,0.));
#9578=DIRECTION('',(0.68855408,-0.26073006,0.67669278));
#9579=AXIS2_PLACEMENT_3D('',#9576,#9577,#9578);
#9580=PLANE('',#9579);
#9581=POLY_LOOP('',(#23,#538,#24));
#9582=FACE_OUTER_BOUND('',#9581,.T.);
#9583=FACE_SURFACE('',(#9582),#9580,.T.);
#9584=CARTESIAN_POINT('',(139.10914612,61.95788574,0.));
#9585=DIRECTION('',(0.35412505,0.93519808,0.));
#9586=DIRECTION('',(0.,0.,1.));
#9587=AXIS2_PLACEMENT_3D('',#9584,#9585,#9586);
#9588=PLANE('',#9587);
#9589=POLY_LOOP('',(#23,#539,#538));
#9590=FACE_OUTER_BOUND('',#9589,.T.);
#9591=FACE_SURFACE('',(#9590),#9588,.T.);
#9592=CARTESIAN_POINT('',(135.24354553,63.32069397,0.));
#9593=DIRECTION('',(0.33249003,0.94310677,0.));
#9594=DIRECTION('',(0.69160906,-0.24382512,0.67987221));
#9595=AXIS2_PLACEMENT_3D('',#9592,#9593,#9594);
#9596=PLANE('',#9595);
#9597=POLY_LOOP('',(#37,#539,#23));
#9598=FACE_OUTER_BOUND('',#9597,.T.);
#9599=FACE_SURFACE('',(#9598),#9596,.T.);
#9600=CARTESIAN_POINT('',(135.24354553,63.32069397,0.));
#9601=DIRECTION('',(0.33249003,0.94310677,0.));
#9602=DIRECTION('',(0.,0.,1.));
#9603=AXIS2_PLACEMENT_3D('',#9600,#9601,#9602);
#9604=PLANE('',#9603);
#9605=POLY_LOOP('',(#37,#550,#539));
#9606=FACE_OUTER_BOUND('',#9605,.T.);
#9607=FACE_SURFACE('',(#9606),#9604,.T.);
#9608=CARTESIAN_POINT('',(131.37748718,64.58268738,0.));
#9609=DIRECTION('',(0.31031446,0.95063397,0.));
#9610=DIRECTION('',(0.6945995,-0.22673739,0.68273105));
#9611=AXIS2_PLACEMENT_3D('',#9608,#9609,#9610);
#9612=PLANE('',#9611);
#9613=POLY_LOOP('',(#40,#550,#37));
#9614=FACE_OUTER_BOUND('',#9613,.T.);
#9615=FACE_SURFACE('',(#9614),#9612,.T.);
#9616=CARTESIAN_POINT('',(131.37748718,64.58268738,0.));
#9617=DIRECTION('',(0.31031446,0.95063397,0.));
#9618=DIRECTION('',(0.,0.,1.));
#9619=AXIS2_PLACEMENT_3D('',#9616,#9617,#9618);
#9620=PLANE('',#9619);
#9621=POLY_LOOP('',(#40,#552,#550));
#9622=FACE_OUTER_BOUND('',#9621,.T.);
#9623=FACE_SURFACE('',(#9622),#9620,.T.);
#9624=CARTESIAN_POINT('',(127.51165771,65.7436676,0.));
#9625=DIRECTION('',(0.28762775,0.95774228,0.));
#9626=DIRECTION('',(0.69733853,-0.20942368,0.68546386));
#9627=AXIS2_PLACEMENT_3D('',#9624,#9625,#9626);
#9628=PLANE('',#9627);
#9629=POLY_LOOP('',(#42,#552,#40));
#9630=FACE_OUTER_BOUND('',#9629,.T.);
#9631=FACE_SURFACE('',(#9630),#9628,.T.);
#9632=CARTESIAN_POINT('',(127.51165771,65.7436676,0.));
#9633=DIRECTION('',(0.28762775,0.95774228,0.));
#9634=DIRECTION('',(0.,0.,1.));
#9635=AXIS2_PLACEMENT_3D('',#9632,#9633,#9634);
#9636=PLANE('',#9635);
#9637=POLY_LOOP('',(#42,#555,#552));
#9638=FACE_OUTER_BOUND('',#9637,.T.);
#9639=FACE_SURFACE('',(#9638),#9636,.T.);
#9640=CARTESIAN_POINT('',(123.64674377,66.80345154,0.));
#9641=DIRECTION('',(0.26444483,0.96440082,0.));
#9642=DIRECTION('',(0.69981769,-0.19189445,0.68806375));
#9643=AXIS2_PLACEMENT_3D('',#9640,#9641,#9642);
#9644=PLANE('',#9643);
#9645=POLY_LOOP('',(#44,#555,#42));
#9646=FACE_OUTER_BOUND('',#9645,.T.);
#9647=FACE_SURFACE('',(#9646),#9644,.T.);
#9648=CARTESIAN_POINT('',(123.64674377,66.80345154,0.));
#9649=DIRECTION('',(0.26444483,0.96440082,0.));
#9650=DIRECTION('',(0.,0.,1.));
#9651=AXIS2_PLACEMENT_3D('',#9648,#9649,#9650);
#9652=PLANE('',#9651);
#9653=POLY_LOOP('',(#44,#557,#555));
#9654=FACE_OUTER_BOUND('',#9653,.T.);
#9655=FACE_SURFACE('',(#9654),#9652,.T.);
#9656=CARTESIAN_POINT('',(119.7805481,67.7625885,0.));
#9657=DIRECTION('',(0.24078397,0.97057873,0.));
#9658=DIRECTION('',(0.70227855,-0.17422329,0.69025437));
#9659=AXIS2_PLACEMENT_3D('',#9656,#9657,#9658);
#9660=PLANE('',#9659);
#9661=POLY_LOOP('',(#46,#557,#44));
#9662=FACE_OUTER_BOUND('',#9661,.T.);
#9663=FACE_SURFACE('',(#9662),#9660,.T.);
#9664=CARTESIAN_POINT('',(119.7805481,67.7625885,0.));
#9665=DIRECTION('',(0.24078397,0.97057873,0.));
#9666=DIRECTION('',(0.,0.,1.));
#9667=AXIS2_PLACEMENT_3D('',#9664,#9665,#9666);
#9668=PLANE('',#9667);
#9669=POLY_LOOP('',(#46,#559,#557));
#9670=FACE_OUTER_BOUND('',#9669,.T.);
#9671=FACE_SURFACE('',(#9670),#9668,.T.);
#9672=CARTESIAN_POINT('',(115.91596985,68.62043762,0.));
#9673=DIRECTION('',(0.21670272,0.97623764,0.));
#9674=DIRECTION('',(0.70427205,-0.1563325,0.69250345));
#9675=AXIS2_PLACEMENT_3D('',#9672,#9673,#9674);
#9676=PLANE('',#9675);
#9677=POLY_LOOP('',(#224,#559,#46));
#9678=FACE_OUTER_BOUND('',#9677,.T.);
#9679=FACE_SURFACE('',(#9678),#9676,.T.);
#9680=CARTESIAN_POINT('',(115.91596985,68.62043762,0.));
#9681=DIRECTION('',(0.21670272,0.97623764,0.));
#9682=DIRECTION('',(0.,0.,1.));
#9683=AXIS2_PLACEMENT_3D('',#9680,#9681,#9682);
#9684=PLANE('',#9683);
#9685=POLY_LOOP('',(#224,#738,#559));
#9686=FACE_OUTER_BOUND('',#9685,.T.);
#9687=FACE_SURFACE('',(#9686),#9684,.T.);
#9688=CARTESIAN_POINT('',(112.05110168,69.37739563,0.));
#9689=DIRECTION('',(0.19220435,0.98135492,0.));
#9690=DIRECTION('',(0.70621166,-0.13831586,0.69435856));
#9691=AXIS2_PLACEMENT_3D('',#9688,#9689,#9690);
#9692=PLANE('',#9691);
#9693=POLY_LOOP('',(#48,#738,#224));
#9694=FACE_OUTER_BOUND('',#9693,.T.);
#9695=FACE_SURFACE('',(#9694),#9692,.T.);
#9696=CARTESIAN_POINT('',(112.05110168,69.37739563,0.));
#9697=DIRECTION('',(0.19220435,0.98135492,0.));
#9698=DIRECTION('',(0.,0.,1.));
#9699=AXIS2_PLACEMENT_3D('',#9696,#9697,#9698);
#9700=PLANE('',#9699);
#9701=POLY_LOOP('',(#48,#562,#738));
#9702=FACE_OUTER_BOUND('',#9701,.T.);
#9703=FACE_SURFACE('',(#9702),#9700,.T.);
#9704=CARTESIAN_POINT('',(108.18678284,70.03334045,0.));
#9705=DIRECTION('',(0.16735016,0.98589752,0.));
#9706=DIRECTION('',(0.70785016,-0.1201533,0.69606849));
#9707=AXIS2_PLACEMENT_3D('',#9704,#9705,#9706);
#9708=PLANE('',#9707);
#9709=POLY_LOOP('',(#47,#562,#48));
#9710=FACE_OUTER_BOUND('',#9709,.T.);
#9711=FACE_SURFACE('',(#9710),#9708,.T.);
#9712=CARTESIAN_POINT('',(108.18678284,70.03334045,0.));
#9713=DIRECTION('',(0.16735016,0.98589752,0.));
#9714=DIRECTION('',(0.,0.,1.));
#9715=AXIS2_PLACEMENT_3D('',#9712,#9713,#9714);
#9716=PLANE('',#9715);
#9717=POLY_LOOP('',(#47,#563,#562));
#9718=FACE_OUTER_BOUND('',#9717,.T.);
#9719=FACE_SURFACE('',(#9718),#9716,.T.);
#9720=CARTESIAN_POINT('',(104.32170105,70.58848572,0.));
#9721=DIRECTION('',(0.14217192,0.98984198,0.));
#9722=DIRECTION('',(0.70937392,-0.10188803,0.69742919));
#9723=AXIS2_PLACEMENT_3D('',#9720,#9721,#9722);
#9724=PLANE('',#9723);
#9725=POLY_LOOP('',(#53,#563,#47));
#9726=FACE_OUTER_BOUND('',#9725,.T.);
#9727=FACE_SURFACE('',(#9726),#9724,.T.);
#9728=CARTESIAN_POINT('',(104.32170105,70.58848572,0.));
#9729=DIRECTION('',(0.14217192,0.98984198,0.));
#9730=DIRECTION('',(0.,0.,1.));
#9731=AXIS2_PLACEMENT_3D('',#9728,#9729,#9730);
#9732=PLANE('',#9731);
#9733=POLY_LOOP('',(#53,#566,#563));
#9734=FACE_OUTER_BOUND('',#9733,.T.);
#9735=FACE_SURFACE('',(#9734),#9732,.T.);
#9736=CARTESIAN_POINT('',(100.45715332,71.04263306,0.));
#9737=DIRECTION('',(0.11671315,0.99316567,0.));
#9738=DIRECTION('',(0.71054634,-0.08350077,0.69867841));
#9739=AXIS2_PLACEMENT_3D('',#9736,#9737,#9738);
#9740=PLANE('',#9739);
#9741=POLY_LOOP('',(#195,#566,#53));
#9742=FACE_OUTER_BOUND('',#9741,.T.);
#9743=FACE_SURFACE('',(#9742),#9740,.T.);
#9744=CARTESIAN_POINT('',(100.45715332,71.04263306,0.));
#9745=DIRECTION('',(0.11671315,0.99316567,0.));
#9746=DIRECTION('',(0.,0.,1.));
#9747=AXIS2_PLACEMENT_3D('',#9744,#9745,#9746);
#9748=PLANE('',#9747);
#9749=POLY_LOOP('',(#195,#709,#566));
#9750=FACE_OUTER_BOUND('',#9749,.T.);
#9751=FACE_SURFACE('',(#9750),#9748,.T.);
#9752=CARTESIAN_POINT('',(96.59298706,71.39581299,0.));
#9753=DIRECTION('',(0.09101936,0.99584912,0.));
#9754=DIRECTION('',(0.71149268,-0.06502954,0.69967801));
#9755=AXIS2_PLACEMENT_3D('',#9752,#9753,#9754);
#9756=PLANE('',#9755);
#9757=POLY_LOOP('',(#54,#709,#195));
#9758=FACE_OUTER_BOUND('',#9757,.T.);
#9759=FACE_SURFACE('',(#9758),#9756,.T.);
#9760=CARTESIAN_POINT('',(96.59298706,71.39581299,0.));
#9761=DIRECTION('',(0.09101936,0.99584912,0.));
#9762=DIRECTION('',(0.,0.,1.));
#9763=AXIS2_PLACEMENT_3D('',#9760,#9761,#9762);
#9764=PLANE('',#9763);
#9765=POLY_LOOP('',(#54,#570,#709));
#9766=FACE_OUTER_BOUND('',#9765,.T.);
#9767=FACE_SURFACE('',(#9766),#9764,.T.);
#9768=CARTESIAN_POINT('',(92.72850037,71.64811707,0.));
#9769=DIRECTION('',(0.06514916,0.99787554,0.));
#9770=DIRECTION('',(0.71225958,-0.04650191,0.70037409));
#9771=AXIS2_PLACEMENT_3D('',#9768,#9769,#9770);
#9772=PLANE('',#9771);
#9773=POLY_LOOP('',(#57,#570,#54));
#9774=FACE_OUTER_BOUND('',#9773,.T.);
#9775=FACE_SURFACE('',(#9774),#9772,.T.);
#9776=CARTESIAN_POINT('',(92.72850037,71.64811707,0.));
#9777=DIRECTION('',(0.06514916,0.99787554,0.));
#9778=DIRECTION('',(0.,0.,1.));
#9779=AXIS2_PLACEMENT_3D('',#9776,#9777,#9778);
#9780=PLANE('',#9779);
#9781=POLY_LOOP('',(#57,#572,#570));
#9782=FACE_OUTER_BOUND('',#9781,.T.);
#9783=FACE_SURFACE('',(#9782),#9780,.T.);
#9784=CARTESIAN_POINT('',(88.86419678,71.79949951,0.));
#9785=DIRECTION('',(0.03914455,0.99923356,0.));
#9786=DIRECTION('',(0.71273634,-0.02792114,0.70087611));
#9787=AXIS2_PLACEMENT_3D('',#9784,#9785,#9786);
#9788=PLANE('',#9787);
#9789=POLY_LOOP('',(#59,#572,#57));
#9790=FACE_OUTER_BOUND('',#9789,.T.);
#9791=FACE_SURFACE('',(#9790),#9788,.T.);
#9792=CARTESIAN_POINT('',(88.86419678,71.79949951,0.));
#9793=DIRECTION('',(0.03914455,0.99923356,0.));
#9794=DIRECTION('',(0.,0.,1.));
#9795=AXIS2_PLACEMENT_3D('',#9792,#9793,#9794);
#9796=PLANE('',#9795);
#9797=POLY_LOOP('',(#59,#575,#572));
#9798=FACE_OUTER_BOUND('',#9797,.T.);
#9799=FACE_SURFACE('',(#9798),#9796,.T.);
#9800=CARTESIAN_POINT('',(85.,71.84994507,0.));
#9801=DIRECTION('',(0.01305349,0.9999148,0.));
#9802=DIRECTION('',(0.71297375,-0.00930759,0.70112895));
#9803=AXIS2_PLACEMENT_3D('',#9800,#9801,#9802);
#9804=PLANE('',#9803);
#9805=POLY_LOOP('',(#180,#575,#59));
#9806=FACE_OUTER_BOUND('',#9805,.T.);
#9807=FACE_SURFACE('',(#9806),#9804,.T.);
#9808=CARTESIAN_POINT('',(85.,71.84994507,0.));
#9809=DIRECTION('',(0.01305349,0.9999148,0.));
#9810=DIRECTION('',(0.,0.,1.));
#9811=AXIS2_PLACEMENT_3D('',#9808,#9809,#9810);
#9812=PLANE('',#9811);
#9813=POLY_LOOP('',(#180,#695,#575));
#9814=FACE_OUTER_BOUND('',#9813,.T.);
#9815=FACE_SURFACE('',(#9814),#9812,.T.);
#9816=CARTESIAN_POINT('',(81.13578796,71.79949951,0.));
#9817=DIRECTION('',(-0.01305344,0.9999148,0.));
#9818=DIRECTION('',(0.71297513,0.00930757,0.70112754));
#9819=AXIS2_PLACEMENT_3D('',#9816,#9817,#9818);
#9820=PLANE('',#9819);
#9821=POLY_LOOP('',(#64,#695,#180));
#9822=FACE_OUTER_BOUND('',#9821,.T.);
#9823=FACE_SURFACE('',(#9822),#9820,.T.);
#9824=CARTESIAN_POINT('',(81.13578796,71.79949951,0.));
#9825=DIRECTION('',(-0.01305344,0.9999148,0.));
#9826=DIRECTION('',(0.,0.,1.));
#9827=AXIS2_PLACEMENT_3D('',#9824,#9825,#9826);
#9828=PLANE('',#9827);
#9829=POLY_LOOP('',(#64,#580,#695));
#9830=FACE_OUTER_BOUND('',#9829,.T.);
#9831=FACE_SURFACE('',(#9830),#9828,.T.);
#9832=CARTESIAN_POINT('',(77.27148438,71.64811707,0.));
#9833=DIRECTION('',(-0.03914455,0.99923356,0.));
#9834=DIRECTION('',(0.71273634,0.02792114,0.70087611));
#9835=AXIS2_PLACEMENT_3D('',#9832,#9833,#9834);
#9836=PLANE('',#9835);
#9837=POLY_LOOP('',(#133,#580,#64));
#9838=FACE_OUTER_BOUND('',#9837,.T.);
#9839=FACE_SURFACE('',(#9838),#9836,.T.);
#9840=CARTESIAN_POINT('',(77.27148438,71.64811707,0.));
#9841=DIRECTION('',(-0.03914455,0.99923356,0.));
#9842=DIRECTION('',(0.,0.,1.));
#9843=AXIS2_PLACEMENT_3D('',#9840,#9841,#9842);
#9844=PLANE('',#9843);
#9845=POLY_LOOP('',(#133,#647,#580));
#9846=FACE_OUTER_BOUND('',#9845,.T.);
#9847=FACE_SURFACE('',(#9846),#9844,.T.);
#9848=CARTESIAN_POINT('',(73.40699768,71.39581299,0.));
#9849=DIRECTION('',(-0.06514916,0.99787554,0.));
#9850=DIRECTION('',(0.71225958,0.04650191,0.70037409));
#9851=AXIS2_PLACEMENT_3D('',#9848,#9849,#9850);
#9852=PLANE('',#9851);
#9853=POLY_LOOP('',(#69,#647,#133));
#9854=FACE_OUTER_BOUND('',#9853,.T.);
#9855=FACE_SURFACE('',(#9854),#9852,.T.);
#9856=CARTESIAN_POINT('',(73.40699768,71.39581299,0.));
#9857=DIRECTION('',(-0.06514916,0.99787554,0.));
#9858=DIRECTION('',(0.,0.,1.));
#9859=AXIS2_PLACEMENT_3D('',#9856,#9857,#9858);
#9860=PLANE('',#9859);
#9861=POLY_LOOP('',(#69,#585,#647));
#9862=FACE_OUTER_BOUND('',#9861,.T.);
#9863=FACE_SURFACE('',(#9862),#9860,.T.);
#9864=CARTESIAN_POINT('',(69.54283142,71.04263306,0.));
#9865=DIRECTION('',(-0.09101936,0.99584912,0.));
#9866=DIRECTION('',(0.71149268,0.06502954,0.69967801));
#9867=AXIS2_PLACEMENT_3D('',#9864,#9865,#9866);
#9868=PLANE('',#9867);
#9869=POLY_LOOP('',(#72,#585,#69));
#9870=FACE_OUTER_BOUND('',#9869,.T.);
#9871=FACE_SURFACE('',(#9870),#9868,.T.);
#9872=CARTESIAN_POINT('',(69.54283142,71.04263306,0.));
#9873=DIRECTION('',(-0.09101936,0.99584912,0.));
#9874=DIRECTION('',(0.,0.,1.));
#9875=AXIS2_PLACEMENT_3D('',#9872,#9873,#9874);
#9876=PLANE('',#9875);
#9877=POLY_LOOP('',(#72,#587,#585));
#9878=FACE_OUTER_BOUND('',#9877,.T.);
#9879=FACE_SURFACE('',(#9878),#9876,.T.);
#9880=CARTESIAN_POINT('',(65.67828369,70.58848572,0.));
#9881=DIRECTION('',(-0.11671315,0.99316567,0.));
#9882=DIRECTION('',(0.71054634,0.08350077,0.69867841));
#9883=AXIS2_PLACEMENT_3D('',#9880,#9881,#9882);
#9884=PLANE('',#9883);
#9885=POLY_LOOP('',(#74,#587,#72));
#9886=FACE_OUTER_BOUND('',#9885,.T.);
#9887=FACE_SURFACE('',(#9886),#9884,.T.);
#9888=CARTESIAN_POINT('',(65.67828369,70.58848572,0.));
#9889=DIRECTION('',(-0.11671315,0.99316567,0.));
#9890=DIRECTION('',(0.,0.,1.));
#9891=AXIS2_PLACEMENT_3D('',#9888,#9889,#9890);
#9892=PLANE('',#9891);
#9893=POLY_LOOP('',(#74,#589,#587));
#9894=FACE_OUTER_BOUND('',#9893,.T.);
#9895=FACE_SURFACE('',(#9894),#9892,.T.);
#9896=CARTESIAN_POINT('',(61.8132019,70.03334045,0.));
#9897=DIRECTION('',(-0.14217192,0.98984198,0.));
#9898=DIRECTION('',(0.70937392,0.10188803,0.69742919));
#9899=AXIS2_PLACEMENT_3D('',#9896,#9897,#9898);
#9900=PLANE('',#9899);
#9901=POLY_LOOP('',(#76,#589,#74));
#9902=FACE_OUTER_BOUND('',#9901,.T.);
#9903=FACE_SURFACE('',(#9902),#9900,.T.);
#9904=CARTESIAN_POINT('',(61.8132019,70.03334045,0.));
#9905=DIRECTION('',(-0.14217192,0.98984198,0.));
#9906=DIRECTION('',(0.,0.,1.));
#9907=AXIS2_PLACEMENT_3D('',#9904,#9905,#9906);
#9908=PLANE('',#9907);
#9909=POLY_LOOP('',(#76,#592,#589));
#9910=FACE_OUTER_BOUND('',#9909,.T.);
#9911=FACE_SURFACE('',(#9910),#9908,.T.);
#9912=CARTESIAN_POINT('',(57.94888306,69.37739563,0.));
#9913=DIRECTION('',(-0.16735016,0.98589752,0.));
#9914=DIRECTION('',(0.70785016,0.1201533,0.69606849));
#9915=AXIS2_PLACEMENT_3D('',#9912,#9913,#9914);
#9916=PLANE('',#9915);
#9917=POLY_LOOP('',(#79,#592,#76));
#9918=FACE_OUTER_BOUND('',#9917,.T.);
#9919=FACE_SURFACE('',(#9918),#9916,.T.);
#9920=CARTESIAN_POINT('',(57.94888306,69.37739563,0.));
#9921=DIRECTION('',(-0.16735016,0.98589752,0.));
#9922=DIRECTION('',(0.,0.,1.));
#9923=AXIS2_PLACEMENT_3D('',#9920,#9921,#9922);
#9924=PLANE('',#9923);
#9925=POLY_LOOP('',(#79,#595,#592));
#9926=FACE_OUTER_BOUND('',#9925,.T.);
#9927=FACE_SURFACE('',(#9926),#9924,.T.);
#9928=CARTESIAN_POINT('',(54.08401489,68.62043762,0.));
#9929=DIRECTION('',(-0.19220435,0.98135492,0.));
#9930=DIRECTION('',(0.70621166,0.13831586,0.69435856));
#9931=AXIS2_PLACEMENT_3D('',#9928,#9929,#9930);
#9932=PLANE('',#9931);
#9933=POLY_LOOP('',(#86,#595,#79));
#9934=FACE_OUTER_BOUND('',#9933,.T.);
#9935=FACE_SURFACE('',(#9934),#9932,.T.);
#9936=CARTESIAN_POINT('',(54.08401489,68.62043762,0.));
#9937=DIRECTION('',(-0.19220435,0.98135492,0.));
#9938=DIRECTION('',(0.,0.,1.));
#9939=AXIS2_PLACEMENT_3D('',#9936,#9937,#9938);
#9940=PLANE('',#9939);
#9941=POLY_LOOP('',(#86,#599,#595));
#9942=FACE_OUTER_BOUND('',#9941,.T.);
#9943=FACE_SURFACE('',(#9942),#9940,.T.);
#9944=CARTESIAN_POINT('',(50.21943665,67.7625885,0.));
#9945=DIRECTION('',(-0.21670272,0.97623764,0.));
#9946=DIRECTION('',(0.70427205,0.1563325,0.69250345));
#9947=AXIS2_PLACEMENT_3D('',#9944,#9945,#9946);
#9948=PLANE('',#9947);
#9949=POLY_LOOP('',(#89,#599,#86));
#9950=FACE_OUTER_BOUND('',#9949,.T.);
#9951=FACE_SURFACE('',(#9950),#9948,.T.);
#9952=CARTESIAN_POINT('',(50.21943665,67.7625885,0.));
#9953=DIRECTION('',(-0.21670272,0.97623764,0.));
#9954=DIRECTION('',(0.,0.,1.));
#9955=AXIS2_PLACEMENT_3D('',#9952,#9953,#9954);
#9956=PLANE('',#9955);
#9957=POLY_LOOP('',(#89,#601,#599));
#9958=FACE_OUTER_BOUND('',#9957,.T.);
#9959=FACE_SURFACE('',(#9958),#9956,.T.);
#9960=CARTESIAN_POINT('',(46.35324097,66.80345154,0.));
#9961=DIRECTION('',(-0.24078397,0.97057873,0.));
#9962=DIRECTION('',(0.70227855,0.17422329,0.69025437));
#9963=AXIS2_PLACEMENT_3D('',#9960,#9961,#9962);
#9964=PLANE('',#9963);
#9965=POLY_LOOP('',(#88,#601,#89));
#9966=FACE_OUTER_BOUND('',#9965,.T.);
#9967=FACE_SURFACE('',(#9966),#9964,.T.);
#9968=CARTESIAN_POINT('',(46.35324097,66.80345154,0.));
#9969=DIRECTION('',(-0.24078397,0.97057873,0.));
#9970=DIRECTION('',(0.,0.,1.));
#9971=AXIS2_PLACEMENT_3D('',#9968,#9969,#9970);
#9972=PLANE('',#9971);
#9973=POLY_LOOP('',(#88,#602,#601));
#9974=FACE_OUTER_BOUND('',#9973,.T.);
#9975=FACE_SURFACE('',(#9974),#9972,.T.);
#9976=CARTESIAN_POINT('',(42.48832703,65.7436676,0.));
#9977=DIRECTION('',(-0.26444483,0.96440082,0.));
#9978=DIRECTION('',(0.69981769,0.19189445,0.68806375));
#9979=AXIS2_PLACEMENT_3D('',#9976,#9977,#9978);
#9980=PLANE('',#9979);
#9981=POLY_LOOP('',(#91,#602,#88));
#9982=FACE_OUTER_BOUND('',#9981,.T.);
#9983=FACE_SURFACE('',(#9982),#9980,.T.);
#9984=CARTESIAN_POINT('',(42.48832703,65.7436676,0.));
#9985=DIRECTION('',(-0.26444483,0.96440082,0.));
#9986=DIRECTION('',(0.,0.,1.));
#9987=AXIS2_PLACEMENT_3D('',#9984,#9985,#9986);
#9988=PLANE('',#9987);
#9989=POLY_LOOP('',(#91,#604,#602));
#9990=FACE_OUTER_BOUND('',#9989,.T.);
#9991=FACE_SURFACE('',(#9990),#9988,.T.);
#9992=CARTESIAN_POINT('',(38.62249756,64.58268738,0.));
#9993=DIRECTION('',(-0.28762775,0.95774228,0.));
#9994=DIRECTION('',(0.69733853,0.20942368,0.68546386));
#9995=AXIS2_PLACEMENT_3D('',#9992,#9993,#9994);
#9996=PLANE('',#9995);
#9997=POLY_LOOP('',(#93,#604,#91));
#9998=FACE_OUTER_BOUND('',#9997,.T.);
#9999=FACE_SURFACE('',(#9998),#9996,.T.);
#10000=CARTESIAN_POINT('',(38.62249756,64.58268738,0.));
#10001=DIRECTION('',(-0.28762775,0.95774228,0.));
#10002=DIRECTION('',(0.,0.,1.));
#10003=AXIS2_PLACEMENT_3D('',#10000,#10001,#10002);
#10004=PLANE('',#10003);
#10005=POLY_LOOP('',(#93,#607,#604));
#10006=FACE_OUTER_BOUND('',#10005,.T.);
#10007=FACE_SURFACE('',(#10006),#10004,.T.);
#10008=CARTESIAN_POINT('',(34.75643921,63.32069397,0.));
#10009=DIRECTION('',(-0.31031446,0.95063397,0.));
#10010=DIRECTION('',(0.6945995,0.22673739,0.68273105));
#10011=AXIS2_PLACEMENT_3D('',#10008,#10009,#10010);
#10012=PLANE('',#10011);
#10013=POLY_LOOP('',(#96,#607,#93));
#10014=FACE_OUTER_BOUND('',#10013,.T.);
#10015=FACE_SURFACE('',(#10014),#10012,.T.);
#10016=CARTESIAN_POINT('',(34.75643921,63.32069397,0.));
#10017=DIRECTION('',(-0.31031446,0.95063397,0.));
#10018=DIRECTION('',(0.,0.,1.));
#10019=AXIS2_PLACEMENT_3D('',#10016,#10017,#10018);
#10020=PLANE('',#10019);
#10021=POLY_LOOP('',(#96,#609,#607));
#10022=FACE_OUTER_BOUND('',#10021,.T.);
#10023=FACE_SURFACE('',(#10022),#10020,.T.);
#10024=CARTESIAN_POINT('',(30.89083862,61.95788574,0.));
#10025=DIRECTION('',(-0.33249003,0.94310677,0.));
#10026=DIRECTION('',(0.69160906,0.24382512,0.67987221));
#10027=AXIS2_PLACEMENT_3D('',#10024,#10025,#10026);
#10028=PLANE('',#10027);
#10029=POLY_LOOP('',(#98,#609,#96));
#10030=FACE_OUTER_BOUND('',#10029,.T.);
#10031=FACE_SURFACE('',(#10030),#10028,.T.);
#10032=CARTESIAN_POINT('',(30.89083862,61.95788574,0.));
#10033=DIRECTION('',(-0.33249003,0.94310677,0.));
#10034=DIRECTION('',(0.,0.,1.));
#10035=AXIS2_PLACEMENT_3D('',#10032,#10033,#10034);
#10036=PLANE('',#10035);
#10037=POLY_LOOP('',(#98,#612,#609));
#10038=FACE_OUTER_BOUND('',#10037,.T.);
#10039=FACE_SURFACE('',(#10038),#10036,.T.);
#10040=CARTESIAN_POINT('',(27.02423096,60.4937439,0.));
#10041=DIRECTION('',(-0.35412505,0.93519808,0.));
#10042=DIRECTION('',(0.68855408,0.26073006,0.67669278));
#10043=AXIS2_PLACEMENT_3D('',#10040,#10041,#10042);
#10044=PLANE('',#10043);
#10045=POLY_LOOP('',(#97,#612,#98));
#10046=FACE_OUTER_BOUND('',#10045,.T.);
#10047=FACE_SURFACE('',(#10046),#10044,.T.);
#10048=CARTESIAN_POINT('',(27.02423096,60.4937439,0.));
#10049=DIRECTION('',(-0.35412505,0.93519808,0.));
#10050=DIRECTION('',(0.,0.,1.));
#10051=AXIS2_PLACEMENT_3D('',#10048,#10049,#10050);
#10052=PLANE('',#10051);
#10053=POLY_LOOP('',(#97,#613,#612));
#10054=FACE_OUTER_BOUND('',#10053,.T.);
#10055=FACE_SURFACE('',(#10054),#10052,.T.);
#10056=CARTESIAN_POINT('',(23.15731812,58.92851257,0.));
#10057=DIRECTION('',(-0.37520353,0.92694245,0.));
#10058=DIRECTION('',(0.68526357,0.27737786,0.6734058));
#10059=AXIS2_PLACEMENT_3D('',#10056,#10057,#10058);
#10060=PLANE('',#10059);
#10061=POLY_LOOP('',(#165,#613,#97));
#10062=FACE_OUTER_BOUND('',#10061,.T.);
#10063=FACE_SURFACE('',(#10062),#10060,.T.);
#10064=CARTESIAN_POINT('',(23.15731812,58.92851257,0.));
#10065=DIRECTION('',(-0.37520353,0.92694245,0.));
#10066=DIRECTION('',(0.,0.,1.));
#10067=AXIS2_PLACEMENT_3D('',#10064,#10065,#10066);
#10068=PLANE('',#10067);
#10069=POLY_LOOP('',(#165,#678,#613));
#10070=FACE_OUTER_BOUND('',#10069,.T.);
#10071=FACE_SURFACE('',(#10070),#10068,.T.);
#10072=CARTESIAN_POINT('',(19.29057312,57.26237488,0.));
#10073=DIRECTION('',(-0.39571663,0.91837266,0.));
#10074=DIRECTION('',(0.68176596,0.29376542,0.6699978));
#10075=AXIS2_PLACEMENT_3D('',#10072,#10073,#10074);
#10076=PLANE('',#10075);
#10077=POLY_LOOP('',(#162,#678,#165));
#10078=FACE_OUTER_BOUND('',#10077,.T.);
#10079=FACE_SURFACE('',(#10078),#10076,.T.);
#10080=CARTESIAN_POINT('',(19.29057312,57.26237488,0.));
#10081=DIRECTION('',(-0.39571663,0.91837266,0.));
#10082=DIRECTION('',(0.,0.,1.));
#10083=AXIS2_PLACEMENT_3D('',#10080,#10081,#10082);
#10084=PLANE('',#10083);
#10085=POLY_LOOP('',(#162,#677,#678));
#10086=FACE_OUTER_BOUND('',#10085,.T.);
#10087=FACE_SURFACE('',(#10086),#10084,.T.);
#10088=CARTESIAN_POINT('',(15.42362976,55.49517822,0.));
#10089=DIRECTION('',(-0.41565297,0.90952328,0.));
#10090=DIRECTION('',(0.67813738,0.30990941,0.66639767));
#10091=AXIS2_PLACEMENT_3D('',#10088,#10089,#10090);
#10092=PLANE('',#10091);
#10093=POLY_LOOP('',(#101,#677,#162));
#10094=FACE_OUTER_BOUND('',#10093,.T.);
#10095=FACE_SURFACE('',(#10094),#10092,.T.);
#10096=CARTESIAN_POINT('',(15.42362976,55.49517822,0.));
#10097=DIRECTION('',(-0.41565297,0.90952328,0.));
#10098=DIRECTION('',(0.,0.,1.));
#10099=AXIS2_PLACEMENT_3D('',#10096,#10097,#10098);
#10100=PLANE('',#10099);
#10101=POLY_LOOP('',(#101,#615,#677));
#10102=FACE_OUTER_BOUND('',#10101,.T.);
#10103=FACE_SURFACE('',(#10102),#10100,.T.);
#10104=CARTESIAN_POINT('',(11.55589294,53.62660217,0.));
#10105=DIRECTION('',(-0.435012,0.90042465,0.));
#10106=DIRECTION('',(0.67440163,0.32581605,0.66259063));
#10107=AXIS2_PLACEMENT_3D('',#10104,#10105,#10106);
#10108=PLANE('',#10107);
#10109=POLY_LOOP('',(#105,#615,#101));
#10110=FACE_OUTER_BOUND('',#10109,.T.);
#10111=FACE_SURFACE('',(#10110),#10108,.T.);
#10112=CARTESIAN_POINT('',(11.55589294,53.62660217,0.));
#10113=DIRECTION('',(-0.435012,0.90042465,0.));
#10114=DIRECTION('',(0.,0.,1.));
#10115=AXIS2_PLACEMENT_3D('',#10112,#10113,#10114);
#10116=PLANE('',#10115);
#10117=POLY_LOOP('',(#105,#617,#615));
#10118=FACE_OUTER_BOUND('',#10117,.T.);
#10119=FACE_SURFACE('',(#10118),#10116,.T.);
#10120=CARTESIAN_POINT('',(7.92999268,51.78016663,0.));
#10121=DIRECTION('',(-0.45378505,0.89111117,0.));
#10122=DIRECTION('',(0.65126792,0.33164846,0.68253893));
#10123=AXIS2_PLACEMENT_3D('',#10120,#10121,#10122);
#10124=PLANE('',#10123);
#10125=POLY_LOOP('',(#119,#617,#105));
#10126=FACE_OUTER_BOUND('',#10125,.T.);
#10127=FACE_SURFACE('',(#10126),#10124,.T.);
#10128=CARTESIAN_POINT('',(7.92999268,51.78016663,0.));
#10129=DIRECTION('',(-0.45378505,0.89111117,0.));
#10130=DIRECTION('',(0.,0.,1.));
#10131=AXIS2_PLACEMENT_3D('',#10128,#10129,#10130);
#10132=PLANE('',#10131);
#10133=POLY_LOOP('',(#119,#632,#617));
#10134=FACE_OUTER_BOUND('',#10133,.T.);
#10135=FACE_SURFACE('',(#10134),#10132,.T.);
#10136=CARTESIAN_POINT('',(7.92999268,19.79399109,0.));
#10137=DIRECTION('',(-1.,0.,0.));
#10138=DIRECTION('',(0.,0.99301695,0.11797173));
#10139=AXIS2_PLACEMENT_3D('',#10136,#10137,#10138);
#10140=PLANE('',#10139);
#10141=POLY_LOOP('',(#118,#632,#119));
#10142=FACE_OUTER_BOUND('',#10141,.T.);
#10143=FACE_SURFACE('',(#10142),#10140,.T.);
#10144=CARTESIAN_POINT('',(7.92999268,19.79399109,0.));
#10145=DIRECTION('',(-1.,0.,0.));
#10146=DIRECTION('',(0.,0.,1.));
#10147=AXIS2_PLACEMENT_3D('',#10144,#10145,#10146);
#10148=PLANE('',#10147);
#10149=POLY_LOOP('',(#118,#633,#632));
#10150=FACE_OUTER_BOUND('',#10149,.T.);
#10151=FACE_SURFACE('',(#10150),#10148,.T.);
#10152=CARTESIAN_POINT('',(0.44999695,19.79399109,0.));
#10153=DIRECTION('',(0.,1.,0.));
#10154=DIRECTION('',(0.89154821,0.,0.45292581));
#10155=AXIS2_PLACEMENT_3D('',#10152,#10153,#10154);
#10156=PLANE('',#10155);
#10157=POLY_LOOP('',(#168,#633,#118));
#10158=FACE_OUTER_BOUND('',#10157,.T.);
#10159=FACE_SURFACE('',(#10158),#10156,.T.);
#10160=CARTESIAN_POINT('',(0.44999695,19.79399109,0.));
#10161=DIRECTION('',(0.,1.,0.));
#10162=DIRECTION('',(0.,0.,1.));
#10163=AXIS2_PLACEMENT_3D('',#10160,#10161,#10162);
#10164=PLANE('',#10163);
#10165=POLY_LOOP('',(#168,#681,#633));
#10166=FACE_OUTER_BOUND('',#10165,.T.);
#10167=FACE_SURFACE('',(#10166),#10164,.T.);
#10168=CARTESIAN_POINT('',(0.44999695,0.44999695,0.));
#10169=DIRECTION('',(-1.,0.,0.));
#10170=DIRECTION('',(0.,0.98124607,0.19275931));
#10171=AXIS2_PLACEMENT_3D('',#10168,#10169,#10170);
#10172=PLANE('',#10171);
#10173=POLY_LOOP('',(#123,#681,#168));
#10174=FACE_OUTER_BOUND('',#10173,.T.);
#10175=FACE_SURFACE('',(#10174),#10172,.T.);
#10176=CARTESIAN_POINT('',(0.44999695,0.44999695,0.));
#10177=DIRECTION('',(-1.,0.,0.));
#10178=DIRECTION('',(0.,0.,1.));
#10179=AXIS2_PLACEMENT_3D('',#10176,#10177,#10178);
#10180=PLANE('',#10179);
#10181=POLY_LOOP('',(#123,#639,#681));
#10182=FACE_OUTER_BOUND('',#10181,.T.);
#10183=FACE_SURFACE('',(#10182),#10180,.T.);
#10184=CARTESIAN_POINT('',(169.55000305,0.44999695,0.));
#10185=DIRECTION('',(0.,-1.,0.));
#10186=DIRECTION('',(-0.9997476,0.,0.02246624));
#10187=AXIS2_PLACEMENT_3D('',#10184,#10185,#10186);
#10188=PLANE('',#10187);
#10189=POLY_LOOP('',(#419,#639,#123));
#10190=FACE_OUTER_BOUND('',#10189,.T.);
#10191=FACE_SURFACE('',(#10190),#10188,.T.);
#10192=CARTESIAN_POINT('',(169.55000305,0.44999695,0.));
#10193=DIRECTION('',(0.,-1.,0.));
#10194=DIRECTION('',(0.,0.,1.));
#10195=AXIS2_PLACEMENT_3D('',#10192,#10193,#10194);
#10196=PLANE('',#10195);
#10197=POLY_LOOP('',(#419,#935,#639));
#10198=FACE_OUTER_BOUND('',#10197,.T.);
#10199=FACE_SURFACE('',(#10198),#10196,.T.);
#10200=CARTESIAN_POINT('',(169.55000305,19.79399109,0.));
#10201=DIRECTION('',(1.,0.,0.));
#10202=DIRECTION('',(0.,-0.98124607,0.19275931));
#10203=AXIS2_PLACEMENT_3D('',#10200,#10201,#10202);
#10204=PLANE('',#10203);
#10205=POLY_LOOP('',(#21,#935,#419));
#10206=FACE_OUTER_BOUND('',#10205,.T.);
#10207=FACE_SURFACE('',(#10206),#10204,.T.);
#10208=CARTESIAN_POINT('',(169.55000305,19.79399109,0.));
#10209=DIRECTION('',(1.,0.,0.));
#10210=DIRECTION('',(0.,0.,1.));
#10211=AXIS2_PLACEMENT_3D('',#10208,#10209,#10210);
#10212=PLANE('',#10211);
#10213=POLY_LOOP('',(#21,#535,#935));
#10214=FACE_OUTER_BOUND('',#10213,.T.);
#10215=FACE_SURFACE('',(#10214),#10212,.T.);
#10216=CARTESIAN_POINT('',(43.49104309,10.042099,0.));
#10217=DIRECTION('',(0.06537868,0.99786053,0.));
#10218=DIRECTION('',(0.,0.,1.));
#10219=AXIS2_PLACEMENT_3D('',#10216,#10217,#10218);
#10220=PLANE('',#10219);
#10221=POLY_LOOP('',(#502,#1016,#225));
#10222=FACE_OUTER_BOUND('',#10221,.T.);
#10223=FACE_SURFACE('',(#10222),#10220,.T.);
#10224=CARTESIAN_POINT('',(43.68690491,10.02926636,3.79999995));
#10225=DIRECTION('',(0.06537868,0.99786053,0.));
#10226=DIRECTION('',(0.,0.,-1.));
#10227=AXIS2_PLACEMENT_3D('',#10224,#10225,#10226);
#10228=PLANE('',#10227);
#10229=POLY_LOOP('',(#741,#225,#1016));
#10230=FACE_OUTER_BOUND('',#10229,.T.);
#10231=FACE_SURFACE('',(#10230),#10228,.T.);
#10232=CARTESIAN_POINT('',(43.28564453,10.08296204,0.));
#10233=DIRECTION('',(0.1951212,0.98077914,0.));
#10234=DIRECTION('',(0.,0.,1.));
#10235=AXIS2_PLACEMENT_3D('',#10232,#10233,#10234);
#10236=PLANE('',#10235);
#10237=POLY_LOOP('',(#500,#1014,#502));
#10238=FACE_OUTER_BOUND('',#10237,.T.);
#10239=FACE_SURFACE('',(#10238),#10236,.T.);
#10240=CARTESIAN_POINT('',(43.49104309,10.042099,3.79999995));
#10241=DIRECTION('',(0.1951212,0.98077914,0.));
#10242=DIRECTION('',(0.,0.,-1.));
#10243=AXIS2_PLACEMENT_3D('',#10240,#10241,#10242);
#10244=PLANE('',#10243);
#10245=POLY_LOOP('',(#1016,#502,#1014));
#10246=FACE_OUTER_BOUND('',#10245,.T.);
#10247=FACE_SURFACE('',(#10246),#10244,.T.);
#10248=CARTESIAN_POINT('',(43.08735657,10.15026855,0.));
#10249=DIRECTION('',(0.32142587,0.94693474,0.));
#10250=DIRECTION('',(0.,0.,1.));
#10251=AXIS2_PLACEMENT_3D('',#10248,#10249,#10250);
#10252=PLANE('',#10251);
#10253=POLY_LOOP('',(#430,#945,#500));
#10254=FACE_OUTER_BOUND('',#10253,.T.);
#10255=FACE_SURFACE('',(#10254),#10252,.T.);
#10256=CARTESIAN_POINT('',(43.28564453,10.08296204,3.79999995));
#10257=DIRECTION('',(0.32142587,0.94693474,0.));
#10258=DIRECTION('',(0.,0.,-1.));
#10259=AXIS2_PLACEMENT_3D('',#10256,#10257,#10258);
#10260=PLANE('',#10259);
#10261=POLY_LOOP('',(#1014,#500,#945));
#10262=FACE_OUTER_BOUND('',#10261,.T.);
#10263=FACE_SURFACE('',(#10262),#10260,.T.);
#10264=CARTESIAN_POINT('',(42.89955139,10.2428894,0.));
#10265=DIRECTION('',(0.44231015,0.89686216,0.));
#10266=DIRECTION('',(0.,0.,1.));
#10267=AXIS2_PLACEMENT_3D('',#10264,#10265,#10266);
#10268=PLANE('',#10267);
#10269=POLY_LOOP('',(#409,#923,#430));
#10270=FACE_OUTER_BOUND('',#10269,.T.);
#10271=FACE_SURFACE('',(#10270),#10268,.T.);
#10272=CARTESIAN_POINT('',(43.08735657,10.15026855,3.79999995));
#10273=DIRECTION('',(0.44231015,0.89686216,0.));
#10274=DIRECTION('',(0.,0.,-1.));
#10275=AXIS2_PLACEMENT_3D('',#10272,#10273,#10274);
#10276=PLANE('',#10275);
#10277=POLY_LOOP('',(#945,#430,#923));
#10278=FACE_OUTER_BOUND('',#10277,.T.);
#10279=FACE_SURFACE('',(#10278),#10276,.T.);
#10280=CARTESIAN_POINT('',(42.72544861,10.35922241,0.));
#10281=DIRECTION('',(0.55557435,0.83146686,0.));
#10282=DIRECTION('',(0.,0.,1.));
#10283=AXIS2_PLACEMENT_3D('',#10280,#10281,#10282);
#10284=PLANE('',#10283);
#10285=POLY_LOOP('',(#408,#924,#409));
#10286=FACE_OUTER_BOUND('',#10285,.T.);
#10287=FACE_SURFACE('',(#10286),#10284,.T.);
#10288=CARTESIAN_POINT('',(42.89955139,10.2428894,3.79999995));
#10289=DIRECTION('',(0.55557435,0.83146686,0.));
#10290=DIRECTION('',(0.,0.,-1.));
#10291=AXIS2_PLACEMENT_3D('',#10288,#10289,#10290);
#10292=PLANE('',#10291);
#10293=POLY_LOOP('',(#923,#409,#924));
#10294=FACE_OUTER_BOUND('',#10293,.T.);
#10295=FACE_SURFACE('',(#10294),#10292,.T.);
#10296=CARTESIAN_POINT('',(42.56802368,10.49729919,0.));
#10297=DIRECTION('',(0.65939664,0.75179524,0.));
#10298=DIRECTION('',(0.,0.,1.));
#10299=AXIS2_PLACEMENT_3D('',#10296,#10297,#10298);
#10300=PLANE('',#10299);
#10301=POLY_LOOP('',(#407,#919,#408));
#10302=FACE_OUTER_BOUND('',#10301,.T.);
#10303=FACE_SURFACE('',(#10302),#10300,.T.);
#10304=CARTESIAN_POINT('',(42.72544861,10.35922241,3.79999995));
#10305=DIRECTION('',(0.65939664,0.75179524,0.));
#10306=DIRECTION('',(0.,0.,-1.));
#10307=AXIS2_PLACEMENT_3D('',#10304,#10305,#10306);
#10308=PLANE('',#10307);
#10309=POLY_LOOP('',(#924,#408,#919));
#10310=FACE_OUTER_BOUND('',#10309,.T.);
#10311=FACE_SURFACE('',(#10310),#10308,.T.);
#10312=CARTESIAN_POINT('',(42.4299469,10.65472412,0.));
#10313=DIRECTION('',(0.75179524,0.65939664,0.));
#10314=DIRECTION('',(0.,0.,1.));
#10315=AXIS2_PLACEMENT_3D('',#10312,#10313,#10314);
#10316=PLANE('',#10315);
#10317=POLY_LOOP('',(#404,#916,#407));
#10318=FACE_OUTER_BOUND('',#10317,.T.);
#10319=FACE_SURFACE('',(#10318),#10316,.T.);
#10320=CARTESIAN_POINT('',(42.56802368,10.49729919,3.79999995));
#10321=DIRECTION('',(0.75179524,0.65939664,0.));
#10322=DIRECTION('',(0.,0.,-1.));
#10323=AXIS2_PLACEMENT_3D('',#10320,#10321,#10322);
#10324=PLANE('',#10323);
#10325=POLY_LOOP('',(#919,#407,#916));
#10326=FACE_OUTER_BOUND('',#10325,.T.);
#10327=FACE_SURFACE('',(#10326),#10324,.T.);
#10328=CARTESIAN_POINT('',(42.31361389,10.8288269,0.));
#10329=DIRECTION('',(0.83146686,0.55557435,0.));
#10330=DIRECTION('',(0.,0.,1.));
#10331=AXIS2_PLACEMENT_3D('',#10328,#10329,#10330);
#10332=PLANE('',#10331);
#10333=POLY_LOOP('',(#403,#917,#404));
#10334=FACE_OUTER_BOUND('',#10333,.T.);
#10335=FACE_SURFACE('',(#10334),#10332,.T.);
#10336=CARTESIAN_POINT('',(42.4299469,10.65472412,3.79999995));
#10337=DIRECTION('',(0.83146686,0.55557435,0.));
#10338=DIRECTION('',(0.,0.,-1.));
#10339=AXIS2_PLACEMENT_3D('',#10336,#10337,#10338);
#10340=PLANE('',#10339);
#10341=POLY_LOOP('',(#916,#404,#917));
#10342=FACE_OUTER_BOUND('',#10341,.T.);
#10343=FACE_SURFACE('',(#10342),#10340,.T.);
#10344=CARTESIAN_POINT('',(42.22099304,11.01663208,0.));
#10345=DIRECTION('',(0.89686216,0.44231015,0.));
#10346=DIRECTION('',(0.,0.,1.));
#10347=AXIS2_PLACEMENT_3D('',#10344,#10345,#10346);
#10348=PLANE('',#10347);
#10349=POLY_LOOP('',(#137,#649,#403));
#10350=FACE_OUTER_BOUND('',#10349,.T.);
#10351=FACE_SURFACE('',(#10350),#10348,.T.);
#10352=CARTESIAN_POINT('',(42.31361389,10.8288269,3.79999995));
#10353=DIRECTION('',(0.89686216,0.44231015,0.));
#10354=DIRECTION('',(0.,0.,-1.));
#10355=AXIS2_PLACEMENT_3D('',#10352,#10353,#10354);
#10356=PLANE('',#10355);
#10357=POLY_LOOP('',(#917,#403,#649));
#10358=FACE_OUTER_BOUND('',#10357,.T.);
#10359=FACE_SURFACE('',(#10358),#10356,.T.);
#10360=CARTESIAN_POINT('',(42.15368652,11.21492004,0.));
#10361=DIRECTION('',(0.94693474,0.32142587,0.));
#10362=DIRECTION('',(0.,0.,1.));
#10363=AXIS2_PLACEMENT_3D('',#10360,#10361,#10362);
#10364=PLANE('',#10363);
#10365=POLY_LOOP('',(#140,#652,#137));
#10366=FACE_OUTER_BOUND('',#10365,.T.);
#10367=FACE_SURFACE('',(#10366),#10364,.T.);
#10368=CARTESIAN_POINT('',(42.22099304,11.01663208,3.79999995));
#10369=DIRECTION('',(0.94693474,0.32142587,0.));
#10370=DIRECTION('',(0.,0.,-1.));
#10371=AXIS2_PLACEMENT_3D('',#10368,#10369,#10370);
#10372=PLANE('',#10371);
#10373=POLY_LOOP('',(#649,#137,#652));
#10374=FACE_OUTER_BOUND('',#10373,.T.);
#10375=FACE_SURFACE('',(#10374),#10372,.T.);
#10376=CARTESIAN_POINT('',(42.11282349,11.42033386,0.));
#10377=DIRECTION('',(0.98078191,0.19510726,0.));
#10378=DIRECTION('',(0.,0.,1.));
#10379=AXIS2_PLACEMENT_3D('',#10376,#10377,#10378);
#10380=PLANE('',#10379);
#10381=POLY_LOOP('',(#170,#684,#140));
#10382=FACE_OUTER_BOUND('',#10381,.T.);
#10383=FACE_SURFACE('',(#10382),#10380,.T.);
#10384=CARTESIAN_POINT('',(42.15368652,11.21492004,3.79999995));
#10385=DIRECTION('',(0.98078191,0.19510726,0.));
#10386=DIRECTION('',(0.,0.,-1.));
#10387=AXIS2_PLACEMENT_3D('',#10384,#10385,#10386);
#10388=PLANE('',#10387);
#10389=POLY_LOOP('',(#652,#140,#684));
#10390=FACE_OUTER_BOUND('',#10389,.T.);
#10391=FACE_SURFACE('',(#10390),#10388,.T.);
#10392=CARTESIAN_POINT('',(42.1000061,11.61619568,0.));
#10393=DIRECTION('',(0.99786559,0.06530127,0.));
#10394=DIRECTION('',(0.,0.,1.));
#10395=AXIS2_PLACEMENT_3D('',#10392,#10393,#10394);
#10396=PLANE('',#10395);
#10397=POLY_LOOP('',(#155,#671,#170));
#10398=FACE_OUTER_BOUND('',#10397,.T.);
#10399=FACE_SURFACE('',(#10398),#10396,.T.);
#10400=CARTESIAN_POINT('',(42.11282349,11.42033386,3.79999995));
#10401=DIRECTION('',(0.99786559,0.06530127,0.));
#10402=DIRECTION('',(0.,0.,-1.));
#10403=AXIS2_PLACEMENT_3D('',#10400,#10401,#10402);
#10404=PLANE('',#10403);
#10405=POLY_LOOP('',(#684,#170,#671));
#10406=FACE_OUTER_BOUND('',#10405,.T.);
#10407=FACE_SURFACE('',(#10406),#10404,.T.);
#10408=CARTESIAN_POINT('',(42.1000061,16.58079529,0.));
#10409=DIRECTION('',(1.,0.,0.));
#10410=DIRECTION('',(0.,0.,1.));
#10411=AXIS2_PLACEMENT_3D('',#10408,#10409,#10410);
#10412=PLANE('',#10411);
#10413=POLY_LOOP('',(#114,#630,#155));
#10414=FACE_OUTER_BOUND('',#10413,.T.);
#10415=FACE_SURFACE('',(#10414),#10412,.T.);
#10416=CARTESIAN_POINT('',(42.1000061,11.61619568,3.79999995));
#10417=DIRECTION('',(1.,0.,0.));
#10418=DIRECTION('',(0.,0.,-1.));
#10419=AXIS2_PLACEMENT_3D('',#10416,#10417,#10418);
#10420=PLANE('',#10419);
#10421=POLY_LOOP('',(#671,#155,#630));
#10422=FACE_OUTER_BOUND('',#10421,.T.);
#10423=FACE_SURFACE('',(#10422),#10420,.T.);
#10424=CARTESIAN_POINT('',(42.11282349,16.7766571,0.));
#10425=DIRECTION('',(0.99786559,-0.06530127,0.));
#10426=DIRECTION('',(0.,0.,1.));
#10427=AXIS2_PLACEMENT_3D('',#10424,#10425,#10426);
#10428=PLANE('',#10427);
#10429=POLY_LOOP('',(#160,#672,#114));
#10430=FACE_OUTER_BOUND('',#10429,.T.);
#10431=FACE_SURFACE('',(#10430),#10428,.T.);
#10432=CARTESIAN_POINT('',(42.1000061,16.58079529,3.79999995));
#10433=DIRECTION('',(0.99786559,-0.06530127,0.));
#10434=DIRECTION('',(0.,0.,-1.));
#10435=AXIS2_PLACEMENT_3D('',#10432,#10433,#10434);
#10436=PLANE('',#10435);
#10437=POLY_LOOP('',(#630,#114,#672));
#10438=FACE_OUTER_BOUND('',#10437,.T.);
#10439=FACE_SURFACE('',(#10438),#10436,.T.);
#10440=CARTESIAN_POINT('',(42.15368652,16.98205566,0.));
#10441=DIRECTION('',(0.98077914,-0.1951212,0.));
#10442=DIRECTION('',(0.,0.,1.));
#10443=AXIS2_PLACEMENT_3D('',#10440,#10441,#10442);
#10444=PLANE('',#10443);
#10445=POLY_LOOP('',(#159,#673,#160));
#10446=FACE_OUTER_BOUND('',#10445,.T.);
#10447=FACE_SURFACE('',(#10446),#10444,.T.);
#10448=CARTESIAN_POINT('',(42.11282349,16.7766571,3.79999995));
#10449=DIRECTION('',(0.98077914,-0.1951212,0.));
#10450=DIRECTION('',(0.,0.,-1.));
#10451=AXIS2_PLACEMENT_3D('',#10448,#10449,#10450);
#10452=PLANE('',#10451);
#10453=POLY_LOOP('',(#672,#160,#673));
#10454=FACE_OUTER_BOUND('',#10453,.T.);
#10455=FACE_SURFACE('',(#10454),#10452,.T.);
#10456=CARTESIAN_POINT('',(42.16044617,17.00198364,0.));
#10457=DIRECTION('',(0.94700234,-0.32122667,0.));
#10458=DIRECTION('',(0.,0.,1.));
#10459=AXIS2_PLACEMENT_3D('',#10456,#10457,#10458);
#10460=PLANE('',#10459);
#10461=POLY_LOOP('',(#111,#623,#159));
#10462=FACE_OUTER_BOUND('',#10461,.T.);
#10463=FACE_SURFACE('',(#10462),#10460,.T.);
#10464=CARTESIAN_POINT('',(42.15368652,16.98205566,3.79999995));
#10465=DIRECTION('',(0.94700234,-0.32122667,0.));
#10466=DIRECTION('',(0.,0.,-1.));
#10467=AXIS2_PLACEMENT_3D('',#10464,#10465,#10466);
#10468=PLANE('',#10467);
#10469=POLY_LOOP('',(#673,#159,#623));
#10470=FACE_OUTER_BOUND('',#10469,.T.);
#10471=FACE_SURFACE('',(#10470),#10468,.T.);
#10472=CARTESIAN_POINT('',(8.82998657,17.00198364,0.));
#10473=DIRECTION('',(0.,1.,0.));
#10474=DIRECTION('',(0.,0.,1.));
#10475=AXIS2_PLACEMENT_3D('',#10472,#10473,#10474);
#10476=PLANE('',#10475);
#10477=POLY_LOOP('',(#167,#682,#111));
#10478=FACE_OUTER_BOUND('',#10477,.T.);
#10479=FACE_SURFACE('',(#10478),#10476,.T.);
#10480=CARTESIAN_POINT('',(42.16044617,17.00198364,3.79999995));
#10481=DIRECTION('',(0.,1.,0.));
#10482=DIRECTION('',(0.,0.,-1.));
#10483=AXIS2_PLACEMENT_3D('',#10480,#10481,#10482);
#10484=PLANE('',#10483);
#10485=POLY_LOOP('',(#623,#111,#682));
#10486=FACE_OUTER_BOUND('',#10485,.T.);
#10487=FACE_SURFACE('',(#10486),#10484,.T.);
#10488=CARTESIAN_POINT('',(8.82998657,52.01403809,0.));
#10489=DIRECTION('',(1.,0.,0.));
#10490=DIRECTION('',(0.,0.,1.));
#10491=AXIS2_PLACEMENT_3D('',#10488,#10489,#10490);
#10492=PLANE('',#10491);
#10493=POLY_LOOP('',(#104,#618,#167));
#10494=FACE_OUTER_BOUND('',#10493,.T.);
#10495=FACE_SURFACE('',(#10494),#10492,.T.);
#10496=CARTESIAN_POINT('',(8.82998657,17.00198364,3.79999995));
#10497=DIRECTION('',(1.,0.,0.));
#10498=DIRECTION('',(0.,0.,-1.));
#10499=AXIS2_PLACEMENT_3D('',#10496,#10497,#10498);
#10500=PLANE('',#10499);
#10501=POLY_LOOP('',(#682,#167,#618));
#10502=FACE_OUTER_BOUND('',#10501,.T.);
#10503=FACE_SURFACE('',(#10502),#10500,.T.);
#10504=CARTESIAN_POINT('',(11.64498901,53.44754028,0.));
#10505=DIRECTION('',(0.45378612,-0.89111063,0.));
#10506=DIRECTION('',(0.,0.,1.));
#10507=AXIS2_PLACEMENT_3D('',#10504,#10505,#10506);
#10508=PLANE('',#10507);
#10509=POLY_LOOP('',(#103,#619,#104));
#10510=FACE_OUTER_BOUND('',#10509,.T.);
#10511=FACE_SURFACE('',(#10510),#10508,.T.);
#10512=CARTESIAN_POINT('',(8.82998657,52.01403809,3.79999995));
#10513=DIRECTION('',(0.45378612,-0.89111063,0.));
#10514=DIRECTION('',(0.,0.,-1.));
#10515=AXIS2_PLACEMENT_3D('',#10512,#10513,#10514);
#10516=PLANE('',#10515);
#10517=POLY_LOOP('',(#618,#104,#619));
#10518=FACE_OUTER_BOUND('',#10517,.T.);
#10519=FACE_SURFACE('',(#10518),#10516,.T.);
#10520=CARTESIAN_POINT('',(15.50874329,55.31417847,0.));
#10521=DIRECTION('',(0.43500939,-0.90042592,0.));
#10522=DIRECTION('',(0.,0.,1.));
#10523=AXIS2_PLACEMENT_3D('',#10520,#10521,#10522);
#10524=PLANE('',#10523);
#10525=POLY_LOOP('',(#100,#616,#103));
#10526=FACE_OUTER_BOUND('',#10525,.T.);
#10527=FACE_SURFACE('',(#10526),#10524,.T.);
#10528=CARTESIAN_POINT('',(11.64498901,53.44754028,3.79999995));
#10529=DIRECTION('',(0.43500939,-0.90042592,0.));
#10530=DIRECTION('',(0.,0.,-1.));
#10531=AXIS2_PLACEMENT_3D('',#10528,#10529,#10530);
#10532=PLANE('',#10531);
#10533=POLY_LOOP('',(#619,#103,#616));
#10534=FACE_OUTER_BOUND('',#10533,.T.);
#10535=FACE_SURFACE('',(#10534),#10532,.T.);
#10536=CARTESIAN_POINT('',(19.37095642,57.07922363,0.));
#10537=DIRECTION('',(0.41565497,-0.90952237,0.));
#10538=DIRECTION('',(0.,0.,1.));
#10539=AXIS2_PLACEMENT_3D('',#10536,#10537,#10538);
#10540=PLANE('',#10539);
#10541=POLY_LOOP('',(#102,#614,#100));
#10542=FACE_OUTER_BOUND('',#10541,.T.);
#10543=FACE_SURFACE('',(#10542),#10540,.T.);
#10544=CARTESIAN_POINT('',(15.50874329,55.31417847,3.79999995));
#10545=DIRECTION('',(0.41565497,-0.90952237,0.));
#10546=DIRECTION('',(0.,0.,-1.));
#10547=AXIS2_PLACEMENT_3D('',#10544,#10545,#10546);
#10548=PLANE('',#10547);
#10549=POLY_LOOP('',(#616,#100,#614));
#10550=FACE_OUTER_BOUND('',#10549,.T.);
#10551=FACE_SURFACE('',(#10550),#10548,.T.);
#10552=CARTESIAN_POINT('',(23.23509216,58.74423218,0.));
#10553=DIRECTION('',(0.39571566,-0.91837308,0.));
#10554=DIRECTION('',(0.,0.,1.));
#10555=AXIS2_PLACEMENT_3D('',#10552,#10553,#10554);
#10556=PLANE('',#10555);
#10557=POLY_LOOP('',(#163,#676,#102));
#10558=FACE_OUTER_BOUND('',#10557,.T.);
#10559=FACE_SURFACE('',(#10558),#10556,.T.);
#10560=CARTESIAN_POINT('',(19.37095642,57.07922363,3.79999995));
#10561=DIRECTION('',(0.39571566,-0.91837308,0.));
#10562=DIRECTION('',(0.,0.,-1.));
#10563=AXIS2_PLACEMENT_3D('',#10560,#10561,#10562);
#10564=PLANE('',#10563);
#10565=POLY_LOOP('',(#614,#102,#676));
#10566=FACE_OUTER_BOUND('',#10565,.T.);
#10567=FACE_SURFACE('',(#10566),#10564,.T.);
#10568=CARTESIAN_POINT('',(24.44577026,59.23429871,0.));
#10569=DIRECTION('',(0.37521259,-0.92693878,0.));
#10570=DIRECTION('',(0.,0.,1.));
#10571=AXIS2_PLACEMENT_3D('',#10568,#10569,#10570);
#10572=PLANE('',#10571);
#10573=POLY_LOOP('',(#164,#679,#163));
#10574=FACE_OUTER_BOUND('',#10573,.T.);
#10575=FACE_SURFACE('',(#10574),#10572,.T.);
#10576=CARTESIAN_POINT('',(23.23509216,58.74423218,3.79999995));
#10577=DIRECTION('',(0.37521259,-0.92693878,0.));
#10578=DIRECTION('',(0.,0.,-1.));
#10579=AXIS2_PLACEMENT_3D('',#10576,#10577,#10578);
#10580=PLANE('',#10579);
#10581=POLY_LOOP('',(#676,#163,#679));
#10582=FACE_OUTER_BOUND('',#10581,.T.);
#10583=FACE_SURFACE('',(#10582),#10580,.T.);
#10584=CARTESIAN_POINT('',(28.03651428,60.32228088,0.));
#10585=DIRECTION('',(0.2899776,-0.95703343,0.));
#10586=DIRECTION('',(0.,0.,1.));
#10587=AXIS2_PLACEMENT_3D('',#10584,#10585,#10586);
#10588=PLANE('',#10587);
#10589=POLY_LOOP('',(#99,#611,#164));
#10590=FACE_OUTER_BOUND('',#10589,.T.);
#10591=FACE_SURFACE('',(#10590),#10588,.T.);
#10592=CARTESIAN_POINT('',(24.44577026,59.23429871,3.79999995));
#10593=DIRECTION('',(0.2899776,-0.95703343,0.));
#10594=DIRECTION('',(0.,0.,-1.));
#10595=AXIS2_PLACEMENT_3D('',#10592,#10593,#10594);
#10596=PLANE('',#10595);
#10597=POLY_LOOP('',(#679,#164,#611));
#10598=FACE_OUTER_BOUND('',#10597,.T.);
#10599=FACE_SURFACE('',(#10598),#10596,.T.);
#10600=CARTESIAN_POINT('',(31.83360291,61.39855957,0.));
#10601=DIRECTION('',(0.27270505,-0.96209769,0.));
#10602=DIRECTION('',(0.,0.,1.));
#10603=AXIS2_PLACEMENT_3D('',#10600,#10601,#10602);
#10604=PLANE('',#10603);
#10605=POLY_LOOP('',(#95,#610,#99));
#10606=FACE_OUTER_BOUND('',#10605,.T.);
#10607=FACE_SURFACE('',(#10606),#10604,.T.);
#10608=CARTESIAN_POINT('',(28.03651428,60.32228088,3.79999995));
#10609=DIRECTION('',(0.27270505,-0.96209769,0.));
#10610=DIRECTION('',(0.,0.,-1.));
#10611=AXIS2_PLACEMENT_3D('',#10608,#10609,#10610);
#10612=PLANE('',#10611);
#10613=POLY_LOOP('',(#611,#99,#610));
#10614=FACE_OUTER_BOUND('',#10613,.T.);
#10615=FACE_SURFACE('',(#10614),#10612,.T.);
#10616=CARTESIAN_POINT('',(35.63079834,62.40063477,0.));
#10617=DIRECTION('',(0.25516319,-0.966898,0.));
#10618=DIRECTION('',(0.,0.,1.));
#10619=AXIS2_PLACEMENT_3D('',#10616,#10617,#10618);
#10620=PLANE('',#10619);
#10621=POLY_LOOP('',(#92,#608,#95));
#10622=FACE_OUTER_BOUND('',#10621,.T.);
#10623=FACE_SURFACE('',(#10622),#10620,.T.);
#10624=CARTESIAN_POINT('',(31.83360291,61.39855957,3.79999995));
#10625=DIRECTION('',(0.25516319,-0.966898,0.));
#10626=DIRECTION('',(0.,0.,-1.));
#10627=AXIS2_PLACEMENT_3D('',#10624,#10625,#10626);
#10628=PLANE('',#10627);
#10629=POLY_LOOP('',(#610,#95,#608));
#10630=FACE_OUTER_BOUND('',#10629,.T.);
#10631=FACE_SURFACE('',(#10630),#10628,.T.);
#10632=CARTESIAN_POINT('',(39.42807007,63.32850647,0.));
#10633=DIRECTION('',(0.23736853,-0.97141967,0.));
#10634=DIRECTION('',(0.,0.,1.));
#10635=AXIS2_PLACEMENT_3D('',#10632,#10633,#10634);
#10636=PLANE('',#10635);
#10637=POLY_LOOP('',(#94,#606,#92));
#10638=FACE_OUTER_BOUND('',#10637,.T.);
#10639=FACE_SURFACE('',(#10638),#10636,.T.);
#10640=CARTESIAN_POINT('',(35.63079834,62.40063477,3.79999995));
#10641=DIRECTION('',(0.23736853,-0.97141967,0.));
#10642=DIRECTION('',(0.,0.,-1.));
#10643=AXIS2_PLACEMENT_3D('',#10640,#10641,#10642);
#10644=PLANE('',#10643);
#10645=POLY_LOOP('',(#608,#92,#606));
#10646=FACE_OUTER_BOUND('',#10645,.T.);
#10647=FACE_SURFACE('',(#10646),#10644,.T.);
#10648=CARTESIAN_POINT('',(43.22541809,64.18217468,0.));
#10649=DIRECTION('',(0.21933243,-0.97565019,0.));
#10650=DIRECTION('',(0.,0.,1.));
#10651=AXIS2_PLACEMENT_3D('',#10648,#10649,#10650);
#10652=PLANE('',#10651);
#10653=POLY_LOOP('',(#90,#605,#94));
#10654=FACE_OUTER_BOUND('',#10653,.T.);
#10655=FACE_SURFACE('',(#10654),#10652,.T.);
#10656=CARTESIAN_POINT('',(39.42807007,63.32850647,3.79999995));
#10657=DIRECTION('',(0.21933243,-0.97565019,0.));
#10658=DIRECTION('',(0.,0.,-1.));
#10659=AXIS2_PLACEMENT_3D('',#10656,#10657,#10658);
#10660=PLANE('',#10659);
#10661=POLY_LOOP('',(#606,#94,#605));
#10662=FACE_OUTER_BOUND('',#10661,.T.);
#10663=FACE_SURFACE('',(#10662),#10660,.T.);
#10664=CARTESIAN_POINT('',(47.02285767,64.9616394,0.));
#10665=DIRECTION('',(0.2010686,-0.97957716,0.));
#10666=DIRECTION('',(0.,0.,1.));
#10667=AXIS2_PLACEMENT_3D('',#10664,#10665,#10666);
#10668=PLANE('',#10667);
#10669=POLY_LOOP('',(#87,#603,#90));
#10670=FACE_OUTER_BOUND('',#10669,.T.);
#10671=FACE_SURFACE('',(#10670),#10668,.T.);
#10672=CARTESIAN_POINT('',(43.22541809,64.18217468,3.79999995));
#10673=DIRECTION('',(0.2010686,-0.97957716,0.));
#10674=DIRECTION('',(0.,0.,-1.));
#10675=AXIS2_PLACEMENT_3D('',#10672,#10673,#10674);
#10676=PLANE('',#10675);
#10677=POLY_LOOP('',(#605,#90,#603));
#10678=FACE_OUTER_BOUND('',#10677,.T.);
#10679=FACE_SURFACE('',(#10678),#10676,.T.);
#10680=CARTESIAN_POINT('',(50.82035828,65.66687012,0.));
#10681=DIRECTION('',(0.18258734,-0.98318964,0.));
#10682=DIRECTION('',(0.,0.,1.));
#10683=AXIS2_PLACEMENT_3D('',#10680,#10681,#10682);
#10684=PLANE('',#10683);
#10685=POLY_LOOP('',(#166,#680,#87));
#10686=FACE_OUTER_BOUND('',#10685,.T.);
#10687=FACE_SURFACE('',(#10686),#10684,.T.);
#10688=CARTESIAN_POINT('',(47.02285767,64.9616394,3.79999995));
#10689=DIRECTION('',(0.18258734,-0.98318964,0.));
#10690=DIRECTION('',(0.,0.,-1.));
#10691=AXIS2_PLACEMENT_3D('',#10688,#10689,#10690);
#10692=PLANE('',#10691);
#10693=POLY_LOOP('',(#603,#87,#680));
#10694=FACE_OUTER_BOUND('',#10693,.T.);
#10695=FACE_SURFACE('',(#10694),#10692,.T.);
#10696=CARTESIAN_POINT('',(54.61791992,66.29786682,0.));
#10697=DIRECTION('',(0.16391111,-0.98647511,0.));
#10698=DIRECTION('',(0.,0.,1.));
#10699=AXIS2_PLACEMENT_3D('',#10696,#10697,#10698);
#10700=PLANE('',#10699);
#10701=POLY_LOOP('',(#85,#600,#166));
#10702=FACE_OUTER_BOUND('',#10701,.T.);
#10703=FACE_SURFACE('',(#10702),#10700,.T.);
#10704=CARTESIAN_POINT('',(50.82035828,65.66687012,3.79999995));
#10705=DIRECTION('',(0.16391111,-0.98647511,0.));
#10706=DIRECTION('',(0.,0.,-1.));
#10707=AXIS2_PLACEMENT_3D('',#10704,#10705,#10706);
#10708=PLANE('',#10707);
#10709=POLY_LOOP('',(#680,#166,#600));
#10710=FACE_OUTER_BOUND('',#10709,.T.);
#10711=FACE_SURFACE('',(#10710),#10708,.T.);
#10712=CARTESIAN_POINT('',(58.4155426,66.85464478,0.));
#10713=DIRECTION('',(0.14506147,-0.98942265,0.));
#10714=DIRECTION('',(0.,0.,1.));
#10715=AXIS2_PLACEMENT_3D('',#10712,#10713,#10714);
#10716=PLANE('',#10715);
#10717=POLY_LOOP('',(#81,#593,#85));
#10718=FACE_OUTER_BOUND('',#10717,.T.);
#10719=FACE_SURFACE('',(#10718),#10716,.T.);
#10720=CARTESIAN_POINT('',(54.61791992,66.29786682,3.79999995));
#10721=DIRECTION('',(0.14506147,-0.98942265,0.));
#10722=DIRECTION('',(0.,0.,-1.));
#10723=AXIS2_PLACEMENT_3D('',#10720,#10721,#10722);
#10724=PLANE('',#10723);
#10725=POLY_LOOP('',(#600,#85,#593));
#10726=FACE_OUTER_BOUND('',#10725,.T.);
#10727=FACE_SURFACE('',(#10726),#10724,.T.);
#10728=CARTESIAN_POINT('',(61.78952026,67.28337097,0.));
#10729=DIRECTION('',(0.12605488,-0.99202327,0.));
#10730=DIRECTION('',(0.,0.,1.));
#10731=AXIS2_PLACEMENT_3D('',#10728,#10729,#10730);
#10732=PLANE('',#10731);
#10733=POLY_LOOP('',(#82,#596,#81));
#10734=FACE_OUTER_BOUND('',#10733,.T.);
#10735=FACE_SURFACE('',(#10734),#10732,.T.);
#10736=CARTESIAN_POINT('',(58.4155426,66.85464478,3.79999995));
#10737=DIRECTION('',(0.12605488,-0.99202327,0.));
#10738=DIRECTION('',(0.,0.,-1.));
#10739=AXIS2_PLACEMENT_3D('',#10736,#10737,#10738);
#10740=PLANE('',#10739);
#10741=POLY_LOOP('',(#593,#81,#596));
#10742=FACE_OUTER_BOUND('',#10741,.T.);
#10743=FACE_SURFACE('',(#10742),#10740,.T.);
#10744=CARTESIAN_POINT('',(61.7915802,67.28753662,0.));
#10745=DIRECTION('',(0.8963886,-0.44326909,0.));
#10746=DIRECTION('',(0.,0.,1.));
#10747=AXIS2_PLACEMENT_3D('',#10744,#10745,#10746);
#10748=PLANE('',#10747);
#10749=POLY_LOOP('',(#80,#594,#82));
#10750=FACE_OUTER_BOUND('',#10749,.T.);
#10751=FACE_SURFACE('',(#10750),#10748,.T.);
#10752=CARTESIAN_POINT('',(61.78952026,67.28337097,3.79999995));
#10753=DIRECTION('',(0.8963886,-0.44326909,0.));
#10754=DIRECTION('',(0.,0.,-1.));
#10755=AXIS2_PLACEMENT_3D('',#10752,#10753,#10754);
#10756=PLANE('',#10755);
#10757=POLY_LOOP('',(#596,#82,#594));
#10758=FACE_OUTER_BOUND('',#10757,.T.);
#10759=FACE_SURFACE('',(#10758),#10756,.T.);
#10760=CARTESIAN_POINT('',(61.83517456,67.35279846,0.));
#10761=DIRECTION('',(0.83154146,-0.55546269,0.));
#10762=DIRECTION('',(0.,0.,1.));
#10763=AXIS2_PLACEMENT_3D('',#10760,#10761,#10762);
#10764=PLANE('',#10763);
#10765=POLY_LOOP('',(#174,#688,#80));
#10766=FACE_OUTER_BOUND('',#10765,.T.);
#10767=FACE_SURFACE('',(#10766),#10764,.T.);
#10768=CARTESIAN_POINT('',(61.7915802,67.28753662,3.79999995));
#10769=DIRECTION('',(0.83154146,-0.55546269,0.));
#10770=DIRECTION('',(0.,0.,-1.));
#10771=AXIS2_PLACEMENT_3D('',#10768,#10769,#10770);
#10772=PLANE('',#10771);
#10773=POLY_LOOP('',(#594,#80,#688));
#10774=FACE_OUTER_BOUND('',#10773,.T.);
#10775=FACE_SURFACE('',(#10774),#10772,.T.);
#10776=CARTESIAN_POINT('',(61.88693237,67.4118042,0.));
#10777=DIRECTION('',(0.75176926,-0.65942625,0.));
#10778=DIRECTION('',(0.,0.,1.));
#10779=AXIS2_PLACEMENT_3D('',#10776,#10777,#10778);
#10780=PLANE('',#10779);
#10781=POLY_LOOP('',(#175,#689,#174));
#10782=FACE_OUTER_BOUND('',#10781,.T.);
#10783=FACE_SURFACE('',(#10782),#10780,.T.);
#10784=CARTESIAN_POINT('',(61.83517456,67.35279846,3.79999995));
#10785=DIRECTION('',(0.75176926,-0.65942625,0.));
#10786=DIRECTION('',(0.,0.,-1.));
#10787=AXIS2_PLACEMENT_3D('',#10784,#10785,#10786);
#10788=PLANE('',#10787);
#10789=POLY_LOOP('',(#688,#174,#689));
#10790=FACE_OUTER_BOUND('',#10789,.T.);
#10791=FACE_SURFACE('',(#10790),#10788,.T.);
#10792=CARTESIAN_POINT('',(61.94593811,67.46354675,0.));
#10793=DIRECTION('',(0.65931636,-0.75186564,0.));
#10794=DIRECTION('',(0.,0.,1.));
#10795=AXIS2_PLACEMENT_3D('',#10792,#10793,#10794);
#10796=PLANE('',#10795);
#10797=POLY_LOOP('',(#176,#690,#175));
#10798=FACE_OUTER_BOUND('',#10797,.T.);
#10799=FACE_SURFACE('',(#10798),#10796,.T.);
#10800=CARTESIAN_POINT('',(61.88693237,67.4118042,3.79999995));
#10801=DIRECTION('',(0.65931636,-0.75186564,0.));
#10802=DIRECTION('',(0.,0.,-1.));
#10803=AXIS2_PLACEMENT_3D('',#10800,#10801,#10802);
#10804=PLANE('',#10803);
#10805=POLY_LOOP('',(#689,#175,#690));
#10806=FACE_OUTER_BOUND('',#10805,.T.);
#10807=FACE_SURFACE('',(#10806),#10804,.T.);
#10808=CARTESIAN_POINT('',(62.01119995,67.50715637,0.));
#10809=DIRECTION('',(0.55559711,-0.83145165,0.));
#10810=DIRECTION('',(0.,0.,1.));
#10811=AXIS2_PLACEMENT_3D('',#10808,#10809,#10810);
#10812=PLANE('',#10811);
#10813=POLY_LOOP('',(#78,#590,#176));
#10814=FACE_OUTER_BOUND('',#10813,.T.);
#10815=FACE_SURFACE('',(#10814),#10812,.T.);
#10816=CARTESIAN_POINT('',(61.94593811,67.46354675,3.79999995));
#10817=DIRECTION('',(0.55559711,-0.83145165,0.));
#10818=DIRECTION('',(0.,0.,-1.));
#10819=AXIS2_PLACEMENT_3D('',#10816,#10817,#10818);
#10820=PLANE('',#10819);
#10821=POLY_LOOP('',(#690,#176,#590));
#10822=FACE_OUTER_BOUND('',#10821,.T.);
#10823=FACE_SURFACE('',(#10822),#10820,.T.);
#10824=CARTESIAN_POINT('',(62.08158875,67.54187012,0.));
#10825=DIRECTION('',(0.44230748,-0.89686348,0.));
#10826=DIRECTION('',(0.,0.,1.));
#10827=AXIS2_PLACEMENT_3D('',#10824,#10825,#10826);
#10828=PLANE('',#10827);
#10829=POLY_LOOP('',(#77,#591,#78));
#10830=FACE_OUTER_BOUND('',#10829,.T.);
#10831=FACE_SURFACE('',(#10830),#10828,.T.);
#10832=CARTESIAN_POINT('',(62.01119995,67.50715637,3.79999995));
#10833=DIRECTION('',(0.44230748,-0.89686348,0.));
#10834=DIRECTION('',(0.,0.,-1.));
#10835=AXIS2_PLACEMENT_3D('',#10832,#10833,#10834);
#10836=PLANE('',#10835);
#10837=POLY_LOOP('',(#590,#78,#591));
#10838=FACE_OUTER_BOUND('',#10837,.T.);
#10839=FACE_SURFACE('',(#10838),#10836,.T.);
#10840=CARTESIAN_POINT('',(62.15589905,67.5670929,0.));
#10841=DIRECTION('',(0.32141467,-0.94693855,0.));
#10842=DIRECTION('',(0.,0.,1.));
#10843=AXIS2_PLACEMENT_3D('',#10840,#10841,#10842);
#10844=PLANE('',#10843);
#10845=POLY_LOOP('',(#177,#691,#77));
#10846=FACE_OUTER_BOUND('',#10845,.T.);
#10847=FACE_SURFACE('',(#10846),#10844,.T.);
#10848=CARTESIAN_POINT('',(62.08158875,67.54187012,3.79999995));
#10849=DIRECTION('',(0.32141467,-0.94693855,0.));
#10850=DIRECTION('',(0.,0.,-1.));
#10851=AXIS2_PLACEMENT_3D('',#10848,#10849,#10850);
#10852=PLANE('',#10851);
#10853=POLY_LOOP('',(#591,#77,#691));
#10854=FACE_OUTER_BOUND('',#10853,.T.);
#10855=FACE_SURFACE('',(#10854),#10852,.T.);
#10856=CARTESIAN_POINT('',(62.23287964,67.58241272,0.));
#10857=DIRECTION('',(0.19518141,-0.98076716,0.));
#10858=DIRECTION('',(0.,0.,1.));
#10859=AXIS2_PLACEMENT_3D('',#10856,#10857,#10858);
#10860=PLANE('',#10859);
#10861=POLY_LOOP('',(#178,#692,#177));
#10862=FACE_OUTER_BOUND('',#10861,.T.);
#10863=FACE_SURFACE('',(#10862),#10860,.T.);
#10864=CARTESIAN_POINT('',(62.15589905,67.5670929,3.79999995));
#10865=DIRECTION('',(0.19518141,-0.98076716,0.));
#10866=DIRECTION('',(0.,0.,-1.));
#10867=AXIS2_PLACEMENT_3D('',#10864,#10865,#10866);
#10868=PLANE('',#10867);
#10869=POLY_LOOP('',(#691,#177,#692));
#10870=FACE_OUTER_BOUND('',#10869,.T.);
#10871=FACE_SURFACE('',(#10870),#10868,.T.);
#10872=CARTESIAN_POINT('',(62.31118774,67.58753967,0.));
#10873=DIRECTION('',(0.06533168,-0.9978636,0.));
#10874=DIRECTION('',(0.,0.,1.));
#10875=AXIS2_PLACEMENT_3D('',#10872,#10873,#10874);
#10876=PLANE('',#10875);
#10877=POLY_LOOP('',(#172,#687,#178));
#10878=FACE_OUTER_BOUND('',#10877,.T.);
#10879=FACE_SURFACE('',(#10878),#10876,.T.);
#10880=CARTESIAN_POINT('',(62.23287964,67.58241272,3.79999995));
#10881=DIRECTION('',(0.06533168,-0.9978636,0.));
#10882=DIRECTION('',(0.,0.,-1.));
#10883=AXIS2_PLACEMENT_3D('',#10880,#10881,#10882);
#10884=PLANE('',#10883);
#10885=POLY_LOOP('',(#692,#178,#687));
#10886=FACE_OUTER_BOUND('',#10885,.T.);
#10887=FACE_SURFACE('',(#10886),#10884,.T.);
#10888=CARTESIAN_POINT('',(64.54162598,67.58753967,0.));
#10889=DIRECTION('',(0.,-1.,0.));
#10890=DIRECTION('',(0.,0.,1.));
#10891=AXIS2_PLACEMENT_3D('',#10888,#10889,#10890);
#10892=PLANE('',#10891);
#10893=POLY_LOOP('',(#173,#686,#172));
#10894=FACE_OUTER_BOUND('',#10893,.T.);
#10895=FACE_SURFACE('',(#10894),#10892,.T.);
#10896=CARTESIAN_POINT('',(62.31118774,67.58753967,3.79999995));
#10897=DIRECTION('',(0.,-1.,0.));
#10898=DIRECTION('',(0.,0.,-1.));
#10899=AXIS2_PLACEMENT_3D('',#10896,#10897,#10898);
#10900=PLANE('',#10899);
#10901=POLY_LOOP('',(#687,#172,#686));
#10902=FACE_OUTER_BOUND('',#10901,.T.);
#10903=FACE_SURFACE('',(#10902),#10900,.T.);
#10904=CARTESIAN_POINT('',(66.01095581,67.74551392,0.));
#10905=DIRECTION('',(0.10689842,-0.99426995,0.));
#10906=DIRECTION('',(0.,0.,1.));
#10907=AXIS2_PLACEMENT_3D('',#10904,#10905,#10906);
#10908=PLANE('',#10907);
#10909=POLY_LOOP('',(#75,#588,#173));
#10910=FACE_OUTER_BOUND('',#10909,.T.);
#10911=FACE_SURFACE('',(#10910),#10908,.T.);
#10912=CARTESIAN_POINT('',(64.54162598,67.58753967,3.79999995));
#10913=DIRECTION('',(0.10689842,-0.99426995,0.));
#10914=DIRECTION('',(0.,0.,-1.));
#10915=AXIS2_PLACEMENT_3D('',#10912,#10913,#10914);
#10916=PLANE('',#10915);
#10917=POLY_LOOP('',(#686,#173,#588));
#10918=FACE_OUTER_BOUND('',#10917,.T.);
#10919=FACE_SURFACE('',(#10918),#10916,.T.);
#10920=CARTESIAN_POINT('',(69.80871582,68.07958984,0.));
#10921=DIRECTION('',(0.08762819,-0.99615325,0.));
#10922=DIRECTION('',(0.,0.,1.));
#10923=AXIS2_PLACEMENT_3D('',#10920,#10921,#10922);
#10924=PLANE('',#10923);
#10925=POLY_LOOP('',(#73,#586,#75));
#10926=FACE_OUTER_BOUND('',#10925,.T.);
#10927=FACE_SURFACE('',(#10926),#10924,.T.);
#10928=CARTESIAN_POINT('',(66.01095581,67.74551392,3.79999995));
#10929=DIRECTION('',(0.08762819,-0.99615325,0.));
#10930=DIRECTION('',(0.,0.,-1.));
#10931=AXIS2_PLACEMENT_3D('',#10928,#10929,#10930);
#10932=PLANE('',#10931);
#10933=POLY_LOOP('',(#588,#75,#586));
#10934=FACE_OUTER_BOUND('',#10933,.T.);
#10935=FACE_SURFACE('',(#10934),#10932,.T.);
#10936=CARTESIAN_POINT('',(73.60650635,68.3394165,0.));
#10937=DIRECTION('',(0.06825566,-0.99766786,0.));
#10938=DIRECTION('',(0.,0.,1.));
#10939=AXIS2_PLACEMENT_3D('',#10936,#10937,#10938);
#10940=PLANE('',#10939);
#10941=POLY_LOOP('',(#71,#583,#73));
#10942=FACE_OUTER_BOUND('',#10941,.T.);
#10943=FACE_SURFACE('',(#10942),#10940,.T.);
#10944=CARTESIAN_POINT('',(69.80871582,68.07958984,3.79999995));
#10945=DIRECTION('',(0.06825566,-0.99766786,0.));
#10946=DIRECTION('',(0.,0.,-1.));
#10947=AXIS2_PLACEMENT_3D('',#10944,#10945,#10946);
#10948=PLANE('',#10947);
#10949=POLY_LOOP('',(#586,#73,#583));
#10950=FACE_OUTER_BOUND('',#10949,.T.);
#10951=FACE_SURFACE('',(#10950),#10948,.T.);
#10952=CARTESIAN_POINT('',(75.84991455,68.4490509,0.));
#10953=DIRECTION('',(0.04881132,-0.99880802,0.));
#10954=DIRECTION('',(0.,0.,1.));
#10955=AXIS2_PLACEMENT_3D('',#10952,#10953,#10954);
#10956=PLANE('',#10955);
#10957=POLY_LOOP('',(#84,#597,#71));
#10958=FACE_OUTER_BOUND('',#10957,.T.);
#10959=FACE_SURFACE('',(#10958),#10956,.T.);
#10960=CARTESIAN_POINT('',(73.60650635,68.3394165,3.79999995));
#10961=DIRECTION('',(0.04881132,-0.99880802,0.));
#10962=DIRECTION('',(0.,0.,-1.));
#10963=AXIS2_PLACEMENT_3D('',#10960,#10961,#10962);
#10964=PLANE('',#10963);
#10965=POLY_LOOP('',(#583,#71,#597));
#10966=FACE_OUTER_BOUND('',#10965,.T.);
#10967=FACE_SURFACE('',(#10966),#10964,.T.);
#10968=CARTESIAN_POINT('',(75.85749817,68.48722839,0.));
#10969=DIRECTION('',(0.98083616,-0.19483436,0.));
#10970=DIRECTION('',(0.,0.,1.));
#10971=AXIS2_PLACEMENT_3D('',#10968,#10969,#10970);
#10972=PLANE('',#10971);
#10973=POLY_LOOP('',(#83,#598,#84));
#10974=FACE_OUTER_BOUND('',#10973,.T.);
#10975=FACE_SURFACE('',(#10974),#10972,.T.);
#10976=CARTESIAN_POINT('',(75.84991455,68.4490509,3.79999995));
#10977=DIRECTION('',(0.98083616,-0.19483436,0.));
#10978=DIRECTION('',(0.,0.,-1.));
#10979=AXIS2_PLACEMENT_3D('',#10976,#10977,#10978);
#10980=PLANE('',#10979);
#10981=POLY_LOOP('',(#597,#84,#598));
#10982=FACE_OUTER_BOUND('',#10981,.T.);
#10983=FACE_SURFACE('',(#10982),#10980,.T.);
#10984=CARTESIAN_POINT('',(75.88273621,68.56155396,0.));
#10985=DIRECTION('',(0.94689946,-0.32152981,0.));
#10986=DIRECTION('',(0.,0.,1.));
#10987=AXIS2_PLACEMENT_3D('',#10984,#10985,#10986);
#10988=PLANE('',#10987);
#10989=POLY_LOOP('',(#179,#693,#83));
#10990=FACE_OUTER_BOUND('',#10989,.T.);
#10991=FACE_SURFACE('',(#10990),#10988,.T.);
#10992=CARTESIAN_POINT('',(75.85749817,68.48722839,3.79999995));
#10993=DIRECTION('',(0.94689946,-0.32152981,0.));
#10994=DIRECTION('',(0.,0.,-1.));
#10995=AXIS2_PLACEMENT_3D('',#10992,#10993,#10994);
#10996=PLANE('',#10995);
#10997=POLY_LOOP('',(#598,#83,#693));
#10998=FACE_OUTER_BOUND('',#10997,.T.);
#10999=FACE_SURFACE('',(#10998),#10996,.T.);
#11000=CARTESIAN_POINT('',(75.91744995,68.63194275,0.));
#11001=DIRECTION('',(0.89686348,-0.44230748,0.));
#11002=DIRECTION('',(0.,0.,1.));
#11003=AXIS2_PLACEMENT_3D('',#11000,#11001,#11002);
#11004=PLANE('',#11003);
#11005=POLY_LOOP('',(#183,#697,#179));
#11006=FACE_OUTER_BOUND('',#11005,.T.);
#11007=FACE_SURFACE('',(#11006),#11004,.T.);
#11008=CARTESIAN_POINT('',(75.88273621,68.56155396,3.79999995));
#11009=DIRECTION('',(0.89686348,-0.44230748,0.));
#11010=DIRECTION('',(0.,0.,-1.));
#11011=AXIS2_PLACEMENT_3D('',#11008,#11009,#11010);
#11012=PLANE('',#11011);
#11013=POLY_LOOP('',(#693,#179,#697));
#11014=FACE_OUTER_BOUND('',#11013,.T.);
#11015=FACE_SURFACE('',(#11014),#11012,.T.);
#11016=CARTESIAN_POINT('',(75.96104431,68.69720459,0.));
#11017=DIRECTION('',(0.83154146,-0.55546269,0.));
#11018=DIRECTION('',(0.,0.,1.));
#11019=AXIS2_PLACEMENT_3D('',#11016,#11017,#11018);
#11020=PLANE('',#11019);
#11021=POLY_LOOP('',(#70,#584,#183));
#11022=FACE_OUTER_BOUND('',#11021,.T.);
#11023=FACE_SURFACE('',(#11022),#11020,.T.);
#11024=CARTESIAN_POINT('',(75.91744995,68.63194275,3.79999995));
#11025=DIRECTION('',(0.83154146,-0.55546269,0.));
#11026=DIRECTION('',(0.,0.,-1.));
#11027=AXIS2_PLACEMENT_3D('',#11024,#11025,#11026);
#11028=PLANE('',#11027);
#11029=POLY_LOOP('',(#697,#183,#584));
#11030=FACE_OUTER_BOUND('',#11029,.T.);
#11031=FACE_SURFACE('',(#11030),#11028,.T.);
#11032=CARTESIAN_POINT('',(76.01280212,68.75621033,0.));
#11033=DIRECTION('',(0.75176926,-0.65942625,0.));
#11034=DIRECTION('',(0.,0.,1.));
#11035=AXIS2_PLACEMENT_3D('',#11032,#11033,#11034);
#11036=PLANE('',#11035);
#11037=POLY_LOOP('',(#184,#698,#70));
#11038=FACE_OUTER_BOUND('',#11037,.T.);
#11039=FACE_SURFACE('',(#11038),#11036,.T.);
#11040=CARTESIAN_POINT('',(75.96104431,68.69720459,3.79999995));
#11041=DIRECTION('',(0.75176926,-0.65942625,0.));
#11042=DIRECTION('',(0.,0.,-1.));
#11043=AXIS2_PLACEMENT_3D('',#11040,#11041,#11042);
#11044=PLANE('',#11043);
#11045=POLY_LOOP('',(#584,#70,#698));
#11046=FACE_OUTER_BOUND('',#11045,.T.);
#11047=FACE_SURFACE('',(#11046),#11044,.T.);
#11048=CARTESIAN_POINT('',(76.07180786,68.80795288,0.));
#11049=DIRECTION('',(0.65931636,-0.75186564,0.));
#11050=DIRECTION('',(0.,0.,1.));
#11051=AXIS2_PLACEMENT_3D('',#11048,#11049,#11050);
#11052=PLANE('',#11051);
#11053=POLY_LOOP('',(#185,#699,#184));
#11054=FACE_OUTER_BOUND('',#11053,.T.);
#11055=FACE_SURFACE('',(#11054),#11052,.T.);
#11056=CARTESIAN_POINT('',(76.01280212,68.75621033,3.79999995));
#11057=DIRECTION('',(0.65931636,-0.75186564,0.));
#11058=DIRECTION('',(0.,0.,-1.));
#11059=AXIS2_PLACEMENT_3D('',#11056,#11057,#11058);
#11060=PLANE('',#11059);
#11061=POLY_LOOP('',(#698,#184,#699));
#11062=FACE_OUTER_BOUND('',#11061,.T.);
#11063=FACE_SURFACE('',(#11062),#11060,.T.);
#11064=CARTESIAN_POINT('',(76.13705444,68.8515625,0.));
#11065=DIRECTION('',(0.55568692,-0.83139163,0.));
#11066=DIRECTION('',(0.,0.,1.));
#11067=AXIS2_PLACEMENT_3D('',#11064,#11065,#11066);
#11068=PLANE('',#11067);
#11069=POLY_LOOP('',(#186,#700,#185));
#11070=FACE_OUTER_BOUND('',#11069,.T.);
#11071=FACE_SURFACE('',(#11070),#11068,.T.);
#11072=CARTESIAN_POINT('',(76.07180786,68.80795288,3.79999995));
#11073=DIRECTION('',(0.55568692,-0.83139163,0.));
#11074=DIRECTION('',(0.,0.,-1.));
#11075=AXIS2_PLACEMENT_3D('',#11072,#11073,#11074);
#11076=PLANE('',#11075);
#11077=POLY_LOOP('',(#699,#185,#700));
#11078=FACE_OUTER_BOUND('',#11077,.T.);
#11079=FACE_SURFACE('',(#11078),#11076,.T.);
#11080=CARTESIAN_POINT('',(76.20744324,68.88627625,0.));
#11081=DIRECTION('',(0.44230748,-0.89686348,0.));
#11082=DIRECTION('',(0.,0.,1.));
#11083=AXIS2_PLACEMENT_3D('',#11080,#11081,#11082);
#11084=PLANE('',#11083);
#11085=POLY_LOOP('',(#187,#701,#186));
#11086=FACE_OUTER_BOUND('',#11085,.T.);
#11087=FACE_SURFACE('',(#11086),#11084,.T.);
#11088=CARTESIAN_POINT('',(76.13705444,68.8515625,3.79999995));
#11089=DIRECTION('',(0.44230748,-0.89686348,0.));
#11090=DIRECTION('',(0.,0.,-1.));
#11091=AXIS2_PLACEMENT_3D('',#11088,#11089,#11090);
#11092=PLANE('',#11091);
#11093=POLY_LOOP('',(#700,#186,#701));
#11094=FACE_OUTER_BOUND('',#11093,.T.);
#11095=FACE_SURFACE('',(#11094),#11092,.T.);
#11096=CARTESIAN_POINT('',(76.2817688,68.91149902,0.));
#11097=DIRECTION('',(0.32135549,-0.94695863,0.));
#11098=DIRECTION('',(0.,0.,1.));
#11099=AXIS2_PLACEMENT_3D('',#11096,#11097,#11098);
#11100=PLANE('',#11099);
#11101=POLY_LOOP('',(#188,#702,#187));
#11102=FACE_OUTER_BOUND('',#11101,.T.);
#11103=FACE_SURFACE('',(#11102),#11100,.T.);
#11104=CARTESIAN_POINT('',(76.20744324,68.88627625,3.79999995));
#11105=DIRECTION('',(0.32135549,-0.94695863,0.));
#11106=DIRECTION('',(0.,0.,-1.));
#11107=AXIS2_PLACEMENT_3D('',#11104,#11105,#11106);
#11108=PLANE('',#11107);
#11109=POLY_LOOP('',(#701,#187,#702));
#11110=FACE_OUTER_BOUND('',#11109,.T.);
#11111=FACE_SURFACE('',(#11110),#11108,.T.);
#11112=CARTESIAN_POINT('',(76.35874939,68.92680359,0.));
#11113=DIRECTION('',(0.1949944,-0.98080435,0.));
#11114=DIRECTION('',(0.,0.,1.));
#11115=AXIS2_PLACEMENT_3D('',#11112,#11113,#11114);
#11116=PLANE('',#11115);
#11117=POLY_LOOP('',(#132,#648,#188));
#11118=FACE_OUTER_BOUND('',#11117,.T.);
#11119=FACE_SURFACE('',(#11118),#11116,.T.);
#11120=CARTESIAN_POINT('',(76.2817688,68.91149902,3.79999995));
#11121=DIRECTION('',(0.1949944,-0.98080435,0.));
#11122=DIRECTION('',(0.,0.,-1.));
#11123=AXIS2_PLACEMENT_3D('',#11120,#11121,#11122);
#11124=PLANE('',#11123);
#11125=POLY_LOOP('',(#702,#188,#648));
#11126=FACE_OUTER_BOUND('',#11125,.T.);
#11127=FACE_SURFACE('',(#11126),#11124,.T.);
#11128=CARTESIAN_POINT('',(76.4370575,68.9319458,0.));
#11129=DIRECTION('',(0.06552528,-0.99785091,0.));
#11130=DIRECTION('',(0.,0.,1.));
#11131=AXIS2_PLACEMENT_3D('',#11128,#11129,#11130);
#11132=PLANE('',#11131);
#11133=POLY_LOOP('',(#134,#646,#132));
#11134=FACE_OUTER_BOUND('',#11133,.T.);
#11135=FACE_SURFACE('',(#11134),#11132,.T.);
#11136=CARTESIAN_POINT('',(76.35874939,68.92680359,3.79999995));
#11137=DIRECTION('',(0.06552528,-0.99785091,0.));
#11138=DIRECTION('',(0.,0.,-1.));
#11139=AXIS2_PLACEMENT_3D('',#11136,#11137,#11138);
#11140=PLANE('',#11139);
#11141=POLY_LOOP('',(#648,#132,#646));
#11142=FACE_OUTER_BOUND('',#11141,.T.);
#11143=FACE_SURFACE('',(#11142),#11140,.T.);
#11144=CARTESIAN_POINT('',(79.4370575,68.9319458,0.));
#11145=DIRECTION('',(0.,-1.,0.));
#11146=DIRECTION('',(0.,0.,1.));
#11147=AXIS2_PLACEMENT_3D('',#11144,#11145,#11146);
#11148=PLANE('',#11147);
#11149=POLY_LOOP('',(#67,#582,#134));
#11150=FACE_OUTER_BOUND('',#11149,.T.);
#11151=FACE_SURFACE('',(#11150),#11148,.T.);
#11152=CARTESIAN_POINT('',(76.4370575,68.9319458,3.79999995));
#11153=DIRECTION('',(0.,-1.,0.));
#11154=DIRECTION('',(0.,0.,-1.));
#11155=AXIS2_PLACEMENT_3D('',#11152,#11153,#11154);
#11156=PLANE('',#11155);
#11157=POLY_LOOP('',(#646,#134,#582));
#11158=FACE_OUTER_BOUND('',#11157,.T.);
#11159=FACE_SURFACE('',(#11158),#11156,.T.);
#11160=CARTESIAN_POINT('',(79.51538086,68.92680359,0.));
#11161=DIRECTION('',(-0.06551257,-0.99785174,0.));
#11162=DIRECTION('',(0.,0.,1.));
#11163=AXIS2_PLACEMENT_3D('',#11160,#11161,#11162);
#11164=PLANE('',#11163);
#11165=POLY_LOOP('',(#68,#581,#67));
#11166=FACE_OUTER_BOUND('',#11165,.T.);
#11167=FACE_SURFACE('',(#11166),#11164,.T.);
#11168=CARTESIAN_POINT('',(79.4370575,68.9319458,3.79999995));
#11169=DIRECTION('',(-0.06551257,-0.99785174,0.));
#11170=DIRECTION('',(0.,0.,-1.));
#11171=AXIS2_PLACEMENT_3D('',#11168,#11169,#11170);
#11172=PLANE('',#11171);
#11173=POLY_LOOP('',(#582,#67,#581));
#11174=FACE_OUTER_BOUND('',#11173,.T.);
#11175=FACE_SURFACE('',(#11174),#11172,.T.);
#11176=CARTESIAN_POINT('',(79.59234619,68.91149902,0.));
#11177=DIRECTION('',(-0.19503159,-0.98079696,0.));
#11178=DIRECTION('',(0.,0.,1.));
#11179=AXIS2_PLACEMENT_3D('',#11176,#11177,#11178);
#11180=PLANE('',#11179);
#11181=POLY_LOOP('',(#182,#696,#68));
#11182=FACE_OUTER_BOUND('',#11181,.T.);
#11183=FACE_SURFACE('',(#11182),#11180,.T.);
#11184=CARTESIAN_POINT('',(79.51538086,68.92680359,3.79999995));
#11185=DIRECTION('',(-0.19503159,-0.98079696,0.));
#11186=DIRECTION('',(0.,0.,-1.));
#11187=AXIS2_PLACEMENT_3D('',#11184,#11185,#11186);
#11188=PLANE('',#11187);
#11189=POLY_LOOP('',(#581,#68,#696));
#11190=FACE_OUTER_BOUND('',#11189,.T.);
#11191=FACE_SURFACE('',(#11190),#11188,.T.);
#11192=CARTESIAN_POINT('',(79.66667175,68.88627625,0.));
#11193=DIRECTION('',(-0.32135549,-0.94695863,0.));
#11194=DIRECTION('',(0.,0.,1.));
#11195=AXIS2_PLACEMENT_3D('',#11192,#11193,#11194);
#11196=PLANE('',#11195);
#11197=POLY_LOOP('',(#66,#578,#182));
#11198=FACE_OUTER_BOUND('',#11197,.T.);
#11199=FACE_SURFACE('',(#11198),#11196,.T.);
#11200=CARTESIAN_POINT('',(79.59234619,68.91149902,3.79999995));
#11201=DIRECTION('',(-0.32135549,-0.94695863,0.));
#11202=DIRECTION('',(0.,0.,-1.));
#11203=AXIS2_PLACEMENT_3D('',#11200,#11201,#11202);
#11204=PLANE('',#11203);
#11205=POLY_LOOP('',(#696,#182,#578));
#11206=FACE_OUTER_BOUND('',#11205,.T.);
#11207=FACE_SURFACE('',(#11206),#11204,.T.);
#11208=CARTESIAN_POINT('',(79.73706055,68.8515625,0.));
#11209=DIRECTION('',(-0.44230748,-0.89686348,0.));
#11210=DIRECTION('',(0.,0.,1.));
#11211=AXIS2_PLACEMENT_3D('',#11208,#11209,#11210);
#11212=PLANE('',#11211);
#11213=POLY_LOOP('',(#65,#579,#66));
#11214=FACE_OUTER_BOUND('',#11213,.T.);
#11215=FACE_SURFACE('',(#11214),#11212,.T.);
#11216=CARTESIAN_POINT('',(79.66667175,68.88627625,3.79999995));
#11217=DIRECTION('',(-0.44230748,-0.89686348,0.));
#11218=DIRECTION('',(0.,0.,-1.));
#11219=AXIS2_PLACEMENT_3D('',#11216,#11217,#11218);
#11220=PLANE('',#11219);
#11221=POLY_LOOP('',(#578,#66,#579));
#11222=FACE_OUTER_BOUND('',#11221,.T.);
#11223=FACE_SURFACE('',(#11222),#11220,.T.);
#11224=CARTESIAN_POINT('',(79.80232239,68.80795288,0.));
#11225=DIRECTION('',(-0.55559711,-0.83145165,0.));
#11226=DIRECTION('',(0.,0.,1.));
#11227=AXIS2_PLACEMENT_3D('',#11224,#11225,#11226);
#11228=PLANE('',#11227);
#11229=POLY_LOOP('',(#190,#703,#65));
#11230=FACE_OUTER_BOUND('',#11229,.T.);
#11231=FACE_SURFACE('',(#11230),#11228,.T.);
#11232=CARTESIAN_POINT('',(79.73706055,68.8515625,3.79999995));
#11233=DIRECTION('',(-0.55559711,-0.83145165,0.));
#11234=DIRECTION('',(0.,0.,-1.));
#11235=AXIS2_PLACEMENT_3D('',#11232,#11233,#11234);
#11236=PLANE('',#11235);
#11237=POLY_LOOP('',(#579,#65,#703));
#11238=FACE_OUTER_BOUND('',#11237,.T.);
#11239=FACE_SURFACE('',(#11238),#11236,.T.);
#11240=CARTESIAN_POINT('',(79.86132812,68.75621033,0.));
#11241=DIRECTION('',(-0.65931636,-0.75186564,0.));
#11242=DIRECTION('',(0.,0.,1.));
#11243=AXIS2_PLACEMENT_3D('',#11240,#11241,#11242);
#11244=PLANE('',#11243);
#11245=POLY_LOOP('',(#191,#705,#190));
#11246=FACE_OUTER_BOUND('',#11245,.T.);
#11247=FACE_SURFACE('',(#11246),#11244,.T.);
#11248=CARTESIAN_POINT('',(79.80232239,68.80795288,3.79999995));
#11249=DIRECTION('',(-0.65931636,-0.75186564,0.));
#11250=DIRECTION('',(0.,0.,-1.));
#11251=AXIS2_PLACEMENT_3D('',#11248,#11249,#11250);
#11252=PLANE('',#11251);
#11253=POLY_LOOP('',(#703,#190,#705));
#11254=FACE_OUTER_BOUND('',#11253,.T.);
#11255=FACE_SURFACE('',(#11254),#11252,.T.);
#11256=CARTESIAN_POINT('',(79.91307068,68.69720459,0.));
#11257=DIRECTION('',(-0.75186564,-0.65931636,0.));
#11258=DIRECTION('',(0.,0.,1.));
#11259=AXIS2_PLACEMENT_3D('',#11256,#11257,#11258);
#11260=PLANE('',#11259);
#11261=POLY_LOOP('',(#192,#706,#191));
#11262=FACE_OUTER_BOUND('',#11261,.T.);
#11263=FACE_SURFACE('',(#11262),#11260,.T.);
#11264=CARTESIAN_POINT('',(79.86132812,68.75621033,3.79999995));
#11265=DIRECTION('',(-0.75186564,-0.65931636,0.));
#11266=DIRECTION('',(0.,0.,-1.));
#11267=AXIS2_PLACEMENT_3D('',#11264,#11265,#11266);
#11268=PLANE('',#11267);
#11269=POLY_LOOP('',(#705,#191,#706));
#11270=FACE_OUTER_BOUND('',#11269,.T.);
#11271=FACE_SURFACE('',(#11270),#11268,.T.);
#11272=CARTESIAN_POINT('',(79.9566803,68.63194275,0.));
#11273=DIRECTION('',(-0.83145165,-0.55559711,0.));
#11274=DIRECTION('',(0.,0.,1.));
#11275=AXIS2_PLACEMENT_3D('',#11272,#11273,#11274);
#11276=PLANE('',#11275);
#11277=POLY_LOOP('',(#193,#707,#192));
#11278=FACE_OUTER_BOUND('',#11277,.T.);
#11279=FACE_SURFACE('',(#11278),#11276,.T.);
#11280=CARTESIAN_POINT('',(79.91307068,68.69720459,3.79999995));
#11281=DIRECTION('',(-0.83145165,-0.55559711,0.));
#11282=DIRECTION('',(0.,0.,-1.));
#11283=AXIS2_PLACEMENT_3D('',#11280,#11281,#11282);
#11284=PLANE('',#11283);
#11285=POLY_LOOP('',(#706,#192,#707));
#11286=FACE_OUTER_BOUND('',#11285,.T.);
#11287=FACE_SURFACE('',(#11286),#11284,.T.);
#11288=CARTESIAN_POINT('',(79.97227478,68.60032654,0.));
#11289=DIRECTION('',(-0.89683794,-0.44235925,0.));
#11290=DIRECTION('',(0.,0.,1.));
#11291=AXIS2_PLACEMENT_3D('',#11288,#11289,#11290);
#11292=PLANE('',#11291);
#11293=POLY_LOOP('',(#194,#708,#193));
#11294=FACE_OUTER_BOUND('',#11293,.T.);
#11295=FACE_SURFACE('',(#11294),#11292,.T.);
#11296=CARTESIAN_POINT('',(79.9566803,68.63194275,3.79999995));
#11297=DIRECTION('',(-0.89683794,-0.44235925,0.));
#11298=DIRECTION('',(0.,0.,-1.));
#11299=AXIS2_PLACEMENT_3D('',#11296,#11297,#11298);
#11300=PLANE('',#11299);
#11301=POLY_LOOP('',(#707,#193,#708));
#11302=FACE_OUTER_BOUND('',#11301,.T.);
#11303=FACE_SURFACE('',(#11302),#11300,.T.);
#11304=CARTESIAN_POINT('',(81.2021637,68.63638306,0.));
#11305=DIRECTION('',(0.0293043,-0.99957054,0.));
#11306=DIRECTION('',(0.,0.,1.));
#11307=AXIS2_PLACEMENT_3D('',#11304,#11305,#11306);
#11308=PLANE('',#11307);
#11309=POLY_LOOP('',(#189,#704,#194));
#11310=FACE_OUTER_BOUND('',#11309,.T.);
#11311=FACE_SURFACE('',(#11310),#11308,.T.);
#11312=CARTESIAN_POINT('',(79.97227478,68.60032654,3.79999995));
#11313=DIRECTION('',(0.0293043,-0.99957054,0.));
#11314=DIRECTION('',(0.,0.,-1.));
#11315=AXIS2_PLACEMENT_3D('',#11312,#11313,#11314);
#11316=PLANE('',#11315);
#11317=POLY_LOOP('',(#708,#194,#704));
#11318=FACE_OUTER_BOUND('',#11317,.T.);
#11319=FACE_SURFACE('',(#11318),#11316,.T.);
#11320=CARTESIAN_POINT('',(85.,68.67350769,0.));
#11321=DIRECTION('',(0.00977474,-0.99995223,0.));
#11322=DIRECTION('',(0.,0.,1.));
#11323=AXIS2_PLACEMENT_3D('',#11320,#11321,#11322);
#11324=PLANE('',#11323);
#11325=POLY_LOOP('',(#181,#694,#189));
#11326=FACE_OUTER_BOUND('',#11325,.T.);
#11327=FACE_SURFACE('',(#11326),#11324,.T.);
#11328=CARTESIAN_POINT('',(81.2021637,68.63638306,3.79999995));
#11329=DIRECTION('',(0.00977474,-0.99995223,0.));
#11330=DIRECTION('',(0.,0.,-1.));
#11331=AXIS2_PLACEMENT_3D('',#11328,#11329,#11330);
#11332=PLANE('',#11331);
#11333=POLY_LOOP('',(#704,#189,#694));
#11334=FACE_OUTER_BOUND('',#11333,.T.);
#11335=FACE_SURFACE('',(#11334),#11332,.T.);
#11336=CARTESIAN_POINT('',(88.79782104,68.63638306,0.));
#11337=DIRECTION('',(-0.00977478,-0.99995223,0.));
#11338=DIRECTION('',(0.,0.,1.));
#11339=AXIS2_PLACEMENT_3D('',#11336,#11337,#11338);
#11340=PLANE('',#11339);
#11341=POLY_LOOP('',(#61,#573,#181));
#11342=FACE_OUTER_BOUND('',#11341,.T.);
#11343=FACE_SURFACE('',(#11342),#11340,.T.);
#11344=CARTESIAN_POINT('',(85.,68.67350769,3.79999995));
#11345=DIRECTION('',(-0.00977478,-0.99995223,0.));
#11346=DIRECTION('',(0.,0.,-1.));
#11347=AXIS2_PLACEMENT_3D('',#11344,#11345,#11346);
#11348=PLANE('',#11347);
#11349=POLY_LOOP('',(#694,#181,#573));
#11350=FACE_OUTER_BOUND('',#11349,.T.);
#11351=FACE_SURFACE('',(#11350),#11348,.T.);
#11352=CARTESIAN_POINT('',(90.02770996,68.60032654,0.));
#11353=DIRECTION('',(-0.0293043,-0.99957054,0.));
#11354=DIRECTION('',(0.,0.,1.));
#11355=AXIS2_PLACEMENT_3D('',#11352,#11353,#11354);
#11356=PLANE('',#11355);
#11357=POLY_LOOP('',(#63,#576,#61));
#11358=FACE_OUTER_BOUND('',#11357,.T.);
#11359=FACE_SURFACE('',(#11358),#11356,.T.);
#11360=CARTESIAN_POINT('',(88.79782104,68.63638306,3.79999995));
#11361=DIRECTION('',(-0.0293043,-0.99957054,0.));
#11362=DIRECTION('',(0.,0.,-1.));
#11363=AXIS2_PLACEMENT_3D('',#11360,#11361,#11362);
#11364=PLANE('',#11363);
#11365=POLY_LOOP('',(#573,#61,#576));
#11366=FACE_OUTER_BOUND('',#11365,.T.);
#11367=FACE_SURFACE('',(#11366),#11364,.T.);
#11368=CARTESIAN_POINT('',(90.04330444,68.63194275,0.));
#11369=DIRECTION('',(0.89683794,-0.44235925,0.));
#11370=DIRECTION('',(0.,0.,1.));
#11371=AXIS2_PLACEMENT_3D('',#11368,#11369,#11370);
#11372=PLANE('',#11371);
#11373=POLY_LOOP('',(#62,#577,#63));
#11374=FACE_OUTER_BOUND('',#11373,.T.);
#11375=FACE_SURFACE('',(#11374),#11372,.T.);
#11376=CARTESIAN_POINT('',(90.02770996,68.60032654,3.79999995));
#11377=DIRECTION('',(0.89683794,-0.44235925,0.));
#11378=DIRECTION('',(0.,0.,-1.));
#11379=AXIS2_PLACEMENT_3D('',#11376,#11377,#11378);
#11380=PLANE('',#11379);
#11381=POLY_LOOP('',(#576,#63,#577));
#11382=FACE_OUTER_BOUND('',#11381,.T.);
#11383=FACE_SURFACE('',(#11382),#11380,.T.);
#11384=CARTESIAN_POINT('',(90.08691406,68.69720459,0.));
#11385=DIRECTION('',(0.83145165,-0.55559711,0.));
#11386=DIRECTION('',(0.,0.,1.));
#11387=AXIS2_PLACEMENT_3D('',#11384,#11385,#11386);
#11388=PLANE('',#11387);
#11389=POLY_LOOP('',(#200,#714,#62));
#11390=FACE_OUTER_BOUND('',#11389,.T.);
#11391=FACE_SURFACE('',(#11390),#11388,.T.);
#11392=CARTESIAN_POINT('',(90.04330444,68.63194275,3.79999995));
#11393=DIRECTION('',(0.83145165,-0.55559711,0.));
#11394=DIRECTION('',(0.,0.,-1.));
#11395=AXIS2_PLACEMENT_3D('',#11392,#11393,#11394);
#11396=PLANE('',#11395);
#11397=POLY_LOOP('',(#577,#62,#714));
#11398=FACE_OUTER_BOUND('',#11397,.T.);
#11399=FACE_SURFACE('',(#11398),#11396,.T.);
#11400=CARTESIAN_POINT('',(90.13865662,68.75621033,0.));
#11401=DIRECTION('',(0.75186564,-0.65931636,0.));
#11402=DIRECTION('',(0.,0.,1.));
#11403=AXIS2_PLACEMENT_3D('',#11400,#11401,#11402);
#11404=PLANE('',#11403);
#11405=POLY_LOOP('',(#202,#716,#200));
#11406=FACE_OUTER_BOUND('',#11405,.T.);
#11407=FACE_SURFACE('',(#11406),#11404,.T.);
#11408=CARTESIAN_POINT('',(90.08691406,68.69720459,3.79999995));
#11409=DIRECTION('',(0.75186564,-0.65931636,0.));
#11410=DIRECTION('',(0.,0.,-1.));
#11411=AXIS2_PLACEMENT_3D('',#11408,#11409,#11410);
#11412=PLANE('',#11411);
#11413=POLY_LOOP('',(#714,#200,#716));
#11414=FACE_OUTER_BOUND('',#11413,.T.);
#11415=FACE_SURFACE('',(#11414),#11412,.T.);
#11416=CARTESIAN_POINT('',(90.19766235,68.80795288,0.));
#11417=DIRECTION('',(0.65931636,-0.75186564,0.));
#11418=DIRECTION('',(0.,0.,1.));
#11419=AXIS2_PLACEMENT_3D('',#11416,#11417,#11418);
#11420=PLANE('',#11419);
#11421=POLY_LOOP('',(#196,#710,#202));
#11422=FACE_OUTER_BOUND('',#11421,.T.);
#11423=FACE_SURFACE('',(#11422),#11420,.T.);
#11424=CARTESIAN_POINT('',(90.13865662,68.75621033,3.79999995));
#11425=DIRECTION('',(0.65931636,-0.75186564,0.));
#11426=DIRECTION('',(0.,0.,-1.));
#11427=AXIS2_PLACEMENT_3D('',#11424,#11425,#11426);
#11428=PLANE('',#11427);
#11429=POLY_LOOP('',(#716,#202,#710));
#11430=FACE_OUTER_BOUND('',#11429,.T.);
#11431=FACE_SURFACE('',(#11430),#11428,.T.);
#11432=CARTESIAN_POINT('',(90.26292419,68.8515625,0.));
#11433=DIRECTION('',(0.55559711,-0.83145165,0.));
#11434=DIRECTION('',(0.,0.,1.));
#11435=AXIS2_PLACEMENT_3D('',#11432,#11433,#11434);
#11436=PLANE('',#11435);
#11437=POLY_LOOP('',(#60,#574,#196));
#11438=FACE_OUTER_BOUND('',#11437,.T.);
#11439=FACE_SURFACE('',(#11438),#11436,.T.);
#11440=CARTESIAN_POINT('',(90.19766235,68.80795288,3.79999995));
#11441=DIRECTION('',(0.55559711,-0.83145165,0.));
#11442=DIRECTION('',(0.,0.,-1.));
#11443=AXIS2_PLACEMENT_3D('',#11440,#11441,#11442);
#11444=PLANE('',#11443);
#11445=POLY_LOOP('',(#710,#196,#574));
#11446=FACE_OUTER_BOUND('',#11445,.T.);
#11447=FACE_SURFACE('',(#11446),#11444,.T.);
#11448=CARTESIAN_POINT('',(90.33331299,68.88627625,0.));
#11449=DIRECTION('',(0.44230748,-0.89686348,0.));
#11450=DIRECTION('',(0.,0.,1.));
#11451=AXIS2_PLACEMENT_3D('',#11448,#11449,#11450);
#11452=PLANE('',#11451);
#11453=POLY_LOOP('',(#203,#717,#60));
#11454=FACE_OUTER_BOUND('',#11453,.T.);
#11455=FACE_SURFACE('',(#11454),#11452,.T.);
#11456=CARTESIAN_POINT('',(90.26292419,68.8515625,3.79999995));
#11457=DIRECTION('',(0.44230748,-0.89686348,0.));
#11458=DIRECTION('',(0.,0.,-1.));
#11459=AXIS2_PLACEMENT_3D('',#11456,#11457,#11458);
#11460=PLANE('',#11459);
#11461=POLY_LOOP('',(#574,#60,#717));
#11462=FACE_OUTER_BOUND('',#11461,.T.);
#11463=FACE_SURFACE('',(#11462),#11460,.T.);
#11464=CARTESIAN_POINT('',(90.40763855,68.91149902,0.));
#11465=DIRECTION('',(0.32135549,-0.94695863,0.));
#11466=DIRECTION('',(0.,0.,1.));
#11467=AXIS2_PLACEMENT_3D('',#11464,#11465,#11466);
#11468=PLANE('',#11467);
#11469=POLY_LOOP('',(#204,#718,#203));
#11470=FACE_OUTER_BOUND('',#11469,.T.);
#11471=FACE_SURFACE('',(#11470),#11468,.T.);
#11472=CARTESIAN_POINT('',(90.33331299,68.88627625,3.79999995));
#11473=DIRECTION('',(0.32135549,-0.94695863,0.));
#11474=DIRECTION('',(0.,0.,-1.));
#11475=AXIS2_PLACEMENT_3D('',#11472,#11473,#11474);
#11476=PLANE('',#11475);
#11477=POLY_LOOP('',(#717,#203,#718));
#11478=FACE_OUTER_BOUND('',#11477,.T.);
#11479=FACE_SURFACE('',(#11478),#11476,.T.);
#11480=CARTESIAN_POINT('',(90.48460388,68.92680359,0.));
#11481=DIRECTION('',(0.19503159,-0.98079696,0.));
#11482=DIRECTION('',(0.,0.,1.));
#11483=AXIS2_PLACEMENT_3D('',#11480,#11481,#11482);
#11484=PLANE('',#11483);
#11485=POLY_LOOP('',(#201,#715,#204));
#11486=FACE_OUTER_BOUND('',#11485,.T.);
#11487=FACE_SURFACE('',(#11486),#11484,.T.);
#11488=CARTESIAN_POINT('',(90.40763855,68.91149902,3.79999995));
#11489=DIRECTION('',(0.19503159,-0.98079696,0.));
#11490=DIRECTION('',(0.,0.,-1.));
#11491=AXIS2_PLACEMENT_3D('',#11488,#11489,#11490);
#11492=PLANE('',#11491);
#11493=POLY_LOOP('',(#718,#204,#715));
#11494=FACE_OUTER_BOUND('',#11493,.T.);
#11495=FACE_SURFACE('',(#11494),#11492,.T.);
#11496=CARTESIAN_POINT('',(90.56292725,68.9319458,0.));
#11497=DIRECTION('',(0.06551257,-0.99785174,0.));
#11498=DIRECTION('',(0.,0.,1.));
#11499=AXIS2_PLACEMENT_3D('',#11496,#11497,#11498);
#11500=PLANE('',#11499);
#11501=POLY_LOOP('',(#197,#711,#201));
#11502=FACE_OUTER_BOUND('',#11501,.T.);
#11503=FACE_SURFACE('',(#11502),#11500,.T.);
#11504=CARTESIAN_POINT('',(90.48460388,68.92680359,3.79999995));
#11505=DIRECTION('',(0.06551257,-0.99785174,0.));
#11506=DIRECTION('',(0.,0.,-1.));
#11507=AXIS2_PLACEMENT_3D('',#11504,#11505,#11506);
#11508=PLANE('',#11507);
#11509=POLY_LOOP('',(#715,#201,#711));
#11510=FACE_OUTER_BOUND('',#11509,.T.);
#11511=FACE_SURFACE('',(#11510),#11508,.T.);
#11512=CARTESIAN_POINT('',(93.56292725,68.9319458,0.));
#11513=DIRECTION('',(0.,-1.,0.));
#11514=DIRECTION('',(0.,0.,1.));
#11515=AXIS2_PLACEMENT_3D('',#11512,#11513,#11514);
#11516=PLANE('',#11515);
#11517=POLY_LOOP('',(#205,#719,#197));
#11518=FACE_OUTER_BOUND('',#11517,.T.);
#11519=FACE_SURFACE('',(#11518),#11516,.T.);
#11520=CARTESIAN_POINT('',(90.56292725,68.9319458,3.79999995));
#11521=DIRECTION('',(0.,-1.,0.));
#11522=DIRECTION('',(0.,0.,-1.));
#11523=AXIS2_PLACEMENT_3D('',#11520,#11521,#11522);
#11524=PLANE('',#11523);
#11525=POLY_LOOP('',(#711,#197,#719));
#11526=FACE_OUTER_BOUND('',#11525,.T.);
#11527=FACE_SURFACE('',(#11526),#11524,.T.);
#11528=CARTESIAN_POINT('',(93.64123535,68.92680359,0.));
#11529=DIRECTION('',(-0.06552528,-0.99785091,0.));
#11530=DIRECTION('',(0.,0.,1.));
#11531=AXIS2_PLACEMENT_3D('',#11528,#11529,#11530);
#11532=PLANE('',#11531);
#11533=POLY_LOOP('',(#199,#712,#205));
#11534=FACE_OUTER_BOUND('',#11533,.T.);
#11535=FACE_SURFACE('',(#11534),#11532,.T.);
#11536=CARTESIAN_POINT('',(93.56292725,68.9319458,3.79999995));
#11537=DIRECTION('',(-0.06552528,-0.99785091,0.));
#11538=DIRECTION('',(0.,0.,-1.));
#11539=AXIS2_PLACEMENT_3D('',#11536,#11537,#11538);
#11540=PLANE('',#11539);
#11541=POLY_LOOP('',(#719,#205,#712));
#11542=FACE_OUTER_BOUND('',#11541,.T.);
#11543=FACE_SURFACE('',(#11542),#11540,.T.);
#11544=CARTESIAN_POINT('',(93.71821594,68.91149902,0.));
#11545=DIRECTION('',(-0.1949944,-0.98080435,0.));
#11546=DIRECTION('',(0.,0.,1.));
#11547=AXIS2_PLACEMENT_3D('',#11544,#11545,#11546);
#11548=PLANE('',#11547);
#11549=POLY_LOOP('',(#198,#713,#199));
#11550=FACE_OUTER_BOUND('',#11549,.T.);
#11551=FACE_SURFACE('',(#11550),#11548,.T.);
#11552=CARTESIAN_POINT('',(93.64123535,68.92680359,3.79999995));
#11553=DIRECTION('',(-0.1949944,-0.98080435,0.));
#11554=DIRECTION('',(0.,0.,-1.));
#11555=AXIS2_PLACEMENT_3D('',#11552,#11553,#11554);
#11556=PLANE('',#11555);
#11557=POLY_LOOP('',(#712,#199,#713));
#11558=FACE_OUTER_BOUND('',#11557,.T.);
#11559=FACE_SURFACE('',(#11558),#11556,.T.);
#11560=CARTESIAN_POINT('',(93.7925415,68.88627625,0.));
#11561=DIRECTION('',(-0.32135549,-0.94695863,0.));
#11562=DIRECTION('',(0.,0.,1.));
#11563=AXIS2_PLACEMENT_3D('',#11560,#11561,#11562);
#11564=PLANE('',#11563);
#11565=POLY_LOOP('',(#58,#571,#198));
#11566=FACE_OUTER_BOUND('',#11565,.T.);
#11567=FACE_SURFACE('',(#11566),#11564,.T.);
#11568=CARTESIAN_POINT('',(93.71821594,68.91149902,3.79999995));
#11569=DIRECTION('',(-0.32135549,-0.94695863,0.));
#11570=DIRECTION('',(0.,0.,-1.));
#11571=AXIS2_PLACEMENT_3D('',#11568,#11569,#11570);
#11572=PLANE('',#11571);
#11573=POLY_LOOP('',(#713,#198,#571));
#11574=FACE_OUTER_BOUND('',#11573,.T.);
#11575=FACE_SURFACE('',(#11574),#11572,.T.);
#11576=CARTESIAN_POINT('',(93.8629303,68.8515625,0.));
#11577=DIRECTION('',(-0.44230748,-0.89686348,0.));
#11578=DIRECTION('',(0.,0.,1.));
#11579=AXIS2_PLACEMENT_3D('',#11576,#11577,#11578);
#11580=PLANE('',#11579);
#11581=POLY_LOOP('',(#207,#721,#58));
#11582=FACE_OUTER_BOUND('',#11581,.T.);
#11583=FACE_SURFACE('',(#11582),#11580,.T.);
#11584=CARTESIAN_POINT('',(93.7925415,68.88627625,3.79999995));
#11585=DIRECTION('',(-0.44230748,-0.89686348,0.));
#11586=DIRECTION('',(0.,0.,-1.));
#11587=AXIS2_PLACEMENT_3D('',#11584,#11585,#11586);
#11588=PLANE('',#11587);
#11589=POLY_LOOP('',(#571,#58,#721));
#11590=FACE_OUTER_BOUND('',#11589,.T.);
#11591=FACE_SURFACE('',(#11590),#11588,.T.);
#11592=CARTESIAN_POINT('',(93.92817688,68.80795288,0.));
#11593=DIRECTION('',(-0.55568692,-0.83139163,0.));
#11594=DIRECTION('',(0.,0.,1.));
#11595=AXIS2_PLACEMENT_3D('',#11592,#11593,#11594);
#11596=PLANE('',#11595);
#11597=POLY_LOOP('',(#208,#722,#207));
#11598=FACE_OUTER_BOUND('',#11597,.T.);
#11599=FACE_SURFACE('',(#11598),#11596,.T.);
#11600=CARTESIAN_POINT('',(93.8629303,68.8515625,3.79999995));
#11601=DIRECTION('',(-0.55568692,-0.83139163,0.));
#11602=DIRECTION('',(0.,0.,-1.));
#11603=AXIS2_PLACEMENT_3D('',#11600,#11601,#11602);
#11604=PLANE('',#11603);
#11605=POLY_LOOP('',(#721,#207,#722));
#11606=FACE_OUTER_BOUND('',#11605,.T.);
#11607=FACE_SURFACE('',(#11606),#11604,.T.);
#11608=CARTESIAN_POINT('',(93.98718262,68.75621033,0.));
#11609=DIRECTION('',(-0.65931636,-0.75186564,0.));
#11610=DIRECTION('',(0.,0.,1.));
#11611=AXIS2_PLACEMENT_3D('',#11608,#11609,#11610);
#11612=PLANE('',#11611);
#11613=POLY_LOOP('',(#209,#723,#208));
#11614=FACE_OUTER_BOUND('',#11613,.T.);
#11615=FACE_SURFACE('',(#11614),#11612,.T.);
#11616=CARTESIAN_POINT('',(93.92817688,68.80795288,3.79999995));
#11617=DIRECTION('',(-0.65931636,-0.75186564,0.));
#11618=DIRECTION('',(0.,0.,-1.));
#11619=AXIS2_PLACEMENT_3D('',#11616,#11617,#11618);
#11620=PLANE('',#11619);
#11621=POLY_LOOP('',(#722,#208,#723));
#11622=FACE_OUTER_BOUND('',#11621,.T.);
#11623=FACE_SURFACE('',(#11622),#11620,.T.);
#11624=CARTESIAN_POINT('',(94.03894043,68.69720459,0.));
#11625=DIRECTION('',(-0.75176926,-0.65942625,0.));
#11626=DIRECTION('',(0.,0.,1.));
#11627=AXIS2_PLACEMENT_3D('',#11624,#11625,#11626);
#11628=PLANE('',#11627);
#11629=POLY_LOOP('',(#56,#568,#209));
#11630=FACE_OUTER_BOUND('',#11629,.T.);
#11631=FACE_SURFACE('',(#11630),#11628,.T.);
#11632=CARTESIAN_POINT('',(93.98718262,68.75621033,3.79999995));
#11633=DIRECTION('',(-0.75176926,-0.65942625,0.));
#11634=DIRECTION('',(0.,0.,-1.));
#11635=AXIS2_PLACEMENT_3D('',#11632,#11633,#11634);
#11636=PLANE('',#11635);
#11637=POLY_LOOP('',(#723,#209,#568));
#11638=FACE_OUTER_BOUND('',#11637,.T.);
#11639=FACE_SURFACE('',(#11638),#11636,.T.);
#11640=CARTESIAN_POINT('',(94.08253479,68.63194275,0.));
#11641=DIRECTION('',(-0.83154146,-0.55546269,0.));
#11642=DIRECTION('',(0.,0.,1.));
#11643=AXIS2_PLACEMENT_3D('',#11640,#11641,#11642);
#11644=PLANE('',#11643);
#11645=POLY_LOOP('',(#210,#724,#56));
#11646=FACE_OUTER_BOUND('',#11645,.T.);
#11647=FACE_SURFACE('',(#11646),#11644,.T.);
#11648=CARTESIAN_POINT('',(94.03894043,68.69720459,3.79999995));
#11649=DIRECTION('',(-0.83154146,-0.55546269,0.));
#11650=DIRECTION('',(0.,0.,-1.));
#11651=AXIS2_PLACEMENT_3D('',#11648,#11649,#11650);
#11652=PLANE('',#11651);
#11653=POLY_LOOP('',(#568,#56,#724));
#11654=FACE_OUTER_BOUND('',#11653,.T.);
#11655=FACE_SURFACE('',(#11654),#11652,.T.);
#11656=CARTESIAN_POINT('',(94.11724854,68.56155396,0.));
#11657=DIRECTION('',(-0.89686348,-0.44230748,0.));
#11658=DIRECTION('',(0.,0.,1.));
#11659=AXIS2_PLACEMENT_3D('',#11656,#11657,#11658);
#11660=PLANE('',#11659);
#11661=POLY_LOOP('',(#211,#725,#210));
#11662=FACE_OUTER_BOUND('',#11661,.T.);
#11663=FACE_SURFACE('',(#11662),#11660,.T.);
#11664=CARTESIAN_POINT('',(94.08253479,68.63194275,3.79999995));
#11665=DIRECTION('',(-0.89686348,-0.44230748,0.));
#11666=DIRECTION('',(0.,0.,-1.));
#11667=AXIS2_PLACEMENT_3D('',#11664,#11665,#11666);
#11668=PLANE('',#11667);
#11669=POLY_LOOP('',(#724,#210,#725));
#11670=FACE_OUTER_BOUND('',#11669,.T.);
#11671=FACE_SURFACE('',(#11670),#11668,.T.);
#11672=CARTESIAN_POINT('',(94.14248657,68.48722839,0.));
#11673=DIRECTION('',(-0.94689946,-0.32152981,0.));
#11674=DIRECTION('',(0.,0.,1.));
#11675=AXIS2_PLACEMENT_3D('',#11672,#11673,#11674);
#11676=PLANE('',#11675);
#11677=POLY_LOOP('',(#212,#726,#211));
#11678=FACE_OUTER_BOUND('',#11677,.T.);
#11679=FACE_SURFACE('',(#11678),#11676,.T.);
#11680=CARTESIAN_POINT('',(94.11724854,68.56155396,3.79999995));
#11681=DIRECTION('',(-0.94689946,-0.32152981,0.));
#11682=DIRECTION('',(0.,0.,-1.));
#11683=AXIS2_PLACEMENT_3D('',#11680,#11681,#11682);
#11684=PLANE('',#11683);
#11685=POLY_LOOP('',(#725,#211,#726));
#11686=FACE_OUTER_BOUND('',#11685,.T.);
#11687=FACE_SURFACE('',(#11686),#11684,.T.);
#11688=CARTESIAN_POINT('',(94.15007019,68.4490509,0.));
#11689=DIRECTION('',(-0.98083616,-0.19483436,0.));
#11690=DIRECTION('',(0.,0.,1.));
#11691=AXIS2_PLACEMENT_3D('',#11688,#11689,#11690);
#11692=PLANE('',#11691);
#11693=POLY_LOOP('',(#213,#727,#212));
#11694=FACE_OUTER_BOUND('',#11693,.T.);
#11695=FACE_SURFACE('',(#11694),#11692,.T.);
#11696=CARTESIAN_POINT('',(94.14248657,68.48722839,3.79999995));
#11697=DIRECTION('',(-0.98083616,-0.19483436,0.));
#11698=DIRECTION('',(0.,0.,-1.));
#11699=AXIS2_PLACEMENT_3D('',#11696,#11697,#11698);
#11700=PLANE('',#11699);
#11701=POLY_LOOP('',(#726,#212,#727));
#11702=FACE_OUTER_BOUND('',#11701,.T.);
#11703=FACE_SURFACE('',(#11702),#11700,.T.);
#11704=CARTESIAN_POINT('',(96.39347839,68.3394165,0.));
#11705=DIRECTION('',(-0.04881132,-0.99880802,0.));
#11706=DIRECTION('',(0.,0.,1.));
#11707=AXIS2_PLACEMENT_3D('',#11704,#11705,#11706);
#11708=PLANE('',#11707);
#11709=POLY_LOOP('',(#55,#569,#213));
#11710=FACE_OUTER_BOUND('',#11709,.T.);
#11711=FACE_SURFACE('',(#11710),#11708,.T.);
#11712=CARTESIAN_POINT('',(94.15007019,68.4490509,3.79999995));
#11713=DIRECTION('',(-0.04881132,-0.99880802,0.));
#11714=DIRECTION('',(0.,0.,-1.));
#11715=AXIS2_PLACEMENT_3D('',#11712,#11713,#11714);
#11716=PLANE('',#11715);
#11717=POLY_LOOP('',(#727,#213,#569));
#11718=FACE_OUTER_BOUND('',#11717,.T.);
#11719=FACE_SURFACE('',(#11718),#11716,.T.);
#11720=CARTESIAN_POINT('',(100.19126892,68.07958984,0.));
#11721=DIRECTION('',(-0.06825566,-0.99766786,0.));
#11722=DIRECTION('',(0.,0.,1.));
#11723=AXIS2_PLACEMENT_3D('',#11720,#11721,#11722);
#11724=PLANE('',#11723);
#11725=POLY_LOOP('',(#206,#720,#55));
#11726=FACE_OUTER_BOUND('',#11725,.T.);
#11727=FACE_SURFACE('',(#11726),#11724,.T.);
#11728=CARTESIAN_POINT('',(96.39347839,68.3394165,3.79999995));
#11729=DIRECTION('',(-0.06825566,-0.99766786,0.));
#11730=DIRECTION('',(0.,0.,-1.));
#11731=AXIS2_PLACEMENT_3D('',#11728,#11729,#11730);
#11732=PLANE('',#11731);
#11733=POLY_LOOP('',(#569,#55,#720));
#11734=FACE_OUTER_BOUND('',#11733,.T.);
#11735=FACE_SURFACE('',(#11734),#11732,.T.);
#11736=CARTESIAN_POINT('',(103.98902893,67.74551392,0.));
#11737=DIRECTION('',(-0.08762819,-0.99615325,0.));
#11738=DIRECTION('',(0.,0.,1.));
#11739=AXIS2_PLACEMENT_3D('',#11736,#11737,#11738);
#11740=PLANE('',#11739);
#11741=POLY_LOOP('',(#214,#728,#206));
#11742=FACE_OUTER_BOUND('',#11741,.T.);
#11743=FACE_SURFACE('',(#11742),#11740,.T.);
#11744=CARTESIAN_POINT('',(100.19126892,68.07958984,3.79999995));
#11745=DIRECTION('',(-0.08762819,-0.99615325,0.));
#11746=DIRECTION('',(0.,0.,-1.));
#11747=AXIS2_PLACEMENT_3D('',#11744,#11745,#11746);
#11748=PLANE('',#11747);
#11749=POLY_LOOP('',(#720,#206,#728));
#11750=FACE_OUTER_BOUND('',#11749,.T.);
#11751=FACE_SURFACE('',(#11750),#11748,.T.);
#11752=CARTESIAN_POINT('',(105.45835876,67.58753967,0.));
#11753=DIRECTION('',(-0.10689842,-0.99426995,0.));
#11754=DIRECTION('',(0.,0.,1.));
#11755=AXIS2_PLACEMENT_3D('',#11752,#11753,#11754);
#11756=PLANE('',#11755);
#11757=POLY_LOOP('',(#52,#567,#214));
#11758=FACE_OUTER_BOUND('',#11757,.T.);
#11759=FACE_SURFACE('',(#11758),#11756,.T.);
#11760=CARTESIAN_POINT('',(103.98902893,67.74551392,3.79999995));
#11761=DIRECTION('',(-0.10689842,-0.99426995,0.));
#11762=DIRECTION('',(0.,0.,-1.));
#11763=AXIS2_PLACEMENT_3D('',#11760,#11761,#11762);
#11764=PLANE('',#11763);
#11765=POLY_LOOP('',(#728,#214,#567));
#11766=FACE_OUTER_BOUND('',#11765,.T.);
#11767=FACE_SURFACE('',(#11766),#11764,.T.);
#11768=CARTESIAN_POINT('',(107.688797,67.58753967,0.));
#11769=DIRECTION('',(0.,-1.,0.));
#11770=DIRECTION('',(0.,0.,1.));
#11771=AXIS2_PLACEMENT_3D('',#11768,#11769,#11770);
#11772=PLANE('',#11771);
#11773=POLY_LOOP('',(#50,#565,#52));
#11774=FACE_OUTER_BOUND('',#11773,.T.);
#11775=FACE_SURFACE('',(#11774),#11772,.T.);
#11776=CARTESIAN_POINT('',(105.45835876,67.58753967,3.79999995));
#11777=DIRECTION('',(0.,-1.,0.));
#11778=DIRECTION('',(0.,0.,-1.));
#11779=AXIS2_PLACEMENT_3D('',#11776,#11777,#11778);
#11780=PLANE('',#11779);
#11781=POLY_LOOP('',(#567,#52,#565));
#11782=FACE_OUTER_BOUND('',#11781,.T.);
#11783=FACE_SURFACE('',(#11782),#11780,.T.);
#11784=CARTESIAN_POINT('',(107.7671051,67.58241272,0.));
#11785=DIRECTION('',(-0.06533168,-0.9978636,0.));
#11786=DIRECTION('',(0.,0.,1.));
#11787=AXIS2_PLACEMENT_3D('',#11784,#11785,#11786);
#11788=PLANE('',#11787);
#11789=POLY_LOOP('',(#51,#564,#50));
#11790=FACE_OUTER_BOUND('',#11789,.T.);
#11791=FACE_SURFACE('',(#11790),#11788,.T.);
#11792=CARTESIAN_POINT('',(107.688797,67.58753967,3.79999995));
#11793=DIRECTION('',(-0.06533168,-0.9978636,0.));
#11794=DIRECTION('',(0.,0.,-1.));
#11795=AXIS2_PLACEMENT_3D('',#11792,#11793,#11794);
#11796=PLANE('',#11795);
#11797=POLY_LOOP('',(#565,#50,#564));
#11798=FACE_OUTER_BOUND('',#11797,.T.);
#11799=FACE_SURFACE('',(#11798),#11796,.T.);
#11800=CARTESIAN_POINT('',(107.84408569,67.5670929,0.));
#11801=DIRECTION('',(-0.19518141,-0.98076716,0.));
#11802=DIRECTION('',(0.,0.,1.));
#11803=AXIS2_PLACEMENT_3D('',#11800,#11801,#11802);
#11804=PLANE('',#11803);
#11805=POLY_LOOP('',(#215,#729,#51));
#11806=FACE_OUTER_BOUND('',#11805,.T.);
#11807=FACE_SURFACE('',(#11806),#11804,.T.);
#11808=CARTESIAN_POINT('',(107.7671051,67.58241272,3.79999995));
#11809=DIRECTION('',(-0.19518141,-0.98076716,0.));
#11810=DIRECTION('',(0.,0.,-1.));
#11811=AXIS2_PLACEMENT_3D('',#11808,#11809,#11810);
#11812=PLANE('',#11811);
#11813=POLY_LOOP('',(#564,#51,#729));
#11814=FACE_OUTER_BOUND('',#11813,.T.);
#11815=FACE_SURFACE('',(#11814),#11812,.T.);
#11816=CARTESIAN_POINT('',(107.918396,67.54187012,0.));
#11817=DIRECTION('',(-0.32141467,-0.94693855,0.));
#11818=DIRECTION('',(0.,0.,1.));
#11819=AXIS2_PLACEMENT_3D('',#11816,#11817,#11818);
#11820=PLANE('',#11819);
#11821=POLY_LOOP('',(#216,#730,#215));
#11822=FACE_OUTER_BOUND('',#11821,.T.);
#11823=FACE_SURFACE('',(#11822),#11820,.T.);
#11824=CARTESIAN_POINT('',(107.84408569,67.5670929,3.79999995));
#11825=DIRECTION('',(-0.32141467,-0.94693855,0.));
#11826=DIRECTION('',(0.,0.,-1.));
#11827=AXIS2_PLACEMENT_3D('',#11824,#11825,#11826);
#11828=PLANE('',#11827);
#11829=POLY_LOOP('',(#729,#215,#730));
#11830=FACE_OUTER_BOUND('',#11829,.T.);
#11831=FACE_SURFACE('',(#11830),#11828,.T.);
#11832=CARTESIAN_POINT('',(107.98878479,67.50715637,0.));
#11833=DIRECTION('',(-0.44230748,-0.89686348,0.));
#11834=DIRECTION('',(0.,0.,1.));
#11835=AXIS2_PLACEMENT_3D('',#11832,#11833,#11834);
#11836=PLANE('',#11835);
#11837=POLY_LOOP('',(#217,#731,#216));
#11838=FACE_OUTER_BOUND('',#11837,.T.);
#11839=FACE_SURFACE('',(#11838),#11836,.T.);
#11840=CARTESIAN_POINT('',(107.918396,67.54187012,3.79999995));
#11841=DIRECTION('',(-0.44230748,-0.89686348,0.));
#11842=DIRECTION('',(0.,0.,-1.));
#11843=AXIS2_PLACEMENT_3D('',#11840,#11841,#11842);
#11844=PLANE('',#11843);
#11845=POLY_LOOP('',(#730,#216,#731));
#11846=FACE_OUTER_BOUND('',#11845,.T.);
#11847=FACE_SURFACE('',(#11846),#11844,.T.);
#11848=CARTESIAN_POINT('',(108.05404663,67.46354675,0.));
#11849=DIRECTION('',(-0.55559711,-0.83145165,0.));
#11850=DIRECTION('',(0.,0.,1.));
#11851=AXIS2_PLACEMENT_3D('',#11848,#11849,#11850);
#11852=PLANE('',#11851);
#11853=POLY_LOOP('',(#218,#732,#217));
#11854=FACE_OUTER_BOUND('',#11853,.T.);
#11855=FACE_SURFACE('',(#11854),#11852,.T.);
#11856=CARTESIAN_POINT('',(107.98878479,67.50715637,3.79999995));
#11857=DIRECTION('',(-0.55559711,-0.83145165,0.));
#11858=DIRECTION('',(0.,0.,-1.));
#11859=AXIS2_PLACEMENT_3D('',#11856,#11857,#11858);
#11860=PLANE('',#11859);
#11861=POLY_LOOP('',(#731,#217,#732));
#11862=FACE_OUTER_BOUND('',#11861,.T.);
#11863=FACE_SURFACE('',(#11862),#11860,.T.);
#11864=CARTESIAN_POINT('',(108.11305237,67.4118042,0.));
#11865=DIRECTION('',(-0.65931636,-0.75186564,0.));
#11866=DIRECTION('',(0.,0.,1.));
#11867=AXIS2_PLACEMENT_3D('',#11864,#11865,#11866);
#11868=PLANE('',#11867);
#11869=POLY_LOOP('',(#219,#733,#218));
#11870=FACE_OUTER_BOUND('',#11869,.T.);
#11871=FACE_SURFACE('',(#11870),#11868,.T.);
#11872=CARTESIAN_POINT('',(108.05404663,67.46354675,3.79999995));
#11873=DIRECTION('',(-0.65931636,-0.75186564,0.));
#11874=DIRECTION('',(0.,0.,-1.));
#11875=AXIS2_PLACEMENT_3D('',#11872,#11873,#11874);
#11876=PLANE('',#11875);
#11877=POLY_LOOP('',(#732,#218,#733));
#11878=FACE_OUTER_BOUND('',#11877,.T.);
#11879=FACE_SURFACE('',(#11878),#11876,.T.);
#11880=CARTESIAN_POINT('',(108.16481018,67.35279846,0.));
#11881=DIRECTION('',(-0.75176926,-0.65942625,0.));
#11882=DIRECTION('',(0.,0.,1.));
#11883=AXIS2_PLACEMENT_3D('',#11880,#11881,#11882);
#11884=PLANE('',#11883);
#11885=POLY_LOOP('',(#49,#561,#219));
#11886=FACE_OUTER_BOUND('',#11885,.T.);
#11887=FACE_SURFACE('',(#11886),#11884,.T.);
#11888=CARTESIAN_POINT('',(108.11305237,67.4118042,3.79999995));
#11889=DIRECTION('',(-0.75176926,-0.65942625,0.));
#11890=DIRECTION('',(0.,0.,-1.));
#11891=AXIS2_PLACEMENT_3D('',#11888,#11889,#11890);
#11892=PLANE('',#11891);
#11893=POLY_LOOP('',(#733,#219,#561));
#11894=FACE_OUTER_BOUND('',#11893,.T.);
#11895=FACE_SURFACE('',(#11894),#11892,.T.);
#11896=CARTESIAN_POINT('',(108.20840454,67.28753662,0.));
#11897=DIRECTION('',(-0.83154146,-0.55546269,0.));
#11898=DIRECTION('',(0.,0.,1.));
#11899=AXIS2_PLACEMENT_3D('',#11896,#11897,#11898);
#11900=PLANE('',#11899);
#11901=POLY_LOOP('',(#220,#734,#49));
#11902=FACE_OUTER_BOUND('',#11901,.T.);
#11903=FACE_SURFACE('',(#11902),#11900,.T.);
#11904=CARTESIAN_POINT('',(108.16481018,67.35279846,3.79999995));
#11905=DIRECTION('',(-0.83154146,-0.55546269,0.));
#11906=DIRECTION('',(0.,0.,-1.));
#11907=AXIS2_PLACEMENT_3D('',#11904,#11905,#11906);
#11908=PLANE('',#11907);
#11909=POLY_LOOP('',(#561,#49,#734));
#11910=FACE_OUTER_BOUND('',#11909,.T.);
#11911=FACE_SURFACE('',(#11910),#11908,.T.);
#11912=CARTESIAN_POINT('',(108.21046448,67.28337097,0.));
#11913=DIRECTION('',(-0.8963886,-0.44326909,0.));
#11914=DIRECTION('',(0.,0.,1.));
#11915=AXIS2_PLACEMENT_3D('',#11912,#11913,#11914);
#11916=PLANE('',#11915);
#11917=POLY_LOOP('',(#222,#735,#220));
#11918=FACE_OUTER_BOUND('',#11917,.T.);
#11919=FACE_SURFACE('',(#11918),#11916,.T.);
#11920=CARTESIAN_POINT('',(108.20840454,67.28753662,3.79999995));
#11921=DIRECTION('',(-0.8963886,-0.44326909,0.));
#11922=DIRECTION('',(0.,0.,-1.));
#11923=AXIS2_PLACEMENT_3D('',#11920,#11921,#11922);
#11924=PLANE('',#11923);
#11925=POLY_LOOP('',(#734,#220,#735));
#11926=FACE_OUTER_BOUND('',#11925,.T.);
#11927=FACE_SURFACE('',(#11926),#11924,.T.);
#11928=CARTESIAN_POINT('',(111.58444214,66.85464478,0.));
#11929=DIRECTION('',(-0.12605488,-0.99202327,0.));
#11930=DIRECTION('',(0.,0.,1.));
#11931=AXIS2_PLACEMENT_3D('',#11928,#11929,#11930);
#11932=PLANE('',#11931);
#11933=POLY_LOOP('',(#221,#736,#222));
#11934=FACE_OUTER_BOUND('',#11933,.T.);
#11935=FACE_SURFACE('',(#11934),#11932,.T.);
#11936=CARTESIAN_POINT('',(108.21046448,67.28337097,3.79999995));
#11937=DIRECTION('',(-0.12605488,-0.99202327,0.));
#11938=DIRECTION('',(0.,0.,-1.));
#11939=AXIS2_PLACEMENT_3D('',#11936,#11937,#11938);
#11940=PLANE('',#11939);
#11941=POLY_LOOP('',(#735,#222,#736));
#11942=FACE_OUTER_BOUND('',#11941,.T.);
#11943=FACE_SURFACE('',(#11942),#11940,.T.);
#11944=CARTESIAN_POINT('',(115.38206482,66.29786682,0.));
#11945=DIRECTION('',(-0.14506147,-0.98942265,0.));
#11946=DIRECTION('',(0.,0.,1.));
#11947=AXIS2_PLACEMENT_3D('',#11944,#11945,#11946);
#11948=PLANE('',#11947);
#11949=POLY_LOOP('',(#223,#737,#221));
#11950=FACE_OUTER_BOUND('',#11949,.T.);
#11951=FACE_SURFACE('',(#11950),#11948,.T.);
#11952=CARTESIAN_POINT('',(111.58444214,66.85464478,3.79999995));
#11953=DIRECTION('',(-0.14506147,-0.98942265,0.));
#11954=DIRECTION('',(0.,0.,-1.));
#11955=AXIS2_PLACEMENT_3D('',#11952,#11953,#11954);
#11956=PLANE('',#11955);
#11957=POLY_LOOP('',(#736,#221,#737));
#11958=FACE_OUTER_BOUND('',#11957,.T.);
#11959=FACE_SURFACE('',(#11958),#11956,.T.);
#11960=CARTESIAN_POINT('',(119.17962646,65.66687012,0.));
#11961=DIRECTION('',(-0.16391111,-0.98647511,0.));
#11962=DIRECTION('',(0.,0.,1.));
#11963=AXIS2_PLACEMENT_3D('',#11960,#11961,#11962);
#11964=PLANE('',#11963);
#11965=POLY_LOOP('',(#45,#560,#223));
#11966=FACE_OUTER_BOUND('',#11965,.T.);
#11967=FACE_SURFACE('',(#11966),#11964,.T.);
#11968=CARTESIAN_POINT('',(115.38206482,66.29786682,3.79999995));
#11969=DIRECTION('',(-0.16391111,-0.98647511,0.));
#11970=DIRECTION('',(0.,0.,-1.));
#11971=AXIS2_PLACEMENT_3D('',#11968,#11969,#11970);
#11972=PLANE('',#11971);
#11973=POLY_LOOP('',(#737,#223,#560));
#11974=FACE_OUTER_BOUND('',#11973,.T.);
#11975=FACE_SURFACE('',(#11974),#11972,.T.);
#11976=CARTESIAN_POINT('',(122.97712708,64.9616394,0.));
#11977=DIRECTION('',(-0.18258734,-0.98318964,0.));
#11978=DIRECTION('',(0.,0.,1.));
#11979=AXIS2_PLACEMENT_3D('',#11976,#11977,#11978);
#11980=PLANE('',#11979);
#11981=POLY_LOOP('',(#43,#558,#45));
#11982=FACE_OUTER_BOUND('',#11981,.T.);
#11983=FACE_SURFACE('',(#11982),#11980,.T.);
#11984=CARTESIAN_POINT('',(119.17962646,65.66687012,3.79999995));
#11985=DIRECTION('',(-0.18258734,-0.98318964,0.));
#11986=DIRECTION('',(0.,0.,-1.));
#11987=AXIS2_PLACEMENT_3D('',#11984,#11985,#11986);
#11988=PLANE('',#11987);
#11989=POLY_LOOP('',(#560,#45,#558));
#11990=FACE_OUTER_BOUND('',#11989,.T.);
#11991=FACE_SURFACE('',(#11990),#11988,.T.);
#11992=CARTESIAN_POINT('',(126.77456665,64.18217468,0.));
#11993=DIRECTION('',(-0.2010686,-0.97957716,0.));
#11994=DIRECTION('',(0.,0.,1.));
#11995=AXIS2_PLACEMENT_3D('',#11992,#11993,#11994);
#11996=PLANE('',#11995);
#11997=POLY_LOOP('',(#41,#556,#43));
#11998=FACE_OUTER_BOUND('',#11997,.T.);
#11999=FACE_SURFACE('',(#11998),#11996,.T.);
#12000=CARTESIAN_POINT('',(122.97712708,64.9616394,3.79999995));
#12001=DIRECTION('',(-0.2010686,-0.97957716,0.));
#12002=DIRECTION('',(0.,0.,-1.));
#12003=AXIS2_PLACEMENT_3D('',#12000,#12001,#12002);
#12004=PLANE('',#12003);
#12005=POLY_LOOP('',(#558,#43,#556));
#12006=FACE_OUTER_BOUND('',#12005,.T.);
#12007=FACE_SURFACE('',(#12006),#12004,.T.);
#12008=CARTESIAN_POINT('',(130.57191467,63.32850647,0.));
#12009=DIRECTION('',(-0.21933243,-0.97565019,0.));
#12010=DIRECTION('',(0.,0.,1.));
#12011=AXIS2_PLACEMENT_3D('',#12008,#12009,#12010);
#12012=PLANE('',#12011);
#12013=POLY_LOOP('',(#39,#553,#41));
#12014=FACE_OUTER_BOUND('',#12013,.T.);
#12015=FACE_SURFACE('',(#12014),#12012,.T.);
#12016=CARTESIAN_POINT('',(126.77456665,64.18217468,3.79999995));
#12017=DIRECTION('',(-0.21933243,-0.97565019,0.));
#12018=DIRECTION('',(0.,0.,-1.));
#12019=AXIS2_PLACEMENT_3D('',#12016,#12017,#12018);
#12020=PLANE('',#12019);
#12021=POLY_LOOP('',(#556,#41,#553));
#12022=FACE_OUTER_BOUND('',#12021,.T.);
#12023=FACE_SURFACE('',(#12022),#12020,.T.);
#12024=CARTESIAN_POINT('',(134.3691864,62.40063477,0.));
#12025=DIRECTION('',(-0.23736853,-0.97141967,0.));
#12026=DIRECTION('',(0.,0.,1.));
#12027=AXIS2_PLACEMENT_3D('',#12024,#12025,#12026);
#12028=PLANE('',#12027);
#12029=POLY_LOOP('',(#38,#554,#39));
#12030=FACE_OUTER_BOUND('',#12029,.T.);
#12031=FACE_SURFACE('',(#12030),#12028,.T.);
#12032=CARTESIAN_POINT('',(130.57191467,63.32850647,3.79999995));
#12033=DIRECTION('',(-0.23736853,-0.97141967,0.));
#12034=DIRECTION('',(0.,0.,-1.));
#12035=AXIS2_PLACEMENT_3D('',#12032,#12033,#12034);
#12036=PLANE('',#12035);
#12037=POLY_LOOP('',(#553,#39,#554));
#12038=FACE_OUTER_BOUND('',#12037,.T.);
#12039=FACE_SURFACE('',(#12038),#12036,.T.);
#12040=CARTESIAN_POINT('',(138.16638184,61.39855957,0.));
#12041=DIRECTION('',(-0.25516319,-0.966898,0.));
#12042=DIRECTION('',(0.,0.,1.));
#12043=AXIS2_PLACEMENT_3D('',#12040,#12041,#12042);
#12044=PLANE('',#12043);
#12045=POLY_LOOP('',(#36,#551,#38));
#12046=FACE_OUTER_BOUND('',#12045,.T.);
#12047=FACE_SURFACE('',(#12046),#12044,.T.);
#12048=CARTESIAN_POINT('',(134.3691864,62.40063477,3.79999995));
#12049=DIRECTION('',(-0.25516319,-0.966898,0.));
#12050=DIRECTION('',(0.,0.,-1.));
#12051=AXIS2_PLACEMENT_3D('',#12048,#12049,#12050);
#12052=PLANE('',#12051);
#12053=POLY_LOOP('',(#554,#38,#551));
#12054=FACE_OUTER_BOUND('',#12053,.T.);
#12055=FACE_SURFACE('',(#12054),#12052,.T.);
#12056=CARTESIAN_POINT('',(141.96347046,60.32228088,0.));
#12057=DIRECTION('',(-0.27270505,-0.96209769,0.));
#12058=DIRECTION('',(0.,0.,1.));
#12059=AXIS2_PLACEMENT_3D('',#12056,#12057,#12058);
#12060=PLANE('',#12059);
#12061=POLY_LOOP('',(#25,#537,#36));
#12062=FACE_OUTER_BOUND('',#12061,.T.);
#12063=FACE_SURFACE('',(#12062),#12060,.T.);
#12064=CARTESIAN_POINT('',(138.16638184,61.39855957,3.79999995));
#12065=DIRECTION('',(-0.27270505,-0.96209769,0.));
#12066=DIRECTION('',(0.,0.,-1.));
#12067=AXIS2_PLACEMENT_3D('',#12064,#12065,#12066);
#12068=PLANE('',#12067);
#12069=POLY_LOOP('',(#551,#36,#537));
#12070=FACE_OUTER_BOUND('',#12069,.T.);
#12071=FACE_SURFACE('',(#12070),#12068,.T.);
#12072=CARTESIAN_POINT('',(145.55421448,59.23429871,0.));
#12073=DIRECTION('',(-0.2899776,-0.95703343,0.));
#12074=DIRECTION('',(0.,0.,1.));
#12075=AXIS2_PLACEMENT_3D('',#12072,#12073,#12074);
#12076=PLANE('',#12075);
#12077=POLY_LOOP('',(#33,#549,#25));
#12078=FACE_OUTER_BOUND('',#12077,.T.);
#12079=FACE_SURFACE('',(#12078),#12076,.T.);
#12080=CARTESIAN_POINT('',(141.96347046,60.32228088,3.79999995));
#12081=DIRECTION('',(-0.2899776,-0.95703343,0.));
#12082=DIRECTION('',(0.,0.,-1.));
#12083=AXIS2_PLACEMENT_3D('',#12080,#12081,#12082);
#12084=PLANE('',#12083);
#12085=POLY_LOOP('',(#537,#25,#549));
#12086=FACE_OUTER_BOUND('',#12085,.T.);
#12087=FACE_SURFACE('',(#12086),#12084,.T.);
#12088=CARTESIAN_POINT('',(146.76489258,58.74423218,0.));
#12089=DIRECTION('',(-0.37521259,-0.92693878,0.));
#12090=DIRECTION('',(0.,0.,1.));
#12091=AXIS2_PLACEMENT_3D('',#12088,#12089,#12090);
#12092=PLANE('',#12091);
#12093=POLY_LOOP('',(#35,#547,#33));
#12094=FACE_OUTER_BOUND('',#12093,.T.);
#12095=FACE_SURFACE('',(#12094),#12092,.T.);
#12096=CARTESIAN_POINT('',(145.55421448,59.23429871,3.79999995));
#12097=DIRECTION('',(-0.37521259,-0.92693878,0.));
#12098=DIRECTION('',(0.,0.,-1.));
#12099=AXIS2_PLACEMENT_3D('',#12096,#12097,#12098);
#12100=PLANE('',#12099);
#12101=POLY_LOOP('',(#549,#33,#547));
#12102=FACE_OUTER_BOUND('',#12101,.T.);
#12103=FACE_SURFACE('',(#12102),#12100,.T.);
#12104=CARTESIAN_POINT('',(150.62902832,57.07922363,0.));
#12105=DIRECTION('',(-0.39571566,-0.91837308,0.));
#12106=DIRECTION('',(0.,0.,1.));
#12107=AXIS2_PLACEMENT_3D('',#12104,#12105,#12106);
#12108=PLANE('',#12107);
#12109=POLY_LOOP('',(#31,#546,#35));
#12110=FACE_OUTER_BOUND('',#12109,.T.);
#12111=FACE_SURFACE('',(#12110),#12108,.T.);
#12112=CARTESIAN_POINT('',(146.76489258,58.74423218,3.79999995));
#12113=DIRECTION('',(-0.39571566,-0.91837308,0.));
#12114=DIRECTION('',(0.,0.,-1.));
#12115=AXIS2_PLACEMENT_3D('',#12112,#12113,#12114);
#12116=PLANE('',#12115);
#12117=POLY_LOOP('',(#547,#35,#546));
#12118=FACE_OUTER_BOUND('',#12117,.T.);
#12119=FACE_SURFACE('',(#12118),#12116,.T.);
#12120=CARTESIAN_POINT('',(154.49124146,55.31417847,0.));
#12121=DIRECTION('',(-0.41565497,-0.90952237,0.));
#12122=DIRECTION('',(0.,0.,1.));
#12123=AXIS2_PLACEMENT_3D('',#12120,#12121,#12122);
#12124=PLANE('',#12123);
#12125=POLY_LOOP('',(#29,#544,#31));
#12126=FACE_OUTER_BOUND('',#12125,.T.);
#12127=FACE_SURFACE('',(#12126),#12124,.T.);
#12128=CARTESIAN_POINT('',(150.62902832,57.07922363,3.79999995));
#12129=DIRECTION('',(-0.41565497,-0.90952237,0.));
#12130=DIRECTION('',(0.,0.,-1.));
#12131=AXIS2_PLACEMENT_3D('',#12128,#12129,#12130);
#12132=PLANE('',#12131);
#12133=POLY_LOOP('',(#546,#31,#544));
#12134=FACE_OUTER_BOUND('',#12133,.T.);
#12135=FACE_SURFACE('',(#12134),#12132,.T.);
#12136=CARTESIAN_POINT('',(158.35499573,53.44754028,0.));
#12137=DIRECTION('',(-0.43500939,-0.90042592,0.));
#12138=DIRECTION('',(0.,0.,1.));
#12139=AXIS2_PLACEMENT_3D('',#12136,#12137,#12138);
#12140=PLANE('',#12139);
#12141=POLY_LOOP('',(#26,#542,#29));
#12142=FACE_OUTER_BOUND('',#12141,.T.);
#12143=FACE_SURFACE('',(#12142),#12140,.T.);
#12144=CARTESIAN_POINT('',(154.49124146,55.31417847,3.79999995));
#12145=DIRECTION('',(-0.43500939,-0.90042592,0.));
#12146=DIRECTION('',(0.,0.,-1.));
#12147=AXIS2_PLACEMENT_3D('',#12144,#12145,#12146);
#12148=PLANE('',#12147);
#12149=POLY_LOOP('',(#544,#29,#542));
#12150=FACE_OUTER_BOUND('',#12149,.T.);
#12151=FACE_SURFACE('',(#12150),#12148,.T.);
#12152=CARTESIAN_POINT('',(161.16999817,52.01403809,0.));
#12153=DIRECTION('',(-0.45378612,-0.89111063,0.));
#12154=DIRECTION('',(0.,0.,1.));
#12155=AXIS2_PLACEMENT_3D('',#12152,#12153,#12154);
#12156=PLANE('',#12155);
#12157=POLY_LOOP('',(#28,#540,#26));
#12158=FACE_OUTER_BOUND('',#12157,.T.);
#12159=FACE_SURFACE('',(#12158),#12156,.T.);
#12160=CARTESIAN_POINT('',(158.35499573,53.44754028,3.79999995));
#12161=DIRECTION('',(-0.45378612,-0.89111063,0.));
#12162=DIRECTION('',(0.,0.,-1.));
#12163=AXIS2_PLACEMENT_3D('',#12160,#12161,#12162);
#12164=PLANE('',#12163);
#12165=POLY_LOOP('',(#542,#26,#540));
#12166=FACE_OUTER_BOUND('',#12165,.T.);
#12167=FACE_SURFACE('',(#12166),#12164,.T.);
#12168=CARTESIAN_POINT('',(161.16999817,17.00198364,0.));
#12169=DIRECTION('',(-1.,0.,0.));
#12170=DIRECTION('',(0.,0.,1.));
#12171=AXIS2_PLACEMENT_3D('',#12168,#12169,#12170);
#12172=PLANE('',#12171);
#12173=POLY_LOOP('',(#22,#534,#28));
#12174=FACE_OUTER_BOUND('',#12173,.T.);
#12175=FACE_SURFACE('',(#12174),#12172,.T.);
#12176=CARTESIAN_POINT('',(161.16999817,52.01403809,3.79999995));
#12177=DIRECTION('',(-1.,0.,0.));
#12178=DIRECTION('',(0.,0.,-1.));
#12179=AXIS2_PLACEMENT_3D('',#12176,#12177,#12178);
#12180=PLANE('',#12179);
#12181=POLY_LOOP('',(#540,#28,#534));
#12182=FACE_OUTER_BOUND('',#12181,.T.);
#12183=FACE_SURFACE('',(#12182),#12180,.T.);
#12184=CARTESIAN_POINT('',(127.83953857,17.00198364,0.));
#12185=DIRECTION('',(0.,1.,0.));
#12186=DIRECTION('',(0.,0.,1.));
#12187=AXIS2_PLACEMENT_3D('',#12184,#12185,#12186);
#12188=PLANE('',#12187);
#12189=POLY_LOOP('',(#324,#838,#22));
#12190=FACE_OUTER_BOUND('',#12189,.T.);
#12191=FACE_SURFACE('',(#12190),#12188,.T.);
#12192=CARTESIAN_POINT('',(161.16999817,17.00198364,3.79999995));
#12193=DIRECTION('',(0.,1.,0.));
#12194=DIRECTION('',(0.,0.,-1.));
#12195=AXIS2_PLACEMENT_3D('',#12192,#12193,#12194);
#12196=PLANE('',#12195);
#12197=POLY_LOOP('',(#534,#22,#838));
#12198=FACE_OUTER_BOUND('',#12197,.T.);
#12199=FACE_SURFACE('',(#12198),#12196,.T.);
#12200=CARTESIAN_POINT('',(127.84629822,16.98205566,0.));
#12201=DIRECTION('',(-0.94700234,-0.32122667,0.));
#12202=DIRECTION('',(0.,0.,1.));
#12203=AXIS2_PLACEMENT_3D('',#12200,#12201,#12202);
#12204=PLANE('',#12203);
#12205=POLY_LOOP('',(#322,#836,#324));
#12206=FACE_OUTER_BOUND('',#12205,.T.);
#12207=FACE_SURFACE('',(#12206),#12204,.T.);
#12208=CARTESIAN_POINT('',(127.83953857,17.00198364,3.79999995));
#12209=DIRECTION('',(-0.94700234,-0.32122667,0.));
#12210=DIRECTION('',(0.,0.,-1.));
#12211=AXIS2_PLACEMENT_3D('',#12208,#12209,#12210);
#12212=PLANE('',#12211);
#12213=POLY_LOOP('',(#838,#324,#836));
#12214=FACE_OUTER_BOUND('',#12213,.T.);
#12215=FACE_SURFACE('',(#12214),#12212,.T.);
#12216=CARTESIAN_POINT('',(127.88716125,16.77667236,0.));
#12217=DIRECTION('',(-0.98077636,-0.19513515,0.));
#12218=DIRECTION('',(0.,0.,1.));
#12219=AXIS2_PLACEMENT_3D('',#12216,#12217,#12218);
#12220=PLANE('',#12219);
#12221=POLY_LOOP('',(#320,#834,#322));
#12222=FACE_OUTER_BOUND('',#12221,.T.);
#12223=FACE_SURFACE('',(#12222),#12220,.T.);
#12224=CARTESIAN_POINT('',(127.84629822,16.98205566,3.79999995));
#12225=DIRECTION('',(-0.98077636,-0.19513515,0.));
#12226=DIRECTION('',(0.,0.,-1.));
#12227=AXIS2_PLACEMENT_3D('',#12224,#12225,#12226);
#12228=PLANE('',#12227);
#12229=POLY_LOOP('',(#836,#322,#834));
#12230=FACE_OUTER_BOUND('',#12229,.T.);
#12231=FACE_SURFACE('',(#12230),#12228,.T.);
#12232=CARTESIAN_POINT('',(127.8999939,16.58081055,0.));
#12233=DIRECTION('',(-0.99786053,-0.06537868,0.));
#12234=DIRECTION('',(0.,0.,1.));
#12235=AXIS2_PLACEMENT_3D('',#12232,#12233,#12234);
#12236=PLANE('',#12235);
#12237=POLY_LOOP('',(#316,#830,#320));
#12238=FACE_OUTER_BOUND('',#12237,.T.);
#12239=FACE_SURFACE('',(#12238),#12236,.T.);
#12240=CARTESIAN_POINT('',(127.88716125,16.77667236,3.79999995));
#12241=DIRECTION('',(-0.99786053,-0.06537868,0.));
#12242=DIRECTION('',(0.,0.,-1.));
#12243=AXIS2_PLACEMENT_3D('',#12240,#12241,#12242);
#12244=PLANE('',#12243);
#12245=POLY_LOOP('',(#834,#320,#830));
#12246=FACE_OUTER_BOUND('',#12245,.T.);
#12247=FACE_SURFACE('',(#12246),#12244,.T.);
#12248=CARTESIAN_POINT('',(127.8999939,11.61618042,0.));
#12249=DIRECTION('',(-1.,0.,0.));
#12250=DIRECTION('',(0.,0.,1.));
#12251=AXIS2_PLACEMENT_3D('',#12248,#12249,#12250);
#12252=PLANE('',#12251);
#12253=POLY_LOOP('',(#312,#826,#316));
#12254=FACE_OUTER_BOUND('',#12253,.T.);
#12255=FACE_SURFACE('',(#12254),#12252,.T.);
#12256=CARTESIAN_POINT('',(127.8999939,16.58081055,3.79999995));
#12257=DIRECTION('',(-1.,0.,0.));
#12258=DIRECTION('',(0.,0.,-1.));
#12259=AXIS2_PLACEMENT_3D('',#12256,#12257,#12258);
#12260=PLANE('',#12259);
#12261=POLY_LOOP('',(#830,#316,#826));
#12262=FACE_OUTER_BOUND('',#12261,.T.);
#12263=FACE_SURFACE('',(#12262),#12260,.T.);
#12264=CARTESIAN_POINT('',(127.88716125,11.4203186,0.));
#12265=DIRECTION('',(-0.99786053,0.06537868,0.));
#12266=DIRECTION('',(0.,0.,1.));
#12267=AXIS2_PLACEMENT_3D('',#12264,#12265,#12266);
#12268=PLANE('',#12267);
#12269=POLY_LOOP('',(#308,#822,#312));
#12270=FACE_OUTER_BOUND('',#12269,.T.);
#12271=FACE_SURFACE('',(#12270),#12268,.T.);
#12272=CARTESIAN_POINT('',(127.8999939,11.61618042,3.79999995));
#12273=DIRECTION('',(-0.99786053,0.06537868,0.));
#12274=DIRECTION('',(0.,0.,-1.));
#12275=AXIS2_PLACEMENT_3D('',#12272,#12273,#12274);
#12276=PLANE('',#12275);
#12277=POLY_LOOP('',(#826,#312,#822));
#12278=FACE_OUTER_BOUND('',#12277,.T.);
#12279=FACE_SURFACE('',(#12278),#12276,.T.);
#12280=CARTESIAN_POINT('',(127.84629822,11.21492004,0.));
#12281=DIRECTION('',(-0.98077914,0.1951212,0.));
#12282=DIRECTION('',(0.,0.,1.));
#12283=AXIS2_PLACEMENT_3D('',#12280,#12281,#12282);
#12284=PLANE('',#12283);
#12285=POLY_LOOP('',(#230,#742,#308));
#12286=FACE_OUTER_BOUND('',#12285,.T.);
#12287=FACE_SURFACE('',(#12286),#12284,.T.);
#12288=CARTESIAN_POINT('',(127.88716125,11.4203186,3.79999995));
#12289=DIRECTION('',(-0.98077914,0.1951212,0.));
#12290=DIRECTION('',(0.,0.,-1.));
#12291=AXIS2_PLACEMENT_3D('',#12288,#12289,#12290);
#12292=PLANE('',#12291);
#12293=POLY_LOOP('',(#822,#308,#742));
#12294=FACE_OUTER_BOUND('',#12293,.T.);
#12295=FACE_SURFACE('',(#12294),#12292,.T.);
#12296=CARTESIAN_POINT('',(127.7789917,11.01663208,0.));
#12297=DIRECTION('',(-0.94693474,0.32142587,0.));
#12298=DIRECTION('',(0.,0.,1.));
#12299=AXIS2_PLACEMENT_3D('',#12296,#12297,#12298);
#12300=PLANE('',#12299);
#12301=POLY_LOOP('',(#234,#748,#230));
#12302=FACE_OUTER_BOUND('',#12301,.T.);
#12303=FACE_SURFACE('',(#12302),#12300,.T.);
#12304=CARTESIAN_POINT('',(127.84629822,11.21492004,3.79999995));
#12305=DIRECTION('',(-0.94693474,0.32142587,0.));
#12306=DIRECTION('',(0.,0.,-1.));
#12307=AXIS2_PLACEMENT_3D('',#12304,#12305,#12306);
#12308=PLANE('',#12307);
#12309=POLY_LOOP('',(#742,#230,#748));
#12310=FACE_OUTER_BOUND('',#12309,.T.);
#12311=FACE_SURFACE('',(#12310),#12308,.T.);
#12312=CARTESIAN_POINT('',(127.68637085,10.8288269,0.));
#12313=DIRECTION('',(-0.89686216,0.44231015,0.));
#12314=DIRECTION('',(0.,0.,1.));
#12315=AXIS2_PLACEMENT_3D('',#12312,#12313,#12314);
#12316=PLANE('',#12315);
#12317=POLY_LOOP('',(#237,#749,#234));
#12318=FACE_OUTER_BOUND('',#12317,.T.);
#12319=FACE_SURFACE('',(#12318),#12316,.T.);
#12320=CARTESIAN_POINT('',(127.7789917,11.01663208,3.79999995));
#12321=DIRECTION('',(-0.89686216,0.44231015,0.));
#12322=DIRECTION('',(0.,0.,-1.));
#12323=AXIS2_PLACEMENT_3D('',#12320,#12321,#12322);
#12324=PLANE('',#12323);
#12325=POLY_LOOP('',(#748,#234,#749));
#12326=FACE_OUTER_BOUND('',#12325,.T.);
#12327=FACE_SURFACE('',(#12326),#12324,.T.);
#12328=CARTESIAN_POINT('',(127.57003784,10.65472412,0.));
#12329=DIRECTION('',(-0.83146686,0.55557435,0.));
#12330=DIRECTION('',(0.,0.,1.));
#12331=AXIS2_PLACEMENT_3D('',#12328,#12329,#12330);
#12332=PLANE('',#12331);
#12333=POLY_LOOP('',(#250,#763,#237));
#12334=FACE_OUTER_BOUND('',#12333,.T.);
#12335=FACE_SURFACE('',(#12334),#12332,.T.);
#12336=CARTESIAN_POINT('',(127.68637085,10.8288269,3.79999995));
#12337=DIRECTION('',(-0.83146686,0.55557435,0.));
#12338=DIRECTION('',(0.,0.,-1.));
#12339=AXIS2_PLACEMENT_3D('',#12336,#12337,#12338);
#12340=PLANE('',#12339);
#12341=POLY_LOOP('',(#749,#237,#763));
#12342=FACE_OUTER_BOUND('',#12341,.T.);
#12343=FACE_SURFACE('',(#12342),#12340,.T.);
#12344=CARTESIAN_POINT('',(127.43196106,10.49729919,0.));
#12345=DIRECTION('',(-0.75179524,0.65939664,0.));
#12346=DIRECTION('',(0.,0.,1.));
#12347=AXIS2_PLACEMENT_3D('',#12344,#12345,#12346);
#12348=PLANE('',#12347);
#12349=POLY_LOOP('',(#309,#823,#250));
#12350=FACE_OUTER_BOUND('',#12349,.T.);
#12351=FACE_SURFACE('',(#12350),#12348,.T.);
#12352=CARTESIAN_POINT('',(127.57003784,10.65472412,3.79999995));
#12353=DIRECTION('',(-0.75179524,0.65939664,0.));
#12354=DIRECTION('',(0.,0.,-1.));
#12355=AXIS2_PLACEMENT_3D('',#12352,#12353,#12354);
#12356=PLANE('',#12355);
#12357=POLY_LOOP('',(#763,#250,#823));
#12358=FACE_OUTER_BOUND('',#12357,.T.);
#12359=FACE_SURFACE('',(#12358),#12356,.T.);
#12360=CARTESIAN_POINT('',(127.27453613,10.35922241,0.));
#12361=DIRECTION('',(-0.65939664,0.75179524,0.));
#12362=DIRECTION('',(0.,0.,1.));
#12363=AXIS2_PLACEMENT_3D('',#12360,#12361,#12362);
#12364=PLANE('',#12363);
#12365=POLY_LOOP('',(#518,#1032,#309));
#12366=FACE_OUTER_BOUND('',#12365,.T.);
#12367=FACE_SURFACE('',(#12366),#12364,.T.);
#12368=CARTESIAN_POINT('',(127.43196106,10.49729919,3.79999995));
#12369=DIRECTION('',(-0.65939664,0.75179524,0.));
#12370=DIRECTION('',(0.,0.,-1.));
#12371=AXIS2_PLACEMENT_3D('',#12368,#12369,#12370);
#12372=PLANE('',#12371);
#12373=POLY_LOOP('',(#823,#309,#1032));
#12374=FACE_OUTER_BOUND('',#12373,.T.);
#12375=FACE_SURFACE('',(#12374),#12372,.T.);
#12376=CARTESIAN_POINT('',(127.10043335,10.2428894,0.));
#12377=DIRECTION('',(-0.55557435,0.83146686,0.));
#12378=DIRECTION('',(0.,0.,1.));
#12379=AXIS2_PLACEMENT_3D('',#12376,#12377,#12378);
#12380=PLANE('',#12379);
#12381=POLY_LOOP('',(#516,#1030,#518));
#12382=FACE_OUTER_BOUND('',#12381,.T.);
#12383=FACE_SURFACE('',(#12382),#12380,.T.);
#12384=CARTESIAN_POINT('',(127.27453613,10.35922241,3.79999995));
#12385=DIRECTION('',(-0.55557435,0.83146686,0.));
#12386=DIRECTION('',(0.,0.,-1.));
#12387=AXIS2_PLACEMENT_3D('',#12384,#12385,#12386);
#12388=PLANE('',#12387);
#12389=POLY_LOOP('',(#1032,#518,#1030));
#12390=FACE_OUTER_BOUND('',#12389,.T.);
#12391=FACE_SURFACE('',(#12390),#12388,.T.);
#12392=CARTESIAN_POINT('',(126.91262817,10.15026855,0.));
#12393=DIRECTION('',(-0.44231015,0.89686216,0.));
#12394=DIRECTION('',(0.,0.,1.));
#12395=AXIS2_PLACEMENT_3D('',#12392,#12393,#12394);
#12396=PLANE('',#12395);
#12397=POLY_LOOP('',(#239,#753,#516));
#12398=FACE_OUTER_BOUND('',#12397,.T.);
#12399=FACE_SURFACE('',(#12398),#12396,.T.);
#12400=CARTESIAN_POINT('',(127.10043335,10.2428894,3.79999995));
#12401=DIRECTION('',(-0.44231015,0.89686216,0.));
#12402=DIRECTION('',(0.,0.,-1.));
#12403=AXIS2_PLACEMENT_3D('',#12400,#12401,#12402);
#12404=PLANE('',#12403);
#12405=POLY_LOOP('',(#1030,#516,#753));
#12406=FACE_OUTER_BOUND('',#12405,.T.);
#12407=FACE_SURFACE('',(#12406),#12404,.T.);
#12408=CARTESIAN_POINT('',(126.71434021,10.08296204,0.));
#12409=DIRECTION('',(-0.32142587,0.94693474,0.));
#12410=DIRECTION('',(0.,0.,1.));
#12411=AXIS2_PLACEMENT_3D('',#12408,#12409,#12410);
#12412=PLANE('',#12411);
#12413=POLY_LOOP('',(#238,#754,#239));
#12414=FACE_OUTER_BOUND('',#12413,.T.);
#12415=FACE_SURFACE('',(#12414),#12412,.T.);
#12416=CARTESIAN_POINT('',(126.91262817,10.15026855,3.79999995));
#12417=DIRECTION('',(-0.32142587,0.94693474,0.));
#12418=DIRECTION('',(0.,0.,-1.));
#12419=AXIS2_PLACEMENT_3D('',#12416,#12417,#12418);
#12420=PLANE('',#12419);
#12421=POLY_LOOP('',(#753,#239,#754));
#12422=FACE_OUTER_BOUND('',#12421,.T.);
#12423=FACE_SURFACE('',(#12422),#12420,.T.);
#12424=CARTESIAN_POINT('',(126.50894165,10.042099,0.));
#12425=DIRECTION('',(-0.1951212,0.98077914,0.));
#12426=DIRECTION('',(0.,0.,1.));
#12427=AXIS2_PLACEMENT_3D('',#12424,#12425,#12426);
#12428=PLANE('',#12427);
#12429=POLY_LOOP('',(#434,#948,#238));
#12430=FACE_OUTER_BOUND('',#12429,.T.);
#12431=FACE_SURFACE('',(#12430),#12428,.T.);
#12432=CARTESIAN_POINT('',(126.71434021,10.08296204,3.79999995));
#12433=DIRECTION('',(-0.1951212,0.98077914,0.));
#12434=DIRECTION('',(0.,0.,-1.));
#12435=AXIS2_PLACEMENT_3D('',#12432,#12433,#12434);
#12436=PLANE('',#12435);
#12437=POLY_LOOP('',(#754,#238,#948));
#12438=FACE_OUTER_BOUND('',#12437,.T.);
#12439=FACE_SURFACE('',(#12438),#12436,.T.);
#12440=CARTESIAN_POINT('',(126.31307983,10.02926636,0.));
#12441=DIRECTION('',(-0.06537868,0.99786053,0.));
#12442=DIRECTION('',(0.,0.,1.));
#12443=AXIS2_PLACEMENT_3D('',#12440,#12441,#12442);
#12444=PLANE('',#12443);
#12445=POLY_LOOP('',(#245,#759,#434));
#12446=FACE_OUTER_BOUND('',#12445,.T.);
#12447=FACE_SURFACE('',(#12446),#12444,.T.);
#12448=CARTESIAN_POINT('',(126.50894165,10.042099,3.79999995));
#12449=DIRECTION('',(-0.06537868,0.99786053,0.));
#12450=DIRECTION('',(0.,0.,-1.));
#12451=AXIS2_PLACEMENT_3D('',#12448,#12449,#12450);
#12452=PLANE('',#12451);
#12453=POLY_LOOP('',(#948,#434,#759));
#12454=FACE_OUTER_BOUND('',#12453,.T.);
#12455=FACE_SURFACE('',(#12454),#12452,.T.);
#12456=CARTESIAN_POINT('',(43.68690491,10.02926636,0.));
#12457=DIRECTION('',(0.,1.,0.));
#12458=DIRECTION('',(0.,0.,1.));
#12459=AXIS2_PLACEMENT_3D('',#12456,#12457,#12458);
#12460=PLANE('',#12459);
#12461=POLY_LOOP('',(#225,#741,#245));
#12462=FACE_OUTER_BOUND('',#12461,.T.);
#12463=FACE_SURFACE('',(#12462),#12460,.T.);
#12464=CARTESIAN_POINT('',(126.31307983,10.02926636,3.79999995));
#12465=DIRECTION('',(0.,1.,0.));
#12466=DIRECTION('',(0.,0.,-1.));
#12467=AXIS2_PLACEMENT_3D('',#12464,#12465,#12466);
#12468=PLANE('',#12467);
#12469=POLY_LOOP('',(#759,#245,#741));
#12470=FACE_OUTER_BOUND('',#12469,.T.);
#12471=FACE_SURFACE('',(#12470),#12468,.T.);
#12472=CARTESIAN_POINT('',(22.29882812,12.85481262,0.));
#12473=DIRECTION('',(0.19514636,0.98077413,0.));
#12474=DIRECTION('',(0.,0.,1.));
#12475=AXIS2_PLACEMENT_3D('',#12472,#12473,#12474);
#12476=PLANE('',#12475);
#12477=POLY_LOOP('',(#304,#818,#143));
#12478=FACE_OUTER_BOUND('',#12477,.T.);
#12479=FACE_SURFACE('',(#12478),#12476,.T.);
#12480=CARTESIAN_POINT('',(22.49768066,12.81524658,3.79999995));
#12481=DIRECTION('',(0.19514636,0.98077413,0.));
#12482=DIRECTION('',(0.,0.,-1.));
#12483=AXIS2_PLACEMENT_3D('',#12480,#12481,#12482);
#12484=PLANE('',#12483);
#12485=POLY_LOOP('',(#655,#143,#818));
#12486=FACE_OUTER_BOUND('',#12485,.T.);
#12487=FACE_SURFACE('',(#12486),#12484,.T.);
#12488=CARTESIAN_POINT('',(22.10682678,12.91998291,0.));
#12489=DIRECTION('',(0.32141565,0.94693821,0.));
#12490=DIRECTION('',(0.,0.,1.));
#12491=AXIS2_PLACEMENT_3D('',#12488,#12489,#12490);
#12492=PLANE('',#12491);
#12493=POLY_LOOP('',(#261,#775,#304));
#12494=FACE_OUTER_BOUND('',#12493,.T.);
#12495=FACE_SURFACE('',(#12494),#12492,.T.);
#12496=CARTESIAN_POINT('',(22.29882812,12.85481262,3.79999995));
#12497=DIRECTION('',(0.32141565,0.94693821,0.));
#12498=DIRECTION('',(0.,0.,-1.));
#12499=AXIS2_PLACEMENT_3D('',#12496,#12497,#12498);
#12500=PLANE('',#12499);
#12501=POLY_LOOP('',(#818,#304,#775));
#12502=FACE_OUTER_BOUND('',#12501,.T.);
#12503=FACE_SURFACE('',(#12502),#12500,.T.);
#12504=CARTESIAN_POINT('',(21.92498779,13.00965881,0.));
#12505=DIRECTION('',(0.44229995,0.89686719,0.));
#12506=DIRECTION('',(0.,0.,1.));
#12507=AXIS2_PLACEMENT_3D('',#12504,#12505,#12506);
#12508=PLANE('',#12507);
#12509=POLY_LOOP('',(#260,#776,#261));
#12510=FACE_OUTER_BOUND('',#12509,.T.);
#12511=FACE_SURFACE('',(#12510),#12508,.T.);
#12512=CARTESIAN_POINT('',(22.10682678,12.91998291,3.79999995));
#12513=DIRECTION('',(0.44229995,0.89686719,0.));
#12514=DIRECTION('',(0.,0.,-1.));
#12515=AXIS2_PLACEMENT_3D('',#12512,#12513,#12514);
#12516=PLANE('',#12515);
#12517=POLY_LOOP('',(#775,#261,#776));
#12518=FACE_OUTER_BOUND('',#12517,.T.);
#12519=FACE_SURFACE('',(#12518),#12516,.T.);
#12520=CARTESIAN_POINT('',(21.75640869,13.12229919,0.));
#12521=DIRECTION('',(0.55556828,0.83147092,0.));
#12522=DIRECTION('',(0.,0.,1.));
#12523=AXIS2_PLACEMENT_3D('',#12520,#12521,#12522);
#12524=PLANE('',#12523);
#12525=POLY_LOOP('',(#266,#779,#260));
#12526=FACE_OUTER_BOUND('',#12525,.T.);
#12527=FACE_SURFACE('',(#12526),#12524,.T.);
#12528=CARTESIAN_POINT('',(21.92498779,13.00965881,3.79999995));
#12529=DIRECTION('',(0.55556828,0.83147092,0.));
#12530=DIRECTION('',(0.,0.,-1.));
#12531=AXIS2_PLACEMENT_3D('',#12528,#12529,#12530);
#12532=PLANE('',#12531);
#12533=POLY_LOOP('',(#776,#260,#779));
#12534=FACE_OUTER_BOUND('',#12533,.T.);
#12535=FACE_SURFACE('',(#12534),#12532,.T.);
#12536=CARTESIAN_POINT('',(21.60397339,13.25598145,0.));
#12537=DIRECTION('',(0.65934603,0.75183962,0.));
#12538=DIRECTION('',(0.,0.,1.));
#12539=AXIS2_PLACEMENT_3D('',#12536,#12537,#12538);
#12540=PLANE('',#12539);
#12541=POLY_LOOP('',(#270,#782,#266));
#12542=FACE_OUTER_BOUND('',#12541,.T.);
#12543=FACE_SURFACE('',(#12542),#12540,.T.);
#12544=CARTESIAN_POINT('',(21.75640869,13.12229919,3.79999995));
#12545=DIRECTION('',(0.65934603,0.75183962,0.));
#12546=DIRECTION('',(0.,0.,-1.));
#12547=AXIS2_PLACEMENT_3D('',#12544,#12545,#12546);
#12548=PLANE('',#12547);
#12549=POLY_LOOP('',(#779,#266,#782));
#12550=FACE_OUTER_BOUND('',#12549,.T.);
#12551=FACE_SURFACE('',(#12550),#12548,.T.);
#12552=CARTESIAN_POINT('',(21.47029114,13.40841675,0.));
#12553=DIRECTION('',(0.75183962,0.65934603,0.));
#12554=DIRECTION('',(0.,0.,1.));
#12555=AXIS2_PLACEMENT_3D('',#12552,#12553,#12554);
#12556=PLANE('',#12555);
#12557=POLY_LOOP('',(#269,#783,#270));
#12558=FACE_OUTER_BOUND('',#12557,.T.);
#12559=FACE_SURFACE('',(#12558),#12556,.T.);
#12560=CARTESIAN_POINT('',(21.60397339,13.25598145,3.79999995));
#12561=DIRECTION('',(0.75183962,0.65934603,0.));
#12562=DIRECTION('',(0.,0.,-1.));
#12563=AXIS2_PLACEMENT_3D('',#12560,#12561,#12562);
#12564=PLANE('',#12563);
#12565=POLY_LOOP('',(#782,#270,#783));
#12566=FACE_OUTER_BOUND('',#12565,.T.);
#12567=FACE_SURFACE('',(#12566),#12564,.T.);
#12568=CARTESIAN_POINT('',(21.35765076,13.57699585,0.));
#12569=DIRECTION('',(0.83147092,0.55556828,0.));
#12570=DIRECTION('',(0.,0.,1.));
#12571=AXIS2_PLACEMENT_3D('',#12568,#12569,#12570);
#12572=PLANE('',#12571);
#12573=POLY_LOOP('',(#267,#781,#269));
#12574=FACE_OUTER_BOUND('',#12573,.T.);
#12575=FACE_SURFACE('',(#12574),#12572,.T.);
#12576=CARTESIAN_POINT('',(21.47029114,13.40841675,3.79999995));
#12577=DIRECTION('',(0.83147092,0.55556828,0.));
#12578=DIRECTION('',(0.,0.,-1.));
#12579=AXIS2_PLACEMENT_3D('',#12576,#12577,#12578);
#12580=PLANE('',#12579);
#12581=POLY_LOOP('',(#783,#269,#781));
#12582=FACE_OUTER_BOUND('',#12581,.T.);
#12583=FACE_SURFACE('',(#12582),#12580,.T.);
#12584=CARTESIAN_POINT('',(21.26797485,13.75883484,0.));
#12585=DIRECTION('',(0.89686719,0.44229995,0.));
#12586=DIRECTION('',(0.,0.,1.));
#12587=AXIS2_PLACEMENT_3D('',#12584,#12585,#12586);
#12588=PLANE('',#12587);
#12589=POLY_LOOP('',(#108,#620,#267));
#12590=FACE_OUTER_BOUND('',#12589,.T.);
#12591=FACE_SURFACE('',(#12590),#12588,.T.);
#12592=CARTESIAN_POINT('',(21.35765076,13.57699585,3.79999995));
#12593=DIRECTION('',(0.89686719,0.44229995,0.));
#12594=DIRECTION('',(0.,0.,-1.));
#12595=AXIS2_PLACEMENT_3D('',#12592,#12593,#12594);
#12596=PLANE('',#12595);
#12597=POLY_LOOP('',(#781,#267,#620));
#12598=FACE_OUTER_BOUND('',#12597,.T.);
#12599=FACE_SURFACE('',(#12598),#12596,.T.);
#12600=CARTESIAN_POINT('',(21.20280457,13.95082092,0.));
#12601=DIRECTION('',(0.94693044,0.32143856,0.));
#12602=DIRECTION('',(0.,0.,1.));
#12603=AXIS2_PLACEMENT_3D('',#12600,#12601,#12602);
#12604=PLANE('',#12603);
#12605=POLY_LOOP('',(#271,#785,#108));
#12606=FACE_OUTER_BOUND('',#12605,.T.);
#12607=FACE_SURFACE('',(#12606),#12604,.T.);
#12608=CARTESIAN_POINT('',(21.26797485,13.75883484,3.79999995));
#12609=DIRECTION('',(0.94693044,0.32143856,0.));
#12610=DIRECTION('',(0.,0.,-1.));
#12611=AXIS2_PLACEMENT_3D('',#12608,#12609,#12610);
#12612=PLANE('',#12611);
#12613=POLY_LOOP('',(#620,#108,#785));
#12614=FACE_OUTER_BOUND('',#12613,.T.);
#12615=FACE_SURFACE('',(#12614),#12612,.T.);
#12616=CARTESIAN_POINT('',(21.16325378,14.14967346,0.));
#12617=DIRECTION('',(0.98078853,0.19507396,0.));
#12618=DIRECTION('',(0.,0.,1.));
#12619=AXIS2_PLACEMENT_3D('',#12616,#12617,#12618);
#12620=PLANE('',#12619);
#12621=POLY_LOOP('',(#272,#786,#271));
#12622=FACE_OUTER_BOUND('',#12621,.T.);
#12623=FACE_SURFACE('',(#12622),#12620,.T.);
#12624=CARTESIAN_POINT('',(21.20280457,13.95082092,3.79999995));
#12625=DIRECTION('',(0.98078853,0.19507396,0.));
#12626=DIRECTION('',(0.,0.,-1.));
#12627=AXIS2_PLACEMENT_3D('',#12624,#12625,#12626);
#12628=PLANE('',#12627);
#12629=POLY_LOOP('',(#785,#271,#786));
#12630=FACE_OUTER_BOUND('',#12629,.T.);
#12631=FACE_SURFACE('',(#12630),#12628,.T.);
#12632=CARTESIAN_POINT('',(21.1499939,14.35198975,0.));
#12633=DIRECTION('',(0.99785912,0.06540007,0.));
#12634=DIRECTION('',(0.,0.,1.));
#12635=AXIS2_PLACEMENT_3D('',#12632,#12633,#12634);
#12636=PLANE('',#12635);
#12637=POLY_LOOP('',(#276,#790,#272));
#12638=FACE_OUTER_BOUND('',#12637,.T.);
#12639=FACE_SURFACE('',(#12638),#12636,.T.);
#12640=CARTESIAN_POINT('',(21.16325378,14.14967346,3.79999995));
#12641=DIRECTION('',(0.99785912,0.06540007,0.));
#12642=DIRECTION('',(0.,0.,-1.));
#12643=AXIS2_PLACEMENT_3D('',#12640,#12641,#12642);
#12644=PLANE('',#12643);
#12645=POLY_LOOP('',(#786,#272,#790));
#12646=FACE_OUTER_BOUND('',#12645,.T.);
#12647=FACE_SURFACE('',(#12646),#12644,.T.);
#12648=CARTESIAN_POINT('',(21.16325378,14.55430603,0.));
#12649=DIRECTION('',(0.99785912,-0.06540007,0.));
#12650=DIRECTION('',(0.,0.,1.));
#12651=AXIS2_PLACEMENT_3D('',#12648,#12649,#12650);
#12652=PLANE('',#12651);
#12653=POLY_LOOP('',(#280,#793,#276));
#12654=FACE_OUTER_BOUND('',#12653,.T.);
#12655=FACE_SURFACE('',(#12654),#12652,.T.);
#12656=CARTESIAN_POINT('',(21.1499939,14.35198975,3.79999995));
#12657=DIRECTION('',(0.99785912,-0.06540007,0.));
#12658=DIRECTION('',(0.,0.,-1.));
#12659=AXIS2_PLACEMENT_3D('',#12656,#12657,#12658);
#12660=PLANE('',#12659);
#12661=POLY_LOOP('',(#790,#276,#793));
#12662=FACE_OUTER_BOUND('',#12661,.T.);
#12663=FACE_SURFACE('',(#12662),#12660,.T.);
#12664=CARTESIAN_POINT('',(21.20280457,14.75315857,0.));
#12665=DIRECTION('',(0.98078853,-0.19507396,0.));
#12666=DIRECTION('',(0.,0.,1.));
#12667=AXIS2_PLACEMENT_3D('',#12664,#12665,#12666);
#12668=PLANE('',#12667);
#12669=POLY_LOOP('',(#281,#795,#280));
#12670=FACE_OUTER_BOUND('',#12669,.T.);
#12671=FACE_SURFACE('',(#12670),#12668,.T.);
#12672=CARTESIAN_POINT('',(21.16325378,14.55430603,3.79999995));
#12673=DIRECTION('',(0.98078853,-0.19507396,0.));
#12674=DIRECTION('',(0.,0.,-1.));
#12675=AXIS2_PLACEMENT_3D('',#12672,#12673,#12674);
#12676=PLANE('',#12675);
#12677=POLY_LOOP('',(#793,#280,#795));
#12678=FACE_OUTER_BOUND('',#12677,.T.);
#12679=FACE_SURFACE('',(#12678),#12676,.T.);
#12680=CARTESIAN_POINT('',(21.26797485,14.94514465,0.));
#12681=DIRECTION('',(0.94693044,-0.32143856,0.));
#12682=DIRECTION('',(0.,0.,1.));
#12683=AXIS2_PLACEMENT_3D('',#12680,#12681,#12682);
#12684=PLANE('',#12683);
#12685=POLY_LOOP('',(#283,#797,#281));
#12686=FACE_OUTER_BOUND('',#12685,.T.);
#12687=FACE_SURFACE('',(#12686),#12684,.T.);
#12688=CARTESIAN_POINT('',(21.20280457,14.75315857,3.79999995));
#12689=DIRECTION('',(0.94693044,-0.32143856,0.));
#12690=DIRECTION('',(0.,0.,-1.));
#12691=AXIS2_PLACEMENT_3D('',#12688,#12689,#12690);
#12692=PLANE('',#12691);
#12693=POLY_LOOP('',(#795,#281,#797));
#12694=FACE_OUTER_BOUND('',#12693,.T.);
#12695=FACE_SURFACE('',(#12694),#12692,.T.);
#12696=CARTESIAN_POINT('',(21.35765076,15.1269989,0.));
#12697=DIRECTION('',(0.89688191,-0.4422701,0.));
#12698=DIRECTION('',(0.,0.,1.));
#12699=AXIS2_PLACEMENT_3D('',#12696,#12697,#12698);
#12700=PLANE('',#12699);
#12701=POLY_LOOP('',(#284,#798,#283));
#12702=FACE_OUTER_BOUND('',#12701,.T.);
#12703=FACE_SURFACE('',(#12702),#12700,.T.);
#12704=CARTESIAN_POINT('',(21.26797485,14.94514465,3.79999995));
#12705=DIRECTION('',(0.89688191,-0.4422701,0.));
#12706=DIRECTION('',(0.,0.,-1.));
#12707=AXIS2_PLACEMENT_3D('',#12704,#12705,#12706);
#12708=PLANE('',#12707);
#12709=POLY_LOOP('',(#797,#283,#798));
#12710=FACE_OUTER_BOUND('',#12709,.T.);
#12711=FACE_SURFACE('',(#12710),#12708,.T.);
#12712=CARTESIAN_POINT('',(21.47029114,15.295578,0.));
#12713=DIRECTION('',(0.83147092,-0.55556828,0.));
#12714=DIRECTION('',(0.,0.,1.));
#12715=AXIS2_PLACEMENT_3D('',#12712,#12713,#12714);
#12716=PLANE('',#12715);
#12717=POLY_LOOP('',(#285,#799,#284));
#12718=FACE_OUTER_BOUND('',#12717,.T.);
#12719=FACE_SURFACE('',(#12718),#12716,.T.);
#12720=CARTESIAN_POINT('',(21.35765076,15.1269989,3.79999995));
#12721=DIRECTION('',(0.83147092,-0.55556828,0.));
#12722=DIRECTION('',(0.,0.,-1.));
#12723=AXIS2_PLACEMENT_3D('',#12720,#12721,#12722);
#12724=PLANE('',#12723);
#12725=POLY_LOOP('',(#798,#284,#799));
#12726=FACE_OUTER_BOUND('',#12725,.T.);
#12727=FACE_SURFACE('',(#12726),#12724,.T.);
#12728=CARTESIAN_POINT('',(21.60397339,15.44801331,0.));
#12729=DIRECTION('',(0.75183962,-0.65934603,0.));
#12730=DIRECTION('',(0.,0.,1.));
#12731=AXIS2_PLACEMENT_3D('',#12728,#12729,#12730);
#12732=PLANE('',#12731);
#12733=POLY_LOOP('',(#286,#800,#285));
#12734=FACE_OUTER_BOUND('',#12733,.T.);
#12735=FACE_SURFACE('',(#12734),#12732,.T.);
#12736=CARTESIAN_POINT('',(21.47029114,15.295578,3.79999995));
#12737=DIRECTION('',(0.75183962,-0.65934603,0.));
#12738=DIRECTION('',(0.,0.,-1.));
#12739=AXIS2_PLACEMENT_3D('',#12736,#12737,#12738);
#12740=PLANE('',#12739);
#12741=POLY_LOOP('',(#799,#285,#800));
#12742=FACE_OUTER_BOUND('',#12741,.T.);
#12743=FACE_SURFACE('',(#12742),#12740,.T.);
#12744=CARTESIAN_POINT('',(21.75640869,15.58169556,0.));
#12745=DIRECTION('',(0.65934603,-0.75183962,0.));
#12746=DIRECTION('',(0.,0.,1.));
#12747=AXIS2_PLACEMENT_3D('',#12744,#12745,#12746);
#12748=PLANE('',#12747);
#12749=POLY_LOOP('',(#287,#801,#286));
#12750=FACE_OUTER_BOUND('',#12749,.T.);
#12751=FACE_SURFACE('',(#12750),#12748,.T.);
#12752=CARTESIAN_POINT('',(21.60397339,15.44801331,3.79999995));
#12753=DIRECTION('',(0.65934603,-0.75183962,0.));
#12754=DIRECTION('',(0.,0.,-1.));
#12755=AXIS2_PLACEMENT_3D('',#12752,#12753,#12754);
#12756=PLANE('',#12755);
#12757=POLY_LOOP('',(#800,#286,#801));
#12758=FACE_OUTER_BOUND('',#12757,.T.);
#12759=FACE_SURFACE('',(#12758),#12756,.T.);
#12760=CARTESIAN_POINT('',(21.92498779,15.69433594,0.));
#12761=DIRECTION('',(0.55556828,-0.83147092,0.));
#12762=DIRECTION('',(0.,0.,1.));
#12763=AXIS2_PLACEMENT_3D('',#12760,#12761,#12762);
#12764=PLANE('',#12763);
#12765=POLY_LOOP('',(#288,#802,#287));
#12766=FACE_OUTER_BOUND('',#12765,.T.);
#12767=FACE_SURFACE('',(#12766),#12764,.T.);
#12768=CARTESIAN_POINT('',(21.75640869,15.58169556,3.79999995));
#12769=DIRECTION('',(0.55556828,-0.83147092,0.));
#12770=DIRECTION('',(0.,0.,-1.));
#12771=AXIS2_PLACEMENT_3D('',#12768,#12769,#12770);
#12772=PLANE('',#12771);
#12773=POLY_LOOP('',(#801,#287,#802));
#12774=FACE_OUTER_BOUND('',#12773,.T.);
#12775=FACE_SURFACE('',(#12774),#12772,.T.);
#12776=CARTESIAN_POINT('',(22.10682678,15.78401184,0.));
#12777=DIRECTION('',(0.44229995,-0.89686719,0.));
#12778=DIRECTION('',(0.,0.,1.));
#12779=AXIS2_PLACEMENT_3D('',#12776,#12777,#12778);
#12780=PLANE('',#12779);
#12781=POLY_LOOP('',(#289,#803,#288));
#12782=FACE_OUTER_BOUND('',#12781,.T.);
#12783=FACE_SURFACE('',(#12782),#12780,.T.);
#12784=CARTESIAN_POINT('',(21.92498779,15.69433594,3.79999995));
#12785=DIRECTION('',(0.44229995,-0.89686719,0.));
#12786=DIRECTION('',(0.,0.,-1.));
#12787=AXIS2_PLACEMENT_3D('',#12784,#12785,#12786);
#12788=PLANE('',#12787);
#12789=POLY_LOOP('',(#802,#288,#803));
#12790=FACE_OUTER_BOUND('',#12789,.T.);
#12791=FACE_SURFACE('',(#12790),#12788,.T.);
#12792=CARTESIAN_POINT('',(22.29882812,15.84918213,0.));
#12793=DIRECTION('',(0.32141565,-0.94693821,0.));
#12794=DIRECTION('',(0.,0.,1.));
#12795=AXIS2_PLACEMENT_3D('',#12792,#12793,#12794);
#12796=PLANE('',#12795);
#12797=POLY_LOOP('',(#290,#804,#289));
#12798=FACE_OUTER_BOUND('',#12797,.T.);
#12799=FACE_SURFACE('',(#12798),#12796,.T.);
#12800=CARTESIAN_POINT('',(22.10682678,15.78401184,3.79999995));
#12801=DIRECTION('',(0.32141565,-0.94693821,0.));
#12802=DIRECTION('',(0.,0.,-1.));
#12803=AXIS2_PLACEMENT_3D('',#12800,#12801,#12802);
#12804=PLANE('',#12803);
#12805=POLY_LOOP('',(#803,#289,#804));
#12806=FACE_OUTER_BOUND('',#12805,.T.);
#12807=FACE_SURFACE('',(#12806),#12804,.T.);
#12808=CARTESIAN_POINT('',(22.49768066,15.88873291,0.));
#12809=DIRECTION('',(0.19507396,-0.98078853,0.));
#12810=DIRECTION('',(0.,0.,1.));
#12811=AXIS2_PLACEMENT_3D('',#12808,#12809,#12810);
#12812=PLANE('',#12811);
#12813=POLY_LOOP('',(#291,#805,#290));
#12814=FACE_OUTER_BOUND('',#12813,.T.);
#12815=FACE_SURFACE('',(#12814),#12812,.T.);
#12816=CARTESIAN_POINT('',(22.29882812,15.84918213,3.79999995));
#12817=DIRECTION('',(0.19507396,-0.98078853,0.));
#12818=DIRECTION('',(0.,0.,-1.));
#12819=AXIS2_PLACEMENT_3D('',#12816,#12817,#12818);
#12820=PLANE('',#12819);
#12821=POLY_LOOP('',(#804,#290,#805));
#12822=FACE_OUTER_BOUND('',#12821,.T.);
#12823=FACE_SURFACE('',(#12822),#12820,.T.);
#12824=CARTESIAN_POINT('',(22.69999695,15.9019928,0.));
#12825=DIRECTION('',(0.06540007,-0.99785912,0.));
#12826=DIRECTION('',(0.,0.,1.));
#12827=AXIS2_PLACEMENT_3D('',#12824,#12825,#12826);
#12828=PLANE('',#12827);
#12829=POLY_LOOP('',(#117,#631,#291));
#12830=FACE_OUTER_BOUND('',#12829,.T.);
#12831=FACE_SURFACE('',(#12830),#12828,.T.);
#12832=CARTESIAN_POINT('',(22.49768066,15.88873291,3.79999995));
#12833=DIRECTION('',(0.06540007,-0.99785912,0.));
#12834=DIRECTION('',(0.,0.,-1.));
#12835=AXIS2_PLACEMENT_3D('',#12832,#12833,#12834);
#12836=PLANE('',#12835);
#12837=POLY_LOOP('',(#805,#291,#631));
#12838=FACE_OUTER_BOUND('',#12837,.T.);
#12839=FACE_SURFACE('',(#12838),#12836,.T.);
#12840=CARTESIAN_POINT('',(22.90231323,15.88873291,0.));
#12841=DIRECTION('',(-0.06540007,-0.99785912,0.));
#12842=DIRECTION('',(0.,0.,1.));
#12843=AXIS2_PLACEMENT_3D('',#12840,#12841,#12842);
#12844=PLANE('',#12843);
#12845=POLY_LOOP('',(#110,#624,#117));
#12846=FACE_OUTER_BOUND('',#12845,.T.);
#12847=FACE_SURFACE('',(#12846),#12844,.T.);
#12848=CARTESIAN_POINT('',(22.69999695,15.9019928,3.79999995));
#12849=DIRECTION('',(-0.06540007,-0.99785912,0.));
#12850=DIRECTION('',(0.,0.,-1.));
#12851=AXIS2_PLACEMENT_3D('',#12848,#12849,#12850);
#12852=PLANE('',#12851);
#12853=POLY_LOOP('',(#631,#117,#624));
#12854=FACE_OUTER_BOUND('',#12853,.T.);
#12855=FACE_SURFACE('',(#12854),#12852,.T.);
#12856=CARTESIAN_POINT('',(23.10116577,15.84918213,0.));
#12857=DIRECTION('',(-0.19507396,-0.98078853,0.));
#12858=DIRECTION('',(0.,0.,1.));
#12859=AXIS2_PLACEMENT_3D('',#12856,#12857,#12858);
#12860=PLANE('',#12859);
#12861=POLY_LOOP('',(#109,#625,#110));
#12862=FACE_OUTER_BOUND('',#12861,.T.);
#12863=FACE_SURFACE('',(#12862),#12860,.T.);
#12864=CARTESIAN_POINT('',(22.90231323,15.88873291,3.79999995));
#12865=DIRECTION('',(-0.19507396,-0.98078853,0.));
#12866=DIRECTION('',(0.,0.,-1.));
#12867=AXIS2_PLACEMENT_3D('',#12864,#12865,#12866);
#12868=PLANE('',#12867);
#12869=POLY_LOOP('',(#624,#110,#625));
#12870=FACE_OUTER_BOUND('',#12869,.T.);
#12871=FACE_SURFACE('',(#12870),#12868,.T.);
#12872=CARTESIAN_POINT('',(23.29315186,15.78401184,0.));
#12873=DIRECTION('',(-0.32143856,-0.94693044,0.));
#12874=DIRECTION('',(0.,0.,1.));
#12875=AXIS2_PLACEMENT_3D('',#12872,#12873,#12874);
#12876=PLANE('',#12875);
#12877=POLY_LOOP('',(#161,#675,#109));
#12878=FACE_OUTER_BOUND('',#12877,.T.);
#12879=FACE_SURFACE('',(#12878),#12876,.T.);
#12880=CARTESIAN_POINT('',(23.10116577,15.84918213,3.79999995));
#12881=DIRECTION('',(-0.32143856,-0.94693044,0.));
#12882=DIRECTION('',(0.,0.,-1.));
#12883=AXIS2_PLACEMENT_3D('',#12880,#12881,#12882);
#12884=PLANE('',#12883);
#12885=POLY_LOOP('',(#625,#109,#675));
#12886=FACE_OUTER_BOUND('',#12885,.T.);
#12887=FACE_SURFACE('',(#12886),#12884,.T.);
#12888=CARTESIAN_POINT('',(23.47499084,15.69433594,0.));
#12889=DIRECTION('',(-0.44229995,-0.89686719,0.));
#12890=DIRECTION('',(0.,0.,1.));
#12891=AXIS2_PLACEMENT_3D('',#12888,#12889,#12890);
#12892=PLANE('',#12891);
#12893=POLY_LOOP('',(#112,#627,#161));
#12894=FACE_OUTER_BOUND('',#12893,.T.);
#12895=FACE_SURFACE('',(#12894),#12892,.T.);
#12896=CARTESIAN_POINT('',(23.29315186,15.78401184,3.79999995));
#12897=DIRECTION('',(-0.44229995,-0.89686719,0.));
#12898=DIRECTION('',(0.,0.,-1.));
#12899=AXIS2_PLACEMENT_3D('',#12896,#12897,#12898);
#12900=PLANE('',#12899);
#12901=POLY_LOOP('',(#675,#161,#627));
#12902=FACE_OUTER_BOUND('',#12901,.T.);
#12903=FACE_SURFACE('',(#12902),#12900,.T.);
#12904=CARTESIAN_POINT('',(23.64356995,15.58169556,0.));
#12905=DIRECTION('',(-0.55556828,-0.83147092,0.));
#12906=DIRECTION('',(0.,0.,1.));
#12907=AXIS2_PLACEMENT_3D('',#12904,#12905,#12906);
#12908=PLANE('',#12907);
#12909=POLY_LOOP('',(#113,#626,#112));
#12910=FACE_OUTER_BOUND('',#12909,.T.);
#12911=FACE_SURFACE('',(#12910),#12908,.T.);
#12912=CARTESIAN_POINT('',(23.47499084,15.69433594,3.79999995));
#12913=DIRECTION('',(-0.55556828,-0.83147092,0.));
#12914=DIRECTION('',(0.,0.,-1.));
#12915=AXIS2_PLACEMENT_3D('',#12912,#12913,#12914);
#12916=PLANE('',#12915);
#12917=POLY_LOOP('',(#627,#112,#626));
#12918=FACE_OUTER_BOUND('',#12917,.T.);
#12919=FACE_SURFACE('',(#12918),#12916,.T.);
#12920=CARTESIAN_POINT('',(23.79600525,15.44801331,0.));
#12921=DIRECTION('',(-0.65934603,-0.75183962,0.));
#12922=DIRECTION('',(0.,0.,1.));
#12923=AXIS2_PLACEMENT_3D('',#12920,#12921,#12922);
#12924=PLANE('',#12923);
#12925=POLY_LOOP('',(#292,#806,#113));
#12926=FACE_OUTER_BOUND('',#12925,.T.);
#12927=FACE_SURFACE('',(#12926),#12924,.T.);
#12928=CARTESIAN_POINT('',(23.64356995,15.58169556,3.79999995));
#12929=DIRECTION('',(-0.65934603,-0.75183962,0.));
#12930=DIRECTION('',(0.,0.,-1.));
#12931=AXIS2_PLACEMENT_3D('',#12928,#12929,#12930);
#12932=PLANE('',#12931);
#12933=POLY_LOOP('',(#626,#113,#806));
#12934=FACE_OUTER_BOUND('',#12933,.T.);
#12935=FACE_SURFACE('',(#12934),#12932,.T.);
#12936=CARTESIAN_POINT('',(23.9296875,15.295578,0.));
#12937=DIRECTION('',(-0.75183962,-0.65934603,0.));
#12938=DIRECTION('',(0.,0.,1.));
#12939=AXIS2_PLACEMENT_3D('',#12936,#12937,#12938);
#12940=PLANE('',#12939);
#12941=POLY_LOOP('',(#293,#807,#292));
#12942=FACE_OUTER_BOUND('',#12941,.T.);
#12943=FACE_SURFACE('',(#12942),#12940,.T.);
#12944=CARTESIAN_POINT('',(23.79600525,15.44801331,3.79999995));
#12945=DIRECTION('',(-0.75183962,-0.65934603,0.));
#12946=DIRECTION('',(0.,0.,-1.));
#12947=AXIS2_PLACEMENT_3D('',#12944,#12945,#12946);
#12948=PLANE('',#12947);
#12949=POLY_LOOP('',(#806,#292,#807));
#12950=FACE_OUTER_BOUND('',#12949,.T.);
#12951=FACE_SURFACE('',(#12950),#12948,.T.);
#12952=CARTESIAN_POINT('',(24.04232788,15.1269989,0.));
#12953=DIRECTION('',(-0.83147092,-0.55556828,0.));
#12954=DIRECTION('',(0.,0.,1.));
#12955=AXIS2_PLACEMENT_3D('',#12952,#12953,#12954);
#12956=PLANE('',#12955);
#12957=POLY_LOOP('',(#294,#808,#293));
#12958=FACE_OUTER_BOUND('',#12957,.T.);
#12959=FACE_SURFACE('',(#12958),#12956,.T.);
#12960=CARTESIAN_POINT('',(23.9296875,15.295578,3.79999995));
#12961=DIRECTION('',(-0.83147092,-0.55556828,0.));
#12962=DIRECTION('',(0.,0.,-1.));
#12963=AXIS2_PLACEMENT_3D('',#12960,#12961,#12962);
#12964=PLANE('',#12963);
#12965=POLY_LOOP('',(#807,#293,#808));
#12966=FACE_OUTER_BOUND('',#12965,.T.);
#12967=FACE_SURFACE('',(#12966),#12964,.T.);
#12968=CARTESIAN_POINT('',(24.13200378,14.94514465,0.));
#12969=DIRECTION('',(-0.89688191,-0.4422701,0.));
#12970=DIRECTION('',(0.,0.,1.));
#12971=AXIS2_PLACEMENT_3D('',#12968,#12969,#12970);
#12972=PLANE('',#12971);
#12973=POLY_LOOP('',(#158,#674,#294));
#12974=FACE_OUTER_BOUND('',#12973,.T.);
#12975=FACE_SURFACE('',(#12974),#12972,.T.);
#12976=CARTESIAN_POINT('',(24.04232788,15.1269989,3.79999995));
#12977=DIRECTION('',(-0.89688191,-0.4422701,0.));
#12978=DIRECTION('',(0.,0.,-1.));
#12979=AXIS2_PLACEMENT_3D('',#12976,#12977,#12978);
#12980=PLANE('',#12979);
#12981=POLY_LOOP('',(#808,#294,#674));
#12982=FACE_OUTER_BOUND('',#12981,.T.);
#12983=FACE_SURFACE('',(#12982),#12980,.T.);
#12984=CARTESIAN_POINT('',(24.19717407,14.75315857,0.));
#12985=DIRECTION('',(-0.94693044,-0.32143856,0.));
#12986=DIRECTION('',(0.,0.,1.));
#12987=AXIS2_PLACEMENT_3D('',#12984,#12985,#12986);
#12988=PLANE('',#12987);
#12989=POLY_LOOP('',(#116,#628,#158));
#12990=FACE_OUTER_BOUND('',#12989,.T.);
#12991=FACE_SURFACE('',(#12990),#12988,.T.);
#12992=CARTESIAN_POINT('',(24.13200378,14.94514465,3.79999995));
#12993=DIRECTION('',(-0.94693044,-0.32143856,0.));
#12994=DIRECTION('',(0.,0.,-1.));
#12995=AXIS2_PLACEMENT_3D('',#12992,#12993,#12994);
#12996=PLANE('',#12995);
#12997=POLY_LOOP('',(#674,#158,#628));
#12998=FACE_OUTER_BOUND('',#12997,.T.);
#12999=FACE_SURFACE('',(#12998),#12996,.T.);
#13000=CARTESIAN_POINT('',(24.23672485,14.55430603,0.));
#13001=DIRECTION('',(-0.98078853,-0.19507396,0.));
#13002=DIRECTION('',(0.,0.,1.));
#13003=AXIS2_PLACEMENT_3D('',#13000,#13001,#13002);
#13004=PLANE('',#13003);
#13005=POLY_LOOP('',(#115,#629,#116));
#13006=FACE_OUTER_BOUND('',#13005,.T.);
#13007=FACE_SURFACE('',(#13006),#13004,.T.);
#13008=CARTESIAN_POINT('',(24.19717407,14.75315857,3.79999995));
#13009=DIRECTION('',(-0.98078853,-0.19507396,0.));
#13010=DIRECTION('',(0.,0.,-1.));
#13011=AXIS2_PLACEMENT_3D('',#13008,#13009,#13010);
#13012=PLANE('',#13011);
#13013=POLY_LOOP('',(#628,#116,#629));
#13014=FACE_OUTER_BOUND('',#13013,.T.);
#13015=FACE_SURFACE('',(#13014),#13012,.T.);
#13016=CARTESIAN_POINT('',(24.25,14.35198975,0.));
#13017=DIRECTION('',(-0.99785421,-0.06547501,0.));
#13018=DIRECTION('',(0.,0.,1.));
#13019=AXIS2_PLACEMENT_3D('',#13016,#13017,#13018);
#13020=PLANE('',#13019);
#13021=POLY_LOOP('',(#157,#669,#115));
#13022=FACE_OUTER_BOUND('',#13021,.T.);
#13023=FACE_SURFACE('',(#13022),#13020,.T.);
#13024=CARTESIAN_POINT('',(24.23672485,14.55430603,3.79999995));
#13025=DIRECTION('',(-0.99785421,-0.06547501,0.));
#13026=DIRECTION('',(0.,0.,-1.));
#13027=AXIS2_PLACEMENT_3D('',#13024,#13025,#13026);
#13028=PLANE('',#13027);
#13029=POLY_LOOP('',(#629,#115,#669));
#13030=FACE_OUTER_BOUND('',#13029,.T.);
#13031=FACE_SURFACE('',(#13030),#13028,.T.);
#13032=CARTESIAN_POINT('',(24.23672485,14.14967346,0.));
#13033=DIRECTION('',(-0.99785421,0.06547501,0.));
#13034=DIRECTION('',(0.,0.,1.));
#13035=AXIS2_PLACEMENT_3D('',#13032,#13033,#13034);
#13036=PLANE('',#13035);
#13037=POLY_LOOP('',(#156,#670,#157));
#13038=FACE_OUTER_BOUND('',#13037,.T.);
#13039=FACE_SURFACE('',(#13038),#13036,.T.);
#13040=CARTESIAN_POINT('',(24.25,14.35198975,3.79999995));
#13041=DIRECTION('',(-0.99785421,0.06547501,0.));
#13042=DIRECTION('',(0.,0.,-1.));
#13043=AXIS2_PLACEMENT_3D('',#13040,#13041,#13042);
#13044=PLANE('',#13043);
#13045=POLY_LOOP('',(#669,#157,#670));
#13046=FACE_OUTER_BOUND('',#13045,.T.);
#13047=FACE_SURFACE('',(#13046),#13044,.T.);
#13048=CARTESIAN_POINT('',(24.19717407,13.95082092,0.));
#13049=DIRECTION('',(-0.98078853,0.19507396,0.));
#13050=DIRECTION('',(0.,0.,1.));
#13051=AXIS2_PLACEMENT_3D('',#13048,#13049,#13050);
#13052=PLANE('',#13051);
#13053=POLY_LOOP('',(#169,#685,#156));
#13054=FACE_OUTER_BOUND('',#13053,.T.);
#13055=FACE_SURFACE('',(#13054),#13052,.T.);
#13056=CARTESIAN_POINT('',(24.23672485,14.14967346,3.79999995));
#13057=DIRECTION('',(-0.98078853,0.19507396,0.));
#13058=DIRECTION('',(0.,0.,-1.));
#13059=AXIS2_PLACEMENT_3D('',#13056,#13057,#13058);
#13060=PLANE('',#13059);
#13061=POLY_LOOP('',(#670,#156,#685));
#13062=FACE_OUTER_BOUND('',#13061,.T.);
#13063=FACE_SURFACE('',(#13062),#13060,.T.);
#13064=CARTESIAN_POINT('',(24.13200378,13.75883484,0.));
#13065=DIRECTION('',(-0.94693044,0.32143856,0.));
#13066=DIRECTION('',(0.,0.,1.));
#13067=AXIS2_PLACEMENT_3D('',#13064,#13065,#13066);
#13068=PLANE('',#13067);
#13069=POLY_LOOP('',(#171,#683,#169));
#13070=FACE_OUTER_BOUND('',#13069,.T.);
#13071=FACE_SURFACE('',(#13070),#13068,.T.);
#13072=CARTESIAN_POINT('',(24.19717407,13.95082092,3.79999995));
#13073=DIRECTION('',(-0.94693044,0.32143856,0.));
#13074=DIRECTION('',(0.,0.,-1.));
#13075=AXIS2_PLACEMENT_3D('',#13072,#13073,#13074);
#13076=PLANE('',#13075);
#13077=POLY_LOOP('',(#685,#169,#683));
#13078=FACE_OUTER_BOUND('',#13077,.T.);
#13079=FACE_SURFACE('',(#13078),#13076,.T.);
#13080=CARTESIAN_POINT('',(24.04232788,13.57699585,0.));
#13081=DIRECTION('',(-0.89686719,0.44229995,0.));
#13082=DIRECTION('',(0.,0.,1.));
#13083=AXIS2_PLACEMENT_3D('',#13080,#13081,#13082);
#13084=PLANE('',#13083);
#13085=POLY_LOOP('',(#139,#653,#171));
#13086=FACE_OUTER_BOUND('',#13085,.T.);
#13087=FACE_SURFACE('',(#13086),#13084,.T.);
#13088=CARTESIAN_POINT('',(24.13200378,13.75883484,3.79999995));
#13089=DIRECTION('',(-0.89686719,0.44229995,0.));
#13090=DIRECTION('',(0.,0.,-1.));
#13091=AXIS2_PLACEMENT_3D('',#13088,#13089,#13090);
#13092=PLANE('',#13091);
#13093=POLY_LOOP('',(#683,#171,#653));
#13094=FACE_OUTER_BOUND('',#13093,.T.);
#13095=FACE_SURFACE('',(#13094),#13092,.T.);
#13096=CARTESIAN_POINT('',(23.9296875,13.40841675,0.));
#13097=DIRECTION('',(-0.83147092,0.55556828,0.));
#13098=DIRECTION('',(0.,0.,1.));
#13099=AXIS2_PLACEMENT_3D('',#13096,#13097,#13098);
#13100=PLANE('',#13099);
#13101=POLY_LOOP('',(#398,#910,#139));
#13102=FACE_OUTER_BOUND('',#13101,.T.);
#13103=FACE_SURFACE('',(#13102),#13100,.T.);
#13104=CARTESIAN_POINT('',(24.04232788,13.57699585,3.79999995));
#13105=DIRECTION('',(-0.83147092,0.55556828,0.));
#13106=DIRECTION('',(0.,0.,-1.));
#13107=AXIS2_PLACEMENT_3D('',#13104,#13105,#13106);
#13108=PLANE('',#13107);
#13109=POLY_LOOP('',(#653,#139,#910));
#13110=FACE_OUTER_BOUND('',#13109,.T.);
#13111=FACE_SURFACE('',(#13110),#13108,.T.);
#13112=CARTESIAN_POINT('',(23.79600525,13.25598145,0.));
#13113=DIRECTION('',(-0.75183962,0.65934603,0.));
#13114=DIRECTION('',(0.,0.,1.));
#13115=AXIS2_PLACEMENT_3D('',#13112,#13113,#13114);
#13116=PLANE('',#13115);
#13117=POLY_LOOP('',(#397,#911,#398));
#13118=FACE_OUTER_BOUND('',#13117,.T.);
#13119=FACE_SURFACE('',(#13118),#13116,.T.);
#13120=CARTESIAN_POINT('',(23.9296875,13.40841675,3.79999995));
#13121=DIRECTION('',(-0.75183962,0.65934603,0.));
#13122=DIRECTION('',(0.,0.,-1.));
#13123=AXIS2_PLACEMENT_3D('',#13120,#13121,#13122);
#13124=PLANE('',#13123);
#13125=POLY_LOOP('',(#910,#398,#911));
#13126=FACE_OUTER_BOUND('',#13125,.T.);
#13127=FACE_SURFACE('',(#13126),#13124,.T.);
#13128=CARTESIAN_POINT('',(23.64356995,13.12229919,0.));
#13129=DIRECTION('',(-0.65934603,0.75183962,0.));
#13130=DIRECTION('',(0.,0.,1.));
#13131=AXIS2_PLACEMENT_3D('',#13128,#13129,#13130);
#13132=PLANE('',#13131);
#13133=POLY_LOOP('',(#153,#668,#397));
#13134=FACE_OUTER_BOUND('',#13133,.T.);
#13135=FACE_SURFACE('',(#13134),#13132,.T.);
#13136=CARTESIAN_POINT('',(23.79600525,13.25598145,3.79999995));
#13137=DIRECTION('',(-0.65934603,0.75183962,0.));
#13138=DIRECTION('',(0.,0.,-1.));
#13139=AXIS2_PLACEMENT_3D('',#13136,#13137,#13138);
#13140=PLANE('',#13139);
#13141=POLY_LOOP('',(#911,#397,#668));
#13142=FACE_OUTER_BOUND('',#13141,.T.);
#13143=FACE_SURFACE('',(#13142),#13140,.T.);
#13144=CARTESIAN_POINT('',(23.47499084,13.00965881,0.));
#13145=DIRECTION('',(-0.55556828,0.83147092,0.));
#13146=DIRECTION('',(0.,0.,1.));
#13147=AXIS2_PLACEMENT_3D('',#13144,#13145,#13146);
#13148=PLANE('',#13147);
#13149=POLY_LOOP('',(#120,#636,#153));
#13150=FACE_OUTER_BOUND('',#13149,.T.);
#13151=FACE_SURFACE('',(#13150),#13148,.T.);
#13152=CARTESIAN_POINT('',(23.64356995,13.12229919,3.79999995));
#13153=DIRECTION('',(-0.55556828,0.83147092,0.));
#13154=DIRECTION('',(0.,0.,-1.));
#13155=AXIS2_PLACEMENT_3D('',#13152,#13153,#13154);
#13156=PLANE('',#13155);
#13157=POLY_LOOP('',(#668,#153,#636));
#13158=FACE_OUTER_BOUND('',#13157,.T.);
#13159=FACE_SURFACE('',(#13158),#13156,.T.);
#13160=CARTESIAN_POINT('',(23.29315186,12.91998291,0.));
#13161=DIRECTION('',(-0.44229995,0.89686719,0.));
#13162=DIRECTION('',(0.,0.,1.));
#13163=AXIS2_PLACEMENT_3D('',#13160,#13161,#13162);
#13164=PLANE('',#13163);
#13165=POLY_LOOP('',(#122,#634,#120));
#13166=FACE_OUTER_BOUND('',#13165,.T.);
#13167=FACE_SURFACE('',(#13166),#13164,.T.);
#13168=CARTESIAN_POINT('',(23.47499084,13.00965881,3.79999995));
#13169=DIRECTION('',(-0.44229995,0.89686719,0.));
#13170=DIRECTION('',(0.,0.,-1.));
#13171=AXIS2_PLACEMENT_3D('',#13168,#13169,#13170);
#13172=PLANE('',#13171);
#13173=POLY_LOOP('',(#636,#120,#634));
#13174=FACE_OUTER_BOUND('',#13173,.T.);
#13175=FACE_SURFACE('',(#13174),#13172,.T.);
#13176=CARTESIAN_POINT('',(23.10116577,12.85481262,0.));
#13177=DIRECTION('',(-0.32143856,0.94693044,0.));
#13178=DIRECTION('',(0.,0.,1.));
#13179=AXIS2_PLACEMENT_3D('',#13176,#13177,#13178);
#13180=PLANE('',#13179);
#13181=POLY_LOOP('',(#296,#809,#122));
#13182=FACE_OUTER_BOUND('',#13181,.T.);
#13183=FACE_SURFACE('',(#13182),#13180,.T.);
#13184=CARTESIAN_POINT('',(23.29315186,12.91998291,3.79999995));
#13185=DIRECTION('',(-0.32143856,0.94693044,0.));
#13186=DIRECTION('',(0.,0.,-1.));
#13187=AXIS2_PLACEMENT_3D('',#13184,#13185,#13186);
#13188=PLANE('',#13187);
#13189=POLY_LOOP('',(#634,#122,#809));
#13190=FACE_OUTER_BOUND('',#13189,.T.);
#13191=FACE_SURFACE('',(#13190),#13188,.T.);
#13192=CARTESIAN_POINT('',(22.90231323,12.81524658,0.));
#13193=DIRECTION('',(-0.19514636,0.98077413,0.));
#13194=DIRECTION('',(0.,0.,1.));
#13195=AXIS2_PLACEMENT_3D('',#13192,#13193,#13194);
#13196=PLANE('',#13195);
#13197=POLY_LOOP('',(#300,#814,#296));
#13198=FACE_OUTER_BOUND('',#13197,.T.);
#13199=FACE_SURFACE('',(#13198),#13196,.T.);
#13200=CARTESIAN_POINT('',(23.10116577,12.85481262,3.79999995));
#13201=DIRECTION('',(-0.19514636,0.98077413,0.));
#13202=DIRECTION('',(0.,0.,-1.));
#13203=AXIS2_PLACEMENT_3D('',#13200,#13201,#13202);
#13204=PLANE('',#13203);
#13205=POLY_LOOP('',(#809,#296,#814));
#13206=FACE_OUTER_BOUND('',#13205,.T.);
#13207=FACE_SURFACE('',(#13206),#13204,.T.);
#13208=CARTESIAN_POINT('',(22.69999695,12.80198669,0.));
#13209=DIRECTION('',(-0.06540007,0.99785912,0.));
#13210=DIRECTION('',(0.,0.,1.));
#13211=AXIS2_PLACEMENT_3D('',#13208,#13209,#13210);
#13212=PLANE('',#13211);
#13213=POLY_LOOP('',(#301,#815,#300));
#13214=FACE_OUTER_BOUND('',#13213,.T.);
#13215=FACE_SURFACE('',(#13214),#13212,.T.);
#13216=CARTESIAN_POINT('',(22.90231323,12.81524658,3.79999995));
#13217=DIRECTION('',(-0.06540007,0.99785912,0.));
#13218=DIRECTION('',(0.,0.,-1.));
#13219=AXIS2_PLACEMENT_3D('',#13216,#13217,#13218);
#13220=PLANE('',#13219);
#13221=POLY_LOOP('',(#814,#300,#815));
#13222=FACE_OUTER_BOUND('',#13221,.T.);
#13223=FACE_SURFACE('',(#13222),#13220,.T.);
#13224=CARTESIAN_POINT('',(22.49768066,12.81524658,0.));
#13225=DIRECTION('',(0.06540007,0.99785912,0.));
#13226=DIRECTION('',(0.,0.,1.));
#13227=AXIS2_PLACEMENT_3D('',#13224,#13225,#13226);
#13228=PLANE('',#13227);
#13229=POLY_LOOP('',(#143,#655,#301));
#13230=FACE_OUTER_BOUND('',#13229,.T.);
#13231=FACE_SURFACE('',(#13230),#13228,.T.);
#13232=CARTESIAN_POINT('',(22.69999695,12.80198669,3.79999995));
#13233=DIRECTION('',(0.06540007,0.99785912,0.));
#13234=DIRECTION('',(0.,0.,-1.));
#13235=AXIS2_PLACEMENT_3D('',#13232,#13233,#13234);
#13236=PLANE('',#13235);
#13237=POLY_LOOP('',(#815,#301,#655));
#13238=FACE_OUTER_BOUND('',#13237,.T.);
#13239=FACE_SURFACE('',(#13238),#13236,.T.);
#13240=CARTESIAN_POINT('',(140.45881653,12.85481262,0.));
#13241=DIRECTION('',(0.19513195,0.980777,0.));
#13242=DIRECTION('',(0.,0.,1.));
#13243=AXIS2_PLACEMENT_3D('',#13240,#13241,#13242);
#13244=PLANE('',#13243);
#13245=POLY_LOOP('',(#366,#880,#365));
#13246=FACE_OUTER_BOUND('',#13245,.T.);
#13247=FACE_SURFACE('',(#13246),#13244,.T.);
#13248=CARTESIAN_POINT('',(140.65768433,12.81524658,3.79999995));
#13249=DIRECTION('',(0.19513195,0.980777,0.));
#13250=DIRECTION('',(0.,0.,-1.));
#13251=AXIS2_PLACEMENT_3D('',#13248,#13249,#13250);
#13252=PLANE('',#13251);
#13253=POLY_LOOP('',(#878,#365,#880));
#13254=FACE_OUTER_BOUND('',#13253,.T.);
#13255=FACE_SURFACE('',(#13254),#13252,.T.);
#13256=CARTESIAN_POINT('',(140.26683044,12.91998291,0.));
#13257=DIRECTION('',(0.32143856,0.94693044,0.));
#13258=DIRECTION('',(0.,0.,1.));
#13259=AXIS2_PLACEMENT_3D('',#13256,#13257,#13258);
#13260=PLANE('',#13259);
#13261=POLY_LOOP('',(#522,#1036,#366));
#13262=FACE_OUTER_BOUND('',#13261,.T.);
#13263=FACE_SURFACE('',(#13262),#13260,.T.);
#13264=CARTESIAN_POINT('',(140.45881653,12.85481262,3.79999995));
#13265=DIRECTION('',(0.32143856,0.94693044,0.));
#13266=DIRECTION('',(0.,0.,-1.));
#13267=AXIS2_PLACEMENT_3D('',#13264,#13265,#13266);
#13268=PLANE('',#13267);
#13269=POLY_LOOP('',(#880,#366,#1036));
#13270=FACE_OUTER_BOUND('',#13269,.T.);
#13271=FACE_SURFACE('',(#13270),#13268,.T.);
#13272=CARTESIAN_POINT('',(140.08499146,13.00965881,0.));
#13273=DIRECTION('',(0.44229995,0.89686719,0.));
#13274=DIRECTION('',(0.,0.,1.));
#13275=AXIS2_PLACEMENT_3D('',#13272,#13273,#13274);
#13276=PLANE('',#13275);
#13277=POLY_LOOP('',(#368,#882,#522));
#13278=FACE_OUTER_BOUND('',#13277,.T.);
#13279=FACE_SURFACE('',(#13278),#13276,.T.);
#13280=CARTESIAN_POINT('',(140.26683044,12.91998291,3.79999995));
#13281=DIRECTION('',(0.44229995,0.89686719,0.));
#13282=DIRECTION('',(0.,0.,-1.));
#13283=AXIS2_PLACEMENT_3D('',#13280,#13281,#13282);
#13284=PLANE('',#13283);
#13285=POLY_LOOP('',(#1036,#522,#882));
#13286=FACE_OUTER_BOUND('',#13285,.T.);
#13287=FACE_SURFACE('',(#13286),#13284,.T.);
#13288=CARTESIAN_POINT('',(139.91641235,13.12229919,0.));
#13289=DIRECTION('',(0.55556828,0.83147092,0.));
#13290=DIRECTION('',(0.,0.,1.));
#13291=AXIS2_PLACEMENT_3D('',#13288,#13289,#13290);
#13292=PLANE('',#13291);
#13293=POLY_LOOP('',(#523,#1037,#368));
#13294=FACE_OUTER_BOUND('',#13293,.T.);
#13295=FACE_SURFACE('',(#13294),#13292,.T.);
#13296=CARTESIAN_POINT('',(140.08499146,13.00965881,3.79999995));
#13297=DIRECTION('',(0.55556828,0.83147092,0.));
#13298=DIRECTION('',(0.,0.,-1.));
#13299=AXIS2_PLACEMENT_3D('',#13296,#13297,#13298);
#13300=PLANE('',#13299);
#13301=POLY_LOOP('',(#882,#368,#1037));
#13302=FACE_OUTER_BOUND('',#13301,.T.);
#13303=FACE_SURFACE('',(#13302),#13300,.T.);
#13304=CARTESIAN_POINT('',(139.76397705,13.25598145,0.));
#13305=DIRECTION('',(0.65934603,0.75183962,0.));
#13306=DIRECTION('',(0.,0.,1.));
#13307=AXIS2_PLACEMENT_3D('',#13304,#13305,#13306);
#13308=PLANE('',#13307);
#13309=POLY_LOOP('',(#252,#767,#523));
#13310=FACE_OUTER_BOUND('',#13309,.T.);
#13311=FACE_SURFACE('',(#13310),#13308,.T.);
#13312=CARTESIAN_POINT('',(139.91641235,13.12229919,3.79999995));
#13313=DIRECTION('',(0.65934603,0.75183962,0.));
#13314=DIRECTION('',(0.,0.,-1.));
#13315=AXIS2_PLACEMENT_3D('',#13312,#13313,#13314);
#13316=PLANE('',#13315);
#13317=POLY_LOOP('',(#1037,#523,#767));
#13318=FACE_OUTER_BOUND('',#13317,.T.);
#13319=FACE_SURFACE('',(#13318),#13316,.T.);
#13320=CARTESIAN_POINT('',(139.6302948,13.40841675,0.));
#13321=DIRECTION('',(0.75183962,0.65934603,0.));
#13322=DIRECTION('',(0.,0.,1.));
#13323=AXIS2_PLACEMENT_3D('',#13320,#13321,#13322);
#13324=PLANE('',#13323);
#13325=POLY_LOOP('',(#229,#743,#252));
#13326=FACE_OUTER_BOUND('',#13325,.T.);
#13327=FACE_SURFACE('',(#13326),#13324,.T.);
#13328=CARTESIAN_POINT('',(139.76397705,13.25598145,3.79999995));
#13329=DIRECTION('',(0.75183962,0.65934603,0.));
#13330=DIRECTION('',(0.,0.,-1.));
#13331=AXIS2_PLACEMENT_3D('',#13328,#13329,#13330);
#13332=PLANE('',#13331);
#13333=POLY_LOOP('',(#767,#252,#743));
#13334=FACE_OUTER_BOUND('',#13333,.T.);
#13335=FACE_SURFACE('',(#13334),#13332,.T.);
#13336=CARTESIAN_POINT('',(139.51765442,13.57699585,0.));
#13337=DIRECTION('',(0.83147092,0.55556828,0.));
#13338=DIRECTION('',(0.,0.,1.));
#13339=AXIS2_PLACEMENT_3D('',#13336,#13337,#13338);
#13340=PLANE('',#13339);
#13341=POLY_LOOP('',(#228,#744,#229));
#13342=FACE_OUTER_BOUND('',#13341,.T.);
#13343=FACE_SURFACE('',(#13342),#13340,.T.);
#13344=CARTESIAN_POINT('',(139.6302948,13.40841675,3.79999995));
#13345=DIRECTION('',(0.83147092,0.55556828,0.));
#13346=DIRECTION('',(0.,0.,-1.));
#13347=AXIS2_PLACEMENT_3D('',#13344,#13345,#13346);
#13348=PLANE('',#13347);
#13349=POLY_LOOP('',(#743,#229,#744));
#13350=FACE_OUTER_BOUND('',#13349,.T.);
#13351=FACE_SURFACE('',(#13350),#13348,.T.);
#13352=CARTESIAN_POINT('',(139.42797852,13.75883484,0.));
#13353=DIRECTION('',(0.89686719,0.44229995,0.));
#13354=DIRECTION('',(0.,0.,1.));
#13355=AXIS2_PLACEMENT_3D('',#13352,#13353,#13354);
#13356=PLANE('',#13355);
#13357=POLY_LOOP('',(#311,#825,#228));
#13358=FACE_OUTER_BOUND('',#13357,.T.);
#13359=FACE_SURFACE('',(#13358),#13356,.T.);
#13360=CARTESIAN_POINT('',(139.51765442,13.57699585,3.79999995));
#13361=DIRECTION('',(0.89686719,0.44229995,0.));
#13362=DIRECTION('',(0.,0.,-1.));
#13363=AXIS2_PLACEMENT_3D('',#13360,#13361,#13362);
#13364=PLANE('',#13363);
#13365=POLY_LOOP('',(#744,#228,#825));
#13366=FACE_OUTER_BOUND('',#13365,.T.);
#13367=FACE_SURFACE('',(#13366),#13364,.T.);
#13368=CARTESIAN_POINT('',(139.36280823,13.95082092,0.));
#13369=DIRECTION('',(0.94693044,0.32143856,0.));
#13370=DIRECTION('',(0.,0.,1.));
#13371=AXIS2_PLACEMENT_3D('',#13368,#13369,#13370);
#13372=PLANE('',#13371);
#13373=POLY_LOOP('',(#313,#827,#311));
#13374=FACE_OUTER_BOUND('',#13373,.T.);
#13375=FACE_SURFACE('',(#13374),#13372,.T.);
#13376=CARTESIAN_POINT('',(139.42797852,13.75883484,3.79999995));
#13377=DIRECTION('',(0.94693044,0.32143856,0.));
#13378=DIRECTION('',(0.,0.,-1.));
#13379=AXIS2_PLACEMENT_3D('',#13376,#13377,#13378);
#13380=PLANE('',#13379);
#13381=POLY_LOOP('',(#825,#311,#827));
#13382=FACE_OUTER_BOUND('',#13381,.T.);
#13383=FACE_SURFACE('',(#13382),#13380,.T.);
#13384=CARTESIAN_POINT('',(139.32325745,14.14967346,0.));
#13385=DIRECTION('',(0.98078853,0.19507396,0.));
#13386=DIRECTION('',(0.,0.,1.));
#13387=AXIS2_PLACEMENT_3D('',#13384,#13385,#13386);
#13388=PLANE('',#13387);
#13389=POLY_LOOP('',(#314,#828,#313));
#13390=FACE_OUTER_BOUND('',#13389,.T.);
#13391=FACE_SURFACE('',(#13390),#13388,.T.);
#13392=CARTESIAN_POINT('',(139.36280823,13.95082092,3.79999995));
#13393=DIRECTION('',(0.98078853,0.19507396,0.));
#13394=DIRECTION('',(0.,0.,-1.));
#13395=AXIS2_PLACEMENT_3D('',#13392,#13393,#13394);
#13396=PLANE('',#13395);
#13397=POLY_LOOP('',(#827,#313,#828));
#13398=FACE_OUTER_BOUND('',#13397,.T.);
#13399=FACE_SURFACE('',(#13398),#13396,.T.);
#13400=CARTESIAN_POINT('',(139.30999756,14.35198975,0.));
#13401=DIRECTION('',(0.99785912,0.06540007,0.));
#13402=DIRECTION('',(0.,0.,1.));
#13403=AXIS2_PLACEMENT_3D('',#13400,#13401,#13402);
#13404=PLANE('',#13403);
#13405=POLY_LOOP('',(#315,#829,#314));
#13406=FACE_OUTER_BOUND('',#13405,.T.);
#13407=FACE_SURFACE('',(#13406),#13404,.T.);
#13408=CARTESIAN_POINT('',(139.32325745,14.14967346,3.79999995));
#13409=DIRECTION('',(0.99785912,0.06540007,0.));
#13410=DIRECTION('',(0.,0.,-1.));
#13411=AXIS2_PLACEMENT_3D('',#13408,#13409,#13410);
#13412=PLANE('',#13411);
#13413=POLY_LOOP('',(#828,#314,#829));
#13414=FACE_OUTER_BOUND('',#13413,.T.);
#13415=FACE_SURFACE('',(#13414),#13412,.T.);
#13416=CARTESIAN_POINT('',(139.32325745,14.55430603,0.));
#13417=DIRECTION('',(0.99785912,-0.06540007,0.));
#13418=DIRECTION('',(0.,0.,1.));
#13419=AXIS2_PLACEMENT_3D('',#13416,#13417,#13418);
#13420=PLANE('',#13419);
#13421=POLY_LOOP('',(#317,#831,#315));
#13422=FACE_OUTER_BOUND('',#13421,.T.);
#13423=FACE_SURFACE('',(#13422),#13420,.T.);
#13424=CARTESIAN_POINT('',(139.30999756,14.35198975,3.79999995));
#13425=DIRECTION('',(0.99785912,-0.06540007,0.));
#13426=DIRECTION('',(0.,0.,-1.));
#13427=AXIS2_PLACEMENT_3D('',#13424,#13425,#13426);
#13428=PLANE('',#13427);
#13429=POLY_LOOP('',(#829,#315,#831));
#13430=FACE_OUTER_BOUND('',#13429,.T.);
#13431=FACE_SURFACE('',(#13430),#13428,.T.);
#13432=CARTESIAN_POINT('',(139.36280823,14.75315857,0.));
#13433=DIRECTION('',(0.98078853,-0.19507396,0.));
#13434=DIRECTION('',(0.,0.,1.));
#13435=AXIS2_PLACEMENT_3D('',#13432,#13433,#13434);
#13436=PLANE('',#13435);
#13437=POLY_LOOP('',(#318,#832,#317));
#13438=FACE_OUTER_BOUND('',#13437,.T.);
#13439=FACE_SURFACE('',(#13438),#13436,.T.);
#13440=CARTESIAN_POINT('',(139.32325745,14.55430603,3.79999995));
#13441=DIRECTION('',(0.98078853,-0.19507396,0.));
#13442=DIRECTION('',(0.,0.,-1.));
#13443=AXIS2_PLACEMENT_3D('',#13440,#13441,#13442);
#13444=PLANE('',#13443);
#13445=POLY_LOOP('',(#831,#317,#832));
#13446=FACE_OUTER_BOUND('',#13445,.T.);
#13447=FACE_SURFACE('',(#13446),#13444,.T.);
#13448=CARTESIAN_POINT('',(139.42797852,14.94514465,0.));
#13449=DIRECTION('',(0.94693044,-0.32143856,0.));
#13450=DIRECTION('',(0.,0.,1.));
#13451=AXIS2_PLACEMENT_3D('',#13448,#13449,#13450);
#13452=PLANE('',#13451);
#13453=POLY_LOOP('',(#319,#833,#318));
#13454=FACE_OUTER_BOUND('',#13453,.T.);
#13455=FACE_SURFACE('',(#13454),#13452,.T.);
#13456=CARTESIAN_POINT('',(139.36280823,14.75315857,3.79999995));
#13457=DIRECTION('',(0.94693044,-0.32143856,0.));
#13458=DIRECTION('',(0.,0.,-1.));
#13459=AXIS2_PLACEMENT_3D('',#13456,#13457,#13458);
#13460=PLANE('',#13459);
#13461=POLY_LOOP('',(#832,#318,#833));
#13462=FACE_OUTER_BOUND('',#13461,.T.);
#13463=FACE_SURFACE('',(#13462),#13460,.T.);
#13464=CARTESIAN_POINT('',(139.51765442,15.1269989,0.));
#13465=DIRECTION('',(0.89688191,-0.4422701,0.));
#13466=DIRECTION('',(0.,0.,1.));
#13467=AXIS2_PLACEMENT_3D('',#13464,#13465,#13466);
#13468=PLANE('',#13467);
#13469=POLY_LOOP('',(#321,#835,#319));
#13470=FACE_OUTER_BOUND('',#13469,.T.);
#13471=FACE_SURFACE('',(#13470),#13468,.T.);
#13472=CARTESIAN_POINT('',(139.42797852,14.94514465,3.79999995));
#13473=DIRECTION('',(0.89688191,-0.4422701,0.));
#13474=DIRECTION('',(0.,0.,-1.));
#13475=AXIS2_PLACEMENT_3D('',#13472,#13473,#13474);
#13476=PLANE('',#13475);
#13477=POLY_LOOP('',(#833,#319,#835));
#13478=FACE_OUTER_BOUND('',#13477,.T.);
#13479=FACE_SURFACE('',(#13478),#13476,.T.);
#13480=CARTESIAN_POINT('',(139.6302948,15.295578,0.));
#13481=DIRECTION('',(0.83147092,-0.55556828,0.));
#13482=DIRECTION('',(0.,0.,1.));
#13483=AXIS2_PLACEMENT_3D('',#13480,#13481,#13482);
#13484=PLANE('',#13483);
#13485=POLY_LOOP('',(#323,#837,#321));
#13486=FACE_OUTER_BOUND('',#13485,.T.);
#13487=FACE_SURFACE('',(#13486),#13484,.T.);
#13488=CARTESIAN_POINT('',(139.51765442,15.1269989,3.79999995));
#13489=DIRECTION('',(0.83147092,-0.55556828,0.));
#13490=DIRECTION('',(0.,0.,-1.));
#13491=AXIS2_PLACEMENT_3D('',#13488,#13489,#13490);
#13492=PLANE('',#13491);
#13493=POLY_LOOP('',(#835,#321,#837));
#13494=FACE_OUTER_BOUND('',#13493,.T.);
#13495=FACE_SURFACE('',(#13494),#13492,.T.);
#13496=CARTESIAN_POINT('',(139.76397705,15.44801331,0.));
#13497=DIRECTION('',(0.75183962,-0.65934603,0.));
#13498=DIRECTION('',(0.,0.,1.));
#13499=AXIS2_PLACEMENT_3D('',#13496,#13497,#13498);
#13500=PLANE('',#13499);
#13501=POLY_LOOP('',(#325,#839,#323));
#13502=FACE_OUTER_BOUND('',#13501,.T.);
#13503=FACE_SURFACE('',(#13502),#13500,.T.);
#13504=CARTESIAN_POINT('',(139.6302948,15.295578,3.79999995));
#13505=DIRECTION('',(0.75183962,-0.65934603,0.));
#13506=DIRECTION('',(0.,0.,-1.));
#13507=AXIS2_PLACEMENT_3D('',#13504,#13505,#13506);
#13508=PLANE('',#13507);
#13509=POLY_LOOP('',(#837,#323,#839));
#13510=FACE_OUTER_BOUND('',#13509,.T.);
#13511=FACE_SURFACE('',(#13510),#13508,.T.);
#13512=CARTESIAN_POINT('',(139.91641235,15.58169556,0.));
#13513=DIRECTION('',(0.65934603,-0.75183962,0.));
#13514=DIRECTION('',(0.,0.,1.));
#13515=AXIS2_PLACEMENT_3D('',#13512,#13513,#13514);
#13516=PLANE('',#13515);
#13517=POLY_LOOP('',(#326,#840,#325));
#13518=FACE_OUTER_BOUND('',#13517,.T.);
#13519=FACE_SURFACE('',(#13518),#13516,.T.);
#13520=CARTESIAN_POINT('',(139.76397705,15.44801331,3.79999995));
#13521=DIRECTION('',(0.65934603,-0.75183962,0.));
#13522=DIRECTION('',(0.,0.,-1.));
#13523=AXIS2_PLACEMENT_3D('',#13520,#13521,#13522);
#13524=PLANE('',#13523);
#13525=POLY_LOOP('',(#839,#325,#840));
#13526=FACE_OUTER_BOUND('',#13525,.T.);
#13527=FACE_SURFACE('',(#13526),#13524,.T.);
#13528=CARTESIAN_POINT('',(140.08499146,15.69433594,0.));
#13529=DIRECTION('',(0.55556828,-0.83147092,0.));
#13530=DIRECTION('',(0.,0.,1.));
#13531=AXIS2_PLACEMENT_3D('',#13528,#13529,#13530);
#13532=PLANE('',#13531);
#13533=POLY_LOOP('',(#327,#841,#326));
#13534=FACE_OUTER_BOUND('',#13533,.T.);
#13535=FACE_SURFACE('',(#13534),#13532,.T.);
#13536=CARTESIAN_POINT('',(139.91641235,15.58169556,3.79999995));
#13537=DIRECTION('',(0.55556828,-0.83147092,0.));
#13538=DIRECTION('',(0.,0.,-1.));
#13539=AXIS2_PLACEMENT_3D('',#13536,#13537,#13538);
#13540=PLANE('',#13539);
#13541=POLY_LOOP('',(#840,#326,#841));
#13542=FACE_OUTER_BOUND('',#13541,.T.);
#13543=FACE_SURFACE('',(#13542),#13540,.T.);
#13544=CARTESIAN_POINT('',(140.26683044,15.78401184,0.));
#13545=DIRECTION('',(0.44229995,-0.89686719,0.));
#13546=DIRECTION('',(0.,0.,1.));
#13547=AXIS2_PLACEMENT_3D('',#13544,#13545,#13546);
#13548=PLANE('',#13547);
#13549=POLY_LOOP('',(#328,#842,#327));
#13550=FACE_OUTER_BOUND('',#13549,.T.);
#13551=FACE_SURFACE('',(#13550),#13548,.T.);
#13552=CARTESIAN_POINT('',(140.08499146,15.69433594,3.79999995));
#13553=DIRECTION('',(0.44229995,-0.89686719,0.));
#13554=DIRECTION('',(0.,0.,-1.));
#13555=AXIS2_PLACEMENT_3D('',#13552,#13553,#13554);
#13556=PLANE('',#13555);
#13557=POLY_LOOP('',(#841,#327,#842));
#13558=FACE_OUTER_BOUND('',#13557,.T.);
#13559=FACE_SURFACE('',(#13558),#13556,.T.);
#13560=CARTESIAN_POINT('',(140.45881653,15.84918213,0.));
#13561=DIRECTION('',(0.32143856,-0.94693044,0.));
#13562=DIRECTION('',(0.,0.,1.));
#13563=AXIS2_PLACEMENT_3D('',#13560,#13561,#13562);
#13564=PLANE('',#13563);
#13565=POLY_LOOP('',(#329,#843,#328));
#13566=FACE_OUTER_BOUND('',#13565,.T.);
#13567=FACE_SURFACE('',(#13566),#13564,.T.);
#13568=CARTESIAN_POINT('',(140.26683044,15.78401184,3.79999995));
#13569=DIRECTION('',(0.32143856,-0.94693044,0.));
#13570=DIRECTION('',(0.,0.,-1.));
#13571=AXIS2_PLACEMENT_3D('',#13568,#13569,#13570);
#13572=PLANE('',#13571);
#13573=POLY_LOOP('',(#842,#328,#843));
#13574=FACE_OUTER_BOUND('',#13573,.T.);
#13575=FACE_SURFACE('',(#13574),#13572,.T.);
#13576=CARTESIAN_POINT('',(140.65768433,15.88873291,0.));
#13577=DIRECTION('',(0.19505956,-0.9807914,0.));
#13578=DIRECTION('',(0.,0.,1.));
#13579=AXIS2_PLACEMENT_3D('',#13576,#13577,#13578);
#13580=PLANE('',#13579);
#13581=POLY_LOOP('',(#330,#844,#329));
#13582=FACE_OUTER_BOUND('',#13581,.T.);
#13583=FACE_SURFACE('',(#13582),#13580,.T.);
#13584=CARTESIAN_POINT('',(140.45881653,15.84918213,3.79999995));
#13585=DIRECTION('',(0.19505956,-0.9807914,0.));
#13586=DIRECTION('',(0.,0.,-1.));
#13587=AXIS2_PLACEMENT_3D('',#13584,#13585,#13586);
#13588=PLANE('',#13587);
#13589=POLY_LOOP('',(#843,#329,#844));
#13590=FACE_OUTER_BOUND('',#13589,.T.);
#13591=FACE_SURFACE('',(#13590),#13588,.T.);
#13592=CARTESIAN_POINT('',(140.85998535,15.9019928,0.));
#13593=DIRECTION('',(0.06540499,-0.9978588,0.));
#13594=DIRECTION('',(0.,0.,1.));
#13595=AXIS2_PLACEMENT_3D('',#13592,#13593,#13594);
#13596=PLANE('',#13595);
#13597=POLY_LOOP('',(#331,#845,#330));
#13598=FACE_OUTER_BOUND('',#13597,.T.);
#13599=FACE_SURFACE('',(#13598),#13596,.T.);
#13600=CARTESIAN_POINT('',(140.65768433,15.88873291,3.79999995));
#13601=DIRECTION('',(0.06540499,-0.9978588,0.));
#13602=DIRECTION('',(0.,0.,-1.));
#13603=AXIS2_PLACEMENT_3D('',#13600,#13601,#13602);
#13604=PLANE('',#13603);
#13605=POLY_LOOP('',(#844,#330,#845));
#13606=FACE_OUTER_BOUND('',#13605,.T.);
#13607=FACE_SURFACE('',(#13606),#13604,.T.);
#13608=CARTESIAN_POINT('',(141.06230164,15.88873291,0.));
#13609=DIRECTION('',(-0.06540007,-0.99785912,0.));
#13610=DIRECTION('',(0.,0.,1.));
#13611=AXIS2_PLACEMENT_3D('',#13608,#13609,#13610);
#13612=PLANE('',#13611);
#13613=POLY_LOOP('',(#332,#846,#331));
#13614=FACE_OUTER_BOUND('',#13613,.T.);
#13615=FACE_SURFACE('',(#13614),#13612,.T.);
#13616=CARTESIAN_POINT('',(140.85998535,15.9019928,3.79999995));
#13617=DIRECTION('',(-0.06540007,-0.99785912,0.));
#13618=DIRECTION('',(0.,0.,-1.));
#13619=AXIS2_PLACEMENT_3D('',#13616,#13617,#13618);
#13620=PLANE('',#13619);
#13621=POLY_LOOP('',(#845,#331,#846));
#13622=FACE_OUTER_BOUND('',#13621,.T.);
#13623=FACE_SURFACE('',(#13622),#13620,.T.);
#13624=CARTESIAN_POINT('',(141.26116943,15.84918213,0.));
#13625=DIRECTION('',(-0.19505956,-0.9807914,0.));
#13626=DIRECTION('',(0.,0.,1.));
#13627=AXIS2_PLACEMENT_3D('',#13624,#13625,#13626);
#13628=PLANE('',#13627);
#13629=POLY_LOOP('',(#333,#847,#332));
#13630=FACE_OUTER_BOUND('',#13629,.T.);
#13631=FACE_SURFACE('',(#13630),#13628,.T.);
#13632=CARTESIAN_POINT('',(141.06230164,15.88873291,3.79999995));
#13633=DIRECTION('',(-0.19505956,-0.9807914,0.));
#13634=DIRECTION('',(0.,0.,-1.));
#13635=AXIS2_PLACEMENT_3D('',#13632,#13633,#13634);
#13636=PLANE('',#13635);
#13637=POLY_LOOP('',(#846,#332,#847));
#13638=FACE_OUTER_BOUND('',#13637,.T.);
#13639=FACE_SURFACE('',(#13638),#13636,.T.);
#13640=CARTESIAN_POINT('',(141.45315552,15.78401184,0.));
#13641=DIRECTION('',(-0.32143856,-0.94693044,0.));
#13642=DIRECTION('',(0.,0.,1.));
#13643=AXIS2_PLACEMENT_3D('',#13640,#13641,#13642);
#13644=PLANE('',#13643);
#13645=POLY_LOOP('',(#334,#848,#333));
#13646=FACE_OUTER_BOUND('',#13645,.T.);
#13647=FACE_SURFACE('',(#13646),#13644,.T.);
#13648=CARTESIAN_POINT('',(141.26116943,15.84918213,3.79999995));
#13649=DIRECTION('',(-0.32143856,-0.94693044,0.));
#13650=DIRECTION('',(0.,0.,-1.));
#13651=AXIS2_PLACEMENT_3D('',#13648,#13649,#13650);
#13652=PLANE('',#13651);
#13653=POLY_LOOP('',(#847,#333,#848));
#13654=FACE_OUTER_BOUND('',#13653,.T.);
#13655=FACE_SURFACE('',(#13654),#13652,.T.);
#13656=CARTESIAN_POINT('',(141.63499451,15.69433594,0.));
#13657=DIRECTION('',(-0.44229995,-0.89686719,0.));
#13658=DIRECTION('',(0.,0.,1.));
#13659=AXIS2_PLACEMENT_3D('',#13656,#13657,#13658);
#13660=PLANE('',#13659);
#13661=POLY_LOOP('',(#335,#849,#334));
#13662=FACE_OUTER_BOUND('',#13661,.T.);
#13663=FACE_SURFACE('',(#13662),#13660,.T.);
#13664=CARTESIAN_POINT('',(141.45315552,15.78401184,3.79999995));
#13665=DIRECTION('',(-0.44229995,-0.89686719,0.));
#13666=DIRECTION('',(0.,0.,-1.));
#13667=AXIS2_PLACEMENT_3D('',#13664,#13665,#13666);
#13668=PLANE('',#13667);
#13669=POLY_LOOP('',(#848,#334,#849));
#13670=FACE_OUTER_BOUND('',#13669,.T.);
#13671=FACE_SURFACE('',(#13670),#13668,.T.);
#13672=CARTESIAN_POINT('',(141.80357361,15.58169556,0.));
#13673=DIRECTION('',(-0.55556828,-0.83147092,0.));
#13674=DIRECTION('',(0.,0.,1.));
#13675=AXIS2_PLACEMENT_3D('',#13672,#13673,#13674);
#13676=PLANE('',#13675);
#13677=POLY_LOOP('',(#336,#850,#335));
#13678=FACE_OUTER_BOUND('',#13677,.T.);
#13679=FACE_SURFACE('',(#13678),#13676,.T.);
#13680=CARTESIAN_POINT('',(141.63499451,15.69433594,3.79999995));
#13681=DIRECTION('',(-0.55556828,-0.83147092,0.));
#13682=DIRECTION('',(0.,0.,-1.));
#13683=AXIS2_PLACEMENT_3D('',#13680,#13681,#13682);
#13684=PLANE('',#13683);
#13685=POLY_LOOP('',(#849,#335,#850));
#13686=FACE_OUTER_BOUND('',#13685,.T.);
#13687=FACE_SURFACE('',(#13686),#13684,.T.);
#13688=CARTESIAN_POINT('',(141.95600891,15.44801331,0.));
#13689=DIRECTION('',(-0.65934603,-0.75183962,0.));
#13690=DIRECTION('',(0.,0.,1.));
#13691=AXIS2_PLACEMENT_3D('',#13688,#13689,#13690);
#13692=PLANE('',#13691);
#13693=POLY_LOOP('',(#337,#851,#336));
#13694=FACE_OUTER_BOUND('',#13693,.T.);
#13695=FACE_SURFACE('',(#13694),#13692,.T.);
#13696=CARTESIAN_POINT('',(141.80357361,15.58169556,3.79999995));
#13697=DIRECTION('',(-0.65934603,-0.75183962,0.));
#13698=DIRECTION('',(0.,0.,-1.));
#13699=AXIS2_PLACEMENT_3D('',#13696,#13697,#13698);
#13700=PLANE('',#13699);
#13701=POLY_LOOP('',(#850,#336,#851));
#13702=FACE_OUTER_BOUND('',#13701,.T.);
#13703=FACE_SURFACE('',(#13702),#13700,.T.);
#13704=CARTESIAN_POINT('',(142.08969116,15.295578,0.));
#13705=DIRECTION('',(-0.75183962,-0.65934603,0.));
#13706=DIRECTION('',(0.,0.,1.));
#13707=AXIS2_PLACEMENT_3D('',#13704,#13705,#13706);
#13708=PLANE('',#13707);
#13709=POLY_LOOP('',(#338,#854,#337));
#13710=FACE_OUTER_BOUND('',#13709,.T.);
#13711=FACE_SURFACE('',(#13710),#13708,.T.);
#13712=CARTESIAN_POINT('',(141.95600891,15.44801331,3.79999995));
#13713=DIRECTION('',(-0.75183962,-0.65934603,0.));
#13714=DIRECTION('',(0.,0.,-1.));
#13715=AXIS2_PLACEMENT_3D('',#13712,#13713,#13714);
#13716=PLANE('',#13715);
#13717=POLY_LOOP('',(#851,#337,#854));
#13718=FACE_OUTER_BOUND('',#13717,.T.);
#13719=FACE_SURFACE('',(#13718),#13716,.T.);
#13720=CARTESIAN_POINT('',(142.20233154,15.1269989,0.));
#13721=DIRECTION('',(-0.83147092,-0.55556828,0.));
#13722=DIRECTION('',(0.,0.,1.));
#13723=AXIS2_PLACEMENT_3D('',#13720,#13721,#13722);
#13724=PLANE('',#13723);
#13725=POLY_LOOP('',(#340,#852,#338));
#13726=FACE_OUTER_BOUND('',#13725,.T.);
#13727=FACE_SURFACE('',(#13726),#13724,.T.);
#13728=CARTESIAN_POINT('',(142.08969116,15.295578,3.79999995));
#13729=DIRECTION('',(-0.83147092,-0.55556828,0.));
#13730=DIRECTION('',(0.,0.,-1.));
#13731=AXIS2_PLACEMENT_3D('',#13728,#13729,#13730);
#13732=PLANE('',#13731);
#13733=POLY_LOOP('',(#854,#338,#852));
#13734=FACE_OUTER_BOUND('',#13733,.T.);
#13735=FACE_SURFACE('',(#13734),#13732,.T.);
#13736=CARTESIAN_POINT('',(142.29200745,14.94514465,0.));
#13737=DIRECTION('',(-0.89688191,-0.4422701,0.));
#13738=DIRECTION('',(0.,0.,1.));
#13739=AXIS2_PLACEMENT_3D('',#13736,#13737,#13738);
#13740=PLANE('',#13739);
#13741=POLY_LOOP('',(#343,#855,#340));
#13742=FACE_OUTER_BOUND('',#13741,.T.);
#13743=FACE_SURFACE('',(#13742),#13740,.T.);
#13744=CARTESIAN_POINT('',(142.20233154,15.1269989,3.79999995));
#13745=DIRECTION('',(-0.89688191,-0.4422701,0.));
#13746=DIRECTION('',(0.,0.,-1.));
#13747=AXIS2_PLACEMENT_3D('',#13744,#13745,#13746);
#13748=PLANE('',#13747);
#13749=POLY_LOOP('',(#852,#340,#855));
#13750=FACE_OUTER_BOUND('',#13749,.T.);
#13751=FACE_SURFACE('',(#13750),#13748,.T.);
#13752=CARTESIAN_POINT('',(142.35717773,14.75315857,0.));
#13753=DIRECTION('',(-0.94693044,-0.32143856,0.));
#13754=DIRECTION('',(0.,0.,1.));
#13755=AXIS2_PLACEMENT_3D('',#13752,#13753,#13754);
#13756=PLANE('',#13755);
#13757=POLY_LOOP('',(#342,#856,#343));
#13758=FACE_OUTER_BOUND('',#13757,.T.);
#13759=FACE_SURFACE('',(#13758),#13756,.T.);
#13760=CARTESIAN_POINT('',(142.29200745,14.94514465,3.79999995));
#13761=DIRECTION('',(-0.94693044,-0.32143856,0.));
#13762=DIRECTION('',(0.,0.,-1.));
#13763=AXIS2_PLACEMENT_3D('',#13760,#13761,#13762);
#13764=PLANE('',#13763);
#13765=POLY_LOOP('',(#855,#343,#856));
#13766=FACE_OUTER_BOUND('',#13765,.T.);
#13767=FACE_SURFACE('',(#13766),#13764,.T.);
#13768=CARTESIAN_POINT('',(142.39672852,14.55430603,0.));
#13769=DIRECTION('',(-0.98078853,-0.19507396,0.));
#13770=DIRECTION('',(0.,0.,1.));
#13771=AXIS2_PLACEMENT_3D('',#13768,#13769,#13770);
#13772=PLANE('',#13771);
#13773=POLY_LOOP('',(#345,#858,#342));
#13774=FACE_OUTER_BOUND('',#13773,.T.);
#13775=FACE_SURFACE('',(#13774),#13772,.T.);
#13776=CARTESIAN_POINT('',(142.35717773,14.75315857,3.79999995));
#13777=DIRECTION('',(-0.98078853,-0.19507396,0.));
#13778=DIRECTION('',(0.,0.,-1.));
#13779=AXIS2_PLACEMENT_3D('',#13776,#13777,#13778);
#13780=PLANE('',#13779);
#13781=POLY_LOOP('',(#856,#342,#858));
#13782=FACE_OUTER_BOUND('',#13781,.T.);
#13783=FACE_SURFACE('',(#13782),#13780,.T.);
#13784=CARTESIAN_POINT('',(142.4099884,14.35198975,0.));
#13785=DIRECTION('',(-0.99785912,-0.06540007,0.));
#13786=DIRECTION('',(0.,0.,1.));
#13787=AXIS2_PLACEMENT_3D('',#13784,#13785,#13786);
#13788=PLANE('',#13787);
#13789=POLY_LOOP('',(#347,#860,#345));
#13790=FACE_OUTER_BOUND('',#13789,.T.);
#13791=FACE_SURFACE('',(#13790),#13788,.T.);
#13792=CARTESIAN_POINT('',(142.39672852,14.55430603,3.79999995));
#13793=DIRECTION('',(-0.99785912,-0.06540007,0.));
#13794=DIRECTION('',(0.,0.,-1.));
#13795=AXIS2_PLACEMENT_3D('',#13792,#13793,#13794);
#13796=PLANE('',#13795);
#13797=POLY_LOOP('',(#858,#345,#860));
#13798=FACE_OUTER_BOUND('',#13797,.T.);
#13799=FACE_SURFACE('',(#13798),#13796,.T.);
#13800=CARTESIAN_POINT('',(142.39672852,14.14967346,0.));
#13801=DIRECTION('',(-0.99785912,0.06540007,0.));
#13802=DIRECTION('',(0.,0.,1.));
#13803=AXIS2_PLACEMENT_3D('',#13800,#13801,#13802);
#13804=PLANE('',#13803);
#13805=POLY_LOOP('',(#349,#863,#347));
#13806=FACE_OUTER_BOUND('',#13805,.T.);
#13807=FACE_SURFACE('',(#13806),#13804,.T.);
#13808=CARTESIAN_POINT('',(142.4099884,14.35198975,3.79999995));
#13809=DIRECTION('',(-0.99785912,0.06540007,0.));
#13810=DIRECTION('',(0.,0.,-1.));
#13811=AXIS2_PLACEMENT_3D('',#13808,#13809,#13810);
#13812=PLANE('',#13811);
#13813=POLY_LOOP('',(#860,#347,#863));
#13814=FACE_OUTER_BOUND('',#13813,.T.);
#13815=FACE_SURFACE('',(#13814),#13812,.T.);
#13816=CARTESIAN_POINT('',(142.35717773,13.95082092,0.));
#13817=DIRECTION('',(-0.98078853,0.19507396,0.));
#13818=DIRECTION('',(0.,0.,1.));
#13819=AXIS2_PLACEMENT_3D('',#13816,#13817,#13818);
#13820=PLANE('',#13819);
#13821=POLY_LOOP('',(#348,#864,#349));
#13822=FACE_OUTER_BOUND('',#13821,.T.);
#13823=FACE_SURFACE('',(#13822),#13820,.T.);
#13824=CARTESIAN_POINT('',(142.39672852,14.14967346,3.79999995));
#13825=DIRECTION('',(-0.98078853,0.19507396,0.));
#13826=DIRECTION('',(0.,0.,-1.));
#13827=AXIS2_PLACEMENT_3D('',#13824,#13825,#13826);
#13828=PLANE('',#13827);
#13829=POLY_LOOP('',(#863,#349,#864));
#13830=FACE_OUTER_BOUND('',#13829,.T.);
#13831=FACE_SURFACE('',(#13830),#13828,.T.);
#13832=CARTESIAN_POINT('',(142.29200745,13.75883484,0.));
#13833=DIRECTION('',(-0.94693044,0.32143856,0.));
#13834=DIRECTION('',(0.,0.,1.));
#13835=AXIS2_PLACEMENT_3D('',#13832,#13833,#13834);
#13836=PLANE('',#13835);
#13837=POLY_LOOP('',(#351,#866,#348));
#13838=FACE_OUTER_BOUND('',#13837,.T.);
#13839=FACE_SURFACE('',(#13838),#13836,.T.);
#13840=CARTESIAN_POINT('',(142.35717773,13.95082092,3.79999995));
#13841=DIRECTION('',(-0.94693044,0.32143856,0.));
#13842=DIRECTION('',(0.,0.,-1.));
#13843=AXIS2_PLACEMENT_3D('',#13840,#13841,#13842);
#13844=PLANE('',#13843);
#13845=POLY_LOOP('',(#864,#348,#866));
#13846=FACE_OUTER_BOUND('',#13845,.T.);
#13847=FACE_SURFACE('',(#13846),#13844,.T.);
#13848=CARTESIAN_POINT('',(142.20233154,13.57699585,0.));
#13849=DIRECTION('',(-0.89686719,0.44229995,0.));
#13850=DIRECTION('',(0.,0.,1.));
#13851=AXIS2_PLACEMENT_3D('',#13848,#13849,#13850);
#13852=PLANE('',#13851);
#13853=POLY_LOOP('',(#305,#821,#351));
#13854=FACE_OUTER_BOUND('',#13853,.T.);
#13855=FACE_SURFACE('',(#13854),#13852,.T.);
#13856=CARTESIAN_POINT('',(142.29200745,13.75883484,3.79999995));
#13857=DIRECTION('',(-0.89686719,0.44229995,0.));
#13858=DIRECTION('',(0.,0.,-1.));
#13859=AXIS2_PLACEMENT_3D('',#13856,#13857,#13858);
#13860=PLANE('',#13859);
#13861=POLY_LOOP('',(#866,#351,#821));
#13862=FACE_OUTER_BOUND('',#13861,.T.);
#13863=FACE_SURFACE('',(#13862),#13860,.T.);
#13864=CARTESIAN_POINT('',(142.08969116,13.40841675,0.));
#13865=DIRECTION('',(-0.83147092,0.55556828,0.));
#13866=DIRECTION('',(0.,0.,1.));
#13867=AXIS2_PLACEMENT_3D('',#13864,#13865,#13866);
#13868=PLANE('',#13867);
#13869=POLY_LOOP('',(#307,#819,#305));
#13870=FACE_OUTER_BOUND('',#13869,.T.);
#13871=FACE_SURFACE('',(#13870),#13868,.T.);
#13872=CARTESIAN_POINT('',(142.20233154,13.57699585,3.79999995));
#13873=DIRECTION('',(-0.83147092,0.55556828,0.));
#13874=DIRECTION('',(0.,0.,-1.));
#13875=AXIS2_PLACEMENT_3D('',#13872,#13873,#13874);
#13876=PLANE('',#13875);
#13877=POLY_LOOP('',(#821,#305,#819));
#13878=FACE_OUTER_BOUND('',#13877,.T.);
#13879=FACE_SURFACE('',(#13878),#13876,.T.);
#13880=CARTESIAN_POINT('',(141.95600891,13.25598145,0.));
#13881=DIRECTION('',(-0.75183962,0.65934603,0.));
#13882=DIRECTION('',(0.,0.,1.));
#13883=AXIS2_PLACEMENT_3D('',#13880,#13881,#13882);
#13884=PLANE('',#13883);
#13885=POLY_LOOP('',(#354,#868,#307));
#13886=FACE_OUTER_BOUND('',#13885,.T.);
#13887=FACE_SURFACE('',(#13886),#13884,.T.);
#13888=CARTESIAN_POINT('',(142.08969116,13.40841675,3.79999995));
#13889=DIRECTION('',(-0.75183962,0.65934603,0.));
#13890=DIRECTION('',(0.,0.,-1.));
#13891=AXIS2_PLACEMENT_3D('',#13888,#13889,#13890);
#13892=PLANE('',#13891);
#13893=POLY_LOOP('',(#819,#307,#868));
#13894=FACE_OUTER_BOUND('',#13893,.T.);
#13895=FACE_SURFACE('',(#13894),#13892,.T.);
#13896=CARTESIAN_POINT('',(141.80357361,13.12229919,0.));
#13897=DIRECTION('',(-0.65934603,0.75183962,0.));
#13898=DIRECTION('',(0.,0.,1.));
#13899=AXIS2_PLACEMENT_3D('',#13896,#13897,#13898);
#13900=PLANE('',#13899);
#13901=POLY_LOOP('',(#353,#869,#354));
#13902=FACE_OUTER_BOUND('',#13901,.T.);
#13903=FACE_SURFACE('',(#13902),#13900,.T.);
#13904=CARTESIAN_POINT('',(141.95600891,13.25598145,3.79999995));
#13905=DIRECTION('',(-0.65934603,0.75183962,0.));
#13906=DIRECTION('',(0.,0.,-1.));
#13907=AXIS2_PLACEMENT_3D('',#13904,#13905,#13906);
#13908=PLANE('',#13907);
#13909=POLY_LOOP('',(#868,#354,#869));
#13910=FACE_OUTER_BOUND('',#13909,.T.);
#13911=FACE_SURFACE('',(#13910),#13908,.T.);
#13912=CARTESIAN_POINT('',(141.63499451,13.00965881,0.));
#13913=DIRECTION('',(-0.55556828,0.83147092,0.));
#13914=DIRECTION('',(0.,0.,1.));
#13915=AXIS2_PLACEMENT_3D('',#13912,#13913,#13914);
#13916=PLANE('',#13915);
#13917=POLY_LOOP('',(#356,#872,#353));
#13918=FACE_OUTER_BOUND('',#13917,.T.);
#13919=FACE_SURFACE('',(#13918),#13916,.T.);
#13920=CARTESIAN_POINT('',(141.80357361,13.12229919,3.79999995));
#13921=DIRECTION('',(-0.55556828,0.83147092,0.));
#13922=DIRECTION('',(0.,0.,-1.));
#13923=AXIS2_PLACEMENT_3D('',#13920,#13921,#13922);
#13924=PLANE('',#13923);
#13925=POLY_LOOP('',(#869,#353,#872));
#13926=FACE_OUTER_BOUND('',#13925,.T.);
#13927=FACE_SURFACE('',(#13926),#13924,.T.);
#13928=CARTESIAN_POINT('',(141.45315552,12.91998291,0.));
#13929=DIRECTION('',(-0.44229995,0.89686719,0.));
#13930=DIRECTION('',(0.,0.,1.));
#13931=AXIS2_PLACEMENT_3D('',#13928,#13929,#13930);
#13932=PLANE('',#13931);
#13933=POLY_LOOP('',(#358,#870,#356));
#13934=FACE_OUTER_BOUND('',#13933,.T.);
#13935=FACE_SURFACE('',(#13934),#13932,.T.);
#13936=CARTESIAN_POINT('',(141.63499451,13.00965881,3.79999995));
#13937=DIRECTION('',(-0.44229995,0.89686719,0.));
#13938=DIRECTION('',(0.,0.,-1.));
#13939=AXIS2_PLACEMENT_3D('',#13936,#13937,#13938);
#13940=PLANE('',#13939);
#13941=POLY_LOOP('',(#872,#356,#870));
#13942=FACE_OUTER_BOUND('',#13941,.T.);
#13943=FACE_SURFACE('',(#13942),#13940,.T.);
#13944=CARTESIAN_POINT('',(141.26116943,12.85481262,0.));
#13945=DIRECTION('',(-0.32143856,0.94693044,0.));
#13946=DIRECTION('',(0.,0.,1.));
#13947=AXIS2_PLACEMENT_3D('',#13944,#13945,#13946);
#13948=PLANE('',#13947);
#13949=POLY_LOOP('',(#359,#873,#358));
#13950=FACE_OUTER_BOUND('',#13949,.T.);
#13951=FACE_SURFACE('',(#13950),#13948,.T.);
#13952=CARTESIAN_POINT('',(141.45315552,12.91998291,3.79999995));
#13953=DIRECTION('',(-0.32143856,0.94693044,0.));
#13954=DIRECTION('',(0.,0.,-1.));
#13955=AXIS2_PLACEMENT_3D('',#13952,#13953,#13954);
#13956=PLANE('',#13955);
#13957=POLY_LOOP('',(#870,#358,#873));
#13958=FACE_OUTER_BOUND('',#13957,.T.);
#13959=FACE_SURFACE('',(#13958),#13956,.T.);
#13960=CARTESIAN_POINT('',(141.06230164,12.81524658,0.));
#13961=DIRECTION('',(-0.19513195,0.980777,0.));
#13962=DIRECTION('',(0.,0.,1.));
#13963=AXIS2_PLACEMENT_3D('',#13960,#13961,#13962);
#13964=PLANE('',#13963);
#13965=POLY_LOOP('',(#361,#875,#359));
#13966=FACE_OUTER_BOUND('',#13965,.T.);
#13967=FACE_SURFACE('',(#13966),#13964,.T.);
#13968=CARTESIAN_POINT('',(141.26116943,12.85481262,3.79999995));
#13969=DIRECTION('',(-0.19513195,0.980777,0.));
#13970=DIRECTION('',(0.,0.,-1.));
#13971=AXIS2_PLACEMENT_3D('',#13968,#13969,#13970);
#13972=PLANE('',#13971);
#13973=POLY_LOOP('',(#873,#359,#875));
#13974=FACE_OUTER_BOUND('',#13973,.T.);
#13975=FACE_SURFACE('',(#13974),#13972,.T.);
#13976=CARTESIAN_POINT('',(140.85998535,12.80198669,0.));
#13977=DIRECTION('',(-0.06540007,0.99785912,0.));
#13978=DIRECTION('',(0.,0.,1.));
#13979=AXIS2_PLACEMENT_3D('',#13976,#13977,#13978);
#13980=PLANE('',#13979);
#13981=POLY_LOOP('',(#363,#877,#361));
#13982=FACE_OUTER_BOUND('',#13981,.T.);
#13983=FACE_SURFACE('',(#13982),#13980,.T.);
#13984=CARTESIAN_POINT('',(141.06230164,12.81524658,3.79999995));
#13985=DIRECTION('',(-0.06540007,0.99785912,0.));
#13986=DIRECTION('',(0.,0.,-1.));
#13987=AXIS2_PLACEMENT_3D('',#13984,#13985,#13986);
#13988=PLANE('',#13987);
#13989=POLY_LOOP('',(#875,#361,#877));
#13990=FACE_OUTER_BOUND('',#13989,.T.);
#13991=FACE_SURFACE('',(#13990),#13988,.T.);
#13992=CARTESIAN_POINT('',(140.65768433,12.81524658,0.));
#13993=DIRECTION('',(0.06540499,0.9978588,0.));
#13994=DIRECTION('',(0.,0.,1.));
#13995=AXIS2_PLACEMENT_3D('',#13992,#13993,#13994);
#13996=PLANE('',#13995);
#13997=POLY_LOOP('',(#365,#878,#363));
#13998=FACE_OUTER_BOUND('',#13997,.T.);
#13999=FACE_SURFACE('',(#13998),#13996,.T.);
#14000=CARTESIAN_POINT('',(140.85998535,12.80198669,3.79999995));
#14001=DIRECTION('',(0.06540499,0.9978588,0.));
#14002=DIRECTION('',(0.,0.,-1.));
#14003=AXIS2_PLACEMENT_3D('',#14000,#14001,#14002);
#14004=PLANE('',#14003);
#14005=POLY_LOOP('',(#877,#363,#878));
#14006=FACE_OUTER_BOUND('',#14005,.T.);
#14007=FACE_SURFACE('',(#14006),#14004,.T.);
#14008=CARTESIAN_POINT('',(5.54360962,3.57188416,0.));
#14009=DIRECTION('',(0.06539504,0.99785945,0.));
#14010=DIRECTION('',(0.,0.,1.));
#14011=AXIS2_PLACEMENT_3D('',#14008,#14009,#14010);
#14012=PLANE('',#14011);
#14013=POLY_LOOP('',(#374,#888,#370));
#14014=FACE_OUTER_BOUND('',#14013,.T.);
#14015=FACE_SURFACE('',(#14014),#14012,.T.);
#14016=CARTESIAN_POINT('',(6.09658813,3.53564453,3.79999995));
#14017=DIRECTION('',(0.06539504,0.99785945,0.));
#14018=DIRECTION('',(0.,0.,-1.));
#14019=AXIS2_PLACEMENT_3D('',#14016,#14017,#14018);
#14020=PLANE('',#14019);
#14021=POLY_LOOP('',(#885,#370,#888));
#14022=FACE_OUTER_BOUND('',#14021,.T.);
#14023=FACE_SURFACE('',(#14022),#14020,.T.);
#14024=CARTESIAN_POINT('',(5.00007629,3.68000793,0.));
#14025=DIRECTION('',(0.19510469,0.98078242,0.));
#14026=DIRECTION('',(0.,0.,1.));
#14027=AXIS2_PLACEMENT_3D('',#14024,#14025,#14026);
#14028=PLANE('',#14027);
#14029=POLY_LOOP('',(#375,#889,#374));
#14030=FACE_OUTER_BOUND('',#14029,.T.);
#14031=FACE_SURFACE('',(#14030),#14028,.T.);
#14032=CARTESIAN_POINT('',(5.54360962,3.57188416,3.79999995));
#14033=DIRECTION('',(0.19510469,0.98078242,0.));
#14034=DIRECTION('',(0.,0.,-1.));
#14035=AXIS2_PLACEMENT_3D('',#14032,#14033,#14034);
#14036=PLANE('',#14035);
#14037=POLY_LOOP('',(#888,#374,#889));
#14038=FACE_OUTER_BOUND('',#14037,.T.);
#14039=FACE_SURFACE('',(#14038),#14036,.T.);
#14040=CARTESIAN_POINT('',(4.47531128,3.85813904,0.));
#14041=DIRECTION('',(0.32143523,0.94693157,0.));
#14042=DIRECTION('',(0.,0.,1.));
#14043=AXIS2_PLACEMENT_3D('',#14040,#14041,#14042);
#14044=PLANE('',#14043);
#14045=POLY_LOOP('',(#376,#890,#375));
#14046=FACE_OUTER_BOUND('',#14045,.T.);
#14047=FACE_SURFACE('',(#14046),#14044,.T.);
#14048=CARTESIAN_POINT('',(5.00007629,3.68000793,3.79999995));
#14049=DIRECTION('',(0.32143523,0.94693157,0.));
#14050=DIRECTION('',(0.,0.,-1.));
#14051=AXIS2_PLACEMENT_3D('',#14048,#14049,#14050);
#14052=PLANE('',#14051);
#14053=POLY_LOOP('',(#889,#375,#890));
#14054=FACE_OUTER_BOUND('',#14053,.T.);
#14055=FACE_SURFACE('',(#14054),#14052,.T.);
#14056=CARTESIAN_POINT('',(3.97828674,4.10324097,0.));
#14057=DIRECTION('',(0.44228369,0.89687521,0.));
#14058=DIRECTION('',(0.,0.,1.));
#14059=AXIS2_PLACEMENT_3D('',#14056,#14057,#14058);
#14060=PLANE('',#14059);
#14061=POLY_LOOP('',(#377,#891,#376));
#14062=FACE_OUTER_BOUND('',#14061,.T.);
#14063=FACE_SURFACE('',(#14062),#14060,.T.);
#14064=CARTESIAN_POINT('',(4.47531128,3.85813904,3.79999995));
#14065=DIRECTION('',(0.44228369,0.89687521,0.));
#14066=DIRECTION('',(0.,0.,-1.));
#14067=AXIS2_PLACEMENT_3D('',#14064,#14065,#14066);
#14068=PLANE('',#14067);
#14069=POLY_LOOP('',(#890,#376,#891));
#14070=FACE_OUTER_BOUND('',#14069,.T.);
#14071=FACE_SURFACE('',(#14070),#14068,.T.);
#14072=CARTESIAN_POINT('',(3.51751709,4.41111755,0.));
#14073=DIRECTION('',(0.55557042,0.83146949,0.));
#14074=DIRECTION('',(0.,0.,1.));
#14075=AXIS2_PLACEMENT_3D('',#14072,#14073,#14074);
#14076=PLANE('',#14075);
#14077=POLY_LOOP('',(#378,#892,#377));
#14078=FACE_OUTER_BOUND('',#14077,.T.);
#14079=FACE_SURFACE('',(#14078),#14076,.T.);
#14080=CARTESIAN_POINT('',(3.97828674,4.10324097,3.79999995));
#14081=DIRECTION('',(0.55557042,0.83146949,0.));
#14082=DIRECTION('',(0.,0.,-1.));
#14083=AXIS2_PLACEMENT_3D('',#14080,#14081,#14082);
#14084=PLANE('',#14083);
#14085=POLY_LOOP('',(#891,#377,#892));
#14086=FACE_OUTER_BOUND('',#14085,.T.);
#14087=FACE_SURFACE('',(#14086),#14084,.T.);
#14088=CARTESIAN_POINT('',(3.1008606,4.77651978,0.));
#14089=DIRECTION('',(0.65935018,0.75183598,0.));
#14090=DIRECTION('',(0.,0.,1.));
#14091=AXIS2_PLACEMENT_3D('',#14088,#14089,#14090);
#14092=PLANE('',#14091);
#14093=POLY_LOOP('',(#379,#893,#378));
#14094=FACE_OUTER_BOUND('',#14093,.T.);
#14095=FACE_SURFACE('',(#14094),#14092,.T.);
#14096=CARTESIAN_POINT('',(3.51751709,4.41111755,3.79999995));
#14097=DIRECTION('',(0.65935018,0.75183598,0.));
#14098=DIRECTION('',(0.,0.,-1.));
#14099=AXIS2_PLACEMENT_3D('',#14096,#14097,#14098);
#14100=PLANE('',#14099);
#14101=POLY_LOOP('',(#892,#378,#893));
#14102=FACE_OUTER_BOUND('',#14101,.T.);
#14103=FACE_SURFACE('',(#14102),#14100,.T.);
#14104=CARTESIAN_POINT('',(2.73547363,5.19316101,0.));
#14105=DIRECTION('',(0.75183766,0.65934827,0.));
#14106=DIRECTION('',(0.,0.,1.));
#14107=AXIS2_PLACEMENT_3D('',#14104,#14105,#14106);
#14108=PLANE('',#14107);
#14109=POLY_LOOP('',(#380,#894,#379));
#14110=FACE_OUTER_BOUND('',#14109,.T.);
#14111=FACE_SURFACE('',(#14110),#14108,.T.);
#14112=CARTESIAN_POINT('',(3.1008606,4.77651978,3.79999995));
#14113=DIRECTION('',(0.75183766,0.65934827,0.));
#14114=DIRECTION('',(0.,0.,-1.));
#14115=AXIS2_PLACEMENT_3D('',#14112,#14113,#14114);
#14116=PLANE('',#14115);
#14117=POLY_LOOP('',(#893,#379,#894));
#14118=FACE_OUTER_BOUND('',#14117,.T.);
#14119=FACE_SURFACE('',(#14118),#14116,.T.);
#14120=CARTESIAN_POINT('',(2.42758179,5.65394592,0.));
#14121=DIRECTION('',(0.83146527,0.55557673,0.));
#14122=DIRECTION('',(0.,0.,1.));
#14123=AXIS2_PLACEMENT_3D('',#14120,#14121,#14122);
#14124=PLANE('',#14123);
#14125=POLY_LOOP('',(#381,#895,#380));
#14126=FACE_OUTER_BOUND('',#14125,.T.);
#14127=FACE_SURFACE('',(#14126),#14124,.T.);
#14128=CARTESIAN_POINT('',(2.73547363,5.19316101,3.79999995));
#14129=DIRECTION('',(0.83146527,0.55557673,0.));
#14130=DIRECTION('',(0.,0.,-1.));
#14131=AXIS2_PLACEMENT_3D('',#14128,#14129,#14130);
#14132=PLANE('',#14131);
#14133=POLY_LOOP('',(#894,#380,#895));
#14134=FACE_OUTER_BOUND('',#14133,.T.);
#14135=FACE_SURFACE('',(#14134),#14132,.T.);
#14136=CARTESIAN_POINT('',(2.18247986,6.15097046,0.));
#14137=DIRECTION('',(0.89687521,0.44228369,0.));
#14138=DIRECTION('',(0.,0.,1.));
#14139=AXIS2_PLACEMENT_3D('',#14136,#14137,#14138);
#14140=PLANE('',#14139);
#14141=POLY_LOOP('',(#382,#896,#381));
#14142=FACE_OUTER_BOUND('',#14141,.T.);
#14143=FACE_SURFACE('',(#14142),#14140,.T.);
#14144=CARTESIAN_POINT('',(2.42758179,5.65394592,3.79999995));
#14145=DIRECTION('',(0.89687521,0.44228369,0.));
#14146=DIRECTION('',(0.,0.,-1.));
#14147=AXIS2_PLACEMENT_3D('',#14144,#14145,#14146);
#14148=PLANE('',#14147);
#14149=POLY_LOOP('',(#895,#381,#896));
#14150=FACE_OUTER_BOUND('',#14149,.T.);
#14151=FACE_SURFACE('',(#14150),#14148,.T.);
#14152=CARTESIAN_POINT('',(2.00434875,6.67573547,0.));
#14153=DIRECTION('',(0.94693157,0.32143523,0.));
#14154=DIRECTION('',(0.,0.,1.));
#14155=AXIS2_PLACEMENT_3D('',#14152,#14153,#14154);
#14156=PLANE('',#14155);
#14157=POLY_LOOP('',(#383,#897,#382));
#14158=FACE_OUTER_BOUND('',#14157,.T.);
#14159=FACE_SURFACE('',(#14158),#14156,.T.);
#14160=CARTESIAN_POINT('',(2.18247986,6.15097046,3.79999995));
#14161=DIRECTION('',(0.94693157,0.32143523,0.));
#14162=DIRECTION('',(0.,0.,-1.));
#14163=AXIS2_PLACEMENT_3D('',#14160,#14161,#14162);
#14164=PLANE('',#14163);
#14165=POLY_LOOP('',(#896,#382,#897));
#14166=FACE_OUTER_BOUND('',#14165,.T.);
#14167=FACE_SURFACE('',(#14166),#14164,.T.);
#14168=CARTESIAN_POINT('',(1.89624023,7.21925354,0.));
#14169=DIRECTION('',(0.98078664,0.19508347,0.));
#14170=DIRECTION('',(0.,0.,1.));
#14171=AXIS2_PLACEMENT_3D('',#14168,#14169,#14170);
#14172=PLANE('',#14171);
#14173=POLY_LOOP('',(#125,#637,#383));
#14174=FACE_OUTER_BOUND('',#14173,.T.);
#14175=FACE_SURFACE('',(#14174),#14172,.T.);
#14176=CARTESIAN_POINT('',(2.00434875,6.67573547,3.79999995));
#14177=DIRECTION('',(0.98078664,0.19508347,0.));
#14178=DIRECTION('',(0.,0.,-1.));
#14179=AXIS2_PLACEMENT_3D('',#14176,#14177,#14178);
#14180=PLANE('',#14179);
#14181=POLY_LOOP('',(#897,#383,#637));
#14182=FACE_OUTER_BOUND('',#14181,.T.);
#14183=FACE_SURFACE('',(#14182),#14180,.T.);
#14184=CARTESIAN_POINT('',(1.85998535,7.77224731,0.));
#14185=DIRECTION('',(0.99785777,0.06542066,0.));
#14186=DIRECTION('',(0.,0.,1.));
#14187=AXIS2_PLACEMENT_3D('',#14184,#14185,#14186);
#14188=PLANE('',#14187);
#14189=POLY_LOOP('',(#124,#638,#125));
#14190=FACE_OUTER_BOUND('',#14189,.T.);
#14191=FACE_SURFACE('',(#14190),#14188,.T.);
#14192=CARTESIAN_POINT('',(1.89624023,7.21925354,3.79999995));
#14193=DIRECTION('',(0.99785777,0.06542066,0.));
#14194=DIRECTION('',(0.,0.,-1.));
#14195=AXIS2_PLACEMENT_3D('',#14192,#14193,#14194);
#14196=PLANE('',#14195);
#14197=POLY_LOOP('',(#637,#125,#638));
#14198=FACE_OUTER_BOUND('',#14197,.T.);
#14199=FACE_SURFACE('',(#14198),#14196,.T.);
#14200=CARTESIAN_POINT('',(1.89624023,8.32522583,0.));
#14201=DIRECTION('',(0.99785766,-0.06542246,0.));
#14202=DIRECTION('',(0.,0.,1.));
#14203=AXIS2_PLACEMENT_3D('',#14200,#14201,#14202);
#14204=PLANE('',#14203);
#14205=POLY_LOOP('',(#384,#898,#124));
#14206=FACE_OUTER_BOUND('',#14205,.T.);
#14207=FACE_SURFACE('',(#14206),#14204,.T.);
#14208=CARTESIAN_POINT('',(1.85998535,7.77224731,3.79999995));
#14209=DIRECTION('',(0.99785766,-0.06542246,0.));
#14210=DIRECTION('',(0.,0.,-1.));
#14211=AXIS2_PLACEMENT_3D('',#14208,#14209,#14210);
#14212=PLANE('',#14211);
#14213=POLY_LOOP('',(#638,#124,#898));
#14214=FACE_OUTER_BOUND('',#14213,.T.);
#14215=FACE_SURFACE('',(#14214),#14212,.T.);
#14216=CARTESIAN_POINT('',(2.00434875,8.86875916,0.));
#14217=DIRECTION('',(0.98078769,-0.19507821,0.));
#14218=DIRECTION('',(0.,0.,1.));
#14219=AXIS2_PLACEMENT_3D('',#14216,#14217,#14218);
#14220=PLANE('',#14219);
#14221=POLY_LOOP('',(#385,#899,#384));
#14222=FACE_OUTER_BOUND('',#14221,.T.);
#14223=FACE_SURFACE('',(#14222),#14220,.T.);
#14224=CARTESIAN_POINT('',(1.89624023,8.32522583,3.79999995));
#14225=DIRECTION('',(0.98078769,-0.19507821,0.));
#14226=DIRECTION('',(0.,0.,-1.));
#14227=AXIS2_PLACEMENT_3D('',#14224,#14225,#14226);
#14228=PLANE('',#14227);
#14229=POLY_LOOP('',(#898,#384,#899));
#14230=FACE_OUTER_BOUND('',#14229,.T.);
#14231=FACE_SURFACE('',(#14230),#14228,.T.);
#14232=CARTESIAN_POINT('',(2.18247986,9.39352417,0.));
#14233=DIRECTION('',(0.94693157,-0.32143523,0.));
#14234=DIRECTION('',(0.,0.,1.));
#14235=AXIS2_PLACEMENT_3D('',#14232,#14233,#14234);
#14236=PLANE('',#14235);
#14237=POLY_LOOP('',(#386,#900,#385));
#14238=FACE_OUTER_BOUND('',#14237,.T.);
#14239=FACE_SURFACE('',(#14238),#14236,.T.);
#14240=CARTESIAN_POINT('',(2.00434875,8.86875916,3.79999995));
#14241=DIRECTION('',(0.94693157,-0.32143523,0.));
#14242=DIRECTION('',(0.,0.,-1.));
#14243=AXIS2_PLACEMENT_3D('',#14240,#14241,#14242);
#14244=PLANE('',#14243);
#14245=POLY_LOOP('',(#899,#385,#900));
#14246=FACE_OUTER_BOUND('',#14245,.T.);
#14247=FACE_SURFACE('',(#14246),#14244,.T.);
#14248=CARTESIAN_POINT('',(2.42758179,9.89054871,0.));
#14249=DIRECTION('',(0.89687521,-0.44228369,0.));
#14250=DIRECTION('',(0.,0.,1.));
#14251=AXIS2_PLACEMENT_3D('',#14248,#14249,#14250);
#14252=PLANE('',#14251);
#14253=POLY_LOOP('',(#387,#901,#386));
#14254=FACE_OUTER_BOUND('',#14253,.T.);
#14255=FACE_SURFACE('',(#14254),#14252,.T.);
#14256=CARTESIAN_POINT('',(2.18247986,9.39352417,3.79999995));
#14257=DIRECTION('',(0.89687521,-0.44228369,0.));
#14258=DIRECTION('',(0.,0.,-1.));
#14259=AXIS2_PLACEMENT_3D('',#14256,#14257,#14258);
#14260=PLANE('',#14259);
#14261=POLY_LOOP('',(#900,#386,#901));
#14262=FACE_OUTER_BOUND('',#14261,.T.);
#14263=FACE_SURFACE('',(#14262),#14260,.T.);
#14264=CARTESIAN_POINT('',(2.73547363,10.35131836,0.));
#14265=DIRECTION('',(0.83145677,-0.55558945,0.));
#14266=DIRECTION('',(0.,0.,1.));
#14267=AXIS2_PLACEMENT_3D('',#14264,#14265,#14266);
#14268=PLANE('',#14267);
#14269=POLY_LOOP('',(#388,#902,#387));
#14270=FACE_OUTER_BOUND('',#14269,.T.);
#14271=FACE_SURFACE('',(#14270),#14268,.T.);
#14272=CARTESIAN_POINT('',(2.42758179,9.89054871,3.79999995));
#14273=DIRECTION('',(0.83145677,-0.55558945,0.));
#14274=DIRECTION('',(0.,0.,-1.));
#14275=AXIS2_PLACEMENT_3D('',#14272,#14273,#14274);
#14276=PLANE('',#14275);
#14277=POLY_LOOP('',(#901,#387,#902));
#14278=FACE_OUTER_BOUND('',#14277,.T.);
#14279=FACE_SURFACE('',(#14278),#14276,.T.);
#14280=CARTESIAN_POINT('',(3.1008606,10.76797485,0.));
#14281=DIRECTION('',(0.75184963,-0.65933462,0.));
#14282=DIRECTION('',(0.,0.,1.));
#14283=AXIS2_PLACEMENT_3D('',#14280,#14281,#14282);
#14284=PLANE('',#14283);
#14285=POLY_LOOP('',(#274,#787,#388));
#14286=FACE_OUTER_BOUND('',#14285,.T.);
#14287=FACE_SURFACE('',(#14286),#14284,.T.);
#14288=CARTESIAN_POINT('',(2.73547363,10.35131836,3.79999995));
#14289=DIRECTION('',(0.75184963,-0.65933462,0.));
#14290=DIRECTION('',(0.,0.,-1.));
#14291=AXIS2_PLACEMENT_3D('',#14288,#14289,#14290);
#14292=PLANE('',#14291);
#14293=POLY_LOOP('',(#902,#388,#787));
#14294=FACE_OUTER_BOUND('',#14293,.T.);
#14295=FACE_SURFACE('',(#14294),#14292,.T.);
#14296=CARTESIAN_POINT('',(3.51751709,11.13336182,0.));
#14297=DIRECTION('',(0.65933462,-0.75184963,0.));
#14298=DIRECTION('',(0.,0.,1.));
#14299=AXIS2_PLACEMENT_3D('',#14296,#14297,#14298);
#14300=PLANE('',#14299);
#14301=POLY_LOOP('',(#273,#788,#274));
#14302=FACE_OUTER_BOUND('',#14301,.T.);
#14303=FACE_SURFACE('',(#14302),#14300,.T.);
#14304=CARTESIAN_POINT('',(3.1008606,10.76797485,3.79999995));
#14305=DIRECTION('',(0.65933462,-0.75184963,0.));
#14306=DIRECTION('',(0.,0.,-1.));
#14307=AXIS2_PLACEMENT_3D('',#14304,#14305,#14306);
#14308=PLANE('',#14307);
#14309=POLY_LOOP('',(#787,#274,#788));
#14310=FACE_OUTER_BOUND('',#14309,.T.);
#14311=FACE_SURFACE('',(#14310),#14308,.T.);
#14312=CARTESIAN_POINT('',(3.97828674,11.4412384,0.));
#14313=DIRECTION('',(0.55557042,-0.83146949,0.));
#14314=DIRECTION('',(0.,0.,1.));
#14315=AXIS2_PLACEMENT_3D('',#14312,#14313,#14314);
#14316=PLANE('',#14315);
#14317=POLY_LOOP('',(#373,#886,#273));
#14318=FACE_OUTER_BOUND('',#14317,.T.);
#14319=FACE_SURFACE('',(#14318),#14316,.T.);
#14320=CARTESIAN_POINT('',(3.51751709,11.13336182,3.79999995));
#14321=DIRECTION('',(0.55557042,-0.83146949,0.));
#14322=DIRECTION('',(0.,0.,-1.));
#14323=AXIS2_PLACEMENT_3D('',#14320,#14321,#14322);
#14324=PLANE('',#14323);
#14325=POLY_LOOP('',(#788,#273,#886));
#14326=FACE_OUTER_BOUND('',#14325,.T.);
#14327=FACE_SURFACE('',(#14326),#14324,.T.);
#14328=CARTESIAN_POINT('',(4.47531128,11.68635559,0.));
#14329=DIRECTION('',(0.44230583,-0.89686429,0.));
#14330=DIRECTION('',(0.,0.,1.));
#14331=AXIS2_PLACEMENT_3D('',#14328,#14329,#14330);
#14332=PLANE('',#14331);
#14333=POLY_LOOP('',(#372,#887,#373));
#14334=FACE_OUTER_BOUND('',#14333,.T.);
#14335=FACE_SURFACE('',(#14334),#14332,.T.);
#14336=CARTESIAN_POINT('',(3.97828674,11.4412384,3.79999995));
#14337=DIRECTION('',(0.44230583,-0.89686429,0.));
#14338=DIRECTION('',(0.,0.,-1.));
#14339=AXIS2_PLACEMENT_3D('',#14336,#14337,#14338);
#14340=PLANE('',#14339);
#14341=POLY_LOOP('',(#886,#373,#887));
#14342=FACE_OUTER_BOUND('',#14341,.T.);
#14343=FACE_SURFACE('',(#14342),#14340,.T.);
#14344=CARTESIAN_POINT('',(5.00007629,11.86448669,0.));
#14345=DIRECTION('',(0.32143523,-0.94693157,0.));
#14346=DIRECTION('',(0.,0.,1.));
#14347=AXIS2_PLACEMENT_3D('',#14344,#14345,#14346);
#14348=PLANE('',#14347);
#14349=POLY_LOOP('',(#389,#903,#372));
#14350=FACE_OUTER_BOUND('',#14349,.T.);
#14351=FACE_SURFACE('',(#14350),#14348,.T.);
#14352=CARTESIAN_POINT('',(4.47531128,11.68635559,3.79999995));
#14353=DIRECTION('',(0.32143523,-0.94693157,0.));
#14354=DIRECTION('',(0.,0.,-1.));
#14355=AXIS2_PLACEMENT_3D('',#14352,#14353,#14354);
#14356=PLANE('',#14355);
#14357=POLY_LOOP('',(#887,#372,#903));
#14358=FACE_OUTER_BOUND('',#14357,.T.);
#14359=FACE_SURFACE('',(#14358),#14356,.T.);
#14360=CARTESIAN_POINT('',(5.54360962,11.97259521,0.));
#14361=DIRECTION('',(0.19507821,-0.98078769,0.));
#14362=DIRECTION('',(0.,0.,1.));
#14363=AXIS2_PLACEMENT_3D('',#14360,#14361,#14362);
#14364=PLANE('',#14363);
#14365=POLY_LOOP('',(#390,#904,#389));
#14366=FACE_OUTER_BOUND('',#14365,.T.);
#14367=FACE_SURFACE('',(#14366),#14364,.T.);
#14368=CARTESIAN_POINT('',(5.00007629,11.86448669,3.79999995));
#14369=DIRECTION('',(0.19507821,-0.98078769,0.));
#14370=DIRECTION('',(0.,0.,-1.));
#14371=AXIS2_PLACEMENT_3D('',#14368,#14369,#14370);
#14372=PLANE('',#14371);
#14373=POLY_LOOP('',(#903,#389,#904));
#14374=FACE_OUTER_BOUND('',#14373,.T.);
#14375=FACE_SURFACE('',(#14374),#14372,.T.);
#14376=CARTESIAN_POINT('',(6.09658813,12.00883484,0.));
#14377=DIRECTION('',(0.06539504,-0.99785945,0.));
#14378=DIRECTION('',(0.,0.,1.));
#14379=AXIS2_PLACEMENT_3D('',#14376,#14377,#14378);
#14380=PLANE('',#14379);
#14381=POLY_LOOP('',(#277,#792,#390));
#14382=FACE_OUTER_BOUND('',#14381,.T.);
#14383=FACE_SURFACE('',(#14382),#14380,.T.);
#14384=CARTESIAN_POINT('',(5.54360962,11.97259521,3.79999995));
#14385=DIRECTION('',(0.06539504,-0.99785945,0.));
#14386=DIRECTION('',(0.,0.,-1.));
#14387=AXIS2_PLACEMENT_3D('',#14384,#14385,#14386);
#14388=PLANE('',#14387);
#14389=POLY_LOOP('',(#904,#390,#792));
#14390=FACE_OUTER_BOUND('',#14389,.T.);
#14391=FACE_SURFACE('',(#14390),#14388,.T.);
#14392=CARTESIAN_POINT('',(15.66339111,12.00883484,0.));
#14393=DIRECTION('',(0.,-1.,0.));
#14394=DIRECTION('',(0.,0.,1.));
#14395=AXIS2_PLACEMENT_3D('',#14392,#14393,#14394);
#14396=PLANE('',#14395);
#14397=POLY_LOOP('',(#278,#791,#277));
#14398=FACE_OUTER_BOUND('',#14397,.T.);
#14399=FACE_SURFACE('',(#14398),#14396,.T.);
#14400=CARTESIAN_POINT('',(6.09658813,12.00883484,3.79999995));
#14401=DIRECTION('',(0.,-1.,0.));
#14402=DIRECTION('',(0.,0.,-1.));
#14403=AXIS2_PLACEMENT_3D('',#14400,#14401,#14402);
#14404=PLANE('',#14403);
#14405=POLY_LOOP('',(#792,#277,#791));
#14406=FACE_OUTER_BOUND('',#14405,.T.);
#14407=FACE_SURFACE('',(#14406),#14404,.T.);
#14408=CARTESIAN_POINT('',(16.21638489,11.97259521,0.));
#14409=DIRECTION('',(-0.06539324,-0.99785957,0.));
#14410=DIRECTION('',(0.,0.,1.));
#14411=AXIS2_PLACEMENT_3D('',#14408,#14409,#14410);
#14412=PLANE('',#14411);
#14413=POLY_LOOP('',(#282,#796,#278));
#14414=FACE_OUTER_BOUND('',#14413,.T.);
#14415=FACE_SURFACE('',(#14414),#14412,.T.);
#14416=CARTESIAN_POINT('',(15.66339111,12.00883484,3.79999995));
#14417=DIRECTION('',(-0.06539324,-0.99785957,0.));
#14418=DIRECTION('',(0.,0.,-1.));
#14419=AXIS2_PLACEMENT_3D('',#14416,#14417,#14418);
#14420=PLANE('',#14419);
#14421=POLY_LOOP('',(#791,#278,#796));
#14422=FACE_OUTER_BOUND('',#14421,.T.);
#14423=FACE_SURFACE('',(#14422),#14420,.T.);
#14424=CARTESIAN_POINT('',(16.75990295,11.86448669,0.));
#14425=DIRECTION('',(-0.19508347,-0.98078664,0.));
#14426=DIRECTION('',(0.,0.,1.));
#14427=AXIS2_PLACEMENT_3D('',#14424,#14425,#14426);
#14428=PLANE('',#14427);
#14429=POLY_LOOP('',(#279,#794,#282));
#14430=FACE_OUTER_BOUND('',#14429,.T.);
#14431=FACE_SURFACE('',(#14430),#14428,.T.);
#14432=CARTESIAN_POINT('',(16.21638489,11.97259521,3.79999995));
#14433=DIRECTION('',(-0.19508347,-0.98078664,0.));
#14434=DIRECTION('',(0.,0.,-1.));
#14435=AXIS2_PLACEMENT_3D('',#14432,#14433,#14434);
#14436=PLANE('',#14435);
#14437=POLY_LOOP('',(#796,#282,#794));
#14438=FACE_OUTER_BOUND('',#14437,.T.);
#14439=FACE_SURFACE('',(#14438),#14436,.T.);
#14440=CARTESIAN_POINT('',(17.28466797,11.68635559,0.));
#14441=DIRECTION('',(-0.32143523,-0.94693157,0.));
#14442=DIRECTION('',(0.,0.,1.));
#14443=AXIS2_PLACEMENT_3D('',#14440,#14441,#14442);
#14444=PLANE('',#14443);
#14445=POLY_LOOP('',(#275,#789,#279));
#14446=FACE_OUTER_BOUND('',#14445,.T.);
#14447=FACE_SURFACE('',(#14446),#14444,.T.);
#14448=CARTESIAN_POINT('',(16.75990295,11.86448669,3.79999995));
#14449=DIRECTION('',(-0.32143523,-0.94693157,0.));
#14450=DIRECTION('',(0.,0.,-1.));
#14451=AXIS2_PLACEMENT_3D('',#14448,#14449,#14450);
#14452=PLANE('',#14451);
#14453=POLY_LOOP('',(#794,#279,#789));
#14454=FACE_OUTER_BOUND('',#14453,.T.);
#14455=FACE_SURFACE('',(#14454),#14452,.T.);
#14456=CARTESIAN_POINT('',(17.7816925,11.4412384,0.));
#14457=DIRECTION('',(-0.44230583,-0.89686429,0.));
#14458=DIRECTION('',(0.,0.,1.));
#14459=AXIS2_PLACEMENT_3D('',#14456,#14457,#14458);
#14460=PLANE('',#14459);
#14461=POLY_LOOP('',(#107,#621,#275));
#14462=FACE_OUTER_BOUND('',#14461,.T.);
#14463=FACE_SURFACE('',(#14462),#14460,.T.);
#14464=CARTESIAN_POINT('',(17.28466797,11.68635559,3.79999995));
#14465=DIRECTION('',(-0.44230583,-0.89686429,0.));
#14466=DIRECTION('',(0.,0.,-1.));
#14467=AXIS2_PLACEMENT_3D('',#14464,#14465,#14466);
#14468=PLANE('',#14467);
#14469=POLY_LOOP('',(#789,#275,#621));
#14470=FACE_OUTER_BOUND('',#14469,.T.);
#14471=FACE_SURFACE('',(#14470),#14468,.T.);
#14472=CARTESIAN_POINT('',(18.24247742,11.13336182,0.));
#14473=DIRECTION('',(-0.5555577,-0.83147799,0.));
#14474=DIRECTION('',(0.,0.,1.));
#14475=AXIS2_PLACEMENT_3D('',#14472,#14473,#14474);
#14476=PLANE('',#14475);
#14477=POLY_LOOP('',(#106,#622,#107));
#14478=FACE_OUTER_BOUND('',#14477,.T.);
#14479=FACE_SURFACE('',(#14478),#14476,.T.);
#14480=CARTESIAN_POINT('',(17.7816925,11.4412384,3.79999995));
#14481=DIRECTION('',(-0.5555577,-0.83147799,0.));
#14482=DIRECTION('',(0.,0.,-1.));
#14483=AXIS2_PLACEMENT_3D('',#14480,#14481,#14482);
#14484=PLANE('',#14483);
#14485=POLY_LOOP('',(#621,#107,#622));
#14486=FACE_OUTER_BOUND('',#14485,.T.);
#14487=FACE_SURFACE('',(#14486),#14484,.T.);
#14488=CARTESIAN_POINT('',(18.65911865,10.76797485,0.));
#14489=DIRECTION('',(-0.65934827,-0.75183766,0.));
#14490=DIRECTION('',(0.,0.,1.));
#14491=AXIS2_PLACEMENT_3D('',#14488,#14489,#14490);
#14492=PLANE('',#14491);
#14493=POLY_LOOP('',(#268,#784,#106));
#14494=FACE_OUTER_BOUND('',#14493,.T.);
#14495=FACE_SURFACE('',(#14494),#14492,.T.);
#14496=CARTESIAN_POINT('',(18.24247742,11.13336182,3.79999995));
#14497=DIRECTION('',(-0.65934827,-0.75183766,0.));
#14498=DIRECTION('',(0.,0.,-1.));
#14499=AXIS2_PLACEMENT_3D('',#14496,#14497,#14498);
#14500=PLANE('',#14499);
#14501=POLY_LOOP('',(#622,#106,#784));
#14502=FACE_OUTER_BOUND('',#14501,.T.);
#14503=FACE_SURFACE('',(#14502),#14500,.T.);
#14504=CARTESIAN_POINT('',(19.02450562,10.35131836,0.));
#14505=DIRECTION('',(-0.75184963,-0.65933462,0.));
#14506=DIRECTION('',(0.,0.,1.));
#14507=AXIS2_PLACEMENT_3D('',#14504,#14505,#14506);
#14508=PLANE('',#14507);
#14509=POLY_LOOP('',(#265,#780,#268));
#14510=FACE_OUTER_BOUND('',#14509,.T.);
#14511=FACE_SURFACE('',(#14510),#14508,.T.);
#14512=CARTESIAN_POINT('',(18.65911865,10.76797485,3.79999995));
#14513=DIRECTION('',(-0.75184963,-0.65933462,0.));
#14514=DIRECTION('',(0.,0.,-1.));
#14515=AXIS2_PLACEMENT_3D('',#14512,#14513,#14514);
#14516=PLANE('',#14515);
#14517=POLY_LOOP('',(#784,#268,#780));
#14518=FACE_OUTER_BOUND('',#14517,.T.);
#14519=FACE_SURFACE('',(#14518),#14516,.T.);
#14520=CARTESIAN_POINT('',(19.33239746,9.89054871,0.));
#14521=DIRECTION('',(-0.83145677,-0.55558945,0.));
#14522=DIRECTION('',(0.,0.,1.));
#14523=AXIS2_PLACEMENT_3D('',#14520,#14521,#14522);
#14524=PLANE('',#14523);
#14525=POLY_LOOP('',(#262,#774,#265));
#14526=FACE_OUTER_BOUND('',#14525,.T.);
#14527=FACE_SURFACE('',(#14526),#14524,.T.);
#14528=CARTESIAN_POINT('',(19.02450562,10.35131836,3.79999995));
#14529=DIRECTION('',(-0.83145677,-0.55558945,0.));
#14530=DIRECTION('',(0.,0.,-1.));
#14531=AXIS2_PLACEMENT_3D('',#14528,#14529,#14530);
#14532=PLANE('',#14531);
#14533=POLY_LOOP('',(#780,#265,#774));
#14534=FACE_OUTER_BOUND('',#14533,.T.);
#14535=FACE_SURFACE('',(#14534),#14532,.T.);
#14536=CARTESIAN_POINT('',(19.57749939,9.39352417,0.));
#14537=DIRECTION('',(-0.89687521,-0.44228369,0.));
#14538=DIRECTION('',(0.,0.,1.));
#14539=AXIS2_PLACEMENT_3D('',#14536,#14537,#14538);
#14540=PLANE('',#14539);
#14541=POLY_LOOP('',(#142,#656,#262));
#14542=FACE_OUTER_BOUND('',#14541,.T.);
#14543=FACE_SURFACE('',(#14542),#14540,.T.);
#14544=CARTESIAN_POINT('',(19.33239746,9.89054871,3.79999995));
#14545=DIRECTION('',(-0.89687521,-0.44228369,0.));
#14546=DIRECTION('',(0.,0.,-1.));
#14547=AXIS2_PLACEMENT_3D('',#14544,#14545,#14546);
#14548=PLANE('',#14547);
#14549=POLY_LOOP('',(#774,#262,#656));
#14550=FACE_OUTER_BOUND('',#14549,.T.);
#14551=FACE_SURFACE('',(#14550),#14548,.T.);
#14552=CARTESIAN_POINT('',(19.75563049,8.86875916,0.));
#14553=DIRECTION('',(-0.94693157,-0.32143523,0.));
#14554=DIRECTION('',(0.,0.,1.));
#14555=AXIS2_PLACEMENT_3D('',#14552,#14553,#14554);
#14556=PLANE('',#14555);
#14557=POLY_LOOP('',(#141,#657,#142));
#14558=FACE_OUTER_BOUND('',#14557,.T.);
#14559=FACE_SURFACE('',(#14558),#14556,.T.);
#14560=CARTESIAN_POINT('',(19.57749939,9.39352417,3.79999995));
#14561=DIRECTION('',(-0.94693157,-0.32143523,0.));
#14562=DIRECTION('',(0.,0.,-1.));
#14563=AXIS2_PLACEMENT_3D('',#14560,#14561,#14562);
#14564=PLANE('',#14563);
#14565=POLY_LOOP('',(#656,#142,#657));
#14566=FACE_OUTER_BOUND('',#14565,.T.);
#14567=FACE_SURFACE('',(#14566),#14564,.T.);
#14568=CARTESIAN_POINT('',(19.86375427,8.32522583,0.));
#14569=DIRECTION('',(-0.98078242,-0.19510469,0.));
#14570=DIRECTION('',(0.,0.,1.));
#14571=AXIS2_PLACEMENT_3D('',#14568,#14569,#14570);
#14572=PLANE('',#14571);
#14573=POLY_LOOP('',(#151,#665,#141));
#14574=FACE_OUTER_BOUND('',#14573,.T.);
#14575=FACE_SURFACE('',(#14574),#14572,.T.);
#14576=CARTESIAN_POINT('',(19.75563049,8.86875916,3.79999995));
#14577=DIRECTION('',(-0.98078242,-0.19510469,0.));
#14578=DIRECTION('',(0.,0.,-1.));
#14579=AXIS2_PLACEMENT_3D('',#14576,#14577,#14578);
#14580=PLANE('',#14579);
#14581=POLY_LOOP('',(#657,#141,#665));
#14582=FACE_OUTER_BOUND('',#14581,.T.);
#14583=FACE_SURFACE('',(#14582),#14580,.T.);
#14584=CARTESIAN_POINT('',(19.8999939,7.77224731,0.));
#14585=DIRECTION('',(-0.99785945,-0.06539504,0.));
#14586=DIRECTION('',(0.,0.,1.));
#14587=AXIS2_PLACEMENT_3D('',#14584,#14585,#14586);
#14588=PLANE('',#14587);
#14589=POLY_LOOP('',(#150,#666,#151));
#14590=FACE_OUTER_BOUND('',#14589,.T.);
#14591=FACE_SURFACE('',(#14590),#14588,.T.);
#14592=CARTESIAN_POINT('',(19.86375427,8.32522583,3.79999995));
#14593=DIRECTION('',(-0.99785945,-0.06539504,0.));
#14594=DIRECTION('',(0.,0.,-1.));
#14595=AXIS2_PLACEMENT_3D('',#14592,#14593,#14594);
#14596=PLANE('',#14595);
#14597=POLY_LOOP('',(#665,#151,#666));
#14598=FACE_OUTER_BOUND('',#14597,.T.);
#14599=FACE_SURFACE('',(#14598),#14596,.T.);
#14600=CARTESIAN_POINT('',(19.86375427,7.21925354,0.));
#14601=DIRECTION('',(-0.99785957,0.06539324,0.));
#14602=DIRECTION('',(0.,0.,1.));
#14603=AXIS2_PLACEMENT_3D('',#14600,#14601,#14602);
#14604=PLANE('',#14603);
#14605=POLY_LOOP('',(#146,#658,#150));
#14606=FACE_OUTER_BOUND('',#14605,.T.);
#14607=FACE_SURFACE('',(#14606),#14604,.T.);
#14608=CARTESIAN_POINT('',(19.8999939,7.77224731,3.79999995));
#14609=DIRECTION('',(-0.99785957,0.06539324,0.));
#14610=DIRECTION('',(0.,0.,-1.));
#14611=AXIS2_PLACEMENT_3D('',#14608,#14609,#14610);
#14612=PLANE('',#14611);
#14613=POLY_LOOP('',(#666,#150,#658));
#14614=FACE_OUTER_BOUND('',#14613,.T.);
#14615=FACE_SURFACE('',(#14614),#14612,.T.);
#14616=CARTESIAN_POINT('',(19.75563049,6.67573547,0.));
#14617=DIRECTION('',(-0.98078137,0.19510996,0.));
#14618=DIRECTION('',(0.,0.,1.));
#14619=AXIS2_PLACEMENT_3D('',#14616,#14617,#14618);
#14620=PLANE('',#14619);
#14621=POLY_LOOP('',(#145,#659,#146));
#14622=FACE_OUTER_BOUND('',#14621,.T.);
#14623=FACE_SURFACE('',(#14622),#14620,.T.);
#14624=CARTESIAN_POINT('',(19.86375427,7.21925354,3.79999995));
#14625=DIRECTION('',(-0.98078137,0.19510996,0.));
#14626=DIRECTION('',(0.,0.,-1.));
#14627=AXIS2_PLACEMENT_3D('',#14624,#14625,#14626);
#14628=PLANE('',#14627);
#14629=POLY_LOOP('',(#658,#146,#659));
#14630=FACE_OUTER_BOUND('',#14629,.T.);
#14631=FACE_SURFACE('',(#14630),#14628,.T.);
#14632=CARTESIAN_POINT('',(19.57749939,6.15097046,0.));
#14633=DIRECTION('',(-0.94693157,0.32143523,0.));
#14634=DIRECTION('',(0.,0.,1.));
#14635=AXIS2_PLACEMENT_3D('',#14632,#14633,#14634);
#14636=PLANE('',#14635);
#14637=POLY_LOOP('',(#148,#662,#145));
#14638=FACE_OUTER_BOUND('',#14637,.T.);
#14639=FACE_SURFACE('',(#14638),#14636,.T.);
#14640=CARTESIAN_POINT('',(19.75563049,6.67573547,3.79999995));
#14641=DIRECTION('',(-0.94693157,0.32143523,0.));
#14642=DIRECTION('',(0.,0.,-1.));
#14643=AXIS2_PLACEMENT_3D('',#14640,#14641,#14642);
#14644=PLANE('',#14643);
#14645=POLY_LOOP('',(#659,#145,#662));
#14646=FACE_OUTER_BOUND('',#14645,.T.);
#14647=FACE_SURFACE('',(#14646),#14644,.T.);
#14648=CARTESIAN_POINT('',(19.33239746,5.65394592,0.));
#14649=DIRECTION('',(-0.89687521,0.44228369,0.));
#14650=DIRECTION('',(0.,0.,1.));
#14651=AXIS2_PLACEMENT_3D('',#14648,#14649,#14650);
#14652=PLANE('',#14651);
#14653=POLY_LOOP('',(#147,#663,#148));
#14654=FACE_OUTER_BOUND('',#14653,.T.);
#14655=FACE_SURFACE('',(#14654),#14652,.T.);
#14656=CARTESIAN_POINT('',(19.57749939,6.15097046,3.79999995));
#14657=DIRECTION('',(-0.89687521,0.44228369,0.));
#14658=DIRECTION('',(0.,0.,-1.));
#14659=AXIS2_PLACEMENT_3D('',#14656,#14657,#14658);
#14660=PLANE('',#14659);
#14661=POLY_LOOP('',(#662,#148,#663));
#14662=FACE_OUTER_BOUND('',#14661,.T.);
#14663=FACE_SURFACE('',(#14662),#14660,.T.);
#14664=CARTESIAN_POINT('',(19.02450562,5.19316101,0.));
#14665=DIRECTION('',(-0.83146527,0.55557673,0.));
#14666=DIRECTION('',(0.,0.,1.));
#14667=AXIS2_PLACEMENT_3D('',#14664,#14665,#14666);
#14668=PLANE('',#14667);
#14669=POLY_LOOP('',(#303,#816,#147));
#14670=FACE_OUTER_BOUND('',#14669,.T.);
#14671=FACE_SURFACE('',(#14670),#14668,.T.);
#14672=CARTESIAN_POINT('',(19.33239746,5.65394592,3.79999995));
#14673=DIRECTION('',(-0.83146527,0.55557673,0.));
#14674=DIRECTION('',(0.,0.,-1.));
#14675=AXIS2_PLACEMENT_3D('',#14672,#14673,#14674);
#14676=PLANE('',#14675);
#14677=POLY_LOOP('',(#663,#147,#816));
#14678=FACE_OUTER_BOUND('',#14677,.T.);
#14679=FACE_SURFACE('',(#14678),#14676,.T.);
#14680=CARTESIAN_POINT('',(18.65911865,4.77651978,0.));
#14681=DIRECTION('',(-0.75183766,0.65934827,0.));
#14682=DIRECTION('',(0.,0.,1.));
#14683=AXIS2_PLACEMENT_3D('',#14680,#14681,#14682);
#14684=PLANE('',#14683);
#14685=POLY_LOOP('',(#392,#905,#303));
#14686=FACE_OUTER_BOUND('',#14685,.T.);
#14687=FACE_SURFACE('',(#14686),#14684,.T.);
#14688=CARTESIAN_POINT('',(19.02450562,5.19316101,3.79999995));
#14689=DIRECTION('',(-0.75183766,0.65934827,0.));
#14690=DIRECTION('',(0.,0.,-1.));
#14691=AXIS2_PLACEMENT_3D('',#14688,#14689,#14690);
#14692=PLANE('',#14691);
#14693=POLY_LOOP('',(#816,#303,#905));
#14694=FACE_OUTER_BOUND('',#14693,.T.);
#14695=FACE_SURFACE('',(#14694),#14692,.T.);
#14696=CARTESIAN_POINT('',(18.24247742,4.41111755,0.));
#14697=DIRECTION('',(-0.65936383,0.75182401,0.));
#14698=DIRECTION('',(0.,0.,1.));
#14699=AXIS2_PLACEMENT_3D('',#14696,#14697,#14698);
#14700=PLANE('',#14699);
#14701=POLY_LOOP('',(#395,#909,#392));
#14702=FACE_OUTER_BOUND('',#14701,.T.);
#14703=FACE_SURFACE('',(#14702),#14700,.T.);
#14704=CARTESIAN_POINT('',(18.65911865,4.77651978,3.79999995));
#14705=DIRECTION('',(-0.65936383,0.75182401,0.));
#14706=DIRECTION('',(0.,0.,-1.));
#14707=AXIS2_PLACEMENT_3D('',#14704,#14705,#14706);
#14708=PLANE('',#14707);
#14709=POLY_LOOP('',(#905,#392,#909));
#14710=FACE_OUTER_BOUND('',#14709,.T.);
#14711=FACE_SURFACE('',(#14710),#14708,.T.);
#14712=CARTESIAN_POINT('',(17.7816925,4.10324097,0.));
#14713=DIRECTION('',(-0.5555577,0.83147799,0.));
#14714=DIRECTION('',(0.,0.,1.));
#14715=AXIS2_PLACEMENT_3D('',#14712,#14713,#14714);
#14716=PLANE('',#14715);
#14717=POLY_LOOP('',(#400,#914,#395));
#14718=FACE_OUTER_BOUND('',#14717,.T.);
#14719=FACE_SURFACE('',(#14718),#14716,.T.);
#14720=CARTESIAN_POINT('',(18.24247742,4.41111755,3.79999995));
#14721=DIRECTION('',(-0.5555577,0.83147799,0.));
#14722=DIRECTION('',(0.,0.,-1.));
#14723=AXIS2_PLACEMENT_3D('',#14720,#14721,#14722);
#14724=PLANE('',#14723);
#14725=POLY_LOOP('',(#909,#395,#914));
#14726=FACE_OUTER_BOUND('',#14725,.T.);
#14727=FACE_SURFACE('',(#14726),#14724,.T.);
#14728=CARTESIAN_POINT('',(17.28466797,3.85813904,0.));
#14729=DIRECTION('',(-0.44228369,0.89687521,0.));
#14730=DIRECTION('',(0.,0.,1.));
#14731=AXIS2_PLACEMENT_3D('',#14728,#14729,#14730);
#14732=PLANE('',#14731);
#14733=POLY_LOOP('',(#130,#644,#400));
#14734=FACE_OUTER_BOUND('',#14733,.T.);
#14735=FACE_SURFACE('',(#14734),#14732,.T.);
#14736=CARTESIAN_POINT('',(17.7816925,4.10324097,3.79999995));
#14737=DIRECTION('',(-0.44228369,0.89687521,0.));
#14738=DIRECTION('',(0.,0.,-1.));
#14739=AXIS2_PLACEMENT_3D('',#14736,#14737,#14738);
#14740=PLANE('',#14739);
#14741=POLY_LOOP('',(#914,#400,#644));
#14742=FACE_OUTER_BOUND('',#14741,.T.);
#14743=FACE_SURFACE('',(#14742),#14740,.T.);
#14744=CARTESIAN_POINT('',(16.75990295,3.68000793,0.));
#14745=DIRECTION('',(-0.32143523,0.94693157,0.));
#14746=DIRECTION('',(0.,0.,1.));
#14747=AXIS2_PLACEMENT_3D('',#14744,#14745,#14746);
#14748=PLANE('',#14747);
#14749=POLY_LOOP('',(#492,#1007,#130));
#14750=FACE_OUTER_BOUND('',#14749,.T.);
#14751=FACE_SURFACE('',(#14750),#14748,.T.);
#14752=CARTESIAN_POINT('',(17.28466797,3.85813904,3.79999995));
#14753=DIRECTION('',(-0.32143523,0.94693157,0.));
#14754=DIRECTION('',(0.,0.,-1.));
#14755=AXIS2_PLACEMENT_3D('',#14752,#14753,#14754);
#14756=PLANE('',#14755);
#14757=POLY_LOOP('',(#644,#130,#1007));
#14758=FACE_OUTER_BOUND('',#14757,.T.);
#14759=FACE_SURFACE('',(#14758),#14756,.T.);
#14760=CARTESIAN_POINT('',(16.21638489,3.57188416,0.));
#14761=DIRECTION('',(-0.19510996,0.98078137,0.));
#14762=DIRECTION('',(0.,0.,1.));
#14763=AXIS2_PLACEMENT_3D('',#14760,#14761,#14762);
#14764=PLANE('',#14763);
#14765=POLY_LOOP('',(#411,#926,#492));
#14766=FACE_OUTER_BOUND('',#14765,.T.);
#14767=FACE_SURFACE('',(#14766),#14764,.T.);
#14768=CARTESIAN_POINT('',(16.75990295,3.68000793,3.79999995));
#14769=DIRECTION('',(-0.19510996,0.98078137,0.));
#14770=DIRECTION('',(0.,0.,-1.));
#14771=AXIS2_PLACEMENT_3D('',#14768,#14769,#14770);
#14772=PLANE('',#14771);
#14773=POLY_LOOP('',(#1007,#492,#926));
#14774=FACE_OUTER_BOUND('',#14773,.T.);
#14775=FACE_SURFACE('',(#14774),#14772,.T.);
#14776=CARTESIAN_POINT('',(15.66339111,3.53564453,0.));
#14777=DIRECTION('',(-0.06539324,0.99785957,0.));
#14778=DIRECTION('',(0.,0.,1.));
#14779=AXIS2_PLACEMENT_3D('',#14776,#14777,#14778);
#14780=PLANE('',#14779);
#14781=POLY_LOOP('',(#371,#884,#411));
#14782=FACE_OUTER_BOUND('',#14781,.T.);
#14783=FACE_SURFACE('',(#14782),#14780,.T.);
#14784=CARTESIAN_POINT('',(16.21638489,3.57188416,3.79999995));
#14785=DIRECTION('',(-0.06539324,0.99785957,0.));
#14786=DIRECTION('',(0.,0.,-1.));
#14787=AXIS2_PLACEMENT_3D('',#14784,#14785,#14786);
#14788=PLANE('',#14787);
#14789=POLY_LOOP('',(#926,#411,#884));
#14790=FACE_OUTER_BOUND('',#14789,.T.);
#14791=FACE_SURFACE('',(#14790),#14788,.T.);
#14792=CARTESIAN_POINT('',(6.09658813,3.53564453,0.));
#14793=DIRECTION('',(0.,1.,0.));
#14794=DIRECTION('',(0.,0.,1.));
#14795=AXIS2_PLACEMENT_3D('',#14792,#14793,#14794);
#14796=PLANE('',#14795);
#14797=POLY_LOOP('',(#370,#885,#371));
#14798=FACE_OUTER_BOUND('',#14797,.T.);
#14799=FACE_SURFACE('',(#14798),#14796,.T.);
#14800=CARTESIAN_POINT('',(15.66339111,3.53564453,3.79999995));
#14801=DIRECTION('',(0.,1.,0.));
#14802=DIRECTION('',(0.,0.,-1.));
#14803=AXIS2_PLACEMENT_3D('',#14800,#14801,#14802);
#14804=PLANE('',#14803);
#14805=POLY_LOOP('',(#884,#371,#885));
#14806=FACE_OUTER_BOUND('',#14805,.T.);
#14807=FACE_SURFACE('',(#14806),#14804,.T.);
#14808=CARTESIAN_POINT('',(147.34361267,3.57188416,0.));
#14809=DIRECTION('',(0.06539504,0.99785945,0.));
#14810=DIRECTION('',(0.,0.,1.));
#14811=AXIS2_PLACEMENT_3D('',#14808,#14809,#14810);
#14812=PLANE('',#14811);
#14813=POLY_LOOP('',(#418,#930,#416));
#14814=FACE_OUTER_BOUND('',#14813,.T.);
#14815=FACE_SURFACE('',(#14814),#14812,.T.);
#14816=CARTESIAN_POINT('',(147.89659119,3.53564453,3.79999995));
#14817=DIRECTION('',(0.06539504,0.99785945,0.));
#14818=DIRECTION('',(0.,0.,-1.));
#14819=AXIS2_PLACEMENT_3D('',#14816,#14817,#14818);
#14820=PLANE('',#14819);
#14821=POLY_LOOP('',(#932,#416,#930));
#14822=FACE_OUTER_BOUND('',#14821,.T.);
#14823=FACE_SURFACE('',(#14822),#14820,.T.);
#14824=CARTESIAN_POINT('',(146.80007935,3.68000793,0.));
#14825=DIRECTION('',(0.19510469,0.98078242,0.));
#14826=DIRECTION('',(0.,0.,1.));
#14827=AXIS2_PLACEMENT_3D('',#14824,#14825,#14826);
#14828=PLANE('',#14827);
#14829=POLY_LOOP('',(#426,#940,#418));
#14830=FACE_OUTER_BOUND('',#14829,.T.);
#14831=FACE_SURFACE('',(#14830),#14828,.T.);
#14832=CARTESIAN_POINT('',(147.34361267,3.57188416,3.79999995));
#14833=DIRECTION('',(0.19510469,0.98078242,0.));
#14834=DIRECTION('',(0.,0.,-1.));
#14835=AXIS2_PLACEMENT_3D('',#14832,#14833,#14834);
#14836=PLANE('',#14835);
#14837=POLY_LOOP('',(#930,#418,#940));
#14838=FACE_OUTER_BOUND('',#14837,.T.);
#14839=FACE_SURFACE('',(#14838),#14836,.T.);
#14840=CARTESIAN_POINT('',(146.27531433,3.85813904,0.));
#14841=DIRECTION('',(0.32143523,0.94693157,0.));
#14842=DIRECTION('',(0.,0.,1.));
#14843=AXIS2_PLACEMENT_3D('',#14840,#14841,#14842);
#14844=PLANE('',#14843);
#14845=POLY_LOOP('',(#513,#1029,#426));
#14846=FACE_OUTER_BOUND('',#14845,.T.);
#14847=FACE_SURFACE('',(#14846),#14844,.T.);
#14848=CARTESIAN_POINT('',(146.80007935,3.68000793,3.79999995));
#14849=DIRECTION('',(0.32143523,0.94693157,0.));
#14850=DIRECTION('',(0.,0.,-1.));
#14851=AXIS2_PLACEMENT_3D('',#14848,#14849,#14850);
#14852=PLANE('',#14851);
#14853=POLY_LOOP('',(#940,#426,#1029));
#14854=FACE_OUTER_BOUND('',#14853,.T.);
#14855=FACE_SURFACE('',(#14854),#14852,.T.);
#14856=CARTESIAN_POINT('',(145.77828979,4.10324097,0.));
#14857=DIRECTION('',(0.44228369,0.89687521,0.));
#14858=DIRECTION('',(0.,0.,1.));
#14859=AXIS2_PLACEMENT_3D('',#14856,#14857,#14858);
#14860=PLANE('',#14859);
#14861=POLY_LOOP('',(#509,#1025,#513));
#14862=FACE_OUTER_BOUND('',#14861,.T.);
#14863=FACE_SURFACE('',(#14862),#14860,.T.);
#14864=CARTESIAN_POINT('',(146.27531433,3.85813904,3.79999995));
#14865=DIRECTION('',(0.44228369,0.89687521,0.));
#14866=DIRECTION('',(0.,0.,-1.));
#14867=AXIS2_PLACEMENT_3D('',#14864,#14865,#14866);
#14868=PLANE('',#14867);
#14869=POLY_LOOP('',(#1029,#513,#1025));
#14870=FACE_OUTER_BOUND('',#14869,.T.);
#14871=FACE_SURFACE('',(#14870),#14868,.T.);
#14872=CARTESIAN_POINT('',(145.31752014,4.41111755,0.));
#14873=DIRECTION('',(0.55557042,0.83146949,0.));
#14874=DIRECTION('',(0.,0.,1.));
#14875=AXIS2_PLACEMENT_3D('',#14872,#14873,#14874);
#14876=PLANE('',#14875);
#14877=POLY_LOOP('',(#506,#1022,#509));
#14878=FACE_OUTER_BOUND('',#14877,.T.);
#14879=FACE_SURFACE('',(#14878),#14876,.T.);
#14880=CARTESIAN_POINT('',(145.77828979,4.10324097,3.79999995));
#14881=DIRECTION('',(0.55557042,0.83146949,0.));
#14882=DIRECTION('',(0.,0.,-1.));
#14883=AXIS2_PLACEMENT_3D('',#14880,#14881,#14882);
#14884=PLANE('',#14883);
#14885=POLY_LOOP('',(#1025,#509,#1022));
#14886=FACE_OUTER_BOUND('',#14885,.T.);
#14887=FACE_SURFACE('',(#14886),#14884,.T.);
#14888=CARTESIAN_POINT('',(144.90086365,4.77651978,0.));
#14889=DIRECTION('',(0.65935018,0.75183598,0.));
#14890=DIRECTION('',(0.,0.,1.));
#14891=AXIS2_PLACEMENT_3D('',#14888,#14889,#14890);
#14892=PLANE('',#14891);
#14893=POLY_LOOP('',(#508,#1020,#506));
#14894=FACE_OUTER_BOUND('',#14893,.T.);
#14895=FACE_SURFACE('',(#14894),#14892,.T.);
#14896=CARTESIAN_POINT('',(145.31752014,4.41111755,3.79999995));
#14897=DIRECTION('',(0.65935018,0.75183598,0.));
#14898=DIRECTION('',(0.,0.,-1.));
#14899=AXIS2_PLACEMENT_3D('',#14896,#14897,#14898);
#14900=PLANE('',#14899);
#14901=POLY_LOOP('',(#1022,#506,#1020));
#14902=FACE_OUTER_BOUND('',#14901,.T.);
#14903=FACE_SURFACE('',(#14902),#14900,.T.);
#14904=CARTESIAN_POINT('',(144.53547668,5.19316101,0.));
#14905=DIRECTION('',(0.75183766,0.65934827,0.));
#14906=DIRECTION('',(0.,0.,1.));
#14907=AXIS2_PLACEMENT_3D('',#14904,#14905,#14906);
#14908=PLANE('',#14907);
#14909=POLY_LOOP('',(#258,#772,#508));
#14910=FACE_OUTER_BOUND('',#14909,.T.);
#14911=FACE_SURFACE('',(#14910),#14908,.T.);
#14912=CARTESIAN_POINT('',(144.90086365,4.77651978,3.79999995));
#14913=DIRECTION('',(0.75183766,0.65934827,0.));
#14914=DIRECTION('',(0.,0.,-1.));
#14915=AXIS2_PLACEMENT_3D('',#14912,#14913,#14914);
#14916=PLANE('',#14915);
#14917=POLY_LOOP('',(#1020,#508,#772));
#14918=FACE_OUTER_BOUND('',#14917,.T.);
#14919=FACE_SURFACE('',(#14918),#14916,.T.);
#14920=CARTESIAN_POINT('',(144.22758484,5.65394592,0.));
#14921=DIRECTION('',(0.83146527,0.55557673,0.));
#14922=DIRECTION('',(0.,0.,1.));
#14923=AXIS2_PLACEMENT_3D('',#14920,#14921,#14922);
#14924=PLANE('',#14923);
#14925=POLY_LOOP('',(#254,#770,#258));
#14926=FACE_OUTER_BOUND('',#14925,.T.);
#14927=FACE_SURFACE('',(#14926),#14924,.T.);
#14928=CARTESIAN_POINT('',(144.53547668,5.19316101,3.79999995));
#14929=DIRECTION('',(0.83146527,0.55557673,0.));
#14930=DIRECTION('',(0.,0.,-1.));
#14931=AXIS2_PLACEMENT_3D('',#14928,#14929,#14930);
#14932=PLANE('',#14931);
#14933=POLY_LOOP('',(#772,#258,#770));
#14934=FACE_OUTER_BOUND('',#14933,.T.);
#14935=FACE_SURFACE('',(#14934),#14932,.T.);
#14936=CARTESIAN_POINT('',(143.98248291,6.15097046,0.));
#14937=DIRECTION('',(0.89687521,0.44228369,0.));
#14938=DIRECTION('',(0.,0.,1.));
#14939=AXIS2_PLACEMENT_3D('',#14936,#14937,#14938);
#14940=PLANE('',#14939);
#14941=POLY_LOOP('',(#527,#1041,#254));
#14942=FACE_OUTER_BOUND('',#14941,.T.);
#14943=FACE_SURFACE('',(#14942),#14940,.T.);
#14944=CARTESIAN_POINT('',(144.22758484,5.65394592,3.79999995));
#14945=DIRECTION('',(0.89687521,0.44228369,0.));
#14946=DIRECTION('',(0.,0.,-1.));
#14947=AXIS2_PLACEMENT_3D('',#14944,#14945,#14946);
#14948=PLANE('',#14947);
#14949=POLY_LOOP('',(#770,#254,#1041));
#14950=FACE_OUTER_BOUND('',#14949,.T.);
#14951=FACE_SURFACE('',(#14950),#14948,.T.);
#14952=CARTESIAN_POINT('',(143.80435181,6.67573547,0.));
#14953=DIRECTION('',(0.94693157,0.32143523,0.));
#14954=DIRECTION('',(0.,0.,1.));
#14955=AXIS2_PLACEMENT_3D('',#14952,#14953,#14954);
#14956=PLANE('',#14955);
#14957=POLY_LOOP('',(#242,#756,#527));
#14958=FACE_OUTER_BOUND('',#14957,.T.);
#14959=FACE_SURFACE('',(#14958),#14956,.T.);
#14960=CARTESIAN_POINT('',(143.98248291,6.15097046,3.79999995));
#14961=DIRECTION('',(0.94693157,0.32143523,0.));
#14962=DIRECTION('',(0.,0.,-1.));
#14963=AXIS2_PLACEMENT_3D('',#14960,#14961,#14962);
#14964=PLANE('',#14963);
#14965=POLY_LOOP('',(#1041,#527,#756));
#14966=FACE_OUTER_BOUND('',#14965,.T.);
#14967=FACE_SURFACE('',(#14966),#14964,.T.);
#14968=CARTESIAN_POINT('',(143.69624329,7.21925354,0.));
#14969=DIRECTION('',(0.98078664,0.19508347,0.));
#14970=DIRECTION('',(0.,0.,1.));
#14971=AXIS2_PLACEMENT_3D('',#14968,#14969,#14970);
#14972=PLANE('',#14971);
#14973=POLY_LOOP('',(#241,#757,#242));
#14974=FACE_OUTER_BOUND('',#14973,.T.);
#14975=FACE_SURFACE('',(#14974),#14972,.T.);
#14976=CARTESIAN_POINT('',(143.80435181,6.67573547,3.79999995));
#14977=DIRECTION('',(0.98078664,0.19508347,0.));
#14978=DIRECTION('',(0.,0.,-1.));
#14979=AXIS2_PLACEMENT_3D('',#14976,#14977,#14978);
#14980=PLANE('',#14979);
#14981=POLY_LOOP('',(#756,#242,#757));
#14982=FACE_OUTER_BOUND('',#14981,.T.);
#14983=FACE_SURFACE('',(#14982),#14980,.T.);
#14984=CARTESIAN_POINT('',(143.6599884,7.77224731,0.));
#14985=DIRECTION('',(0.99785777,0.06542066,0.));
#14986=DIRECTION('',(0.,0.,1.));
#14987=AXIS2_PLACEMENT_3D('',#14984,#14985,#14986);
#14988=PLANE('',#14987);
#14989=POLY_LOOP('',(#436,#949,#241));
#14990=FACE_OUTER_BOUND('',#14989,.T.);
#14991=FACE_SURFACE('',(#14990),#14988,.T.);
#14992=CARTESIAN_POINT('',(143.69624329,7.21925354,3.79999995));
#14993=DIRECTION('',(0.99785777,0.06542066,0.));
#14994=DIRECTION('',(0.,0.,-1.));
#14995=AXIS2_PLACEMENT_3D('',#14992,#14993,#14994);
#14996=PLANE('',#14995);
#14997=POLY_LOOP('',(#757,#241,#949));
#14998=FACE_OUTER_BOUND('',#14997,.T.);
#14999=FACE_SURFACE('',(#14998),#14996,.T.);
#15000=CARTESIAN_POINT('',(143.69624329,8.32522583,0.));
#15001=DIRECTION('',(0.99785766,-0.06542246,0.));
#15002=DIRECTION('',(0.,0.,1.));
#15003=AXIS2_PLACEMENT_3D('',#15000,#15001,#15002);
#15004=PLANE('',#15003);
#15005=POLY_LOOP('',(#364,#879,#436));
#15006=FACE_OUTER_BOUND('',#15005,.T.);
#15007=FACE_SURFACE('',(#15006),#15004,.T.);
#15008=CARTESIAN_POINT('',(143.6599884,7.77224731,3.79999995));
#15009=DIRECTION('',(0.99785766,-0.06542246,0.));
#15010=DIRECTION('',(0.,0.,-1.));
#15011=AXIS2_PLACEMENT_3D('',#15008,#15009,#15010);
#15012=PLANE('',#15011);
#15013=POLY_LOOP('',(#949,#436,#879));
#15014=FACE_OUTER_BOUND('',#15013,.T.);
#15015=FACE_SURFACE('',(#15014),#15012,.T.);
#15016=CARTESIAN_POINT('',(143.80435181,8.86875916,0.));
#15017=DIRECTION('',(0.98078769,-0.19507821,0.));
#15018=DIRECTION('',(0.,0.,1.));
#15019=AXIS2_PLACEMENT_3D('',#15016,#15017,#15018);
#15020=PLANE('',#15019);
#15021=POLY_LOOP('',(#362,#876,#364));
#15022=FACE_OUTER_BOUND('',#15021,.T.);
#15023=FACE_SURFACE('',(#15022),#15020,.T.);
#15024=CARTESIAN_POINT('',(143.69624329,8.32522583,3.79999995));
#15025=DIRECTION('',(0.98078769,-0.19507821,0.));
#15026=DIRECTION('',(0.,0.,-1.));
#15027=AXIS2_PLACEMENT_3D('',#15024,#15025,#15026);
#15028=PLANE('',#15027);
#15029=POLY_LOOP('',(#879,#364,#876));
#15030=FACE_OUTER_BOUND('',#15029,.T.);
#15031=FACE_SURFACE('',(#15030),#15028,.T.);
#15032=CARTESIAN_POINT('',(143.98248291,9.39352417,0.));
#15033=DIRECTION('',(0.94693157,-0.32143523,0.));
#15034=DIRECTION('',(0.,0.,1.));
#15035=AXIS2_PLACEMENT_3D('',#15032,#15033,#15034);
#15036=PLANE('',#15035);
#15037=POLY_LOOP('',(#360,#874,#362));
#15038=FACE_OUTER_BOUND('',#15037,.T.);
#15039=FACE_SURFACE('',(#15038),#15036,.T.);
#15040=CARTESIAN_POINT('',(143.80435181,8.86875916,3.79999995));
#15041=DIRECTION('',(0.94693157,-0.32143523,0.));
#15042=DIRECTION('',(0.,0.,-1.));
#15043=AXIS2_PLACEMENT_3D('',#15040,#15041,#15042);
#15044=PLANE('',#15043);
#15045=POLY_LOOP('',(#876,#362,#874));
#15046=FACE_OUTER_BOUND('',#15045,.T.);
#15047=FACE_SURFACE('',(#15046),#15044,.T.);
#15048=CARTESIAN_POINT('',(144.22758484,9.89054871,0.));
#15049=DIRECTION('',(0.89687521,-0.44228369,0.));
#15050=DIRECTION('',(0.,0.,1.));
#15051=AXIS2_PLACEMENT_3D('',#15048,#15049,#15050);
#15052=PLANE('',#15051);
#15053=POLY_LOOP('',(#357,#871,#360));
#15054=FACE_OUTER_BOUND('',#15053,.T.);
#15055=FACE_SURFACE('',(#15054),#15052,.T.);
#15056=CARTESIAN_POINT('',(143.98248291,9.39352417,3.79999995));
#15057=DIRECTION('',(0.89687521,-0.44228369,0.));
#15058=DIRECTION('',(0.,0.,-1.));
#15059=AXIS2_PLACEMENT_3D('',#15056,#15057,#15058);
#15060=PLANE('',#15059);
#15061=POLY_LOOP('',(#874,#360,#871));
#15062=FACE_OUTER_BOUND('',#15061,.T.);
#15063=FACE_SURFACE('',(#15062),#15060,.T.);
#15064=CARTESIAN_POINT('',(144.53547668,10.35131836,0.));
#15065=DIRECTION('',(0.83145677,-0.55558945,0.));
#15066=DIRECTION('',(0.,0.,1.));
#15067=AXIS2_PLACEMENT_3D('',#15064,#15065,#15066);
#15068=PLANE('',#15067);
#15069=POLY_LOOP('',(#355,#867,#357));
#15070=FACE_OUTER_BOUND('',#15069,.T.);
#15071=FACE_SURFACE('',(#15070),#15068,.T.);
#15072=CARTESIAN_POINT('',(144.22758484,9.89054871,3.79999995));
#15073=DIRECTION('',(0.83145677,-0.55558945,0.));
#15074=DIRECTION('',(0.,0.,-1.));
#15075=AXIS2_PLACEMENT_3D('',#15072,#15073,#15074);
#15076=PLANE('',#15075);
#15077=POLY_LOOP('',(#871,#357,#867));
#15078=FACE_OUTER_BOUND('',#15077,.T.);
#15079=FACE_SURFACE('',(#15078),#15076,.T.);
#15080=CARTESIAN_POINT('',(144.90086365,10.76797485,0.));
#15081=DIRECTION('',(0.75184963,-0.65933462,0.));
#15082=DIRECTION('',(0.,0.,1.));
#15083=AXIS2_PLACEMENT_3D('',#15080,#15081,#15082);
#15084=PLANE('',#15083);
#15085=POLY_LOOP('',(#306,#820,#355));
#15086=FACE_OUTER_BOUND('',#15085,.T.);
#15087=FACE_SURFACE('',(#15086),#15084,.T.);
#15088=CARTESIAN_POINT('',(144.53547668,10.35131836,3.79999995));
#15089=DIRECTION('',(0.75184963,-0.65933462,0.));
#15090=DIRECTION('',(0.,0.,-1.));
#15091=AXIS2_PLACEMENT_3D('',#15088,#15089,#15090);
#15092=PLANE('',#15091);
#15093=POLY_LOOP('',(#867,#355,#820));
#15094=FACE_OUTER_BOUND('',#15093,.T.);
#15095=FACE_SURFACE('',(#15094),#15092,.T.);
#15096=CARTESIAN_POINT('',(145.31752014,11.13336182,0.));
#15097=DIRECTION('',(0.65933462,-0.75184963,0.));
#15098=DIRECTION('',(0.,0.,1.));
#15099=AXIS2_PLACEMENT_3D('',#15096,#15097,#15098);
#15100=PLANE('',#15099);
#15101=POLY_LOOP('',(#352,#865,#306));
#15102=FACE_OUTER_BOUND('',#15101,.T.);
#15103=FACE_SURFACE('',(#15102),#15100,.T.);
#15104=CARTESIAN_POINT('',(144.90086365,10.76797485,3.79999995));
#15105=DIRECTION('',(0.65933462,-0.75184963,0.));
#15106=DIRECTION('',(0.,0.,-1.));
#15107=AXIS2_PLACEMENT_3D('',#15104,#15105,#15106);
#15108=PLANE('',#15107);
#15109=POLY_LOOP('',(#820,#306,#865));
#15110=FACE_OUTER_BOUND('',#15109,.T.);
#15111=FACE_SURFACE('',(#15110),#15108,.T.);
#15112=CARTESIAN_POINT('',(145.77828979,11.4412384,0.));
#15113=DIRECTION('',(0.55557042,-0.83146949,0.));
#15114=DIRECTION('',(0.,0.,1.));
#15115=AXIS2_PLACEMENT_3D('',#15112,#15113,#15114);
#15116=PLANE('',#15115);
#15117=POLY_LOOP('',(#350,#862,#352));
#15118=FACE_OUTER_BOUND('',#15117,.T.);
#15119=FACE_SURFACE('',(#15118),#15116,.T.);
#15120=CARTESIAN_POINT('',(145.31752014,11.13336182,3.79999995));
#15121=DIRECTION('',(0.55557042,-0.83146949,0.));
#15122=DIRECTION('',(0.,0.,-1.));
#15123=AXIS2_PLACEMENT_3D('',#15120,#15121,#15122);
#15124=PLANE('',#15123);
#15125=POLY_LOOP('',(#865,#352,#862));
#15126=FACE_OUTER_BOUND('',#15125,.T.);
#15127=FACE_SURFACE('',(#15126),#15124,.T.);
#15128=CARTESIAN_POINT('',(146.27531433,11.68635559,0.));
#15129=DIRECTION('',(0.44230583,-0.89686429,0.));
#15130=DIRECTION('',(0.,0.,1.));
#15131=AXIS2_PLACEMENT_3D('',#15128,#15129,#15130);
#15132=PLANE('',#15131);
#15133=POLY_LOOP('',(#346,#861,#350));
#15134=FACE_OUTER_BOUND('',#15133,.T.);
#15135=FACE_SURFACE('',(#15134),#15132,.T.);
#15136=CARTESIAN_POINT('',(145.77828979,11.4412384,3.79999995));
#15137=DIRECTION('',(0.44230583,-0.89686429,0.));
#15138=DIRECTION('',(0.,0.,-1.));
#15139=AXIS2_PLACEMENT_3D('',#15136,#15137,#15138);
#15140=PLANE('',#15139);
#15141=POLY_LOOP('',(#862,#350,#861));
#15142=FACE_OUTER_BOUND('',#15141,.T.);
#15143=FACE_SURFACE('',(#15142),#15140,.T.);
#15144=CARTESIAN_POINT('',(146.80007935,11.86448669,0.));
#15145=DIRECTION('',(0.32143523,-0.94693157,0.));
#15146=DIRECTION('',(0.,0.,1.));
#15147=AXIS2_PLACEMENT_3D('',#15144,#15145,#15146);
#15148=PLANE('',#15147);
#15149=POLY_LOOP('',(#344,#859,#346));
#15150=FACE_OUTER_BOUND('',#15149,.T.);
#15151=FACE_SURFACE('',(#15150),#15148,.T.);
#15152=CARTESIAN_POINT('',(146.27531433,11.68635559,3.79999995));
#15153=DIRECTION('',(0.32143523,-0.94693157,0.));
#15154=DIRECTION('',(0.,0.,-1.));
#15155=AXIS2_PLACEMENT_3D('',#15152,#15153,#15154);
#15156=PLANE('',#15155);
#15157=POLY_LOOP('',(#861,#346,#859));
#15158=FACE_OUTER_BOUND('',#15157,.T.);
#15159=FACE_SURFACE('',(#15158),#15156,.T.);
#15160=CARTESIAN_POINT('',(147.34361267,11.97259521,0.));
#15161=DIRECTION('',(0.19507821,-0.98078769,0.));
#15162=DIRECTION('',(0.,0.,1.));
#15163=AXIS2_PLACEMENT_3D('',#15160,#15161,#15162);
#15164=PLANE('',#15163);
#15165=POLY_LOOP('',(#341,#857,#344));
#15166=FACE_OUTER_BOUND('',#15165,.T.);
#15167=FACE_SURFACE('',(#15166),#15164,.T.);
#15168=CARTESIAN_POINT('',(146.80007935,11.86448669,3.79999995));
#15169=DIRECTION('',(0.19507821,-0.98078769,0.));
#15170=DIRECTION('',(0.,0.,-1.));
#15171=AXIS2_PLACEMENT_3D('',#15168,#15169,#15170);
#15172=PLANE('',#15171);
#15173=POLY_LOOP('',(#859,#344,#857));
#15174=FACE_OUTER_BOUND('',#15173,.T.);
#15175=FACE_SURFACE('',(#15174),#15172,.T.);
#15176=CARTESIAN_POINT('',(147.89659119,12.00883484,0.));
#15177=DIRECTION('',(0.06539504,-0.99785945,0.));
#15178=DIRECTION('',(0.,0.,1.));
#15179=AXIS2_PLACEMENT_3D('',#15176,#15177,#15178);
#15180=PLANE('',#15179);
#15181=POLY_LOOP('',(#339,#853,#341));
#15182=FACE_OUTER_BOUND('',#15181,.T.);
#15183=FACE_SURFACE('',(#15182),#15180,.T.);
#15184=CARTESIAN_POINT('',(147.34361267,11.97259521,3.79999995));
#15185=DIRECTION('',(0.06539504,-0.99785945,0.));
#15186=DIRECTION('',(0.,0.,-1.));
#15187=AXIS2_PLACEMENT_3D('',#15184,#15185,#15186);
#15188=PLANE('',#15187);
#15189=POLY_LOOP('',(#857,#341,#853));
#15190=FACE_OUTER_BOUND('',#15189,.T.);
#15191=FACE_SURFACE('',(#15190),#15188,.T.);
#15192=CARTESIAN_POINT('',(152.36338806,12.00883484,0.));
#15193=DIRECTION('',(0.,-1.,0.));
#15194=DIRECTION('',(0.,0.,1.));
#15195=AXIS2_PLACEMENT_3D('',#15192,#15193,#15194);
#15196=PLANE('',#15195);
#15197=POLY_LOOP('',(#437,#951,#339));
#15198=FACE_OUTER_BOUND('',#15197,.T.);
#15199=FACE_SURFACE('',(#15198),#15196,.T.);
#15200=CARTESIAN_POINT('',(147.89659119,12.00883484,3.79999995));
#15201=DIRECTION('',(0.,-1.,0.));
#15202=DIRECTION('',(0.,0.,-1.));
#15203=AXIS2_PLACEMENT_3D('',#15200,#15201,#15202);
#15204=PLANE('',#15203);
#15205=POLY_LOOP('',(#853,#339,#951));
#15206=FACE_OUTER_BOUND('',#15205,.T.);
#15207=FACE_SURFACE('',(#15206),#15204,.T.);
#15208=CARTESIAN_POINT('',(152.91638184,11.97259521,0.));
#15209=DIRECTION('',(-0.06539324,-0.99785957,0.));
#15210=DIRECTION('',(0.,0.,1.));
#15211=AXIS2_PLACEMENT_3D('',#15208,#15209,#15210);
#15212=PLANE('',#15211);
#15213=POLY_LOOP('',(#438,#952,#437));
#15214=FACE_OUTER_BOUND('',#15213,.T.);
#15215=FACE_SURFACE('',(#15214),#15212,.T.);
#15216=CARTESIAN_POINT('',(152.36338806,12.00883484,3.79999995));
#15217=DIRECTION('',(-0.06539324,-0.99785957,0.));
#15218=DIRECTION('',(0.,0.,-1.));
#15219=AXIS2_PLACEMENT_3D('',#15216,#15217,#15218);
#15220=PLANE('',#15219);
#15221=POLY_LOOP('',(#951,#437,#952));
#15222=FACE_OUTER_BOUND('',#15221,.T.);
#15223=FACE_SURFACE('',(#15222),#15220,.T.);
#15224=CARTESIAN_POINT('',(153.4598999,11.86448669,0.));
#15225=DIRECTION('',(-0.19508347,-0.98078664,0.));
#15226=DIRECTION('',(0.,0.,1.));
#15227=AXIS2_PLACEMENT_3D('',#15224,#15225,#15226);
#15228=PLANE('',#15227);
#15229=POLY_LOOP('',(#422,#937,#438));
#15230=FACE_OUTER_BOUND('',#15229,.T.);
#15231=FACE_SURFACE('',(#15230),#15228,.T.);
#15232=CARTESIAN_POINT('',(152.91638184,11.97259521,3.79999995));
#15233=DIRECTION('',(-0.19508347,-0.98078664,0.));
#15234=DIRECTION('',(0.,0.,-1.));
#15235=AXIS2_PLACEMENT_3D('',#15232,#15233,#15234);
#15236=PLANE('',#15235);
#15237=POLY_LOOP('',(#952,#438,#937));
#15238=FACE_OUTER_BOUND('',#15237,.T.);
#15239=FACE_SURFACE('',(#15238),#15236,.T.);
#15240=CARTESIAN_POINT('',(153.98466492,11.68635559,0.));
#15241=DIRECTION('',(-0.32143523,-0.94693157,0.));
#15242=DIRECTION('',(0.,0.,1.));
#15243=AXIS2_PLACEMENT_3D('',#15240,#15241,#15242);
#15244=PLANE('',#15243);
#15245=POLY_LOOP('',(#423,#936,#422));
#15246=FACE_OUTER_BOUND('',#15245,.T.);
#15247=FACE_SURFACE('',(#15246),#15244,.T.);
#15248=CARTESIAN_POINT('',(153.4598999,11.86448669,3.79999995));
#15249=DIRECTION('',(-0.32143523,-0.94693157,0.));
#15250=DIRECTION('',(0.,0.,-1.));
#15251=AXIS2_PLACEMENT_3D('',#15248,#15249,#15250);
#15252=PLANE('',#15251);
#15253=POLY_LOOP('',(#937,#422,#936));
#15254=FACE_OUTER_BOUND('',#15253,.T.);
#15255=FACE_SURFACE('',(#15254),#15252,.T.);
#15256=CARTESIAN_POINT('',(154.48168945,11.4412384,0.));
#15257=DIRECTION('',(-0.44230583,-0.89686429,0.));
#15258=DIRECTION('',(0.,0.,1.));
#15259=AXIS2_PLACEMENT_3D('',#15256,#15257,#15258);
#15260=PLANE('',#15259);
#15261=POLY_LOOP('',(#441,#953,#423));
#15262=FACE_OUTER_BOUND('',#15261,.T.);
#15263=FACE_SURFACE('',(#15262),#15260,.T.);
#15264=CARTESIAN_POINT('',(153.98466492,11.68635559,3.79999995));
#15265=DIRECTION('',(-0.44230583,-0.89686429,0.));
#15266=DIRECTION('',(0.,0.,-1.));
#15267=AXIS2_PLACEMENT_3D('',#15264,#15265,#15266);
#15268=PLANE('',#15267);
#15269=POLY_LOOP('',(#936,#423,#953));
#15270=FACE_OUTER_BOUND('',#15269,.T.);
#15271=FACE_SURFACE('',(#15270),#15268,.T.);
#15272=CARTESIAN_POINT('',(154.94247437,11.13336182,0.));
#15273=DIRECTION('',(-0.5555577,-0.83147799,0.));
#15274=DIRECTION('',(0.,0.,1.));
#15275=AXIS2_PLACEMENT_3D('',#15272,#15273,#15274);
#15276=PLANE('',#15275);
#15277=POLY_LOOP('',(#443,#956,#441));
#15278=FACE_OUTER_BOUND('',#15277,.T.);
#15279=FACE_SURFACE('',(#15278),#15276,.T.);
#15280=CARTESIAN_POINT('',(154.48168945,11.4412384,3.79999995));
#15281=DIRECTION('',(-0.5555577,-0.83147799,0.));
#15282=DIRECTION('',(0.,0.,-1.));
#15283=AXIS2_PLACEMENT_3D('',#15280,#15281,#15282);
#15284=PLANE('',#15283);
#15285=POLY_LOOP('',(#953,#441,#956));
#15286=FACE_OUTER_BOUND('',#15285,.T.);
#15287=FACE_SURFACE('',(#15286),#15284,.T.);
#15288=CARTESIAN_POINT('',(155.3591156,10.76797485,0.));
#15289=DIRECTION('',(-0.65934827,-0.75183766,0.));
#15290=DIRECTION('',(0.,0.,1.));
#15291=AXIS2_PLACEMENT_3D('',#15288,#15289,#15290);
#15292=PLANE('',#15291);
#15293=POLY_LOOP('',(#445,#958,#443));
#15294=FACE_OUTER_BOUND('',#15293,.T.);
#15295=FACE_SURFACE('',(#15294),#15292,.T.);
#15296=CARTESIAN_POINT('',(154.94247437,11.13336182,3.79999995));
#15297=DIRECTION('',(-0.65934827,-0.75183766,0.));
#15298=DIRECTION('',(0.,0.,-1.));
#15299=AXIS2_PLACEMENT_3D('',#15296,#15297,#15298);
#15300=PLANE('',#15299);
#15301=POLY_LOOP('',(#956,#443,#958));
#15302=FACE_OUTER_BOUND('',#15301,.T.);
#15303=FACE_SURFACE('',(#15302),#15300,.T.);
#15304=CARTESIAN_POINT('',(155.72451782,10.35131836,0.));
#15305=DIRECTION('',(-0.75183598,-0.65935018,0.));
#15306=DIRECTION('',(0.,0.,1.));
#15307=AXIS2_PLACEMENT_3D('',#15304,#15305,#15306);
#15308=PLANE('',#15307);
#15309=POLY_LOOP('',(#444,#959,#445));
#15310=FACE_OUTER_BOUND('',#15309,.T.);
#15311=FACE_SURFACE('',(#15310),#15308,.T.);
#15312=CARTESIAN_POINT('',(155.3591156,10.76797485,3.79999995));
#15313=DIRECTION('',(-0.75183598,-0.65935018,0.));
#15314=DIRECTION('',(0.,0.,-1.));
#15315=AXIS2_PLACEMENT_3D('',#15312,#15313,#15314);
#15316=PLANE('',#15315);
#15317=POLY_LOOP('',(#958,#445,#959));
#15318=FACE_OUTER_BOUND('',#15317,.T.);
#15319=FACE_SURFACE('',(#15318),#15316,.T.);
#15320=CARTESIAN_POINT('',(155.8999939,10.08869934,0.));
#15321=DIRECTION('',(-0.83147012,-0.55556948,0.));
#15322=DIRECTION('',(0.,0.,1.));
#15323=AXIS2_PLACEMENT_3D('',#15320,#15321,#15322);
#15324=PLANE('',#15323);
#15325=POLY_LOOP('',(#447,#961,#444));
#15326=FACE_OUTER_BOUND('',#15325,.T.);
#15327=FACE_SURFACE('',(#15326),#15324,.T.);
#15328=CARTESIAN_POINT('',(155.72451782,10.35131836,3.79999995));
#15329=DIRECTION('',(-0.83147012,-0.55556948,0.));
#15330=DIRECTION('',(0.,0.,-1.));
#15331=AXIS2_PLACEMENT_3D('',#15328,#15329,#15330);
#15332=PLANE('',#15331);
#15333=POLY_LOOP('',(#959,#444,#961));
#15334=FACE_OUTER_BOUND('',#15333,.T.);
#15335=FACE_SURFACE('',(#15334),#15332,.T.);
#15336=CARTESIAN_POINT('',(156.07546997,10.35131836,0.));
#15337=DIRECTION('',(0.83147012,-0.55556948,0.));
#15338=DIRECTION('',(0.,0.,1.));
#15339=AXIS2_PLACEMENT_3D('',#15336,#15337,#15338);
#15340=PLANE('',#15339);
#15341=POLY_LOOP('',(#446,#960,#447));
#15342=FACE_OUTER_BOUND('',#15341,.T.);
#15343=FACE_SURFACE('',(#15342),#15340,.T.);
#15344=CARTESIAN_POINT('',(155.8999939,10.08869934,3.79999995));
#15345=DIRECTION('',(0.83147012,-0.55556948,0.));
#15346=DIRECTION('',(0.,0.,-1.));
#15347=AXIS2_PLACEMENT_3D('',#15344,#15345,#15346);
#15348=PLANE('',#15347);
#15349=POLY_LOOP('',(#961,#447,#960));
#15350=FACE_OUTER_BOUND('',#15349,.T.);
#15351=FACE_SURFACE('',(#15350),#15348,.T.);
#15352=CARTESIAN_POINT('',(156.44085693,10.76797485,0.));
#15353=DIRECTION('',(0.75184963,-0.65933462,0.));
#15354=DIRECTION('',(0.,0.,1.));
#15355=AXIS2_PLACEMENT_3D('',#15352,#15353,#15354);
#15356=PLANE('',#15355);
#15357=POLY_LOOP('',(#442,#957,#446));
#15358=FACE_OUTER_BOUND('',#15357,.T.);
#15359=FACE_SURFACE('',(#15358),#15356,.T.);
#15360=CARTESIAN_POINT('',(156.07546997,10.35131836,3.79999995));
#15361=DIRECTION('',(0.75184963,-0.65933462,0.));
#15362=DIRECTION('',(0.,0.,-1.));
#15363=AXIS2_PLACEMENT_3D('',#15360,#15361,#15362);
#15364=PLANE('',#15363);
#15365=POLY_LOOP('',(#960,#446,#957));
#15366=FACE_OUTER_BOUND('',#15365,.T.);
#15367=FACE_SURFACE('',(#15366),#15364,.T.);
#15368=CARTESIAN_POINT('',(156.85751343,11.13336182,0.));
#15369=DIRECTION('',(0.65933462,-0.75184963,0.));
#15370=DIRECTION('',(0.,0.,1.));
#15371=AXIS2_PLACEMENT_3D('',#15368,#15369,#15370);
#15372=PLANE('',#15371);
#15373=POLY_LOOP('',(#440,#954,#442));
#15374=FACE_OUTER_BOUND('',#15373,.T.);
#15375=FACE_SURFACE('',(#15374),#15372,.T.);
#15376=CARTESIAN_POINT('',(156.44085693,10.76797485,3.79999995));
#15377=DIRECTION('',(0.65933462,-0.75184963,0.));
#15378=DIRECTION('',(0.,0.,-1.));
#15379=AXIS2_PLACEMENT_3D('',#15376,#15377,#15378);
#15380=PLANE('',#15379);
#15381=POLY_LOOP('',(#957,#442,#954));
#15382=FACE_OUTER_BOUND('',#15381,.T.);
#15383=FACE_SURFACE('',(#15382),#15380,.T.);
#15384=CARTESIAN_POINT('',(157.31829834,11.4412384,0.));
#15385=DIRECTION('',(0.5555577,-0.83147799,0.));
#15386=DIRECTION('',(0.,0.,1.));
#15387=AXIS2_PLACEMENT_3D('',#15384,#15385,#15386);
#15388=PLANE('',#15387);
#15389=POLY_LOOP('',(#439,#955,#440));
#15390=FACE_OUTER_BOUND('',#15389,.T.);
#15391=FACE_SURFACE('',(#15390),#15388,.T.);
#15392=CARTESIAN_POINT('',(156.85751343,11.13336182,3.79999995));
#15393=DIRECTION('',(0.5555577,-0.83147799,0.));
#15394=DIRECTION('',(0.,0.,-1.));
#15395=AXIS2_PLACEMENT_3D('',#15392,#15393,#15394);
#15396=PLANE('',#15395);
#15397=POLY_LOOP('',(#954,#440,#955));
#15398=FACE_OUTER_BOUND('',#15397,.T.);
#15399=FACE_SURFACE('',(#15398),#15396,.T.);
#15400=CARTESIAN_POINT('',(157.81532288,11.68635559,0.));
#15401=DIRECTION('',(0.44230583,-0.89686429,0.));
#15402=DIRECTION('',(0.,0.,1.));
#15403=AXIS2_PLACEMENT_3D('',#15400,#15401,#15402);
#15404=PLANE('',#15403);
#15405=POLY_LOOP('',(#448,#962,#439));
#15406=FACE_OUTER_BOUND('',#15405,.T.);
#15407=FACE_SURFACE('',(#15406),#15404,.T.);
#15408=CARTESIAN_POINT('',(157.31829834,11.4412384,3.79999995));
#15409=DIRECTION('',(0.44230583,-0.89686429,0.));
#15410=DIRECTION('',(0.,0.,-1.));
#15411=AXIS2_PLACEMENT_3D('',#15408,#15409,#15410);
#15412=PLANE('',#15411);
#15413=POLY_LOOP('',(#955,#439,#962));
#15414=FACE_OUTER_BOUND('',#15413,.T.);
#15415=FACE_SURFACE('',(#15414),#15412,.T.);
#15416=CARTESIAN_POINT('',(158.34007263,11.86448669,0.));
#15417=DIRECTION('',(0.32144361,-0.94692872,0.));
#15418=DIRECTION('',(0.,0.,1.));
#15419=AXIS2_PLACEMENT_3D('',#15416,#15417,#15418);
#15420=PLANE('',#15419);
#15421=POLY_LOOP('',(#449,#963,#448));
#15422=FACE_OUTER_BOUND('',#15421,.T.);
#15423=FACE_SURFACE('',(#15422),#15420,.T.);
#15424=CARTESIAN_POINT('',(157.81532288,11.68635559,3.79999995));
#15425=DIRECTION('',(0.32144361,-0.94692872,0.));
#15426=DIRECTION('',(0.,0.,-1.));
#15427=AXIS2_PLACEMENT_3D('',#15424,#15425,#15426);
#15428=PLANE('',#15427);
#15429=POLY_LOOP('',(#962,#448,#963));
#15430=FACE_OUTER_BOUND('',#15429,.T.);
#15431=FACE_SURFACE('',(#15430),#15428,.T.);
#15432=CARTESIAN_POINT('',(158.88360596,11.97259521,0.));
#15433=DIRECTION('',(0.19507821,-0.98078769,0.));
#15434=DIRECTION('',(0.,0.,1.));
#15435=AXIS2_PLACEMENT_3D('',#15432,#15433,#15434);
#15436=PLANE('',#15435);
#15437=POLY_LOOP('',(#232,#747,#449));
#15438=FACE_OUTER_BOUND('',#15437,.T.);
#15439=FACE_SURFACE('',(#15438),#15436,.T.);
#15440=CARTESIAN_POINT('',(158.34007263,11.86448669,3.79999995));
#15441=DIRECTION('',(0.19507821,-0.98078769,0.));
#15442=DIRECTION('',(0.,0.,-1.));
#15443=AXIS2_PLACEMENT_3D('',#15440,#15441,#15442);
#15444=PLANE('',#15443);
#15445=POLY_LOOP('',(#963,#449,#747));
#15446=FACE_OUTER_BOUND('',#15445,.T.);
#15447=FACE_SURFACE('',(#15446),#15444,.T.);
#15448=CARTESIAN_POINT('',(159.43659973,12.00883484,0.));
#15449=DIRECTION('',(0.06539324,-0.99785957,0.));
#15450=DIRECTION('',(0.,0.,1.));
#15451=AXIS2_PLACEMENT_3D('',#15448,#15449,#15450);
#15452=PLANE('',#15451);
#15453=POLY_LOOP('',(#233,#746,#232));
#15454=FACE_OUTER_BOUND('',#15453,.T.);
#15455=FACE_SURFACE('',(#15454),#15452,.T.);
#15456=CARTESIAN_POINT('',(158.88360596,11.97259521,3.79999995));
#15457=DIRECTION('',(0.06539324,-0.99785957,0.));
#15458=DIRECTION('',(0.,0.,-1.));
#15459=AXIS2_PLACEMENT_3D('',#15456,#15457,#15458);
#15460=PLANE('',#15459);
#15461=POLY_LOOP('',(#747,#232,#746));
#15462=FACE_OUTER_BOUND('',#15461,.T.);
#15463=FACE_SURFACE('',(#15462),#15460,.T.);
#15464=CARTESIAN_POINT('',(163.90339661,12.00883484,0.));
#15465=DIRECTION('',(0.,-1.,0.));
#15466=DIRECTION('',(0.,0.,1.));
#15467=AXIS2_PLACEMENT_3D('',#15464,#15465,#15466);
#15468=PLANE('',#15467);
#15469=POLY_LOOP('',(#450,#964,#233));
#15470=FACE_OUTER_BOUND('',#15469,.T.);
#15471=FACE_SURFACE('',(#15470),#15468,.T.);
#15472=CARTESIAN_POINT('',(159.43659973,12.00883484,3.79999995));
#15473=DIRECTION('',(0.,-1.,0.));
#15474=DIRECTION('',(0.,0.,-1.));
#15475=AXIS2_PLACEMENT_3D('',#15472,#15473,#15474);
#15476=PLANE('',#15475);
#15477=POLY_LOOP('',(#746,#233,#964));
#15478=FACE_OUTER_BOUND('',#15477,.T.);
#15479=FACE_SURFACE('',(#15478),#15476,.T.);
#15480=CARTESIAN_POINT('',(164.45637512,11.97259521,0.));
#15481=DIRECTION('',(-0.06539504,-0.99785945,0.));
#15482=DIRECTION('',(0.,0.,1.));
#15483=AXIS2_PLACEMENT_3D('',#15480,#15481,#15482);
#15484=PLANE('',#15483);
#15485=POLY_LOOP('',(#451,#965,#450));
#15486=FACE_OUTER_BOUND('',#15485,.T.);
#15487=FACE_SURFACE('',(#15486),#15484,.T.);
#15488=CARTESIAN_POINT('',(163.90339661,12.00883484,3.79999995));
#15489=DIRECTION('',(-0.06539504,-0.99785945,0.));
#15490=DIRECTION('',(0.,0.,-1.));
#15491=AXIS2_PLACEMENT_3D('',#15488,#15489,#15490);
#15492=PLANE('',#15491);
#15493=POLY_LOOP('',(#964,#450,#965));
#15494=FACE_OUTER_BOUND('',#15493,.T.);
#15495=FACE_SURFACE('',(#15494),#15492,.T.);
#15496=CARTESIAN_POINT('',(164.99990845,11.86448669,0.));
#15497=DIRECTION('',(-0.19507821,-0.98078769,0.));
#15498=DIRECTION('',(0.,0.,1.));
#15499=AXIS2_PLACEMENT_3D('',#15496,#15497,#15498);
#15500=PLANE('',#15499);
#15501=POLY_LOOP('',(#452,#966,#451));
#15502=FACE_OUTER_BOUND('',#15501,.T.);
#15503=FACE_SURFACE('',(#15502),#15500,.T.);
#15504=CARTESIAN_POINT('',(164.45637512,11.97259521,3.79999995));
#15505=DIRECTION('',(-0.19507821,-0.98078769,0.));
#15506=DIRECTION('',(0.,0.,-1.));
#15507=AXIS2_PLACEMENT_3D('',#15504,#15505,#15506);
#15508=PLANE('',#15507);
#15509=POLY_LOOP('',(#965,#451,#966));
#15510=FACE_OUTER_BOUND('',#15509,.T.);
#15511=FACE_SURFACE('',(#15510),#15508,.T.);
#15512=CARTESIAN_POINT('',(165.52467346,11.68635559,0.));
#15513=DIRECTION('',(-0.32143523,-0.94693157,0.));
#15514=DIRECTION('',(0.,0.,1.));
#15515=AXIS2_PLACEMENT_3D('',#15512,#15513,#15514);
#15516=PLANE('',#15515);
#15517=POLY_LOOP('',(#453,#967,#452));
#15518=FACE_OUTER_BOUND('',#15517,.T.);
#15519=FACE_SURFACE('',(#15518),#15516,.T.);
#15520=CARTESIAN_POINT('',(164.99990845,11.86448669,3.79999995));
#15521=DIRECTION('',(-0.32143523,-0.94693157,0.));
#15522=DIRECTION('',(0.,0.,-1.));
#15523=AXIS2_PLACEMENT_3D('',#15520,#15521,#15522);
#15524=PLANE('',#15523);
#15525=POLY_LOOP('',(#966,#452,#967));
#15526=FACE_OUTER_BOUND('',#15525,.T.);
#15527=FACE_SURFACE('',(#15526),#15524,.T.);
#15528=CARTESIAN_POINT('',(166.021698,11.4412384,0.));
#15529=DIRECTION('',(-0.44230583,-0.89686429,0.));
#15530=DIRECTION('',(0.,0.,1.));
#15531=AXIS2_PLACEMENT_3D('',#15528,#15529,#15530);
#15532=PLANE('',#15531);
#15533=POLY_LOOP('',(#454,#968,#453));
#15534=FACE_OUTER_BOUND('',#15533,.T.);
#15535=FACE_SURFACE('',(#15534),#15532,.T.);
#15536=CARTESIAN_POINT('',(165.52467346,11.68635559,3.79999995));
#15537=DIRECTION('',(-0.44230583,-0.89686429,0.));
#15538=DIRECTION('',(0.,0.,-1.));
#15539=AXIS2_PLACEMENT_3D('',#15536,#15537,#15538);
#15540=PLANE('',#15539);
#15541=POLY_LOOP('',(#967,#453,#968));
#15542=FACE_OUTER_BOUND('',#15541,.T.);
#15543=FACE_SURFACE('',(#15542),#15540,.T.);
#15544=CARTESIAN_POINT('',(166.48246765,11.13336182,0.));
#15545=DIRECTION('',(-0.55557042,-0.83146949,0.));
#15546=DIRECTION('',(0.,0.,1.));
#15547=AXIS2_PLACEMENT_3D('',#15544,#15545,#15546);
#15548=PLANE('',#15547);
#15549=POLY_LOOP('',(#455,#969,#454));
#15550=FACE_OUTER_BOUND('',#15549,.T.);
#15551=FACE_SURFACE('',(#15550),#15548,.T.);
#15552=CARTESIAN_POINT('',(166.021698,11.4412384,3.79999995));
#15553=DIRECTION('',(-0.55557042,-0.83146949,0.));
#15554=DIRECTION('',(0.,0.,-1.));
#15555=AXIS2_PLACEMENT_3D('',#15552,#15553,#15554);
#15556=PLANE('',#15555);
#15557=POLY_LOOP('',(#968,#454,#969));
#15558=FACE_OUTER_BOUND('',#15557,.T.);
#15559=FACE_SURFACE('',(#15558),#15556,.T.);
#15560=CARTESIAN_POINT('',(166.89912415,10.76797485,0.));
#15561=DIRECTION('',(-0.65933462,-0.75184963,0.));
#15562=DIRECTION('',(0.,0.,1.));
#15563=AXIS2_PLACEMENT_3D('',#15560,#15561,#15562);
#15564=PLANE('',#15563);
#15565=POLY_LOOP('',(#456,#970,#455));
#15566=FACE_OUTER_BOUND('',#15565,.T.);
#15567=FACE_SURFACE('',(#15566),#15564,.T.);
#15568=CARTESIAN_POINT('',(166.48246765,11.13336182,3.79999995));
#15569=DIRECTION('',(-0.65933462,-0.75184963,0.));
#15570=DIRECTION('',(0.,0.,-1.));
#15571=AXIS2_PLACEMENT_3D('',#15568,#15569,#15570);
#15572=PLANE('',#15571);
#15573=POLY_LOOP('',(#969,#455,#970));
#15574=FACE_OUTER_BOUND('',#15573,.T.);
#15575=FACE_SURFACE('',(#15574),#15572,.T.);
#15576=CARTESIAN_POINT('',(167.26451111,10.35131836,0.));
#15577=DIRECTION('',(-0.75184963,-0.65933462,0.));
#15578=DIRECTION('',(0.,0.,1.));
#15579=AXIS2_PLACEMENT_3D('',#15576,#15577,#15578);
#15580=PLANE('',#15579);
#15581=POLY_LOOP('',(#457,#971,#456));
#15582=FACE_OUTER_BOUND('',#15581,.T.);
#15583=FACE_SURFACE('',(#15582),#15580,.T.);
#15584=CARTESIAN_POINT('',(166.89912415,10.76797485,3.79999995));
#15585=DIRECTION('',(-0.75184963,-0.65933462,0.));
#15586=DIRECTION('',(0.,0.,-1.));
#15587=AXIS2_PLACEMENT_3D('',#15584,#15585,#15586);
#15588=PLANE('',#15587);
#15589=POLY_LOOP('',(#970,#456,#971));
#15590=FACE_OUTER_BOUND('',#15589,.T.);
#15591=FACE_SURFACE('',(#15590),#15588,.T.);
#15592=CARTESIAN_POINT('',(167.57240295,9.89054871,0.));
#15593=DIRECTION('',(-0.83145677,-0.55558945,0.));
#15594=DIRECTION('',(0.,0.,1.));
#15595=AXIS2_PLACEMENT_3D('',#15592,#15593,#15594);
#15596=PLANE('',#15595);
#15597=POLY_LOOP('',(#458,#972,#457));
#15598=FACE_OUTER_BOUND('',#15597,.T.);
#15599=FACE_SURFACE('',(#15598),#15596,.T.);
#15600=CARTESIAN_POINT('',(167.26451111,10.35131836,3.79999995));
#15601=DIRECTION('',(-0.83145677,-0.55558945,0.));
#15602=DIRECTION('',(0.,0.,-1.));
#15603=AXIS2_PLACEMENT_3D('',#15600,#15601,#15602);
#15604=PLANE('',#15603);
#15605=POLY_LOOP('',(#971,#457,#972));
#15606=FACE_OUTER_BOUND('',#15605,.T.);
#15607=FACE_SURFACE('',(#15606),#15604,.T.);
#15608=CARTESIAN_POINT('',(167.81750488,9.39352417,0.));
#15609=DIRECTION('',(-0.89687521,-0.44228369,0.));
#15610=DIRECTION('',(0.,0.,1.));
#15611=AXIS2_PLACEMENT_3D('',#15608,#15609,#15610);
#15612=PLANE('',#15611);
#15613=POLY_LOOP('',(#459,#973,#458));
#15614=FACE_OUTER_BOUND('',#15613,.T.);
#15615=FACE_SURFACE('',(#15614),#15612,.T.);
#15616=CARTESIAN_POINT('',(167.57240295,9.89054871,3.79999995));
#15617=DIRECTION('',(-0.89687521,-0.44228369,0.));
#15618=DIRECTION('',(0.,0.,-1.));
#15619=AXIS2_PLACEMENT_3D('',#15616,#15617,#15618);
#15620=PLANE('',#15619);
#15621=POLY_LOOP('',(#972,#458,#973));
#15622=FACE_OUTER_BOUND('',#15621,.T.);
#15623=FACE_SURFACE('',(#15622),#15620,.T.);
#15624=CARTESIAN_POINT('',(167.99563599,8.86875916,0.));
#15625=DIRECTION('',(-0.94693157,-0.32143523,0.));
#15626=DIRECTION('',(0.,0.,1.));
#15627=AXIS2_PLACEMENT_3D('',#15624,#15625,#15626);
#15628=PLANE('',#15627);
#15629=POLY_LOOP('',(#460,#974,#459));
#15630=FACE_OUTER_BOUND('',#15629,.T.);
#15631=FACE_SURFACE('',(#15630),#15628,.T.);
#15632=CARTESIAN_POINT('',(167.81750488,9.39352417,3.79999995));
#15633=DIRECTION('',(-0.94693157,-0.32143523,0.));
#15634=DIRECTION('',(0.,0.,-1.));
#15635=AXIS2_PLACEMENT_3D('',#15632,#15633,#15634);
#15636=PLANE('',#15635);
#15637=POLY_LOOP('',(#973,#459,#974));
#15638=FACE_OUTER_BOUND('',#15637,.T.);
#15639=FACE_SURFACE('',(#15638),#15636,.T.);
#15640=CARTESIAN_POINT('',(168.10374451,8.32522583,0.));
#15641=DIRECTION('',(-0.98078769,-0.19507821,0.));
#15642=DIRECTION('',(0.,0.,1.));
#15643=AXIS2_PLACEMENT_3D('',#15640,#15641,#15642);
#15644=PLANE('',#15643);
#15645=POLY_LOOP('',(#462,#975,#460));
#15646=FACE_OUTER_BOUND('',#15645,.T.);
#15647=FACE_SURFACE('',(#15646),#15644,.T.);
#15648=CARTESIAN_POINT('',(167.99563599,8.86875916,3.79999995));
#15649=DIRECTION('',(-0.98078769,-0.19507821,0.));
#15650=DIRECTION('',(0.,0.,-1.));
#15651=AXIS2_PLACEMENT_3D('',#15648,#15649,#15650);
#15652=PLANE('',#15651);
#15653=POLY_LOOP('',(#974,#460,#975));
#15654=FACE_OUTER_BOUND('',#15653,.T.);
#15655=FACE_SURFACE('',(#15654),#15652,.T.);
#15656=CARTESIAN_POINT('',(168.13999939,7.77224731,0.));
#15657=DIRECTION('',(-0.99785766,-0.06542246,0.));
#15658=DIRECTION('',(0.,0.,1.));
#15659=AXIS2_PLACEMENT_3D('',#15656,#15657,#15658);
#15660=PLANE('',#15659);
#15661=POLY_LOOP('',(#461,#976,#462));
#15662=FACE_OUTER_BOUND('',#15661,.T.);
#15663=FACE_SURFACE('',(#15662),#15660,.T.);
#15664=CARTESIAN_POINT('',(168.10374451,8.32522583,3.79999995));
#15665=DIRECTION('',(-0.99785766,-0.06542246,0.));
#15666=DIRECTION('',(0.,0.,-1.));
#15667=AXIS2_PLACEMENT_3D('',#15664,#15665,#15666);
#15668=PLANE('',#15667);
#15669=POLY_LOOP('',(#975,#462,#976));
#15670=FACE_OUTER_BOUND('',#15669,.T.);
#15671=FACE_SURFACE('',(#15670),#15668,.T.);
#15672=CARTESIAN_POINT('',(168.10374451,7.21925354,0.));
#15673=DIRECTION('',(-0.99785777,0.06542066,0.));
#15674=DIRECTION('',(0.,0.,1.));
#15675=AXIS2_PLACEMENT_3D('',#15672,#15673,#15674);
#15676=PLANE('',#15675);
#15677=POLY_LOOP('',(#463,#977,#461));
#15678=FACE_OUTER_BOUND('',#15677,.T.);
#15679=FACE_SURFACE('',(#15678),#15676,.T.);
#15680=CARTESIAN_POINT('',(168.13999939,7.77224731,3.79999995));
#15681=DIRECTION('',(-0.99785777,0.06542066,0.));
#15682=DIRECTION('',(0.,0.,-1.));
#15683=AXIS2_PLACEMENT_3D('',#15680,#15681,#15682);
#15684=PLANE('',#15683);
#15685=POLY_LOOP('',(#976,#461,#977));
#15686=FACE_OUTER_BOUND('',#15685,.T.);
#15687=FACE_SURFACE('',(#15686),#15684,.T.);
#15688=CARTESIAN_POINT('',(167.99563599,6.67573547,0.));
#15689=DIRECTION('',(-0.98078664,0.19508347,0.));
#15690=DIRECTION('',(0.,0.,1.));
#15691=AXIS2_PLACEMENT_3D('',#15688,#15689,#15690);
#15692=PLANE('',#15691);
#15693=POLY_LOOP('',(#464,#978,#463));
#15694=FACE_OUTER_BOUND('',#15693,.T.);
#15695=FACE_SURFACE('',(#15694),#15692,.T.);
#15696=CARTESIAN_POINT('',(168.10374451,7.21925354,3.79999995));
#15697=DIRECTION('',(-0.98078664,0.19508347,0.));
#15698=DIRECTION('',(0.,0.,-1.));
#15699=AXIS2_PLACEMENT_3D('',#15696,#15697,#15698);
#15700=PLANE('',#15699);
#15701=POLY_LOOP('',(#977,#463,#978));
#15702=FACE_OUTER_BOUND('',#15701,.T.);
#15703=FACE_SURFACE('',(#15702),#15700,.T.);
#15704=CARTESIAN_POINT('',(167.81750488,6.15097046,0.));
#15705=DIRECTION('',(-0.94693157,0.32143523,0.));
#15706=DIRECTION('',(0.,0.,1.));
#15707=AXIS2_PLACEMENT_3D('',#15704,#15705,#15706);
#15708=PLANE('',#15707);
#15709=POLY_LOOP('',(#465,#979,#464));
#15710=FACE_OUTER_BOUND('',#15709,.T.);
#15711=FACE_SURFACE('',(#15710),#15708,.T.);
#15712=CARTESIAN_POINT('',(167.99563599,6.67573547,3.79999995));
#15713=DIRECTION('',(-0.94693157,0.32143523,0.));
#15714=DIRECTION('',(0.,0.,-1.));
#15715=AXIS2_PLACEMENT_3D('',#15712,#15713,#15714);
#15716=PLANE('',#15715);
#15717=POLY_LOOP('',(#978,#464,#979));
#15718=FACE_OUTER_BOUND('',#15717,.T.);
#15719=FACE_SURFACE('',(#15718),#15716,.T.);
#15720=CARTESIAN_POINT('',(167.57240295,5.65394592,0.));
#15721=DIRECTION('',(-0.89687521,0.44228369,0.));
#15722=DIRECTION('',(0.,0.,1.));
#15723=AXIS2_PLACEMENT_3D('',#15720,#15721,#15722);
#15724=PLANE('',#15723);
#15725=POLY_LOOP('',(#466,#980,#465));
#15726=FACE_OUTER_BOUND('',#15725,.T.);
#15727=FACE_SURFACE('',(#15726),#15724,.T.);
#15728=CARTESIAN_POINT('',(167.81750488,6.15097046,3.79999995));
#15729=DIRECTION('',(-0.89687521,0.44228369,0.));
#15730=DIRECTION('',(0.,0.,-1.));
#15731=AXIS2_PLACEMENT_3D('',#15728,#15729,#15730);
#15732=PLANE('',#15731);
#15733=POLY_LOOP('',(#979,#465,#980));
#15734=FACE_OUTER_BOUND('',#15733,.T.);
#15735=FACE_SURFACE('',(#15734),#15732,.T.);
#15736=CARTESIAN_POINT('',(167.26451111,5.19316101,0.));
#15737=DIRECTION('',(-0.83146527,0.55557673,0.));
#15738=DIRECTION('',(0.,0.,1.));
#15739=AXIS2_PLACEMENT_3D('',#15736,#15737,#15738);
#15740=PLANE('',#15739);
#15741=POLY_LOOP('',(#467,#981,#466));
#15742=FACE_OUTER_BOUND('',#15741,.T.);
#15743=FACE_SURFACE('',(#15742),#15740,.T.);
#15744=CARTESIAN_POINT('',(167.57240295,5.65394592,3.79999995));
#15745=DIRECTION('',(-0.83146527,0.55557673,0.));
#15746=DIRECTION('',(0.,0.,-1.));
#15747=AXIS2_PLACEMENT_3D('',#15744,#15745,#15746);
#15748=PLANE('',#15747);
#15749=POLY_LOOP('',(#980,#466,#981));
#15750=FACE_OUTER_BOUND('',#15749,.T.);
#15751=FACE_SURFACE('',(#15750),#15748,.T.);
#15752=CARTESIAN_POINT('',(166.89912415,4.77651978,0.));
#15753=DIRECTION('',(-0.75183766,0.65934827,0.));
#15754=DIRECTION('',(0.,0.,1.));
#15755=AXIS2_PLACEMENT_3D('',#15752,#15753,#15754);
#15756=PLANE('',#15755);
#15757=POLY_LOOP('',(#468,#982,#467));
#15758=FACE_OUTER_BOUND('',#15757,.T.);
#15759=FACE_SURFACE('',(#15758),#15756,.T.);
#15760=CARTESIAN_POINT('',(167.26451111,5.19316101,3.79999995));
#15761=DIRECTION('',(-0.75183766,0.65934827,0.));
#15762=DIRECTION('',(0.,0.,-1.));
#15763=AXIS2_PLACEMENT_3D('',#15760,#15761,#15762);
#15764=PLANE('',#15763);
#15765=POLY_LOOP('',(#981,#467,#982));
#15766=FACE_OUTER_BOUND('',#15765,.T.);
#15767=FACE_SURFACE('',(#15766),#15764,.T.);
#15768=CARTESIAN_POINT('',(166.48246765,4.41111755,0.));
#15769=DIRECTION('',(-0.65935018,0.75183598,0.));
#15770=DIRECTION('',(0.,0.,1.));
#15771=AXIS2_PLACEMENT_3D('',#15768,#15769,#15770);
#15772=PLANE('',#15771);
#15773=POLY_LOOP('',(#469,#983,#468));
#15774=FACE_OUTER_BOUND('',#15773,.T.);
#15775=FACE_SURFACE('',(#15774),#15772,.T.);
#15776=CARTESIAN_POINT('',(166.89912415,4.77651978,3.79999995));
#15777=DIRECTION('',(-0.65935018,0.75183598,0.));
#15778=DIRECTION('',(0.,0.,-1.));
#15779=AXIS2_PLACEMENT_3D('',#15776,#15777,#15778);
#15780=PLANE('',#15779);
#15781=POLY_LOOP('',(#982,#468,#983));
#15782=FACE_OUTER_BOUND('',#15781,.T.);
#15783=FACE_SURFACE('',(#15782),#15780,.T.);
#15784=CARTESIAN_POINT('',(166.021698,4.10324097,0.));
#15785=DIRECTION('',(-0.55557042,0.83146949,0.));
#15786=DIRECTION('',(0.,0.,1.));
#15787=AXIS2_PLACEMENT_3D('',#15784,#15785,#15786);
#15788=PLANE('',#15787);
#15789=POLY_LOOP('',(#470,#984,#469));
#15790=FACE_OUTER_BOUND('',#15789,.T.);
#15791=FACE_SURFACE('',(#15790),#15788,.T.);
#15792=CARTESIAN_POINT('',(166.48246765,4.41111755,3.79999995));
#15793=DIRECTION('',(-0.55557042,0.83146949,0.));
#15794=DIRECTION('',(0.,0.,-1.));
#15795=AXIS2_PLACEMENT_3D('',#15792,#15793,#15794);
#15796=PLANE('',#15795);
#15797=POLY_LOOP('',(#983,#469,#984));
#15798=FACE_OUTER_BOUND('',#15797,.T.);
#15799=FACE_SURFACE('',(#15798),#15796,.T.);
#15800=CARTESIAN_POINT('',(165.52467346,3.85813904,0.));
#15801=DIRECTION('',(-0.44228369,0.89687521,0.));
#15802=DIRECTION('',(0.,0.,1.));
#15803=AXIS2_PLACEMENT_3D('',#15800,#15801,#15802);
#15804=PLANE('',#15803);
#15805=POLY_LOOP('',(#471,#985,#470));
#15806=FACE_OUTER_BOUND('',#15805,.T.);
#15807=FACE_SURFACE('',(#15806),#15804,.T.);
#15808=CARTESIAN_POINT('',(166.021698,4.10324097,3.79999995));
#15809=DIRECTION('',(-0.44228369,0.89687521,0.));
#15810=DIRECTION('',(0.,0.,-1.));
#15811=AXIS2_PLACEMENT_3D('',#15808,#15809,#15810);
#15812=PLANE('',#15811);
#15813=POLY_LOOP('',(#984,#470,#985));
#15814=FACE_OUTER_BOUND('',#15813,.T.);
#15815=FACE_SURFACE('',(#15814),#15812,.T.);
#15816=CARTESIAN_POINT('',(164.99990845,3.68000793,0.));
#15817=DIRECTION('',(-0.32143523,0.94693157,0.));
#15818=DIRECTION('',(0.,0.,1.));
#15819=AXIS2_PLACEMENT_3D('',#15816,#15817,#15818);
#15820=PLANE('',#15819);
#15821=POLY_LOOP('',(#472,#986,#471));
#15822=FACE_OUTER_BOUND('',#15821,.T.);
#15823=FACE_SURFACE('',(#15822),#15820,.T.);
#15824=CARTESIAN_POINT('',(165.52467346,3.85813904,3.79999995));
#15825=DIRECTION('',(-0.32143523,0.94693157,0.));
#15826=DIRECTION('',(0.,0.,-1.));
#15827=AXIS2_PLACEMENT_3D('',#15824,#15825,#15826);
#15828=PLANE('',#15827);
#15829=POLY_LOOP('',(#985,#471,#986));
#15830=FACE_OUTER_BOUND('',#15829,.T.);
#15831=FACE_SURFACE('',(#15830),#15828,.T.);
#15832=CARTESIAN_POINT('',(164.45637512,3.57188416,0.));
#15833=DIRECTION('',(-0.19510469,0.98078242,0.));
#15834=DIRECTION('',(0.,0.,1.));
#15835=AXIS2_PLACEMENT_3D('',#15832,#15833,#15834);
#15836=PLANE('',#15835);
#15837=POLY_LOOP('',(#473,#987,#472));
#15838=FACE_OUTER_BOUND('',#15837,.T.);
#15839=FACE_SURFACE('',(#15838),#15836,.T.);
#15840=CARTESIAN_POINT('',(164.99990845,3.68000793,3.79999995));
#15841=DIRECTION('',(-0.19510469,0.98078242,0.));
#15842=DIRECTION('',(0.,0.,-1.));
#15843=AXIS2_PLACEMENT_3D('',#15840,#15841,#15842);
#15844=PLANE('',#15843);
#15845=POLY_LOOP('',(#986,#472,#987));
#15846=FACE_OUTER_BOUND('',#15845,.T.);
#15847=FACE_SURFACE('',(#15846),#15844,.T.);
#15848=CARTESIAN_POINT('',(163.90339661,3.53564453,0.));
#15849=DIRECTION('',(-0.06539504,0.99785945,0.));
#15850=DIRECTION('',(0.,0.,1.));
#15851=AXIS2_PLACEMENT_3D('',#15848,#15849,#15850);
#15852=PLANE('',#15851);
#15853=POLY_LOOP('',(#421,#933,#473));
#15854=FACE_OUTER_BOUND('',#15853,.T.);
#15855=FACE_SURFACE('',(#15854),#15852,.T.);
#15856=CARTESIAN_POINT('',(164.45637512,3.57188416,3.79999995));
#15857=DIRECTION('',(-0.06539504,0.99785945,0.));
#15858=DIRECTION('',(0.,0.,-1.));
#15859=AXIS2_PLACEMENT_3D('',#15856,#15857,#15858);
#15860=PLANE('',#15859);
#15861=POLY_LOOP('',(#987,#473,#933));
#15862=FACE_OUTER_BOUND('',#15861,.T.);
#15863=FACE_SURFACE('',(#15862),#15860,.T.);
#15864=CARTESIAN_POINT('',(159.43659973,3.53564453,0.));
#15865=DIRECTION('',(0.,1.,0.));
#15866=DIRECTION('',(0.,0.,1.));
#15867=AXIS2_PLACEMENT_3D('',#15864,#15865,#15866);
#15868=PLANE('',#15867);
#15869=POLY_LOOP('',(#420,#934,#421));
#15870=FACE_OUTER_BOUND('',#15869,.T.);
#15871=FACE_SURFACE('',(#15870),#15868,.T.);
#15872=CARTESIAN_POINT('',(163.90339661,3.53564453,3.79999995));
#15873=DIRECTION('',(0.,1.,0.));
#15874=DIRECTION('',(0.,0.,-1.));
#15875=AXIS2_PLACEMENT_3D('',#15872,#15873,#15874);
#15876=PLANE('',#15875);
#15877=POLY_LOOP('',(#933,#421,#934));
#15878=FACE_OUTER_BOUND('',#15877,.T.);
#15879=FACE_SURFACE('',(#15878),#15876,.T.);
#15880=CARTESIAN_POINT('',(158.88360596,3.57188416,0.));
#15881=DIRECTION('',(0.06539324,0.99785957,0.));
#15882=DIRECTION('',(0.,0.,1.));
#15883=AXIS2_PLACEMENT_3D('',#15880,#15881,#15882);
#15884=PLANE('',#15883);
#15885=POLY_LOOP('',(#474,#988,#420));
#15886=FACE_OUTER_BOUND('',#15885,.T.);
#15887=FACE_SURFACE('',(#15886),#15884,.T.);
#15888=CARTESIAN_POINT('',(159.43659973,3.53564453,3.79999995));
#15889=DIRECTION('',(0.06539324,0.99785957,0.));
#15890=DIRECTION('',(0.,0.,-1.));
#15891=AXIS2_PLACEMENT_3D('',#15888,#15889,#15890);
#15892=PLANE('',#15891);
#15893=POLY_LOOP('',(#934,#420,#988));
#15894=FACE_OUTER_BOUND('',#15893,.T.);
#15895=FACE_SURFACE('',(#15894),#15892,.T.);
#15896=CARTESIAN_POINT('',(158.34007263,3.68000793,0.));
#15897=DIRECTION('',(0.19510469,0.98078242,0.));
#15898=DIRECTION('',(0.,0.,1.));
#15899=AXIS2_PLACEMENT_3D('',#15896,#15897,#15898);
#15900=PLANE('',#15899);
#15901=POLY_LOOP('',(#476,#991,#474));
#15902=FACE_OUTER_BOUND('',#15901,.T.);
#15903=FACE_SURFACE('',(#15902),#15900,.T.);
#15904=CARTESIAN_POINT('',(158.88360596,3.57188416,3.79999995));
#15905=DIRECTION('',(0.19510469,0.98078242,0.));
#15906=DIRECTION('',(0.,0.,-1.));
#15907=AXIS2_PLACEMENT_3D('',#15904,#15905,#15906);
#15908=PLANE('',#15907);
#15909=POLY_LOOP('',(#988,#474,#991));
#15910=FACE_OUTER_BOUND('',#15909,.T.);
#15911=FACE_SURFACE('',(#15910),#15908,.T.);
#15912=CARTESIAN_POINT('',(157.81532288,3.85813904,0.));
#15913=DIRECTION('',(0.32144361,0.94692872,0.));
#15914=DIRECTION('',(0.,0.,1.));
#15915=AXIS2_PLACEMENT_3D('',#15912,#15913,#15914);
#15916=PLANE('',#15915);
#15917=POLY_LOOP('',(#478,#994,#476));
#15918=FACE_OUTER_BOUND('',#15917,.T.);
#15919=FACE_SURFACE('',(#15918),#15916,.T.);
#15920=CARTESIAN_POINT('',(158.34007263,3.68000793,3.79999995));
#15921=DIRECTION('',(0.32144361,0.94692872,0.));
#15922=DIRECTION('',(0.,0.,-1.));
#15923=AXIS2_PLACEMENT_3D('',#15920,#15921,#15922);
#15924=PLANE('',#15923);
#15925=POLY_LOOP('',(#991,#476,#994));
#15926=FACE_OUTER_BOUND('',#15925,.T.);
#15927=FACE_SURFACE('',(#15926),#15924,.T.);
#15928=CARTESIAN_POINT('',(157.31829834,4.10324097,0.));
#15929=DIRECTION('',(0.44228369,0.89687521,0.));
#15930=DIRECTION('',(0.,0.,1.));
#15931=AXIS2_PLACEMENT_3D('',#15928,#15929,#15930);
#15932=PLANE('',#15931);
#15933=POLY_LOOP('',(#480,#992,#478));
#15934=FACE_OUTER_BOUND('',#15933,.T.);
#15935=FACE_SURFACE('',(#15934),#15932,.T.);
#15936=CARTESIAN_POINT('',(157.81532288,3.85813904,3.79999995));
#15937=DIRECTION('',(0.44228369,0.89687521,0.));
#15938=DIRECTION('',(0.,0.,-1.));
#15939=AXIS2_PLACEMENT_3D('',#15936,#15937,#15938);
#15940=PLANE('',#15939);
#15941=POLY_LOOP('',(#994,#478,#992));
#15942=FACE_OUTER_BOUND('',#15941,.T.);
#15943=FACE_SURFACE('',(#15942),#15940,.T.);
#15944=CARTESIAN_POINT('',(156.85751343,4.41111755,0.));
#15945=DIRECTION('',(0.5555577,0.83147799,0.));
#15946=DIRECTION('',(0.,0.,1.));
#15947=AXIS2_PLACEMENT_3D('',#15944,#15945,#15946);
#15948=PLANE('',#15947);
#15949=POLY_LOOP('',(#482,#995,#480));
#15950=FACE_OUTER_BOUND('',#15949,.T.);
#15951=FACE_SURFACE('',(#15950),#15948,.T.);
#15952=CARTESIAN_POINT('',(157.31829834,4.10324097,3.79999995));
#15953=DIRECTION('',(0.5555577,0.83147799,0.));
#15954=DIRECTION('',(0.,0.,-1.));
#15955=AXIS2_PLACEMENT_3D('',#15952,#15953,#15954);
#15956=PLANE('',#15955);
#15957=POLY_LOOP('',(#992,#480,#995));
#15958=FACE_OUTER_BOUND('',#15957,.T.);
#15959=FACE_SURFACE('',(#15958),#15956,.T.);
#15960=CARTESIAN_POINT('',(156.44085693,4.77651978,0.));
#15961=DIRECTION('',(0.65935018,0.75183598,0.));
#15962=DIRECTION('',(0.,0.,1.));
#15963=AXIS2_PLACEMENT_3D('',#15960,#15961,#15962);
#15964=PLANE('',#15963);
#15965=POLY_LOOP('',(#484,#997,#482));
#15966=FACE_OUTER_BOUND('',#15965,.T.);
#15967=FACE_SURFACE('',(#15966),#15964,.T.);
#15968=CARTESIAN_POINT('',(156.85751343,4.41111755,3.79999995));
#15969=DIRECTION('',(0.65935018,0.75183598,0.));
#15970=DIRECTION('',(0.,0.,-1.));
#15971=AXIS2_PLACEMENT_3D('',#15968,#15969,#15970);
#15972=PLANE('',#15971);
#15973=POLY_LOOP('',(#995,#482,#997));
#15974=FACE_OUTER_BOUND('',#15973,.T.);
#15975=FACE_SURFACE('',(#15974),#15972,.T.);
#15976=CARTESIAN_POINT('',(156.07546997,5.19316101,0.));
#15977=DIRECTION('',(0.75183766,0.65934827,0.));
#15978=DIRECTION('',(0.,0.,1.));
#15979=AXIS2_PLACEMENT_3D('',#15976,#15977,#15978);
#15980=PLANE('',#15979);
#15981=POLY_LOOP('',(#486,#1001,#484));
#15982=FACE_OUTER_BOUND('',#15981,.T.);
#15983=FACE_SURFACE('',(#15982),#15980,.T.);
#15984=CARTESIAN_POINT('',(156.44085693,4.77651978,3.79999995));
#15985=DIRECTION('',(0.75183766,0.65934827,0.));
#15986=DIRECTION('',(0.,0.,-1.));
#15987=AXIS2_PLACEMENT_3D('',#15984,#15985,#15986);
#15988=PLANE('',#15987);
#15989=POLY_LOOP('',(#997,#484,#1001));
#15990=FACE_OUTER_BOUND('',#15989,.T.);
#15991=FACE_SURFACE('',(#15990),#15988,.T.);
#15992=CARTESIAN_POINT('',(155.8999939,5.45579529,0.));
#15993=DIRECTION('',(0.83148503,0.55554716,0.));
#15994=DIRECTION('',(0.,0.,1.));
#15995=AXIS2_PLACEMENT_3D('',#15992,#15993,#15994);
#15996=PLANE('',#15995);
#15997=POLY_LOOP('',(#488,#1002,#486));
#15998=FACE_OUTER_BOUND('',#15997,.T.);
#15999=FACE_SURFACE('',(#15998),#15996,.T.);
#16000=CARTESIAN_POINT('',(156.07546997,5.19316101,3.79999995));
#16001=DIRECTION('',(0.83148503,0.55554716,0.));
#16002=DIRECTION('',(0.,0.,-1.));
#16003=AXIS2_PLACEMENT_3D('',#16000,#16001,#16002);
#16004=PLANE('',#16003);
#16005=POLY_LOOP('',(#1001,#486,#1002));
#16006=FACE_OUTER_BOUND('',#16005,.T.);
#16007=FACE_SURFACE('',(#16006),#16004,.T.);
#16008=CARTESIAN_POINT('',(155.72451782,5.19316101,0.));
#16009=DIRECTION('',(-0.83148503,0.55554716,0.));
#16010=DIRECTION('',(0.,0.,1.));
#16011=AXIS2_PLACEMENT_3D('',#16008,#16009,#16010);
#16012=PLANE('',#16011);
#16013=POLY_LOOP('',(#487,#1000,#488));
#16014=FACE_OUTER_BOUND('',#16013,.T.);
#16015=FACE_SURFACE('',(#16014),#16012,.T.);
#16016=CARTESIAN_POINT('',(155.8999939,5.45579529,3.79999995));
#16017=DIRECTION('',(-0.83148503,0.55554716,0.));
#16018=DIRECTION('',(0.,0.,-1.));
#16019=AXIS2_PLACEMENT_3D('',#16016,#16017,#16018);
#16020=PLANE('',#16019);
#16021=POLY_LOOP('',(#1002,#488,#1000));
#16022=FACE_OUTER_BOUND('',#16021,.T.);
#16023=FACE_SURFACE('',(#16022),#16020,.T.);
#16024=CARTESIAN_POINT('',(155.3591156,4.77651978,0.));
#16025=DIRECTION('',(-0.75182401,0.65936383,0.));
#16026=DIRECTION('',(0.,0.,1.));
#16027=AXIS2_PLACEMENT_3D('',#16024,#16025,#16026);
#16028=PLANE('',#16027);
#16029=POLY_LOOP('',(#485,#999,#487));
#16030=FACE_OUTER_BOUND('',#16029,.T.);
#16031=FACE_SURFACE('',(#16030),#16028,.T.);
#16032=CARTESIAN_POINT('',(155.72451782,5.19316101,3.79999995));
#16033=DIRECTION('',(-0.75182401,0.65936383,0.));
#16034=DIRECTION('',(0.,0.,-1.));
#16035=AXIS2_PLACEMENT_3D('',#16032,#16033,#16034);
#16036=PLANE('',#16035);
#16037=POLY_LOOP('',(#1000,#487,#999));
#16038=FACE_OUTER_BOUND('',#16037,.T.);
#16039=FACE_SURFACE('',(#16038),#16036,.T.);
#16040=CARTESIAN_POINT('',(154.94247437,4.41111755,0.));
#16041=DIRECTION('',(-0.65936383,0.75182401,0.));
#16042=DIRECTION('',(0.,0.,1.));
#16043=AXIS2_PLACEMENT_3D('',#16040,#16041,#16042);
#16044=PLANE('',#16043);
#16045=POLY_LOOP('',(#483,#998,#485));
#16046=FACE_OUTER_BOUND('',#16045,.T.);
#16047=FACE_SURFACE('',(#16046),#16044,.T.);
#16048=CARTESIAN_POINT('',(155.3591156,4.77651978,3.79999995));
#16049=DIRECTION('',(-0.65936383,0.75182401,0.));
#16050=DIRECTION('',(0.,0.,-1.));
#16051=AXIS2_PLACEMENT_3D('',#16048,#16049,#16050);
#16052=PLANE('',#16051);
#16053=POLY_LOOP('',(#999,#485,#998));
#16054=FACE_OUTER_BOUND('',#16053,.T.);
#16055=FACE_SURFACE('',(#16054),#16052,.T.);
#16056=CARTESIAN_POINT('',(154.48168945,4.10324097,0.));
#16057=DIRECTION('',(-0.5555577,0.83147799,0.));
#16058=DIRECTION('',(0.,0.,1.));
#16059=AXIS2_PLACEMENT_3D('',#16056,#16057,#16058);
#16060=PLANE('',#16059);
#16061=POLY_LOOP('',(#481,#996,#483));
#16062=FACE_OUTER_BOUND('',#16061,.T.);
#16063=FACE_SURFACE('',(#16062),#16060,.T.);
#16064=CARTESIAN_POINT('',(154.94247437,4.41111755,3.79999995));
#16065=DIRECTION('',(-0.5555577,0.83147799,0.));
#16066=DIRECTION('',(0.,0.,-1.));
#16067=AXIS2_PLACEMENT_3D('',#16064,#16065,#16066);
#16068=PLANE('',#16067);
#16069=POLY_LOOP('',(#998,#483,#996));
#16070=FACE_OUTER_BOUND('',#16069,.T.);
#16071=FACE_SURFACE('',(#16070),#16068,.T.);
#16072=CARTESIAN_POINT('',(153.98466492,3.85813904,0.));
#16073=DIRECTION('',(-0.44228369,0.89687521,0.));
#16074=DIRECTION('',(0.,0.,1.));
#16075=AXIS2_PLACEMENT_3D('',#16072,#16073,#16074);
#16076=PLANE('',#16075);
#16077=POLY_LOOP('',(#479,#993,#481));
#16078=FACE_OUTER_BOUND('',#16077,.T.);
#16079=FACE_SURFACE('',(#16078),#16076,.T.);
#16080=CARTESIAN_POINT('',(154.48168945,4.10324097,3.79999995));
#16081=DIRECTION('',(-0.44228369,0.89687521,0.));
#16082=DIRECTION('',(0.,0.,-1.));
#16083=AXIS2_PLACEMENT_3D('',#16080,#16081,#16082);
#16084=PLANE('',#16083);
#16085=POLY_LOOP('',(#996,#481,#993));
#16086=FACE_OUTER_BOUND('',#16085,.T.);
#16087=FACE_SURFACE('',(#16086),#16084,.T.);
#16088=CARTESIAN_POINT('',(153.4598999,3.68000793,0.));
#16089=DIRECTION('',(-0.32143523,0.94693157,0.));
#16090=DIRECTION('',(0.,0.,1.));
#16091=AXIS2_PLACEMENT_3D('',#16088,#16089,#16090);
#16092=PLANE('',#16091);
#16093=POLY_LOOP('',(#477,#990,#479));
#16094=FACE_OUTER_BOUND('',#16093,.T.);
#16095=FACE_SURFACE('',(#16094),#16092,.T.);
#16096=CARTESIAN_POINT('',(153.98466492,3.85813904,3.79999995));
#16097=DIRECTION('',(-0.32143523,0.94693157,0.));
#16098=DIRECTION('',(0.,0.,-1.));
#16099=AXIS2_PLACEMENT_3D('',#16096,#16097,#16098);
#16100=PLANE('',#16099);
#16101=POLY_LOOP('',(#993,#479,#990));
#16102=FACE_OUTER_BOUND('',#16101,.T.);
#16103=FACE_SURFACE('',(#16102),#16100,.T.);
#16104=CARTESIAN_POINT('',(152.91638184,3.57188416,0.));
#16105=DIRECTION('',(-0.19510996,0.98078137,0.));
#16106=DIRECTION('',(0.,0.,1.));
#16107=AXIS2_PLACEMENT_3D('',#16104,#16105,#16106);
#16108=PLANE('',#16107);
#16109=POLY_LOOP('',(#475,#989,#477));
#16110=FACE_OUTER_BOUND('',#16109,.T.);
#16111=FACE_SURFACE('',(#16110),#16108,.T.);
#16112=CARTESIAN_POINT('',(153.4598999,3.68000793,3.79999995));
#16113=DIRECTION('',(-0.19510996,0.98078137,0.));
#16114=DIRECTION('',(0.,0.,-1.));
#16115=AXIS2_PLACEMENT_3D('',#16112,#16113,#16114);
#16116=PLANE('',#16115);
#16117=POLY_LOOP('',(#990,#477,#989));
#16118=FACE_OUTER_BOUND('',#16117,.T.);
#16119=FACE_SURFACE('',(#16118),#16116,.T.);
#16120=CARTESIAN_POINT('',(152.36338806,3.53564453,0.));
#16121=DIRECTION('',(-0.06539324,0.99785957,0.));
#16122=DIRECTION('',(0.,0.,1.));
#16123=AXIS2_PLACEMENT_3D('',#16120,#16121,#16122);
#16124=PLANE('',#16123);
#16125=POLY_LOOP('',(#489,#1003,#475));
#16126=FACE_OUTER_BOUND('',#16125,.T.);
#16127=FACE_SURFACE('',(#16126),#16124,.T.);
#16128=CARTESIAN_POINT('',(152.91638184,3.57188416,3.79999995));
#16129=DIRECTION('',(-0.06539324,0.99785957,0.));
#16130=DIRECTION('',(0.,0.,-1.));
#16131=AXIS2_PLACEMENT_3D('',#16128,#16129,#16130);
#16132=PLANE('',#16131);
#16133=POLY_LOOP('',(#989,#475,#1003));
#16134=FACE_OUTER_BOUND('',#16133,.T.);
#16135=FACE_SURFACE('',(#16134),#16132,.T.);
#16136=CARTESIAN_POINT('',(147.89659119,3.53564453,0.));
#16137=DIRECTION('',(0.,1.,0.));
#16138=DIRECTION('',(0.,0.,1.));
#16139=AXIS2_PLACEMENT_3D('',#16136,#16137,#16138);
#16140=PLANE('',#16139);
#16141=POLY_LOOP('',(#416,#932,#489));
#16142=FACE_OUTER_BOUND('',#16141,.T.);
#16143=FACE_SURFACE('',(#16142),#16140,.T.);
#16144=CARTESIAN_POINT('',(152.36338806,3.53564453,3.79999995));
#16145=DIRECTION('',(0.,1.,0.));
#16146=DIRECTION('',(0.,0.,-1.));
#16147=AXIS2_PLACEMENT_3D('',#16144,#16145,#16146);
#16148=PLANE('',#16147);
#16149=POLY_LOOP('',(#1003,#489,#932));
#16150=FACE_OUTER_BOUND('',#16149,.T.);
#16151=FACE_SURFACE('',(#16150),#16148,.T.);
#16152=CARTESIAN_POINT('',(22.29882812,1.70280457,0.));
#16153=DIRECTION('',(0.19507396,0.98078853,0.));
#16154=DIRECTION('',(0.,0.,1.));
#16155=AXIS2_PLACEMENT_3D('',#16152,#16153,#16154);
#16156=PLANE('',#16155);
#16157=POLY_LOOP('',(#491,#1005,#490));
#16158=FACE_OUTER_BOUND('',#16157,.T.);
#16159=FACE_SURFACE('',(#16158),#16156,.T.);
#16160=CARTESIAN_POINT('',(22.49768066,1.66325378,3.79999995));
#16161=DIRECTION('',(0.19507396,0.98078853,0.));
#16162=DIRECTION('',(0.,0.,-1.));
#16163=AXIS2_PLACEMENT_3D('',#16160,#16161,#16162);
#16164=PLANE('',#16163);
#16165=POLY_LOOP('',(#1004,#490,#1005));
#16166=FACE_OUTER_BOUND('',#16165,.T.);
#16167=FACE_SURFACE('',(#16166),#16164,.T.);
#16168=CARTESIAN_POINT('',(22.10682678,1.76797485,0.));
#16169=DIRECTION('',(0.32141565,0.94693821,0.));
#16170=DIRECTION('',(0.,0.,1.));
#16171=AXIS2_PLACEMENT_3D('',#16168,#16169,#16170);
#16172=PLANE('',#16171);
#16173=POLY_LOOP('',(#429,#942,#491));
#16174=FACE_OUTER_BOUND('',#16173,.T.);
#16175=FACE_SURFACE('',(#16174),#16172,.T.);
#16176=CARTESIAN_POINT('',(22.29882812,1.70280457,3.79999995));
#16177=DIRECTION('',(0.32141565,0.94693821,0.));
#16178=DIRECTION('',(0.,0.,-1.));
#16179=AXIS2_PLACEMENT_3D('',#16176,#16177,#16178);
#16180=PLANE('',#16179);
#16181=POLY_LOOP('',(#1005,#491,#942));
#16182=FACE_OUTER_BOUND('',#16181,.T.);
#16183=FACE_SURFACE('',(#16182),#16180,.T.);
#16184=CARTESIAN_POINT('',(21.92498779,1.85765076,0.));
#16185=DIRECTION('',(0.44229995,0.89686719,0.));
#16186=DIRECTION('',(0.,0.,1.));
#16187=AXIS2_PLACEMENT_3D('',#16184,#16185,#16186);
#16188=PLANE('',#16187);
#16189=POLY_LOOP('',(#428,#943,#429));
#16190=FACE_OUTER_BOUND('',#16189,.T.);
#16191=FACE_SURFACE('',(#16190),#16188,.T.);
#16192=CARTESIAN_POINT('',(22.10682678,1.76797485,3.79999995));
#16193=DIRECTION('',(0.44229995,0.89686719,0.));
#16194=DIRECTION('',(0.,0.,-1.));
#16195=AXIS2_PLACEMENT_3D('',#16192,#16193,#16194);
#16196=PLANE('',#16195);
#16197=POLY_LOOP('',(#942,#429,#943));
#16198=FACE_OUTER_BOUND('',#16197,.T.);
#16199=FACE_SURFACE('',(#16198),#16196,.T.);
#16200=CARTESIAN_POINT('',(21.75640869,1.97029114,0.));
#16201=DIRECTION('',(0.55556828,0.83147092,0.));
#16202=DIRECTION('',(0.,0.,1.));
#16203=AXIS2_PLACEMENT_3D('',#16200,#16201,#16202);
#16204=PLANE('',#16203);
#16205=POLY_LOOP('',(#412,#925,#428));
#16206=FACE_OUTER_BOUND('',#16205,.T.);
#16207=FACE_SURFACE('',(#16206),#16204,.T.);
#16208=CARTESIAN_POINT('',(21.92498779,1.85765076,3.79999995));
#16209=DIRECTION('',(0.55556828,0.83147092,0.));
#16210=DIRECTION('',(0.,0.,-1.));
#16211=AXIS2_PLACEMENT_3D('',#16208,#16209,#16210);
#16212=PLANE('',#16211);
#16213=POLY_LOOP('',(#943,#428,#925));
#16214=FACE_OUTER_BOUND('',#16213,.T.);
#16215=FACE_SURFACE('',(#16214),#16212,.T.);
#16216=CARTESIAN_POINT('',(21.60397339,2.10397339,0.));
#16217=DIRECTION('',(0.65934603,0.75183962,0.));
#16218=DIRECTION('',(0.,0.,1.));
#16219=AXIS2_PLACEMENT_3D('',#16216,#16217,#16218);
#16220=PLANE('',#16219);
#16221=POLY_LOOP('',(#493,#1006,#412));
#16222=FACE_OUTER_BOUND('',#16221,.T.);
#16223=FACE_SURFACE('',(#16222),#16220,.T.);
#16224=CARTESIAN_POINT('',(21.75640869,1.97029114,3.79999995));
#16225=DIRECTION('',(0.65934603,0.75183962,0.));
#16226=DIRECTION('',(0.,0.,-1.));
#16227=AXIS2_PLACEMENT_3D('',#16224,#16225,#16226);
#16228=PLANE('',#16227);
#16229=POLY_LOOP('',(#925,#412,#1006));
#16230=FACE_OUTER_BOUND('',#16229,.T.);
#16231=FACE_SURFACE('',(#16230),#16228,.T.);
#16232=CARTESIAN_POINT('',(21.47029114,2.25640869,0.));
#16233=DIRECTION('',(0.75183962,0.65934603,0.));
#16234=DIRECTION('',(0.,0.,1.));
#16235=AXIS2_PLACEMENT_3D('',#16232,#16233,#16234);
#16236=PLANE('',#16235);
#16237=POLY_LOOP('',(#494,#1008,#493));
#16238=FACE_OUTER_BOUND('',#16237,.T.);
#16239=FACE_SURFACE('',(#16238),#16236,.T.);
#16240=CARTESIAN_POINT('',(21.60397339,2.10397339,3.79999995));
#16241=DIRECTION('',(0.75183962,0.65934603,0.));
#16242=DIRECTION('',(0.,0.,-1.));
#16243=AXIS2_PLACEMENT_3D('',#16240,#16241,#16242);
#16244=PLANE('',#16243);
#16245=POLY_LOOP('',(#1006,#493,#1008));
#16246=FACE_OUTER_BOUND('',#16245,.T.);
#16247=FACE_SURFACE('',(#16246),#16244,.T.);
#16248=CARTESIAN_POINT('',(21.35765076,2.42498779,0.));
#16249=DIRECTION('',(0.83147092,0.55556828,0.));
#16250=DIRECTION('',(0.,0.,1.));
#16251=AXIS2_PLACEMENT_3D('',#16248,#16249,#16250);
#16252=PLANE('',#16251);
#16253=POLY_LOOP('',(#129,#645,#494));
#16254=FACE_OUTER_BOUND('',#16253,.T.);
#16255=FACE_SURFACE('',(#16254),#16252,.T.);
#16256=CARTESIAN_POINT('',(21.47029114,2.25640869,3.79999995));
#16257=DIRECTION('',(0.83147092,0.55556828,0.));
#16258=DIRECTION('',(0.,0.,-1.));
#16259=AXIS2_PLACEMENT_3D('',#16256,#16257,#16258);
#16260=PLANE('',#16259);
#16261=POLY_LOOP('',(#1008,#494,#645));
#16262=FACE_OUTER_BOUND('',#16261,.T.);
#16263=FACE_SURFACE('',(#16262),#16260,.T.);
#16264=CARTESIAN_POINT('',(21.26797485,2.60682678,0.));
#16265=DIRECTION('',(0.89686719,0.44229995,0.));
#16266=DIRECTION('',(0.,0.,1.));
#16267=AXIS2_PLACEMENT_3D('',#16264,#16265,#16266);
#16268=PLANE('',#16267);
#16269=POLY_LOOP('',(#131,#643,#129));
#16270=FACE_OUTER_BOUND('',#16269,.T.);
#16271=FACE_SURFACE('',(#16270),#16268,.T.);
#16272=CARTESIAN_POINT('',(21.35765076,2.42498779,3.79999995));
#16273=DIRECTION('',(0.89686719,0.44229995,0.));
#16274=DIRECTION('',(0.,0.,-1.));
#16275=AXIS2_PLACEMENT_3D('',#16272,#16273,#16274);
#16276=PLANE('',#16275);
#16277=POLY_LOOP('',(#645,#129,#643));
#16278=FACE_OUTER_BOUND('',#16277,.T.);
#16279=FACE_SURFACE('',(#16278),#16276,.T.);
#16280=CARTESIAN_POINT('',(21.20280457,2.79882812,0.));
#16281=DIRECTION('',(0.94693821,0.32141565,0.));
#16282=DIRECTION('',(0.,0.,1.));
#16283=AXIS2_PLACEMENT_3D('',#16280,#16281,#16282);
#16284=PLANE('',#16283);
#16285=POLY_LOOP('',(#399,#915,#131));
#16286=FACE_OUTER_BOUND('',#16285,.T.);
#16287=FACE_SURFACE('',(#16286),#16284,.T.);
#16288=CARTESIAN_POINT('',(21.26797485,2.60682678,3.79999995));
#16289=DIRECTION('',(0.94693821,0.32141565,0.));
#16290=DIRECTION('',(0.,0.,-1.));
#16291=AXIS2_PLACEMENT_3D('',#16288,#16289,#16290);
#16292=PLANE('',#16291);
#16293=POLY_LOOP('',(#643,#131,#915));
#16294=FACE_OUTER_BOUND('',#16293,.T.);
#16295=FACE_SURFACE('',(#16294),#16292,.T.);
#16296=CARTESIAN_POINT('',(21.16325378,2.99768066,0.));
#16297=DIRECTION('',(0.98078853,0.19507396,0.));
#16298=DIRECTION('',(0.,0.,1.));
#16299=AXIS2_PLACEMENT_3D('',#16296,#16297,#16298);
#16300=PLANE('',#16299);
#16301=POLY_LOOP('',(#401,#913,#399));
#16302=FACE_OUTER_BOUND('',#16301,.T.);
#16303=FACE_SURFACE('',(#16302),#16300,.T.);
#16304=CARTESIAN_POINT('',(21.20280457,2.79882812,3.79999995));
#16305=DIRECTION('',(0.98078853,0.19507396,0.));
#16306=DIRECTION('',(0.,0.,-1.));
#16307=AXIS2_PLACEMENT_3D('',#16304,#16305,#16306);
#16308=PLANE('',#16307);
#16309=POLY_LOOP('',(#915,#399,#913));
#16310=FACE_OUTER_BOUND('',#16309,.T.);
#16311=FACE_SURFACE('',(#16310),#16308,.T.);
#16312=CARTESIAN_POINT('',(21.1499939,3.19999695,0.));
#16313=DIRECTION('',(0.99785912,0.06540007,0.));
#16314=DIRECTION('',(0.,0.,1.));
#16315=AXIS2_PLACEMENT_3D('',#16312,#16313,#16314);
#16316=PLANE('',#16315);
#16317=POLY_LOOP('',(#394,#907,#401));
#16318=FACE_OUTER_BOUND('',#16317,.T.);
#16319=FACE_SURFACE('',(#16318),#16316,.T.);
#16320=CARTESIAN_POINT('',(21.16325378,2.99768066,3.79999995));
#16321=DIRECTION('',(0.99785912,0.06540007,0.));
#16322=DIRECTION('',(0.,0.,-1.));
#16323=AXIS2_PLACEMENT_3D('',#16320,#16321,#16322);
#16324=PLANE('',#16323);
#16325=POLY_LOOP('',(#913,#401,#907));
#16326=FACE_OUTER_BOUND('',#16325,.T.);
#16327=FACE_SURFACE('',(#16326),#16324,.T.);
#16328=CARTESIAN_POINT('',(21.16325378,3.40231323,0.));
#16329=DIRECTION('',(0.99785912,-0.06540007,0.));
#16330=DIRECTION('',(0.,0.,1.));
#16331=AXIS2_PLACEMENT_3D('',#16328,#16329,#16330);
#16332=PLANE('',#16331);
#16333=POLY_LOOP('',(#393,#908,#394));
#16334=FACE_OUTER_BOUND('',#16333,.T.);
#16335=FACE_SURFACE('',(#16334),#16332,.T.);
#16336=CARTESIAN_POINT('',(21.1499939,3.19999695,3.79999995));
#16337=DIRECTION('',(0.99785912,-0.06540007,0.));
#16338=DIRECTION('',(0.,0.,-1.));
#16339=AXIS2_PLACEMENT_3D('',#16336,#16337,#16338);
#16340=PLANE('',#16339);
#16341=POLY_LOOP('',(#907,#394,#908));
#16342=FACE_OUTER_BOUND('',#16341,.T.);
#16343=FACE_SURFACE('',(#16342),#16340,.T.);
#16344=CARTESIAN_POINT('',(21.20280457,3.60116577,0.));
#16345=DIRECTION('',(0.98078853,-0.19507396,0.));
#16346=DIRECTION('',(0.,0.,1.));
#16347=AXIS2_PLACEMENT_3D('',#16344,#16345,#16346);
#16348=PLANE('',#16347);
#16349=POLY_LOOP('',(#391,#906,#393));
#16350=FACE_OUTER_BOUND('',#16349,.T.);
#16351=FACE_SURFACE('',(#16350),#16348,.T.);
#16352=CARTESIAN_POINT('',(21.16325378,3.40231323,3.79999995));
#16353=DIRECTION('',(0.98078853,-0.19507396,0.));
#16354=DIRECTION('',(0.,0.,-1.));
#16355=AXIS2_PLACEMENT_3D('',#16352,#16353,#16354);
#16356=PLANE('',#16355);
#16357=POLY_LOOP('',(#908,#393,#906));
#16358=FACE_OUTER_BOUND('',#16357,.T.);
#16359=FACE_SURFACE('',(#16358),#16356,.T.);
#16360=CARTESIAN_POINT('',(21.26797485,3.79315186,0.));
#16361=DIRECTION('',(0.94693044,-0.32143856,0.));
#16362=DIRECTION('',(0.,0.,1.));
#16363=AXIS2_PLACEMENT_3D('',#16360,#16361,#16362);
#16364=PLANE('',#16363);
#16365=POLY_LOOP('',(#495,#1009,#391));
#16366=FACE_OUTER_BOUND('',#16365,.T.);
#16367=FACE_SURFACE('',(#16366),#16364,.T.);
#16368=CARTESIAN_POINT('',(21.20280457,3.60116577,3.79999995));
#16369=DIRECTION('',(0.94693044,-0.32143856,0.));
#16370=DIRECTION('',(0.,0.,-1.));
#16371=AXIS2_PLACEMENT_3D('',#16368,#16369,#16370);
#16372=PLANE('',#16371);
#16373=POLY_LOOP('',(#906,#391,#1009));
#16374=FACE_OUTER_BOUND('',#16373,.T.);
#16375=FACE_SURFACE('',(#16374),#16372,.T.);
#16376=CARTESIAN_POINT('',(21.35765076,3.97499084,0.));
#16377=DIRECTION('',(0.89686719,-0.44229995,0.));
#16378=DIRECTION('',(0.,0.,1.));
#16379=AXIS2_PLACEMENT_3D('',#16376,#16377,#16378);
#16380=PLANE('',#16379);
#16381=POLY_LOOP('',(#302,#817,#495));
#16382=FACE_OUTER_BOUND('',#16381,.T.);
#16383=FACE_SURFACE('',(#16382),#16380,.T.);
#16384=CARTESIAN_POINT('',(21.26797485,3.79315186,3.79999995));
#16385=DIRECTION('',(0.89686719,-0.44229995,0.));
#16386=DIRECTION('',(0.,0.,-1.));
#16387=AXIS2_PLACEMENT_3D('',#16384,#16385,#16386);
#16388=PLANE('',#16387);
#16389=POLY_LOOP('',(#1009,#495,#817));
#16390=FACE_OUTER_BOUND('',#16389,.T.);
#16391=FACE_SURFACE('',(#16390),#16388,.T.);
#16392=CARTESIAN_POINT('',(21.47029114,4.14356995,0.));
#16393=DIRECTION('',(0.83147092,-0.55556828,0.));
#16394=DIRECTION('',(0.,0.,1.));
#16395=AXIS2_PLACEMENT_3D('',#16392,#16393,#16394);
#16396=PLANE('',#16395);
#16397=POLY_LOOP('',(#496,#1010,#302));
#16398=FACE_OUTER_BOUND('',#16397,.T.);
#16399=FACE_SURFACE('',(#16398),#16396,.T.);
#16400=CARTESIAN_POINT('',(21.35765076,3.97499084,3.79999995));
#16401=DIRECTION('',(0.83147092,-0.55556828,0.));
#16402=DIRECTION('',(0.,0.,-1.));
#16403=AXIS2_PLACEMENT_3D('',#16400,#16401,#16402);
#16404=PLANE('',#16403);
#16405=POLY_LOOP('',(#817,#302,#1010));
#16406=FACE_OUTER_BOUND('',#16405,.T.);
#16407=FACE_SURFACE('',(#16406),#16404,.T.);
#16408=CARTESIAN_POINT('',(21.60397339,4.29600525,0.));
#16409=DIRECTION('',(0.75183962,-0.65934603,0.));
#16410=DIRECTION('',(0.,0.,1.));
#16411=AXIS2_PLACEMENT_3D('',#16408,#16409,#16410);
#16412=PLANE('',#16411);
#16413=POLY_LOOP('',(#149,#661,#496));
#16414=FACE_OUTER_BOUND('',#16413,.T.);
#16415=FACE_SURFACE('',(#16414),#16412,.T.);
#16416=CARTESIAN_POINT('',(21.47029114,4.14356995,3.79999995));
#16417=DIRECTION('',(0.75183962,-0.65934603,0.));
#16418=DIRECTION('',(0.,0.,-1.));
#16419=AXIS2_PLACEMENT_3D('',#16416,#16417,#16418);
#16420=PLANE('',#16419);
#16421=POLY_LOOP('',(#1010,#496,#661));
#16422=FACE_OUTER_BOUND('',#16421,.T.);
#16423=FACE_SURFACE('',(#16422),#16420,.T.);
#16424=CARTESIAN_POINT('',(21.75640869,4.4296875,0.));
#16425=DIRECTION('',(0.65934603,-0.75183962,0.));
#16426=DIRECTION('',(0.,0.,1.));
#16427=AXIS2_PLACEMENT_3D('',#16424,#16425,#16426);
#16428=PLANE('',#16427);
#16429=POLY_LOOP('',(#264,#777,#149));
#16430=FACE_OUTER_BOUND('',#16429,.T.);
#16431=FACE_SURFACE('',(#16430),#16428,.T.);
#16432=CARTESIAN_POINT('',(21.60397339,4.29600525,3.79999995));
#16433=DIRECTION('',(0.65934603,-0.75183962,0.));
#16434=DIRECTION('',(0.,0.,-1.));
#16435=AXIS2_PLACEMENT_3D('',#16432,#16433,#16434);
#16436=PLANE('',#16435);
#16437=POLY_LOOP('',(#661,#149,#777));
#16438=FACE_OUTER_BOUND('',#16437,.T.);
#16439=FACE_SURFACE('',(#16438),#16436,.T.);
#16440=CARTESIAN_POINT('',(21.92498779,4.54232788,0.));
#16441=DIRECTION('',(0.55556828,-0.83147092,0.));
#16442=DIRECTION('',(0.,0.,1.));
#16443=AXIS2_PLACEMENT_3D('',#16440,#16441,#16442);
#16444=PLANE('',#16443);
#16445=POLY_LOOP('',(#263,#778,#264));
#16446=FACE_OUTER_BOUND('',#16445,.T.);
#16447=FACE_SURFACE('',(#16446),#16444,.T.);
#16448=CARTESIAN_POINT('',(21.75640869,4.4296875,3.79999995));
#16449=DIRECTION('',(0.55556828,-0.83147092,0.));
#16450=DIRECTION('',(0.,0.,-1.));
#16451=AXIS2_PLACEMENT_3D('',#16448,#16449,#16450);
#16452=PLANE('',#16451);
#16453=POLY_LOOP('',(#777,#264,#778));
#16454=FACE_OUTER_BOUND('',#16453,.T.);
#16455=FACE_SURFACE('',(#16454),#16452,.T.);
#16456=CARTESIAN_POINT('',(22.10682678,4.63200378,0.));
#16457=DIRECTION('',(0.44229995,-0.89686719,0.));
#16458=DIRECTION('',(0.,0.,1.));
#16459=AXIS2_PLACEMENT_3D('',#16456,#16457,#16458);
#16460=PLANE('',#16459);
#16461=POLY_LOOP('',(#299,#813,#263));
#16462=FACE_OUTER_BOUND('',#16461,.T.);
#16463=FACE_SURFACE('',(#16462),#16460,.T.);
#16464=CARTESIAN_POINT('',(21.92498779,4.54232788,3.79999995));
#16465=DIRECTION('',(0.44229995,-0.89686719,0.));
#16466=DIRECTION('',(0.,0.,-1.));
#16467=AXIS2_PLACEMENT_3D('',#16464,#16465,#16466);
#16468=PLANE('',#16467);
#16469=POLY_LOOP('',(#778,#263,#813));
#16470=FACE_OUTER_BOUND('',#16469,.T.);
#16471=FACE_SURFACE('',(#16470),#16468,.T.);
#16472=CARTESIAN_POINT('',(22.29882812,4.69717407,0.));
#16473=DIRECTION('',(0.32141565,-0.94693821,0.));
#16474=DIRECTION('',(0.,0.,1.));
#16475=AXIS2_PLACEMENT_3D('',#16472,#16473,#16474);
#16476=PLANE('',#16475);
#16477=POLY_LOOP('',(#144,#660,#299));
#16478=FACE_OUTER_BOUND('',#16477,.T.);
#16479=FACE_SURFACE('',(#16478),#16476,.T.);
#16480=CARTESIAN_POINT('',(22.10682678,4.63200378,3.79999995));
#16481=DIRECTION('',(0.32141565,-0.94693821,0.));
#16482=DIRECTION('',(0.,0.,-1.));
#16483=AXIS2_PLACEMENT_3D('',#16480,#16481,#16482);
#16484=PLANE('',#16483);
#16485=POLY_LOOP('',(#813,#299,#660));
#16486=FACE_OUTER_BOUND('',#16485,.T.);
#16487=FACE_SURFACE('',(#16486),#16484,.T.);
#16488=CARTESIAN_POINT('',(22.49768066,4.73672485,0.));
#16489=DIRECTION('',(0.19507396,-0.98078853,0.));
#16490=DIRECTION('',(0.,0.,1.));
#16491=AXIS2_PLACEMENT_3D('',#16488,#16489,#16490);
#16492=PLANE('',#16491);
#16493=POLY_LOOP('',(#298,#811,#144));
#16494=FACE_OUTER_BOUND('',#16493,.T.);
#16495=FACE_SURFACE('',(#16494),#16492,.T.);
#16496=CARTESIAN_POINT('',(22.29882812,4.69717407,3.79999995));
#16497=DIRECTION('',(0.19507396,-0.98078853,0.));
#16498=DIRECTION('',(0.,0.,-1.));
#16499=AXIS2_PLACEMENT_3D('',#16496,#16497,#16498);
#16500=PLANE('',#16499);
#16501=POLY_LOOP('',(#660,#144,#811));
#16502=FACE_OUTER_BOUND('',#16501,.T.);
#16503=FACE_SURFACE('',(#16502),#16500,.T.);
#16504=CARTESIAN_POINT('',(22.69999695,4.75,0.));
#16505=DIRECTION('',(0.06547501,-0.99785421,0.));
#16506=DIRECTION('',(0.,0.,1.));
#16507=AXIS2_PLACEMENT_3D('',#16504,#16505,#16506);
#16508=PLANE('',#16507);
#16509=POLY_LOOP('',(#297,#812,#298));
#16510=FACE_OUTER_BOUND('',#16509,.T.);
#16511=FACE_SURFACE('',(#16510),#16508,.T.);
#16512=CARTESIAN_POINT('',(22.49768066,4.73672485,3.79999995));
#16513=DIRECTION('',(0.06547501,-0.99785421,0.));
#16514=DIRECTION('',(0.,0.,-1.));
#16515=AXIS2_PLACEMENT_3D('',#16512,#16513,#16514);
#16516=PLANE('',#16515);
#16517=POLY_LOOP('',(#811,#298,#812));
#16518=FACE_OUTER_BOUND('',#16517,.T.);
#16519=FACE_SURFACE('',(#16518),#16516,.T.);
#16520=CARTESIAN_POINT('',(22.90231323,4.73672485,0.));
#16521=DIRECTION('',(-0.06547501,-0.99785421,0.));
#16522=DIRECTION('',(0.,0.,1.));
#16523=AXIS2_PLACEMENT_3D('',#16520,#16521,#16522);
#16524=PLANE('',#16523);
#16525=POLY_LOOP('',(#152,#664,#297));
#16526=FACE_OUTER_BOUND('',#16525,.T.);
#16527=FACE_SURFACE('',(#16526),#16524,.T.);
#16528=CARTESIAN_POINT('',(22.69999695,4.75,3.79999995));
#16529=DIRECTION('',(-0.06547501,-0.99785421,0.));
#16530=DIRECTION('',(0.,0.,-1.));
#16531=AXIS2_PLACEMENT_3D('',#16528,#16529,#16530);
#16532=PLANE('',#16531);
#16533=POLY_LOOP('',(#812,#297,#664));
#16534=FACE_OUTER_BOUND('',#16533,.T.);
#16535=FACE_SURFACE('',(#16534),#16532,.T.);
#16536=CARTESIAN_POINT('',(23.10116577,4.69717407,0.));
#16537=DIRECTION('',(-0.19507396,-0.98078853,0.));
#16538=DIRECTION('',(0.,0.,1.));
#16539=AXIS2_PLACEMENT_3D('',#16536,#16537,#16538);
#16540=PLANE('',#16539);
#16541=POLY_LOOP('',(#497,#1011,#152));
#16542=FACE_OUTER_BOUND('',#16541,.T.);
#16543=FACE_SURFACE('',(#16542),#16540,.T.);
#16544=CARTESIAN_POINT('',(22.90231323,4.73672485,3.79999995));
#16545=DIRECTION('',(-0.19507396,-0.98078853,0.));
#16546=DIRECTION('',(0.,0.,-1.));
#16547=AXIS2_PLACEMENT_3D('',#16544,#16545,#16546);
#16548=PLANE('',#16547);
#16549=POLY_LOOP('',(#664,#152,#1011));
#16550=FACE_OUTER_BOUND('',#16549,.T.);
#16551=FACE_SURFACE('',(#16550),#16548,.T.);
#16552=CARTESIAN_POINT('',(23.29315186,4.63200378,0.));
#16553=DIRECTION('',(-0.32143856,-0.94693044,0.));
#16554=DIRECTION('',(0.,0.,1.));
#16555=AXIS2_PLACEMENT_3D('',#16552,#16553,#16554);
#16556=PLANE('',#16555);
#16557=POLY_LOOP('',(#295,#810,#497));
#16558=FACE_OUTER_BOUND('',#16557,.T.);
#16559=FACE_SURFACE('',(#16558),#16556,.T.);
#16560=CARTESIAN_POINT('',(23.10116577,4.69717407,3.79999995));
#16561=DIRECTION('',(-0.32143856,-0.94693044,0.));
#16562=DIRECTION('',(0.,0.,-1.));
#16563=AXIS2_PLACEMENT_3D('',#16560,#16561,#16562);
#16564=PLANE('',#16563);
#16565=POLY_LOOP('',(#1011,#497,#810));
#16566=FACE_OUTER_BOUND('',#16565,.T.);
#16567=FACE_SURFACE('',(#16566),#16564,.T.);
#16568=CARTESIAN_POINT('',(23.47499084,4.54232788,0.));
#16569=DIRECTION('',(-0.44229995,-0.89686719,0.));
#16570=DIRECTION('',(0.,0.,1.));
#16571=AXIS2_PLACEMENT_3D('',#16568,#16569,#16570);
#16572=PLANE('',#16571);
#16573=POLY_LOOP('',(#121,#635,#295));
#16574=FACE_OUTER_BOUND('',#16573,.T.);
#16575=FACE_SURFACE('',(#16574),#16572,.T.);
#16576=CARTESIAN_POINT('',(23.29315186,4.63200378,3.79999995));
#16577=DIRECTION('',(-0.44229995,-0.89686719,0.));
#16578=DIRECTION('',(0.,0.,-1.));
#16579=AXIS2_PLACEMENT_3D('',#16576,#16577,#16578);
#16580=PLANE('',#16579);
#16581=POLY_LOOP('',(#810,#295,#635));
#16582=FACE_OUTER_BOUND('',#16581,.T.);
#16583=FACE_SURFACE('',(#16582),#16580,.T.);
#16584=CARTESIAN_POINT('',(23.64356995,4.4296875,0.));
#16585=DIRECTION('',(-0.55556828,-0.83147092,0.));
#16586=DIRECTION('',(0.,0.,1.));
#16587=AXIS2_PLACEMENT_3D('',#16584,#16585,#16586);
#16588=PLANE('',#16587);
#16589=POLY_LOOP('',(#154,#667,#121));
#16590=FACE_OUTER_BOUND('',#16589,.T.);
#16591=FACE_SURFACE('',(#16590),#16588,.T.);
#16592=CARTESIAN_POINT('',(23.47499084,4.54232788,3.79999995));
#16593=DIRECTION('',(-0.55556828,-0.83147092,0.));
#16594=DIRECTION('',(0.,0.,-1.));
#16595=AXIS2_PLACEMENT_3D('',#16592,#16593,#16594);
#16596=PLANE('',#16595);
#16597=POLY_LOOP('',(#635,#121,#667));
#16598=FACE_OUTER_BOUND('',#16597,.T.);
#16599=FACE_SURFACE('',(#16598),#16596,.T.);
#16600=CARTESIAN_POINT('',(23.79600525,4.29600525,0.));
#16601=DIRECTION('',(-0.65934603,-0.75183962,0.));
#16602=DIRECTION('',(0.,0.,1.));
#16603=AXIS2_PLACEMENT_3D('',#16600,#16601,#16602);
#16604=PLANE('',#16603);
#16605=POLY_LOOP('',(#498,#1012,#154));
#16606=FACE_OUTER_BOUND('',#16605,.T.);
#16607=FACE_SURFACE('',(#16606),#16604,.T.);
#16608=CARTESIAN_POINT('',(23.64356995,4.4296875,3.79999995));
#16609=DIRECTION('',(-0.65934603,-0.75183962,0.));
#16610=DIRECTION('',(0.,0.,-1.));
#16611=AXIS2_PLACEMENT_3D('',#16608,#16609,#16610);
#16612=PLANE('',#16611);
#16613=POLY_LOOP('',(#667,#154,#1012));
#16614=FACE_OUTER_BOUND('',#16613,.T.);
#16615=FACE_SURFACE('',(#16614),#16612,.T.);
#16616=CARTESIAN_POINT('',(23.9296875,4.14356995,0.));
#16617=DIRECTION('',(-0.75183962,-0.65934603,0.));
#16618=DIRECTION('',(0.,0.,1.));
#16619=AXIS2_PLACEMENT_3D('',#16616,#16617,#16618);
#16620=PLANE('',#16619);
#16621=POLY_LOOP('',(#396,#912,#498));
#16622=FACE_OUTER_BOUND('',#16621,.T.);
#16623=FACE_SURFACE('',(#16622),#16620,.T.);
#16624=CARTESIAN_POINT('',(23.79600525,4.29600525,3.79999995));
#16625=DIRECTION('',(-0.75183962,-0.65934603,0.));
#16626=DIRECTION('',(0.,0.,-1.));
#16627=AXIS2_PLACEMENT_3D('',#16624,#16625,#16626);
#16628=PLANE('',#16627);
#16629=POLY_LOOP('',(#1012,#498,#912));
#16630=FACE_OUTER_BOUND('',#16629,.T.);
#16631=FACE_SURFACE('',(#16630),#16628,.T.);
#16632=CARTESIAN_POINT('',(24.04232788,3.97499084,0.));
#16633=DIRECTION('',(-0.83147092,-0.55556828,0.));
#16634=DIRECTION('',(0.,0.,1.));
#16635=AXIS2_PLACEMENT_3D('',#16632,#16633,#16634);
#16636=PLANE('',#16635);
#16637=POLY_LOOP('',(#138,#654,#396));
#16638=FACE_OUTER_BOUND('',#16637,.T.);
#16639=FACE_SURFACE('',(#16638),#16636,.T.);
#16640=CARTESIAN_POINT('',(23.9296875,4.14356995,3.79999995));
#16641=DIRECTION('',(-0.83147092,-0.55556828,0.));
#16642=DIRECTION('',(0.,0.,-1.));
#16643=AXIS2_PLACEMENT_3D('',#16640,#16641,#16642);
#16644=PLANE('',#16643);
#16645=POLY_LOOP('',(#912,#396,#654));
#16646=FACE_OUTER_BOUND('',#16645,.T.);
#16647=FACE_SURFACE('',(#16646),#16644,.T.);
#16648=CARTESIAN_POINT('',(24.13200378,3.79315186,0.));
#16649=DIRECTION('',(-0.89686719,-0.44229995,0.));
#16650=DIRECTION('',(0.,0.,1.));
#16651=AXIS2_PLACEMENT_3D('',#16648,#16649,#16650);
#16652=PLANE('',#16651);
#16653=POLY_LOOP('',(#136,#650,#138));
#16654=FACE_OUTER_BOUND('',#16653,.T.);
#16655=FACE_SURFACE('',(#16654),#16652,.T.);
#16656=CARTESIAN_POINT('',(24.04232788,3.97499084,3.79999995));
#16657=DIRECTION('',(-0.89686719,-0.44229995,0.));
#16658=DIRECTION('',(0.,0.,-1.));
#16659=AXIS2_PLACEMENT_3D('',#16656,#16657,#16658);
#16660=PLANE('',#16659);
#16661=POLY_LOOP('',(#654,#138,#650));
#16662=FACE_OUTER_BOUND('',#16661,.T.);
#16663=FACE_SURFACE('',(#16662),#16660,.T.);
#16664=CARTESIAN_POINT('',(24.19717407,3.60116577,0.));
#16665=DIRECTION('',(-0.94693044,-0.32143856,0.));
#16666=DIRECTION('',(0.,0.,1.));
#16667=AXIS2_PLACEMENT_3D('',#16664,#16665,#16666);
#16668=PLANE('',#16667);
#16669=POLY_LOOP('',(#135,#651,#136));
#16670=FACE_OUTER_BOUND('',#16669,.T.);
#16671=FACE_SURFACE('',(#16670),#16668,.T.);
#16672=CARTESIAN_POINT('',(24.13200378,3.79315186,3.79999995));
#16673=DIRECTION('',(-0.94693044,-0.32143856,0.));
#16674=DIRECTION('',(0.,0.,-1.));
#16675=AXIS2_PLACEMENT_3D('',#16672,#16673,#16674);
#16676=PLANE('',#16675);
#16677=POLY_LOOP('',(#650,#136,#651));
#16678=FACE_OUTER_BOUND('',#16677,.T.);
#16679=FACE_SURFACE('',(#16678),#16676,.T.);
#16680=CARTESIAN_POINT('',(24.23672485,3.40231323,0.));
#16681=DIRECTION('',(-0.98078853,-0.19507396,0.));
#16682=DIRECTION('',(0.,0.,1.));
#16683=AXIS2_PLACEMENT_3D('',#16680,#16681,#16682);
#16684=PLANE('',#16683);
#16685=POLY_LOOP('',(#402,#918,#135));
#16686=FACE_OUTER_BOUND('',#16685,.T.);
#16687=FACE_SURFACE('',(#16686),#16684,.T.);
#16688=CARTESIAN_POINT('',(24.19717407,3.60116577,3.79999995));
#16689=DIRECTION('',(-0.98078853,-0.19507396,0.));
#16690=DIRECTION('',(0.,0.,-1.));
#16691=AXIS2_PLACEMENT_3D('',#16688,#16689,#16690);
#16692=PLANE('',#16691);
#16693=POLY_LOOP('',(#651,#135,#918));
#16694=FACE_OUTER_BOUND('',#16693,.T.);
#16695=FACE_SURFACE('',(#16694),#16692,.T.);
#16696=CARTESIAN_POINT('',(24.25,3.19999695,0.));
#16697=DIRECTION('',(-0.99785421,-0.06547501,0.));
#16698=DIRECTION('',(0.,0.,1.));
#16699=AXIS2_PLACEMENT_3D('',#16696,#16697,#16698);
#16700=PLANE('',#16699);
#16701=POLY_LOOP('',(#406,#920,#402));
#16702=FACE_OUTER_BOUND('',#16701,.T.);
#16703=FACE_SURFACE('',(#16702),#16700,.T.);
#16704=CARTESIAN_POINT('',(24.23672485,3.40231323,3.79999995));
#16705=DIRECTION('',(-0.99785421,-0.06547501,0.));
#16706=DIRECTION('',(0.,0.,-1.));
#16707=AXIS2_PLACEMENT_3D('',#16704,#16705,#16706);
#16708=PLANE('',#16707);
#16709=POLY_LOOP('',(#918,#402,#920));
#16710=FACE_OUTER_BOUND('',#16709,.T.);
#16711=FACE_SURFACE('',(#16710),#16708,.T.);
#16712=CARTESIAN_POINT('',(24.23672485,2.99768066,0.));
#16713=DIRECTION('',(-0.99785421,0.06547501,0.));
#16714=DIRECTION('',(0.,0.,1.));
#16715=AXIS2_PLACEMENT_3D('',#16712,#16713,#16714);
#16716=PLANE('',#16715);
#16717=POLY_LOOP('',(#405,#921,#406));
#16718=FACE_OUTER_BOUND('',#16717,.T.);
#16719=FACE_SURFACE('',(#16718),#16716,.T.);
#16720=CARTESIAN_POINT('',(24.25,3.19999695,3.79999995));
#16721=DIRECTION('',(-0.99785421,0.06547501,0.));
#16722=DIRECTION('',(0.,0.,-1.));
#16723=AXIS2_PLACEMENT_3D('',#16720,#16721,#16722);
#16724=PLANE('',#16723);
#16725=POLY_LOOP('',(#920,#406,#921));
#16726=FACE_OUTER_BOUND('',#16725,.T.);
#16727=FACE_SURFACE('',(#16726),#16724,.T.);
#16728=CARTESIAN_POINT('',(24.19717407,2.79882812,0.));
#16729=DIRECTION('',(-0.98078853,0.19507396,0.));
#16730=DIRECTION('',(0.,0.,1.));
#16731=AXIS2_PLACEMENT_3D('',#16728,#16729,#16730);
#16732=PLANE('',#16731);
#16733=POLY_LOOP('',(#410,#922,#405));
#16734=FACE_OUTER_BOUND('',#16733,.T.);
#16735=FACE_SURFACE('',(#16734),#16732,.T.);
#16736=CARTESIAN_POINT('',(24.23672485,2.99768066,3.79999995));
#16737=DIRECTION('',(-0.98078853,0.19507396,0.));
#16738=DIRECTION('',(0.,0.,-1.));
#16739=AXIS2_PLACEMENT_3D('',#16736,#16737,#16738);
#16740=PLANE('',#16739);
#16741=POLY_LOOP('',(#921,#405,#922));
#16742=FACE_OUTER_BOUND('',#16741,.T.);
#16743=FACE_SURFACE('',(#16742),#16740,.T.);
#16744=CARTESIAN_POINT('',(24.13200378,2.60682678,0.));
#16745=DIRECTION('',(-0.94693821,0.32141565,0.));
#16746=DIRECTION('',(0.,0.,1.));
#16747=AXIS2_PLACEMENT_3D('',#16744,#16745,#16746);
#16748=PLANE('',#16747);
#16749=POLY_LOOP('',(#431,#944,#410));
#16750=FACE_OUTER_BOUND('',#16749,.T.);
#16751=FACE_SURFACE('',(#16750),#16748,.T.);
#16752=CARTESIAN_POINT('',(24.19717407,2.79882812,3.79999995));
#16753=DIRECTION('',(-0.94693821,0.32141565,0.));
#16754=DIRECTION('',(0.,0.,-1.));
#16755=AXIS2_PLACEMENT_3D('',#16752,#16753,#16754);
#16756=PLANE('',#16755);
#16757=POLY_LOOP('',(#922,#410,#944));
#16758=FACE_OUTER_BOUND('',#16757,.T.);
#16759=FACE_SURFACE('',(#16758),#16756,.T.);
#16760=CARTESIAN_POINT('',(24.04232788,2.42498779,0.));
#16761=DIRECTION('',(-0.89686719,0.44229995,0.));
#16762=DIRECTION('',(0.,0.,1.));
#16763=AXIS2_PLACEMENT_3D('',#16760,#16761,#16762);
#16764=PLANE('',#16763);
#16765=POLY_LOOP('',(#499,#1013,#431));
#16766=FACE_OUTER_BOUND('',#16765,.T.);
#16767=FACE_SURFACE('',(#16766),#16764,.T.);
#16768=CARTESIAN_POINT('',(24.13200378,2.60682678,3.79999995));
#16769=DIRECTION('',(-0.89686719,0.44229995,0.));
#16770=DIRECTION('',(0.,0.,-1.));
#16771=AXIS2_PLACEMENT_3D('',#16768,#16769,#16770);
#16772=PLANE('',#16771);
#16773=POLY_LOOP('',(#944,#431,#1013));
#16774=FACE_OUTER_BOUND('',#16773,.T.);
#16775=FACE_SURFACE('',(#16774),#16772,.T.);
#16776=CARTESIAN_POINT('',(23.9296875,2.25640869,0.));
#16777=DIRECTION('',(-0.83147092,0.55556828,0.));
#16778=DIRECTION('',(0.,0.,1.));
#16779=AXIS2_PLACEMENT_3D('',#16776,#16777,#16778);
#16780=PLANE('',#16779);
#16781=POLY_LOOP('',(#501,#1015,#499));
#16782=FACE_OUTER_BOUND('',#16781,.T.);
#16783=FACE_SURFACE('',(#16782),#16780,.T.);
#16784=CARTESIAN_POINT('',(24.04232788,2.42498779,3.79999995));
#16785=DIRECTION('',(-0.83147092,0.55556828,0.));
#16786=DIRECTION('',(0.,0.,-1.));
#16787=AXIS2_PLACEMENT_3D('',#16784,#16785,#16786);
#16788=PLANE('',#16787);
#16789=POLY_LOOP('',(#1013,#499,#1015));
#16790=FACE_OUTER_BOUND('',#16789,.T.);
#16791=FACE_SURFACE('',(#16790),#16788,.T.);
#16792=CARTESIAN_POINT('',(23.79600525,2.10397339,0.));
#16793=DIRECTION('',(-0.75183962,0.65934603,0.));
#16794=DIRECTION('',(0.,0.,1.));
#16795=AXIS2_PLACEMENT_3D('',#16792,#16793,#16794);
#16796=PLANE('',#16795);
#16797=POLY_LOOP('',(#227,#739,#501));
#16798=FACE_OUTER_BOUND('',#16797,.T.);
#16799=FACE_SURFACE('',(#16798),#16796,.T.);
#16800=CARTESIAN_POINT('',(23.9296875,2.25640869,3.79999995));
#16801=DIRECTION('',(-0.75183962,0.65934603,0.));
#16802=DIRECTION('',(0.,0.,-1.));
#16803=AXIS2_PLACEMENT_3D('',#16800,#16801,#16802);
#16804=PLANE('',#16803);
#16805=POLY_LOOP('',(#1015,#501,#739));
#16806=FACE_OUTER_BOUND('',#16805,.T.);
#16807=FACE_SURFACE('',(#16806),#16804,.T.);
#16808=CARTESIAN_POINT('',(23.64356995,1.97029114,0.));
#16809=DIRECTION('',(-0.65934603,0.75183962,0.));
#16810=DIRECTION('',(0.,0.,1.));
#16811=AXIS2_PLACEMENT_3D('',#16808,#16809,#16810);
#16812=PLANE('',#16811);
#16813=POLY_LOOP('',(#226,#740,#227));
#16814=FACE_OUTER_BOUND('',#16813,.T.);
#16815=FACE_SURFACE('',(#16814),#16812,.T.);
#16816=CARTESIAN_POINT('',(23.79600525,2.10397339,3.79999995));
#16817=DIRECTION('',(-0.65934603,0.75183962,0.));
#16818=DIRECTION('',(0.,0.,-1.));
#16819=AXIS2_PLACEMENT_3D('',#16816,#16817,#16818);
#16820=PLANE('',#16819);
#16821=POLY_LOOP('',(#739,#227,#740));
#16822=FACE_OUTER_BOUND('',#16821,.T.);
#16823=FACE_SURFACE('',(#16822),#16820,.T.);
#16824=CARTESIAN_POINT('',(23.47499084,1.85765076,0.));
#16825=DIRECTION('',(-0.55556828,0.83147092,0.));
#16826=DIRECTION('',(0.,0.,1.));
#16827=AXIS2_PLACEMENT_3D('',#16824,#16825,#16826);
#16828=PLANE('',#16827);
#16829=POLY_LOOP('',(#415,#929,#226));
#16830=FACE_OUTER_BOUND('',#16829,.T.);
#16831=FACE_SURFACE('',(#16830),#16828,.T.);
#16832=CARTESIAN_POINT('',(23.64356995,1.97029114,3.79999995));
#16833=DIRECTION('',(-0.55556828,0.83147092,0.));
#16834=DIRECTION('',(0.,0.,-1.));
#16835=AXIS2_PLACEMENT_3D('',#16832,#16833,#16834);
#16836=PLANE('',#16835);
#16837=POLY_LOOP('',(#740,#226,#929));
#16838=FACE_OUTER_BOUND('',#16837,.T.);
#16839=FACE_SURFACE('',(#16838),#16836,.T.);
#16840=CARTESIAN_POINT('',(23.29315186,1.76797485,0.));
#16841=DIRECTION('',(-0.44229995,0.89686719,0.));
#16842=DIRECTION('',(0.,0.,1.));
#16843=AXIS2_PLACEMENT_3D('',#16840,#16841,#16842);
#16844=PLANE('',#16843);
#16845=POLY_LOOP('',(#504,#1017,#415));
#16846=FACE_OUTER_BOUND('',#16845,.T.);
#16847=FACE_SURFACE('',(#16846),#16844,.T.);
#16848=CARTESIAN_POINT('',(23.47499084,1.85765076,3.79999995));
#16849=DIRECTION('',(-0.44229995,0.89686719,0.));
#16850=DIRECTION('',(0.,0.,-1.));
#16851=AXIS2_PLACEMENT_3D('',#16848,#16849,#16850);
#16852=PLANE('',#16851);
#16853=POLY_LOOP('',(#929,#415,#1017));
#16854=FACE_OUTER_BOUND('',#16853,.T.);
#16855=FACE_SURFACE('',(#16854),#16852,.T.);
#16856=CARTESIAN_POINT('',(23.10116577,1.70280457,0.));
#16857=DIRECTION('',(-0.32143856,0.94693044,0.));
#16858=DIRECTION('',(0.,0.,1.));
#16859=AXIS2_PLACEMENT_3D('',#16856,#16857,#16858);
#16860=PLANE('',#16859);
#16861=POLY_LOOP('',(#127,#641,#504));
#16862=FACE_OUTER_BOUND('',#16861,.T.);
#16863=FACE_SURFACE('',(#16862),#16860,.T.);
#16864=CARTESIAN_POINT('',(23.29315186,1.76797485,3.79999995));
#16865=DIRECTION('',(-0.32143856,0.94693044,0.));
#16866=DIRECTION('',(0.,0.,-1.));
#16867=AXIS2_PLACEMENT_3D('',#16864,#16865,#16866);
#16868=PLANE('',#16867);
#16869=POLY_LOOP('',(#1017,#504,#641));
#16870=FACE_OUTER_BOUND('',#16869,.T.);
#16871=FACE_SURFACE('',(#16870),#16868,.T.);
#16872=CARTESIAN_POINT('',(22.90231323,1.66325378,0.));
#16873=DIRECTION('',(-0.19507396,0.98078853,0.));
#16874=DIRECTION('',(0.,0.,1.));
#16875=AXIS2_PLACEMENT_3D('',#16872,#16873,#16874);
#16876=PLANE('',#16875);
#16877=POLY_LOOP('',(#126,#642,#127));
#16878=FACE_OUTER_BOUND('',#16877,.T.);
#16879=FACE_SURFACE('',(#16878),#16876,.T.);
#16880=CARTESIAN_POINT('',(23.10116577,1.70280457,3.79999995));
#16881=DIRECTION('',(-0.19507396,0.98078853,0.));
#16882=DIRECTION('',(0.,0.,-1.));
#16883=AXIS2_PLACEMENT_3D('',#16880,#16881,#16882);
#16884=PLANE('',#16883);
#16885=POLY_LOOP('',(#641,#127,#642));
#16886=FACE_OUTER_BOUND('',#16885,.T.);
#16887=FACE_SURFACE('',(#16886),#16884,.T.);
#16888=CARTESIAN_POINT('',(22.69999695,1.6499939,0.));
#16889=DIRECTION('',(-0.06540007,0.99785912,0.));
#16890=DIRECTION('',(0.,0.,1.));
#16891=AXIS2_PLACEMENT_3D('',#16888,#16889,#16890);
#16892=PLANE('',#16891);
#16893=POLY_LOOP('',(#413,#928,#126));
#16894=FACE_OUTER_BOUND('',#16893,.T.);
#16895=FACE_SURFACE('',(#16894),#16892,.T.);
#16896=CARTESIAN_POINT('',(22.90231323,1.66325378,3.79999995));
#16897=DIRECTION('',(-0.06540007,0.99785912,0.));
#16898=DIRECTION('',(0.,0.,-1.));
#16899=AXIS2_PLACEMENT_3D('',#16896,#16897,#16898);
#16900=PLANE('',#16899);
#16901=POLY_LOOP('',(#642,#126,#928));
#16902=FACE_OUTER_BOUND('',#16901,.T.);
#16903=FACE_SURFACE('',(#16902),#16900,.T.);
#16904=CARTESIAN_POINT('',(22.49768066,1.66325378,0.));
#16905=DIRECTION('',(0.06540007,0.99785912,0.));
#16906=DIRECTION('',(0.,0.,1.));
#16907=AXIS2_PLACEMENT_3D('',#16904,#16905,#16906);
#16908=PLANE('',#16907);
#16909=POLY_LOOP('',(#490,#1004,#413));
#16910=FACE_OUTER_BOUND('',#16909,.T.);
#16911=FACE_SURFACE('',(#16910),#16908,.T.);
#16912=CARTESIAN_POINT('',(22.69999695,1.6499939,3.79999995));
#16913=DIRECTION('',(0.06540007,0.99785912,0.));
#16914=DIRECTION('',(0.,0.,-1.));
#16915=AXIS2_PLACEMENT_3D('',#16912,#16913,#16914);
#16916=PLANE('',#16915);
#16917=POLY_LOOP('',(#928,#413,#1004));
#16918=FACE_OUTER_BOUND('',#16917,.T.);
#16919=FACE_SURFACE('',(#16918),#16916,.T.);
#16920=CARTESIAN_POINT('',(140.45881653,1.70280457,0.));
#16921=DIRECTION('',(0.19505956,0.9807914,0.));
#16922=DIRECTION('',(0.,0.,1.));
#16923=AXIS2_PLACEMENT_3D('',#16920,#16921,#16922);
#16924=PLANE('',#16923);
#16925=POLY_LOOP('',(#128,#640,#424));
#16926=FACE_OUTER_BOUND('',#16925,.T.);
#16927=FACE_SURFACE('',(#16926),#16924,.T.);
#16928=CARTESIAN_POINT('',(140.65768433,1.66325378,3.79999995));
#16929=DIRECTION('',(0.19505956,0.9807914,0.));
#16930=DIRECTION('',(0.,0.,-1.));
#16931=AXIS2_PLACEMENT_3D('',#16928,#16929,#16930);
#16932=PLANE('',#16931);
#16933=POLY_LOOP('',(#938,#424,#640));
#16934=FACE_OUTER_BOUND('',#16933,.T.);
#16935=FACE_SURFACE('',(#16934),#16932,.T.);
#16936=CARTESIAN_POINT('',(140.26683044,1.76797485,0.));
#16937=DIRECTION('',(0.32143856,0.94693044,0.));
#16938=DIRECTION('',(0.,0.,1.));
#16939=AXIS2_PLACEMENT_3D('',#16936,#16937,#16938);
#16940=PLANE('',#16939);
#16941=POLY_LOOP('',(#503,#1018,#128));
#16942=FACE_OUTER_BOUND('',#16941,.T.);
#16943=FACE_SURFACE('',(#16942),#16940,.T.);
#16944=CARTESIAN_POINT('',(140.45881653,1.70280457,3.79999995));
#16945=DIRECTION('',(0.32143856,0.94693044,0.));
#16946=DIRECTION('',(0.,0.,-1.));
#16947=AXIS2_PLACEMENT_3D('',#16944,#16945,#16946);
#16948=PLANE('',#16947);
#16949=POLY_LOOP('',(#640,#128,#1018));
#16950=FACE_OUTER_BOUND('',#16949,.T.);
#16951=FACE_SURFACE('',(#16950),#16948,.T.);
#16952=CARTESIAN_POINT('',(140.08499146,1.85765076,0.));
#16953=DIRECTION('',(0.44229995,0.89686719,0.));
#16954=DIRECTION('',(0.,0.,1.));
#16955=AXIS2_PLACEMENT_3D('',#16952,#16953,#16954);
#16956=PLANE('',#16955);
#16957=POLY_LOOP('',(#505,#1019,#503));
#16958=FACE_OUTER_BOUND('',#16957,.T.);
#16959=FACE_SURFACE('',(#16958),#16956,.T.);
#16960=CARTESIAN_POINT('',(140.26683044,1.76797485,3.79999995));
#16961=DIRECTION('',(0.44229995,0.89686719,0.));
#16962=DIRECTION('',(0.,0.,-1.));
#16963=AXIS2_PLACEMENT_3D('',#16960,#16961,#16962);
#16964=PLANE('',#16963);
#16965=POLY_LOOP('',(#1018,#503,#1019));
#16966=FACE_OUTER_BOUND('',#16965,.T.);
#16967=FACE_SURFACE('',(#16966),#16964,.T.);
#16968=CARTESIAN_POINT('',(139.91641235,1.97029114,0.));
#16969=DIRECTION('',(0.55556828,0.83147092,0.));
#16970=DIRECTION('',(0.,0.,1.));
#16971=AXIS2_PLACEMENT_3D('',#16968,#16969,#16970);
#16972=PLANE('',#16971);
#16973=POLY_LOOP('',(#251,#765,#505));
#16974=FACE_OUTER_BOUND('',#16973,.T.);
#16975=FACE_SURFACE('',(#16974),#16972,.T.);
#16976=CARTESIAN_POINT('',(140.08499146,1.85765076,3.79999995));
#16977=DIRECTION('',(0.55556828,0.83147092,0.));
#16978=DIRECTION('',(0.,0.,-1.));
#16979=AXIS2_PLACEMENT_3D('',#16976,#16977,#16978);
#16980=PLANE('',#16979);
#16981=POLY_LOOP('',(#1019,#505,#765));
#16982=FACE_OUTER_BOUND('',#16981,.T.);
#16983=FACE_SURFACE('',(#16982),#16980,.T.);
#16984=CARTESIAN_POINT('',(139.76397705,2.10397339,0.));
#16985=DIRECTION('',(0.65934603,0.75183962,0.));
#16986=DIRECTION('',(0.,0.,1.));
#16987=AXIS2_PLACEMENT_3D('',#16984,#16985,#16986);
#16988=PLANE('',#16987);
#16989=POLY_LOOP('',(#244,#760,#251));
#16990=FACE_OUTER_BOUND('',#16989,.T.);
#16991=FACE_SURFACE('',(#16990),#16988,.T.);
#16992=CARTESIAN_POINT('',(139.91641235,1.97029114,3.79999995));
#16993=DIRECTION('',(0.65934603,0.75183962,0.));
#16994=DIRECTION('',(0.,0.,-1.));
#16995=AXIS2_PLACEMENT_3D('',#16992,#16993,#16994);
#16996=PLANE('',#16995);
#16997=POLY_LOOP('',(#765,#251,#760));
#16998=FACE_OUTER_BOUND('',#16997,.T.);
#16999=FACE_SURFACE('',(#16998),#16996,.T.);
#17000=CARTESIAN_POINT('',(139.6302948,2.25640869,0.));
#17001=DIRECTION('',(0.75183962,0.65934603,0.));
#17002=DIRECTION('',(0.,0.,1.));
#17003=AXIS2_PLACEMENT_3D('',#17000,#17001,#17002);
#17004=PLANE('',#17003);
#17005=POLY_LOOP('',(#246,#758,#244));
#17006=FACE_OUTER_BOUND('',#17005,.T.);
#17007=FACE_SURFACE('',(#17006),#17004,.T.);
#17008=CARTESIAN_POINT('',(139.76397705,2.10397339,3.79999995));
#17009=DIRECTION('',(0.75183962,0.65934603,0.));
#17010=DIRECTION('',(0.,0.,-1.));
#17011=AXIS2_PLACEMENT_3D('',#17008,#17009,#17010);
#17012=PLANE('',#17011);
#17013=POLY_LOOP('',(#760,#244,#758));
#17014=FACE_OUTER_BOUND('',#17013,.T.);
#17015=FACE_SURFACE('',(#17014),#17012,.T.);
#17016=CARTESIAN_POINT('',(139.51765442,2.42498779,0.));
#17017=DIRECTION('',(0.83147092,0.55556828,0.));
#17018=DIRECTION('',(0.,0.,1.));
#17019=AXIS2_PLACEMENT_3D('',#17016,#17017,#17018);
#17020=PLANE('',#17019);
#17021=POLY_LOOP('',(#433,#947,#246));
#17022=FACE_OUTER_BOUND('',#17021,.T.);
#17023=FACE_SURFACE('',(#17022),#17020,.T.);
#17024=CARTESIAN_POINT('',(139.6302948,2.25640869,3.79999995));
#17025=DIRECTION('',(0.83147092,0.55556828,0.));
#17026=DIRECTION('',(0.,0.,-1.));
#17027=AXIS2_PLACEMENT_3D('',#17024,#17025,#17026);
#17028=PLANE('',#17027);
#17029=POLY_LOOP('',(#758,#246,#947));
#17030=FACE_OUTER_BOUND('',#17029,.T.);
#17031=FACE_SURFACE('',(#17030),#17028,.T.);
#17032=CARTESIAN_POINT('',(139.42797852,2.60682678,0.));
#17033=DIRECTION('',(0.89686719,0.44229995,0.));
#17034=DIRECTION('',(0.,0.,1.));
#17035=AXIS2_PLACEMENT_3D('',#17032,#17033,#17034);
#17036=PLANE('',#17035);
#17037=POLY_LOOP('',(#432,#946,#433));
#17038=FACE_OUTER_BOUND('',#17037,.T.);
#17039=FACE_SURFACE('',(#17038),#17036,.T.);
#17040=CARTESIAN_POINT('',(139.51765442,2.42498779,3.79999995));
#17041=DIRECTION('',(0.89686719,0.44229995,0.));
#17042=DIRECTION('',(0.,0.,-1.));
#17043=AXIS2_PLACEMENT_3D('',#17040,#17041,#17042);
#17044=PLANE('',#17043);
#17045=POLY_LOOP('',(#947,#433,#946));
#17046=FACE_OUTER_BOUND('',#17045,.T.);
#17047=FACE_SURFACE('',(#17046),#17044,.T.);
#17048=CARTESIAN_POINT('',(139.36280823,2.79882812,0.));
#17049=DIRECTION('',(0.94693821,0.32141565,0.));
#17050=DIRECTION('',(0.,0.,1.));
#17051=AXIS2_PLACEMENT_3D('',#17048,#17049,#17050);
#17052=PLANE('',#17051);
#17053=POLY_LOOP('',(#240,#752,#432));
#17054=FACE_OUTER_BOUND('',#17053,.T.);
#17055=FACE_SURFACE('',(#17054),#17052,.T.);
#17056=CARTESIAN_POINT('',(139.42797852,2.60682678,3.79999995));
#17057=DIRECTION('',(0.94693821,0.32141565,0.));
#17058=DIRECTION('',(0.,0.,-1.));
#17059=AXIS2_PLACEMENT_3D('',#17056,#17057,#17058);
#17060=PLANE('',#17059);
#17061=POLY_LOOP('',(#946,#432,#752));
#17062=FACE_OUTER_BOUND('',#17061,.T.);
#17063=FACE_SURFACE('',(#17062),#17060,.T.);
#17064=CARTESIAN_POINT('',(139.32325745,2.99768066,0.));
#17065=DIRECTION('',(0.98078853,0.19507396,0.));
#17066=DIRECTION('',(0.,0.,1.));
#17067=AXIS2_PLACEMENT_3D('',#17064,#17065,#17066);
#17068=PLANE('',#17067);
#17069=POLY_LOOP('',(#310,#824,#240));
#17070=FACE_OUTER_BOUND('',#17069,.T.);
#17071=FACE_SURFACE('',(#17070),#17068,.T.);
#17072=CARTESIAN_POINT('',(139.36280823,2.79882812,3.79999995));
#17073=DIRECTION('',(0.98078853,0.19507396,0.));
#17074=DIRECTION('',(0.,0.,-1.));
#17075=AXIS2_PLACEMENT_3D('',#17072,#17073,#17074);
#17076=PLANE('',#17075);
#17077=POLY_LOOP('',(#752,#240,#824));
#17078=FACE_OUTER_BOUND('',#17077,.T.);
#17079=FACE_SURFACE('',(#17078),#17076,.T.);
#17080=CARTESIAN_POINT('',(139.30999756,3.19999695,0.));
#17081=DIRECTION('',(0.99785912,0.06540007,0.));
#17082=DIRECTION('',(0.,0.,1.));
#17083=AXIS2_PLACEMENT_3D('',#17080,#17081,#17082);
#17084=PLANE('',#17083);
#17085=POLY_LOOP('',(#517,#1031,#310));
#17086=FACE_OUTER_BOUND('',#17085,.T.);
#17087=FACE_SURFACE('',(#17086),#17084,.T.);
#17088=CARTESIAN_POINT('',(139.32325745,2.99768066,3.79999995));
#17089=DIRECTION('',(0.99785912,0.06540007,0.));
#17090=DIRECTION('',(0.,0.,-1.));
#17091=AXIS2_PLACEMENT_3D('',#17088,#17089,#17090);
#17092=PLANE('',#17091);
#17093=POLY_LOOP('',(#824,#310,#1031));
#17094=FACE_OUTER_BOUND('',#17093,.T.);
#17095=FACE_SURFACE('',(#17094),#17092,.T.);
#17096=CARTESIAN_POINT('',(139.32325745,3.40231323,0.));
#17097=DIRECTION('',(0.99785912,-0.06540007,0.));
#17098=DIRECTION('',(0.,0.,1.));
#17099=AXIS2_PLACEMENT_3D('',#17096,#17097,#17098);
#17100=PLANE('',#17099);
#17101=POLY_LOOP('',(#519,#1033,#517));
#17102=FACE_OUTER_BOUND('',#17101,.T.);
#17103=FACE_SURFACE('',(#17102),#17100,.T.);
#17104=CARTESIAN_POINT('',(139.30999756,3.19999695,3.79999995));
#17105=DIRECTION('',(0.99785912,-0.06540007,0.));
#17106=DIRECTION('',(0.,0.,-1.));
#17107=AXIS2_PLACEMENT_3D('',#17104,#17105,#17106);
#17108=PLANE('',#17107);
#17109=POLY_LOOP('',(#1031,#517,#1033));
#17110=FACE_OUTER_BOUND('',#17109,.T.);
#17111=FACE_SURFACE('',(#17110),#17108,.T.);
#17112=CARTESIAN_POINT('',(139.36280823,3.60116577,0.));
#17113=DIRECTION('',(0.98078853,-0.19507396,0.));
#17114=DIRECTION('',(0.,0.,1.));
#17115=AXIS2_PLACEMENT_3D('',#17112,#17113,#17114);
#17116=PLANE('',#17115);
#17117=POLY_LOOP('',(#520,#1034,#519));
#17118=FACE_OUTER_BOUND('',#17117,.T.);
#17119=FACE_SURFACE('',(#17118),#17116,.T.);
#17120=CARTESIAN_POINT('',(139.32325745,3.40231323,3.79999995));
#17121=DIRECTION('',(0.98078853,-0.19507396,0.));
#17122=DIRECTION('',(0.,0.,-1.));
#17123=AXIS2_PLACEMENT_3D('',#17120,#17121,#17122);
#17124=PLANE('',#17123);
#17125=POLY_LOOP('',(#1033,#519,#1034));
#17126=FACE_OUTER_BOUND('',#17125,.T.);
#17127=FACE_SURFACE('',(#17126),#17124,.T.);
#17128=CARTESIAN_POINT('',(139.42797852,3.79315186,0.));
#17129=DIRECTION('',(0.94693044,-0.32143856,0.));
#17130=DIRECTION('',(0.,0.,1.));
#17131=AXIS2_PLACEMENT_3D('',#17128,#17129,#17130);
#17132=PLANE('',#17131);
#17133=POLY_LOOP('',(#249,#764,#520));
#17134=FACE_OUTER_BOUND('',#17133,.T.);
#17135=FACE_SURFACE('',(#17134),#17132,.T.);
#17136=CARTESIAN_POINT('',(139.36280823,3.60116577,3.79999995));
#17137=DIRECTION('',(0.94693044,-0.32143856,0.));
#17138=DIRECTION('',(0.,0.,-1.));
#17139=AXIS2_PLACEMENT_3D('',#17136,#17137,#17138);
#17140=PLANE('',#17139);
#17141=POLY_LOOP('',(#1034,#520,#764));
#17142=FACE_OUTER_BOUND('',#17141,.T.);
#17143=FACE_SURFACE('',(#17142),#17140,.T.);
#17144=CARTESIAN_POINT('',(139.51765442,3.97499084,0.));
#17145=DIRECTION('',(0.89686719,-0.44229995,0.));
#17146=DIRECTION('',(0.,0.,1.));
#17147=AXIS2_PLACEMENT_3D('',#17144,#17145,#17146);
#17148=PLANE('',#17147);
#17149=POLY_LOOP('',(#236,#750,#249));
#17150=FACE_OUTER_BOUND('',#17149,.T.);
#17151=FACE_SURFACE('',(#17150),#17148,.T.);
#17152=CARTESIAN_POINT('',(139.42797852,3.79315186,3.79999995));
#17153=DIRECTION('',(0.89686719,-0.44229995,0.));
#17154=DIRECTION('',(0.,0.,-1.));
#17155=AXIS2_PLACEMENT_3D('',#17152,#17153,#17154);
#17156=PLANE('',#17155);
#17157=POLY_LOOP('',(#764,#249,#750));
#17158=FACE_OUTER_BOUND('',#17157,.T.);
#17159=FACE_SURFACE('',(#17158),#17156,.T.);
#17160=CARTESIAN_POINT('',(139.6302948,4.14356995,0.));
#17161=DIRECTION('',(0.83147092,-0.55556828,0.));
#17162=DIRECTION('',(0.,0.,1.));
#17163=AXIS2_PLACEMENT_3D('',#17160,#17161,#17162);
#17164=PLANE('',#17163);
#17165=POLY_LOOP('',(#235,#751,#236));
#17166=FACE_OUTER_BOUND('',#17165,.T.);
#17167=FACE_SURFACE('',(#17166),#17164,.T.);
#17168=CARTESIAN_POINT('',(139.51765442,3.97499084,3.79999995));
#17169=DIRECTION('',(0.83147092,-0.55556828,0.));
#17170=DIRECTION('',(0.,0.,-1.));
#17171=AXIS2_PLACEMENT_3D('',#17168,#17169,#17170);
#17172=PLANE('',#17171);
#17173=POLY_LOOP('',(#750,#236,#751));
#17174=FACE_OUTER_BOUND('',#17173,.T.);
#17175=FACE_SURFACE('',(#17174),#17172,.T.);
#17176=CARTESIAN_POINT('',(139.76397705,4.29600525,0.));
#17177=DIRECTION('',(0.75183962,-0.65934603,0.));
#17178=DIRECTION('',(0.,0.,1.));
#17179=AXIS2_PLACEMENT_3D('',#17176,#17177,#17178);
#17180=PLANE('',#17179);
#17181=POLY_LOOP('',(#253,#766,#235));
#17182=FACE_OUTER_BOUND('',#17181,.T.);
#17183=FACE_SURFACE('',(#17182),#17180,.T.);
#17184=CARTESIAN_POINT('',(139.6302948,4.14356995,3.79999995));
#17185=DIRECTION('',(0.75183962,-0.65934603,0.));
#17186=DIRECTION('',(0.,0.,-1.));
#17187=AXIS2_PLACEMENT_3D('',#17184,#17185,#17186);
#17188=PLANE('',#17187);
#17189=POLY_LOOP('',(#751,#235,#766));
#17190=FACE_OUTER_BOUND('',#17189,.T.);
#17191=FACE_SURFACE('',(#17190),#17188,.T.);
#17192=CARTESIAN_POINT('',(139.91641235,4.4296875,0.));
#17193=DIRECTION('',(0.65934603,-0.75183962,0.));
#17194=DIRECTION('',(0.,0.,1.));
#17195=AXIS2_PLACEMENT_3D('',#17192,#17193,#17194);
#17196=PLANE('',#17195);
#17197=POLY_LOOP('',(#521,#1035,#253));
#17198=FACE_OUTER_BOUND('',#17197,.T.);
#17199=FACE_SURFACE('',(#17198),#17196,.T.);
#17200=CARTESIAN_POINT('',(139.76397705,4.29600525,3.79999995));
#17201=DIRECTION('',(0.65934603,-0.75183962,0.));
#17202=DIRECTION('',(0.,0.,-1.));
#17203=AXIS2_PLACEMENT_3D('',#17200,#17201,#17202);
#17204=PLANE('',#17203);
#17205=POLY_LOOP('',(#766,#253,#1035));
#17206=FACE_OUTER_BOUND('',#17205,.T.);
#17207=FACE_SURFACE('',(#17206),#17204,.T.);
#17208=CARTESIAN_POINT('',(140.08499146,4.54232788,0.));
#17209=DIRECTION('',(0.55556828,-0.83147092,0.));
#17210=DIRECTION('',(0.,0.,1.));
#17211=AXIS2_PLACEMENT_3D('',#17208,#17209,#17210);
#17212=PLANE('',#17211);
#17213=POLY_LOOP('',(#367,#883,#521));
#17214=FACE_OUTER_BOUND('',#17213,.T.);
#17215=FACE_SURFACE('',(#17214),#17212,.T.);
#17216=CARTESIAN_POINT('',(139.91641235,4.4296875,3.79999995));
#17217=DIRECTION('',(0.55556828,-0.83147092,0.));
#17218=DIRECTION('',(0.,0.,-1.));
#17219=AXIS2_PLACEMENT_3D('',#17216,#17217,#17218);
#17220=PLANE('',#17219);
#17221=POLY_LOOP('',(#1035,#521,#883));
#17222=FACE_OUTER_BOUND('',#17221,.T.);
#17223=FACE_SURFACE('',(#17222),#17220,.T.);
#17224=CARTESIAN_POINT('',(140.26683044,4.63200378,0.));
#17225=DIRECTION('',(0.44229995,-0.89686719,0.));
#17226=DIRECTION('',(0.,0.,1.));
#17227=AXIS2_PLACEMENT_3D('',#17224,#17225,#17226);
#17228=PLANE('',#17227);
#17229=POLY_LOOP('',(#369,#881,#367));
#17230=FACE_OUTER_BOUND('',#17229,.T.);
#17231=FACE_SURFACE('',(#17230),#17228,.T.);
#17232=CARTESIAN_POINT('',(140.08499146,4.54232788,3.79999995));
#17233=DIRECTION('',(0.44229995,-0.89686719,0.));
#17234=DIRECTION('',(0.,0.,-1.));
#17235=AXIS2_PLACEMENT_3D('',#17232,#17233,#17234);
#17236=PLANE('',#17235);
#17237=POLY_LOOP('',(#883,#367,#881));
#17238=FACE_OUTER_BOUND('',#17237,.T.);
#17239=FACE_SURFACE('',(#17238),#17236,.T.);
#17240=CARTESIAN_POINT('',(140.45881653,4.69717407,0.));
#17241=DIRECTION('',(0.32143856,-0.94693044,0.));
#17242=DIRECTION('',(0.,0.,1.));
#17243=AXIS2_PLACEMENT_3D('',#17240,#17241,#17242);
#17244=PLANE('',#17243);
#17245=POLY_LOOP('',(#524,#1038,#369));
#17246=FACE_OUTER_BOUND('',#17245,.T.);
#17247=FACE_SURFACE('',(#17246),#17244,.T.);
#17248=CARTESIAN_POINT('',(140.26683044,4.63200378,3.79999995));
#17249=DIRECTION('',(0.32143856,-0.94693044,0.));
#17250=DIRECTION('',(0.,0.,-1.));
#17251=AXIS2_PLACEMENT_3D('',#17248,#17249,#17250);
#17252=PLANE('',#17251);
#17253=POLY_LOOP('',(#881,#369,#1038));
#17254=FACE_OUTER_BOUND('',#17253,.T.);
#17255=FACE_SURFACE('',(#17254),#17252,.T.);
#17256=CARTESIAN_POINT('',(140.65768433,4.73672485,0.));
#17257=DIRECTION('',(0.19505956,-0.9807914,0.));
#17258=DIRECTION('',(0.,0.,1.));
#17259=AXIS2_PLACEMENT_3D('',#17256,#17257,#17258);
#17260=PLANE('',#17259);
#17261=POLY_LOOP('',(#435,#950,#524));
#17262=FACE_OUTER_BOUND('',#17261,.T.);
#17263=FACE_SURFACE('',(#17262),#17260,.T.);
#17264=CARTESIAN_POINT('',(140.45881653,4.69717407,3.79999995));
#17265=DIRECTION('',(0.19505956,-0.9807914,0.));
#17266=DIRECTION('',(0.,0.,-1.));
#17267=AXIS2_PLACEMENT_3D('',#17264,#17265,#17266);
#17268=PLANE('',#17267);
#17269=POLY_LOOP('',(#1038,#524,#950));
#17270=FACE_OUTER_BOUND('',#17269,.T.);
#17271=FACE_SURFACE('',(#17270),#17268,.T.);
#17272=CARTESIAN_POINT('',(140.85998535,4.75,0.));
#17273=DIRECTION('',(0.06547993,-0.99785389,0.));
#17274=DIRECTION('',(0.,0.,1.));
#17275=AXIS2_PLACEMENT_3D('',#17272,#17273,#17274);
#17276=PLANE('',#17275);
#17277=POLY_LOOP('',(#525,#1039,#435));
#17278=FACE_OUTER_BOUND('',#17277,.T.);
#17279=FACE_SURFACE('',(#17278),#17276,.T.);
#17280=CARTESIAN_POINT('',(140.65768433,4.73672485,3.79999995));
#17281=DIRECTION('',(0.06547993,-0.99785389,0.));
#17282=DIRECTION('',(0.,0.,-1.));
#17283=AXIS2_PLACEMENT_3D('',#17280,#17281,#17282);
#17284=PLANE('',#17283);
#17285=POLY_LOOP('',(#950,#435,#1039));
#17286=FACE_OUTER_BOUND('',#17285,.T.);
#17287=FACE_SURFACE('',(#17286),#17284,.T.);
#17288=CARTESIAN_POINT('',(141.06230164,4.73672485,0.));
#17289=DIRECTION('',(-0.06547501,-0.99785421,0.));
#17290=DIRECTION('',(0.,0.,1.));
#17291=AXIS2_PLACEMENT_3D('',#17288,#17289,#17290);
#17292=PLANE('',#17291);
#17293=POLY_LOOP('',(#526,#1040,#525));
#17294=FACE_OUTER_BOUND('',#17293,.T.);
#17295=FACE_SURFACE('',(#17294),#17292,.T.);
#17296=CARTESIAN_POINT('',(140.85998535,4.75,3.79999995));
#17297=DIRECTION('',(-0.06547501,-0.99785421,0.));
#17298=DIRECTION('',(0.,0.,-1.));
#17299=AXIS2_PLACEMENT_3D('',#17296,#17297,#17298);
#17300=PLANE('',#17299);
#17301=POLY_LOOP('',(#1039,#525,#1040));
#17302=FACE_OUTER_BOUND('',#17301,.T.);
#17303=FACE_SURFACE('',(#17302),#17300,.T.);
#17304=CARTESIAN_POINT('',(141.26116943,4.69717407,0.));
#17305=DIRECTION('',(-0.19505956,-0.9807914,0.));
#17306=DIRECTION('',(0.,0.,1.));
#17307=AXIS2_PLACEMENT_3D('',#17304,#17305,#17306);
#17308=PLANE('',#17307);
#17309=POLY_LOOP('',(#243,#755,#526));
#17310=FACE_OUTER_BOUND('',#17309,.T.);
#17311=FACE_SURFACE('',(#17310),#17308,.T.);
#17312=CARTESIAN_POINT('',(141.06230164,4.73672485,3.79999995));
#17313=DIRECTION('',(-0.19505956,-0.9807914,0.));
#17314=DIRECTION('',(0.,0.,-1.));
#17315=AXIS2_PLACEMENT_3D('',#17312,#17313,#17314);
#17316=PLANE('',#17315);
#17317=POLY_LOOP('',(#1040,#526,#755));
#17318=FACE_OUTER_BOUND('',#17317,.T.);
#17319=FACE_SURFACE('',(#17318),#17316,.T.);
#17320=CARTESIAN_POINT('',(141.45315552,4.63200378,0.));
#17321=DIRECTION('',(-0.32143856,-0.94693044,0.));
#17322=DIRECTION('',(0.,0.,1.));
#17323=AXIS2_PLACEMENT_3D('',#17320,#17321,#17322);
#17324=PLANE('',#17323);
#17325=POLY_LOOP('',(#247,#762,#243));
#17326=FACE_OUTER_BOUND('',#17325,.T.);
#17327=FACE_SURFACE('',(#17326),#17324,.T.);
#17328=CARTESIAN_POINT('',(141.26116943,4.69717407,3.79999995));
#17329=DIRECTION('',(-0.32143856,-0.94693044,0.));
#17330=DIRECTION('',(0.,0.,-1.));
#17331=AXIS2_PLACEMENT_3D('',#17328,#17329,#17330);
#17332=PLANE('',#17331);
#17333=POLY_LOOP('',(#755,#243,#762));
#17334=FACE_OUTER_BOUND('',#17333,.T.);
#17335=FACE_SURFACE('',(#17334),#17332,.T.);
#17336=CARTESIAN_POINT('',(141.63499451,4.54232788,0.));
#17337=DIRECTION('',(-0.44229995,-0.89686719,0.));
#17338=DIRECTION('',(0.,0.,1.));
#17339=AXIS2_PLACEMENT_3D('',#17336,#17337,#17338);
#17340=PLANE('',#17339);
#17341=POLY_LOOP('',(#248,#761,#247));
#17342=FACE_OUTER_BOUND('',#17341,.T.);
#17343=FACE_SURFACE('',(#17342),#17340,.T.);
#17344=CARTESIAN_POINT('',(141.45315552,4.63200378,3.79999995));
#17345=DIRECTION('',(-0.44229995,-0.89686719,0.));
#17346=DIRECTION('',(0.,0.,-1.));
#17347=AXIS2_PLACEMENT_3D('',#17344,#17345,#17346);
#17348=PLANE('',#17347);
#17349=POLY_LOOP('',(#762,#247,#761));
#17350=FACE_OUTER_BOUND('',#17349,.T.);
#17351=FACE_SURFACE('',(#17350),#17348,.T.);
#17352=CARTESIAN_POINT('',(141.80357361,4.4296875,0.));
#17353=DIRECTION('',(-0.55556828,-0.83147092,0.));
#17354=DIRECTION('',(0.,0.,1.));
#17355=AXIS2_PLACEMENT_3D('',#17352,#17353,#17354);
#17356=PLANE('',#17355);
#17357=POLY_LOOP('',(#528,#1042,#248));
#17358=FACE_OUTER_BOUND('',#17357,.T.);
#17359=FACE_SURFACE('',(#17358),#17356,.T.);
#17360=CARTESIAN_POINT('',(141.63499451,4.54232788,3.79999995));
#17361=DIRECTION('',(-0.55556828,-0.83147092,0.));
#17362=DIRECTION('',(0.,0.,-1.));
#17363=AXIS2_PLACEMENT_3D('',#17360,#17361,#17362);
#17364=PLANE('',#17363);
#17365=POLY_LOOP('',(#761,#248,#1042));
#17366=FACE_OUTER_BOUND('',#17365,.T.);
#17367=FACE_SURFACE('',(#17366),#17364,.T.);
#17368=CARTESIAN_POINT('',(141.95600891,4.29600525,0.));
#17369=DIRECTION('',(-0.65934603,-0.75183962,0.));
#17370=DIRECTION('',(0.,0.,1.));
#17371=AXIS2_PLACEMENT_3D('',#17368,#17369,#17370);
#17372=PLANE('',#17371);
#17373=POLY_LOOP('',(#256,#768,#528));
#17374=FACE_OUTER_BOUND('',#17373,.T.);
#17375=FACE_SURFACE('',(#17374),#17372,.T.);
#17376=CARTESIAN_POINT('',(141.80357361,4.4296875,3.79999995));
#17377=DIRECTION('',(-0.65934603,-0.75183962,0.));
#17378=DIRECTION('',(0.,0.,-1.));
#17379=AXIS2_PLACEMENT_3D('',#17376,#17377,#17378);
#17380=PLANE('',#17379);
#17381=POLY_LOOP('',(#1042,#528,#768));
#17382=FACE_OUTER_BOUND('',#17381,.T.);
#17383=FACE_SURFACE('',(#17382),#17380,.T.);
#17384=CARTESIAN_POINT('',(142.08969116,4.14356995,0.));
#17385=DIRECTION('',(-0.75183962,-0.65934603,0.));
#17386=DIRECTION('',(0.,0.,1.));
#17387=AXIS2_PLACEMENT_3D('',#17384,#17385,#17386);
#17388=PLANE('',#17387);
#17389=POLY_LOOP('',(#255,#769,#256));
#17390=FACE_OUTER_BOUND('',#17389,.T.);
#17391=FACE_SURFACE('',(#17390),#17388,.T.);
#17392=CARTESIAN_POINT('',(141.95600891,4.29600525,3.79999995));
#17393=DIRECTION('',(-0.75183962,-0.65934603,0.));
#17394=DIRECTION('',(0.,0.,-1.));
#17395=AXIS2_PLACEMENT_3D('',#17392,#17393,#17394);
#17396=PLANE('',#17395);
#17397=POLY_LOOP('',(#768,#256,#769));
#17398=FACE_OUTER_BOUND('',#17397,.T.);
#17399=FACE_SURFACE('',(#17398),#17396,.T.);
#17400=CARTESIAN_POINT('',(142.20233154,3.97499084,0.));
#17401=DIRECTION('',(-0.83147092,-0.55556828,0.));
#17402=DIRECTION('',(0.,0.,1.));
#17403=AXIS2_PLACEMENT_3D('',#17400,#17401,#17402);
#17404=PLANE('',#17403);
#17405=POLY_LOOP('',(#529,#1043,#255));
#17406=FACE_OUTER_BOUND('',#17405,.T.);
#17407=FACE_SURFACE('',(#17406),#17404,.T.);
#17408=CARTESIAN_POINT('',(142.08969116,4.14356995,3.79999995));
#17409=DIRECTION('',(-0.83147092,-0.55556828,0.));
#17410=DIRECTION('',(0.,0.,-1.));
#17411=AXIS2_PLACEMENT_3D('',#17408,#17409,#17410);
#17412=PLANE('',#17411);
#17413=POLY_LOOP('',(#769,#255,#1043));
#17414=FACE_OUTER_BOUND('',#17413,.T.);
#17415=FACE_SURFACE('',(#17414),#17412,.T.);
#17416=CARTESIAN_POINT('',(142.29200745,3.79315186,0.));
#17417=DIRECTION('',(-0.89686719,-0.44229995,0.));
#17418=DIRECTION('',(0.,0.,1.));
#17419=AXIS2_PLACEMENT_3D('',#17416,#17417,#17418);
#17420=PLANE('',#17419);
#17421=POLY_LOOP('',(#257,#773,#529));
#17422=FACE_OUTER_BOUND('',#17421,.T.);
#17423=FACE_SURFACE('',(#17422),#17420,.T.);
#17424=CARTESIAN_POINT('',(142.20233154,3.97499084,3.79999995));
#17425=DIRECTION('',(-0.89686719,-0.44229995,0.));
#17426=DIRECTION('',(0.,0.,-1.));
#17427=AXIS2_PLACEMENT_3D('',#17424,#17425,#17426);
#17428=PLANE('',#17427);
#17429=POLY_LOOP('',(#1043,#529,#773));
#17430=FACE_OUTER_BOUND('',#17429,.T.);
#17431=FACE_SURFACE('',(#17430),#17428,.T.);
#17432=CARTESIAN_POINT('',(142.35717773,3.60116577,0.));
#17433=DIRECTION('',(-0.94693044,-0.32143856,0.));
#17434=DIRECTION('',(0.,0.,1.));
#17435=AXIS2_PLACEMENT_3D('',#17432,#17433,#17434);
#17436=PLANE('',#17435);
#17437=POLY_LOOP('',(#259,#771,#257));
#17438=FACE_OUTER_BOUND('',#17437,.T.);
#17439=FACE_SURFACE('',(#17438),#17436,.T.);
#17440=CARTESIAN_POINT('',(142.29200745,3.79315186,3.79999995));
#17441=DIRECTION('',(-0.94693044,-0.32143856,0.));
#17442=DIRECTION('',(0.,0.,-1.));
#17443=AXIS2_PLACEMENT_3D('',#17440,#17441,#17442);
#17444=PLANE('',#17443);
#17445=POLY_LOOP('',(#773,#257,#771));
#17446=FACE_OUTER_BOUND('',#17445,.T.);
#17447=FACE_SURFACE('',(#17446),#17444,.T.);
#17448=CARTESIAN_POINT('',(142.39672852,3.40231323,0.));
#17449=DIRECTION('',(-0.98078853,-0.19507396,0.));
#17450=DIRECTION('',(0.,0.,1.));
#17451=AXIS2_PLACEMENT_3D('',#17448,#17449,#17450);
#17452=PLANE('',#17451);
#17453=POLY_LOOP('',(#530,#1044,#259));
#17454=FACE_OUTER_BOUND('',#17453,.T.);
#17455=FACE_SURFACE('',(#17454),#17452,.T.);
#17456=CARTESIAN_POINT('',(142.35717773,3.60116577,3.79999995));
#17457=DIRECTION('',(-0.98078853,-0.19507396,0.));
#17458=DIRECTION('',(0.,0.,-1.));
#17459=AXIS2_PLACEMENT_3D('',#17456,#17457,#17458);
#17460=PLANE('',#17459);
#17461=POLY_LOOP('',(#771,#259,#1044));
#17462=FACE_OUTER_BOUND('',#17461,.T.);
#17463=FACE_SURFACE('',(#17462),#17460,.T.);
#17464=CARTESIAN_POINT('',(142.4099884,3.19999695,0.));
#17465=DIRECTION('',(-0.99785912,-0.06540007,0.));
#17466=DIRECTION('',(0.,0.,1.));
#17467=AXIS2_PLACEMENT_3D('',#17464,#17465,#17466);
#17468=PLANE('',#17467);
#17469=POLY_LOOP('',(#507,#1021,#530));
#17470=FACE_OUTER_BOUND('',#17469,.T.);
#17471=FACE_SURFACE('',(#17470),#17468,.T.);
#17472=CARTESIAN_POINT('',(142.39672852,3.40231323,3.79999995));
#17473=DIRECTION('',(-0.99785912,-0.06540007,0.));
#17474=DIRECTION('',(0.,0.,-1.));
#17475=AXIS2_PLACEMENT_3D('',#17472,#17473,#17474);
#17476=PLANE('',#17475);
#17477=POLY_LOOP('',(#1044,#530,#1021));
#17478=FACE_OUTER_BOUND('',#17477,.T.);
#17479=FACE_SURFACE('',(#17478),#17476,.T.);
#17480=CARTESIAN_POINT('',(142.39672852,2.99768066,0.));
#17481=DIRECTION('',(-0.99785912,0.06540007,0.));
#17482=DIRECTION('',(0.,0.,1.));
#17483=AXIS2_PLACEMENT_3D('',#17480,#17481,#17482);
#17484=PLANE('',#17483);
#17485=POLY_LOOP('',(#511,#1023,#507));
#17486=FACE_OUTER_BOUND('',#17485,.T.);
#17487=FACE_SURFACE('',(#17486),#17484,.T.);
#17488=CARTESIAN_POINT('',(142.4099884,3.19999695,3.79999995));
#17489=DIRECTION('',(-0.99785912,0.06540007,0.));
#17490=DIRECTION('',(0.,0.,-1.));
#17491=AXIS2_PLACEMENT_3D('',#17488,#17489,#17490);
#17492=PLANE('',#17491);
#17493=POLY_LOOP('',(#1021,#507,#1023));
#17494=FACE_OUTER_BOUND('',#17493,.T.);
#17495=FACE_SURFACE('',(#17494),#17492,.T.);
#17496=CARTESIAN_POINT('',(142.35717773,2.79882812,0.));
#17497=DIRECTION('',(-0.98078853,0.19507396,0.));
#17498=DIRECTION('',(0.,0.,1.));
#17499=AXIS2_PLACEMENT_3D('',#17496,#17497,#17498);
#17500=PLANE('',#17499);
#17501=POLY_LOOP('',(#510,#1024,#511));
#17502=FACE_OUTER_BOUND('',#17501,.T.);
#17503=FACE_SURFACE('',(#17502),#17500,.T.);
#17504=CARTESIAN_POINT('',(142.39672852,2.99768066,3.79999995));
#17505=DIRECTION('',(-0.98078853,0.19507396,0.));
#17506=DIRECTION('',(0.,0.,-1.));
#17507=AXIS2_PLACEMENT_3D('',#17504,#17505,#17506);
#17508=PLANE('',#17507);
#17509=POLY_LOOP('',(#1023,#511,#1024));
#17510=FACE_OUTER_BOUND('',#17509,.T.);
#17511=FACE_SURFACE('',(#17510),#17508,.T.);
#17512=CARTESIAN_POINT('',(142.29200745,2.60682678,0.));
#17513=DIRECTION('',(-0.94693821,0.32141565,0.));
#17514=DIRECTION('',(0.,0.,1.));
#17515=AXIS2_PLACEMENT_3D('',#17512,#17513,#17514);
#17516=PLANE('',#17515);
#17517=POLY_LOOP('',(#515,#1027,#510));
#17518=FACE_OUTER_BOUND('',#17517,.T.);
#17519=FACE_SURFACE('',(#17518),#17516,.T.);
#17520=CARTESIAN_POINT('',(142.35717773,2.79882812,3.79999995));
#17521=DIRECTION('',(-0.94693821,0.32141565,0.));
#17522=DIRECTION('',(0.,0.,-1.));
#17523=AXIS2_PLACEMENT_3D('',#17520,#17521,#17522);
#17524=PLANE('',#17523);
#17525=POLY_LOOP('',(#1024,#510,#1027));
#17526=FACE_OUTER_BOUND('',#17525,.T.);
#17527=FACE_SURFACE('',(#17526),#17524,.T.);
#17528=CARTESIAN_POINT('',(142.20233154,2.42498779,0.));
#17529=DIRECTION('',(-0.89686719,0.44229995,0.));
#17530=DIRECTION('',(0.,0.,1.));
#17531=AXIS2_PLACEMENT_3D('',#17528,#17529,#17530);
#17532=PLANE('',#17531);
#17533=POLY_LOOP('',(#514,#1028,#515));
#17534=FACE_OUTER_BOUND('',#17533,.T.);
#17535=FACE_SURFACE('',(#17534),#17532,.T.);
#17536=CARTESIAN_POINT('',(142.29200745,2.60682678,3.79999995));
#17537=DIRECTION('',(-0.89686719,0.44229995,0.));
#17538=DIRECTION('',(0.,0.,-1.));
#17539=AXIS2_PLACEMENT_3D('',#17536,#17537,#17538);
#17540=PLANE('',#17539);
#17541=POLY_LOOP('',(#1027,#515,#1028));
#17542=FACE_OUTER_BOUND('',#17541,.T.);
#17543=FACE_SURFACE('',(#17542),#17540,.T.);
#17544=CARTESIAN_POINT('',(142.08969116,2.25640869,0.));
#17545=DIRECTION('',(-0.83147092,0.55556828,0.));
#17546=DIRECTION('',(0.,0.,1.));
#17547=AXIS2_PLACEMENT_3D('',#17544,#17545,#17546);
#17548=PLANE('',#17547);
#17549=POLY_LOOP('',(#425,#941,#514));
#17550=FACE_OUTER_BOUND('',#17549,.T.);
#17551=FACE_SURFACE('',(#17550),#17548,.T.);
#17552=CARTESIAN_POINT('',(142.20233154,2.42498779,3.79999995));
#17553=DIRECTION('',(-0.83147092,0.55556828,0.));
#17554=DIRECTION('',(0.,0.,-1.));
#17555=AXIS2_PLACEMENT_3D('',#17552,#17553,#17554);
#17556=PLANE('',#17555);
#17557=POLY_LOOP('',(#1028,#514,#941));
#17558=FACE_OUTER_BOUND('',#17557,.T.);
#17559=FACE_SURFACE('',(#17558),#17556,.T.);
#17560=CARTESIAN_POINT('',(141.95600891,2.10397339,0.));
#17561=DIRECTION('',(-0.75183962,0.65934603,0.));
#17562=DIRECTION('',(0.,0.,1.));
#17563=AXIS2_PLACEMENT_3D('',#17560,#17561,#17562);
#17564=PLANE('',#17563);
#17565=POLY_LOOP('',(#427,#939,#425));
#17566=FACE_OUTER_BOUND('',#17565,.T.);
#17567=FACE_SURFACE('',(#17566),#17564,.T.);
#17568=CARTESIAN_POINT('',(142.08969116,2.25640869,3.79999995));
#17569=DIRECTION('',(-0.75183962,0.65934603,0.));
#17570=DIRECTION('',(0.,0.,-1.));
#17571=AXIS2_PLACEMENT_3D('',#17568,#17569,#17570);
#17572=PLANE('',#17571);
#17573=POLY_LOOP('',(#941,#425,#939));
#17574=FACE_OUTER_BOUND('',#17573,.T.);
#17575=FACE_SURFACE('',(#17574),#17572,.T.);
#17576=CARTESIAN_POINT('',(141.80357361,1.97029114,0.));
#17577=DIRECTION('',(-0.65934603,0.75183962,0.));
#17578=DIRECTION('',(0.,0.,1.));
#17579=AXIS2_PLACEMENT_3D('',#17576,#17577,#17578);
#17580=PLANE('',#17579);
#17581=POLY_LOOP('',(#417,#931,#427));
#17582=FACE_OUTER_BOUND('',#17581,.T.);
#17583=FACE_SURFACE('',(#17582),#17580,.T.);
#17584=CARTESIAN_POINT('',(141.95600891,2.10397339,3.79999995));
#17585=DIRECTION('',(-0.65934603,0.75183962,0.));
#17586=DIRECTION('',(0.,0.,-1.));
#17587=AXIS2_PLACEMENT_3D('',#17584,#17585,#17586);
#17588=PLANE('',#17587);
#17589=POLY_LOOP('',(#939,#427,#931));
#17590=FACE_OUTER_BOUND('',#17589,.T.);
#17591=FACE_SURFACE('',(#17590),#17588,.T.);
#17592=CARTESIAN_POINT('',(141.63499451,1.85765076,0.));
#17593=DIRECTION('',(-0.55556828,0.83147092,0.));
#17594=DIRECTION('',(0.,0.,1.));
#17595=AXIS2_PLACEMENT_3D('',#17592,#17593,#17594);
#17596=PLANE('',#17595);
#17597=POLY_LOOP('',(#531,#1045,#417));
#17598=FACE_OUTER_BOUND('',#17597,.T.);
#17599=FACE_SURFACE('',(#17598),#17596,.T.);
#17600=CARTESIAN_POINT('',(141.80357361,1.97029114,3.79999995));
#17601=DIRECTION('',(-0.55556828,0.83147092,0.));
#17602=DIRECTION('',(0.,0.,-1.));
#17603=AXIS2_PLACEMENT_3D('',#17600,#17601,#17602);
#17604=PLANE('',#17603);
#17605=POLY_LOOP('',(#931,#417,#1045));
#17606=FACE_OUTER_BOUND('',#17605,.T.);
#17607=FACE_SURFACE('',(#17606),#17604,.T.);
#17608=CARTESIAN_POINT('',(141.45315552,1.76797485,0.));
#17609=DIRECTION('',(-0.44229995,0.89686719,0.));
#17610=DIRECTION('',(0.,0.,1.));
#17611=AXIS2_PLACEMENT_3D('',#17608,#17609,#17610);
#17612=PLANE('',#17611);
#17613=POLY_LOOP('',(#512,#1026,#531));
#17614=FACE_OUTER_BOUND('',#17613,.T.);
#17615=FACE_SURFACE('',(#17614),#17612,.T.);
#17616=CARTESIAN_POINT('',(141.63499451,1.85765076,3.79999995));
#17617=DIRECTION('',(-0.44229995,0.89686719,0.));
#17618=DIRECTION('',(0.,0.,-1.));
#17619=AXIS2_PLACEMENT_3D('',#17616,#17617,#17618);
#17620=PLANE('',#17619);
#17621=POLY_LOOP('',(#1045,#531,#1026));
#17622=FACE_OUTER_BOUND('',#17621,.T.);
#17623=FACE_SURFACE('',(#17622),#17620,.T.);
#17624=CARTESIAN_POINT('',(141.26116943,1.70280457,0.));
#17625=DIRECTION('',(-0.32143856,0.94693044,0.));
#17626=DIRECTION('',(0.,0.,1.));
#17627=AXIS2_PLACEMENT_3D('',#17624,#17625,#17626);
#17628=PLANE('',#17627);
#17629=POLY_LOOP('',(#532,#1046,#512));
#17630=FACE_OUTER_BOUND('',#17629,.T.);
#17631=FACE_SURFACE('',(#17630),#17628,.T.);
#17632=CARTESIAN_POINT('',(141.45315552,1.76797485,3.79999995));
#17633=DIRECTION('',(-0.32143856,0.94693044,0.));
#17634=DIRECTION('',(0.,0.,-1.));
#17635=AXIS2_PLACEMENT_3D('',#17632,#17633,#17634);
#17636=PLANE('',#17635);
#17637=POLY_LOOP('',(#1026,#512,#1046));
#17638=FACE_OUTER_BOUND('',#17637,.T.);
#17639=FACE_SURFACE('',(#17638),#17636,.T.);
#17640=CARTESIAN_POINT('',(141.06230164,1.66325378,0.));
#17641=DIRECTION('',(-0.19505956,0.9807914,0.));
#17642=DIRECTION('',(0.,0.,1.));
#17643=AXIS2_PLACEMENT_3D('',#17640,#17641,#17642);
#17644=PLANE('',#17643);
#17645=POLY_LOOP('',(#533,#1047,#532));
#17646=FACE_OUTER_BOUND('',#17645,.T.);
#17647=FACE_SURFACE('',(#17646),#17644,.T.);
#17648=CARTESIAN_POINT('',(141.26116943,1.70280457,3.79999995));
#17649=DIRECTION('',(-0.19505956,0.9807914,0.));
#17650=DIRECTION('',(0.,0.,-1.));
#17651=AXIS2_PLACEMENT_3D('',#17648,#17649,#17650);
#17652=PLANE('',#17651);
#17653=POLY_LOOP('',(#1046,#532,#1047));
#17654=FACE_OUTER_BOUND('',#17653,.T.);
#17655=FACE_SURFACE('',(#17654),#17652,.T.);
#17656=CARTESIAN_POINT('',(140.85998535,1.6499939,0.));
#17657=DIRECTION('',(-0.06540007,0.99785912,0.));
#17658=DIRECTION('',(0.,0.,1.));
#17659=AXIS2_PLACEMENT_3D('',#17656,#17657,#17658);
#17660=PLANE('',#17659);
#17661=POLY_LOOP('',(#414,#927,#533));
#17662=FACE_OUTER_BOUND('',#17661,.T.);
#17663=FACE_SURFACE('',(#17662),#17660,.T.);
#17664=CARTESIAN_POINT('',(141.06230164,1.66325378,3.79999995));
#17665=DIRECTION('',(-0.06540007,0.99785912,0.));
#17666=DIRECTION('',(0.,0.,-1.));
#17667=AXIS2_PLACEMENT_3D('',#17664,#17665,#17666);
#17668=PLANE('',#17667);
#17669=POLY_LOOP('',(#1047,#533,#927));
#17670=FACE_OUTER_BOUND('',#17669,.T.);
#17671=FACE_SURFACE('',(#17670),#17668,.T.);
#17672=CARTESIAN_POINT('',(140.65768433,1.66325378,0.));
#17673=DIRECTION('',(0.06540499,0.9978588,0.));
#17674=DIRECTION('',(0.,0.,1.));
#17675=AXIS2_PLACEMENT_3D('',#17672,#17673,#17674);
#17676=PLANE('',#17675);
#17677=POLY_LOOP('',(#424,#938,#414));
#17678=FACE_OUTER_BOUND('',#17677,.T.);
#17679=FACE_SURFACE('',(#17678),#17676,.T.);
#17680=CARTESIAN_POINT('',(140.85998535,1.6499939,3.79999995));
#17681=DIRECTION('',(0.06540499,0.9978588,0.));
#17682=DIRECTION('',(0.,0.,-1.));
#17683=AXIS2_PLACEMENT_3D('',#17680,#17681,#17682);
#17684=PLANE('',#17683);
#17685=POLY_LOOP('',(#927,#414,#938));
#17686=FACE_OUTER_BOUND('',#17685,.T.);
#17687=FACE_SURFACE('',(#17686),#17684,.T.);
#17688=CLOSED_SHELL('',(#1055,#1063,#1071,#1079,#1087,#1095,#1103,#1111,#1119,#1127,#1135,#1143,#1151,#1159,#1167,#1175,#1183,#1191,#1199,#1207,#1215,#1223,#1231,#1239,#1247,#1255,#1263,#1271,#1279,#1287,#1295,#1303,#1311,#1319,#1327,#1335,#1343,#1351,#1359,#1367,#1375,#1383,#1391,#1399,#1407,#1415,#1423,#1431,#1439,#1447,#1455,#1463,#1471,#1479,#1487,#1495,#1503,#1511,#1519,#1527,#1535,#1543,#1551,#1559,#1567,#1575,#1583,#1591,#1599,#1607,#1615,#1623,#1631,#1639,#1647,#1655,#1663,#1671,#1679,#1687,#1695,#1703,#1711,#1719,#1727,#1735,#1743,#1751,#1759,#1767,#1775,#1783,#1791,#1799,#1807,#1815,#1823,#1831,#1839,#1847,#1855,#1863,#1871,#1879,#1887,#1895,#1903,#1911,#1919,#1927,#1935,#1943,#1951,#1959,#1967,#1975,#1983,#1991,#1999,#2007,#2015,#2023,#2031,#2039,#2047,#2055,#2063,#2071,#2079,#2087,#2095,#2103,#2111,#2119,#2127,#2135,#2143,#2151,#2159,#2167,#2175,#2183,#2191,#2199,#2207,#2215,#2223,#2231,#2239,#2247,#2255,#2263,#2271,#2279,#2287,#2295,#2303,#2311,#2319,#2327,#2335,#2343,#2351,#2359,#2367,#2375,#2383,#2391,#2399,#2407,#2415,#2423,#2431,#2439,#2447,#2455,#2463,#2471,#2479,#2487,#2495,#2503,#2511,#2519,#2527,#2535,#2543,#2551,#2559,#2567,#2575,#2583,#2591,#2599,#2607,#2615,#2623,#2631,#2639,#2647,#2655,#2663,#2671,#2679,#2687,#2695,#2703,#2711,#2719,#2727,#2735,#2743,#2751,#2759,#2767,#2775,#2783,#2791,#2799,#2807,#2815,#2823,#2831,#2839,#2847,#2855,#2863,#2871,#2879,#2887,#2895,#2903,#2911,#2919,#2927,#2935,#2943,#2951,#2959,#2967,#2975,#2983,#2991,#2999,#3007,#3015,#3023,#3031,#3039,#3047,#3055,#3063,#3071,#3079,#3087,#3095,#3103,#3111,#3119,#3127,#3135,#3143,#3151,#3159,#3167,#3175,#3183,#3191,#3199,#3207,#3215,#3223,#3231,#3239,#3247,#3255,#3263,#3271,#3279,#3287,#3295,#3303,#3311,#3319,#3327,#3335,#3343,#3351,#3359,#3367,#3375,#3383,#3391,#3399,#3407,#3415,#3423,#3431,#3439,#3447,#3455,#3463,#3471,#3479,#3487,#3495,#3503,#3511,#3519,#3527,#3535,#3543,#3551,#3559,#3567,#3575,#3583,#3591,#3599,#3607,#3615,#3623,#3631,#3639,#3647,#3655,#3663,#3671,#3679,#3687,#3695,#3703,#3711,#3719,#3727,#3735,#3743,#3751,#3759,#3767,#3775,#3783,#3791,#3799,#3807,#3815,#3823,#3831,#3839,#3847,#3855,#3863,#3871,#3879,#3887,#3895,#3903,#3911,#3919,#3927,#3935,#3943,#3951,#3959,#3967,#3975,#3983,#3991,#3999,#4007,#4015,#4023,#4031,#4039,#4047,#4055,#4063,#4071,#4079,#4087,#4095,#4103,#4111,#4119,#4127,#4135,#4143,#4151,#4159,#4167,#4175,#4183,#4191,#4199,#4207,#4215,#4223,#4231,#4239,#4247,#4255,#4263,#4271,#4279,#4287,#4295,#4303,#4311,#4319,#4327,#4335,#4343,#4351,#4359,#4367,#4375,#4383,#4391,#4399,#4407,#4415,#4423,#4431,#4439,#4447,#4455,#4463,#4471,#4479,#4487,#4495,#4503,#4511,#4519,#4527,#4535,#4543,#4551,#4559,#4567,#4575,#4583,#4591,#4599,#4607,#4615,#4623,#4631,#4639,#4647,#4655,#4663,#4671,#4679,#4687,#4695,#4703,#4711,#4719,#4727,#4735,#4743,#4751,#4759,#4767,#4775,#4783,#4791,#4799,#4807,#4815,#4823,#4831,#4839,#4847,#4855,#4863,#4871,#4879,#4887,#4895,#4903,#4911,#4919,#4927,#4935,#4943,#4951,#4959,#4967,#4975,#4983,#4991,#4999,#5007,#5015,#5023,#5031,#5039,#5047,#5055,#5063,#5071,#5079,#5087,#5095,#5103,#5111,#5119,#5127,#5135,#5143,#5151,#5159,#5167,#5175,#5183,#5191,#5199,#5207,#5215,#5223,#5231,#5239,#5247,#5255,#5263,#5271,#5279,#5287,#5295,#5303,#5311,#5319,#5327,#5335,#5343,#5351,#5359,#5367,#5375,#5383,#5391,#5399,#5407,#5415,#5423,#5431,#5439,#5447,#5455,#5463,#5471,#5479,#5487,#5495,#5503,#5511,#5519,#5527,#5535,#5543,#5551,#5559,#5567,#5575,#5583,#5591,#5599,#5607,#5615,#5623,#5631,#5639,#5647,#5655,#5663,#5671,#5679,#5687,#5695,#5703,#5711,#5719,#5727,#5735,#5743,#5751,#5759,#5767,#5775,#5783,#5791,#5799,#5807,#5815,#5823,#5831,#5839,#5847,#5855,#5863,#5871,#5879,#5887,#5895,#5903,#5911,#5919,#5927,#5935,#5943,#5951,#5959,#5967,#5975,#5983,#5991,#5999,#6007,#6015,#6023,#6031,#6039,#6047,#6055,#6063,#6071,#6079,#6087,#6095,#6103,#6111,#6119,#6127,#6135,#6143,#6151,#6159,#6167,#6175,#6183,#6191,#6199,#6207,#6215,#6223,#6231,#6239,#6247,#6255,#6263,#6271,#6279,#6287,#6295,#6303,#6311,#6319,#6327,#6335,#6343,#6351,#6359,#6367,#6375,#6383,#6391,#6399,#6407,#6415,#6423,#6431,#6439,#6447,#6455,#6463,#6471,#6479,#6487,#6495,#6503,#6511,#6519,#6527,#6535,#6543,#6551,#6559,#6567,#6575,#6583,#6591,#6599,#6607,#6615,#6623,#6631,#6639,#6647,#6655,#6663,#6671,#6679,#6687,#6695,#6703,#6711,#6719,#6727,#6735,#6743,#6751,#6759,#6767,#6775,#6783,#6791,#6799,#6807,#6815,#6823,#6831,#6839,#6847,#6855,#6863,#6871,#6879,#6887,#6895,#6903,#6911,#6919,#6927,#6935,#6943,#6951,#6959,#6967,#6975,#6983,#6991,#6999,#7007,#7015,#7023,#7031,#7039,#7047,#7055,#7063,#7071,#7079,#7087,#7095,#7103,#7111,#7119,#7127,#7135,#7143,#7151,#7159,#7167,#7175,#7183,#7191,#7199,#7207,#7215,#7223,#7231,#7239,#7247,#7255,#7263,#7271,#7279,#7287,#7295,#7303,#7311,#7319,#7327,#7335,#7343,#7351,#7359,#7367,#7375,#7383,#7391,#7399,#7407,#7415,#7423,#7431,#7439,#7447,#7455,#7463,#7471,#7479,#7487,#7495,#7503,#7511,#7519,#7527,#7535,#7543,#7551,#7559,#7567,#7575,#7583,#7591,#7599,#7607,#7615,#7623,#7631,#7639,#7647,#7655,#7663,#7671,#7679,#7687,#7695,#7703,#7711,#7719,#7727,#7735,#7743,#7751,#7759,#7767,#7775,#7783,#7791,#7799,#7807,#7815,#7823,#7831,#7839,#7847,#7855,#7863,#7871,#7879,#7887,#7895,#7903,#7911,#7919,#7927,#7935,#7943,#7951,#7959,#7967,#7975,#7983,#7991,#7999,#8007,#8015,#8023,#8031,#8039,#8047,#8055,#8063,#8071,#8079,#8087,#8095,#8103,#8111,#8119,#8127,#8135,#8143,#8151,#8159,#8167,#8175,#8183,#8191,#8199,#8207,#8215,#8223,#8231,#8239,#8247,#8255,#8263,#8271,#8279,#8287,#8295,#8303,#8311,#8319,#8327,#8335,#8343,#8351,#8359,#8367,#8375,#8383,#8391,#8399,#8407,#8415,#8423,#8431,#8439,#8447,#8455,#8463,#8471,#8479,#8487,#8495,#8503,#8511,#8519,#8527,#8535,#8543,#8551,#8559,#8567,#8575,#8583,#8591,#8599,#8607,#8615,#8623,#8631,#8639,#8647,#8655,#8663,#8671,#8679,#8687,#8695,#8703,#8711,#8719,#8727,#8735,#8743,#8751,#8759,#8767,#8775,#8783,#8791,#8799,#8807,#8815,#8823,#8831,#8839,#8847,#8855,#8863,#8871,#8879,#8887,#8895,#8903,#8911,#8919,#8927,#8935,#8943,#8951,#8959,#8967,#8975,#8983,#8991,#8999,#9007,#9015,#9023,#9031,#9039,#9047,#9055,#9063,#9071,#9079,#9087,#9095,#9103,#9111,#9119,#9127,#9135,#9143,#9151,#9159,#9167,#9175,#9183,#9191,#9199,#9207,#9215,#9223,#9231,#9239,#9247,#9255,#9263,#9271,#9279,#9287,#9295,#9303,#9311,#9319,#9327,#9335,#9343,#9351,#9359,#9367,#9375,#9383,#9391,#9399,#9407,#9415,#9423,#9431,#9439,#9447,#9455,#9463,#9471,#9479,#9487,#9495,#9503,#9511,#9519,#9527,#9535,#9543,#9551,#9559,#9567,#9575,#9583,#9591,#9599,#9607,#9615,#9623,#9631,#9639,#9647,#9655,#9663,#9671,#9679,#9687,#9695,#9703,#9711,#9719,#9727,#9735,#9743,#9751,#9759,#9767,#9775,#9783,#9791,#9799,#9807,#9815,#9823,#9831,#9839,#9847,#9855,#9863,#9871,#9879,#9887,#9895,#9903,#9911,#9919,#9927,#9935,#9943,#9951,#9959,#9967,#9975,#9983,#9991,#9999,#10007,#10015,#10023,#10031,#10039,#10047,#10055,#10063,#10071,#10079,#10087,#10095,#10103,#10111,#10119,#10127,#10135,#10143,#10151,#10159,#10167,#10175,#10183,#10191,#10199,#10207,#10215,#10223,#10231,#10239,#10247,#10255,#10263,#10271,#10279,#10287,#10295,#10303,#10311,#10319,#10327,#10335,#10343,#10351,#10359,#10367,#10375,#10383,#10391,#10399,#10407,#10415,#10423,#10431,#10439,#10447,#10455,#10463,#10471,#10479,#10487,#10495,#10503,#10511,#10519,#10527,#10535,#10543,#10551,#10559,#10567,#10575,#10583,#10591,#10599,#10607,#10615,#10623,#10631,#10639,#10647,#10655,#10663,#10671,#10679,#10687,#10695,#10703,#10711,#10719,#10727,#10735,#10743,#10751,#10759,#10767,#10775,#10783,#10791,#10799,#10807,#10815,#10823,#10831,#10839,#10847,#10855,#10863,#10871,#10879,#10887,#10895,#10903,#10911,#10919,#10927,#10935,#10943,#10951,#10959,#10967,#10975,#10983,#10991,#10999,#11007,#11015,#11023,#11031,#11039,#11047,#11055,#11063,#11071,#11079,#11087,#11095,#11103,#11111,#11119,#11127,#11135,#11143,#11151,#11159,#11167,#11175,#11183,#11191,#11199,#11207,#11215,#11223,#11231,#11239,#11247,#11255,#11263,#11271,#11279,#11287,#11295,#11303,#11311,#11319,#11327,#11335,#11343,#11351,#11359,#11367,#11375,#11383,#11391,#11399,#11407,#11415,#11423,#11431,#11439,#11447,#11455,#11463,#11471,#11479,#11487,#11495,#11503,#11511,#11519,#11527,#11535,#11543,#11551,#11559,#11567,#11575,#11583,#11591,#11599,#11607,#11615,#11623,#11631,#11639,#11647,#11655,#11663,#11671,#11679,#11687,#11695,#11703,#11711,#11719,#11727,#11735,#11743,#11751,#11759,#11767,#11775,#11783,#11791,#11799,#11807,#11815,#11823,#11831,#11839,#11847,#11855,#11863,#11871,#11879,#11887,#11895,#11903,#11911,#11919,#11927,#11935,#11943,#11951,#11959,#11967,#11975,#11983,#11991,#11999,#12007,#12015,#12023,#12031,#12039,#12047,#12055,#12063,#12071,#12079,#12087,#12095,#12103,#12111,#12119,#12127,#12135,#12143,#12151,#12159,#12167,#12175,#12183,#12191,#12199,#12207,#12215,#12223,#12231,#12239,#12247,#12255,#12263,#12271,#12279,#12287,#12295,#12303,#12311,#12319,#12327,#12335,#12343,#12351,#12359,#12367,#12375,#12383,#12391,#12399,#12407,#12415,#12423,#12431,#12439,#12447,#12455,#12463,#12471,#12479,#12487,#12495,#12503,#12511,#12519,#12527,#12535,#12543,#12551,#12559,#12567,#12575,#12583,#12591,#12599,#12607,#12615,#12623,#12631,#12639,#12647,#12655,#12663,#12671,#12679,#12687,#12695,#12703,#12711,#12719,#12727,#12735,#12743,#12751,#12759,#12767,#12775,#12783,#12791,#12799,#12807,#12815,#12823,#12831,#12839,#12847,#12855,#12863,#12871,#12879,#12887,#12895,#12903,#12911,#12919,#12927,#12935,#12943,#12951,#12959,#12967,#12975,#12983,#12991,#12999,#13007,#13015,#13023,#13031,#13039,#13047,#13055,#13063,#13071,#13079,#13087,#13095,#13103,#13111,#13119,#13127,#13135,#13143,#13151,#13159,#13167,#13175,#13183,#13191,#13199,#13207,#13215,#13223,#13231,#13239,#13247,#13255,#13263,#13271,#13279,#13287,#13295,#13303,#13311,#13319,#13327,#13335,#13343,#13351,#13359,#13367,#13375,#13383,#13391,#13399,#13407,#13415,#13423,#13431,#13439,#13447,#13455,#13463,#13471,#13479,#13487,#13495,#13503,#13511,#13519,#13527,#13535,#13543,#13551,#13559,#13567,#13575,#13583,#13591,#13599,#13607,#13615,#13623,#13631,#13639,#13647,#13655,#13663,#13671,#13679,#13687,#13695,#13703,#13711,#13719,#13727,#13735,#13743,#13751,#13759,#13767,#13775,#13783,#13791,#13799,#13807,#13815,#13823,#13831,#13839,#13847,#13855,#13863,#13871,#13879,#13887,#13895,#13903,#13911,#13919,#13927,#13935,#13943,#13951,#13959,#13967,#13975,#13983,#13991,#13999,#14007,#14015,#14023,#14031,#14039,#14047,#14055,#14063,#14071,#14079,#14087,#14095,#14103,#14111,#14119,#14127,#14135,#14143,#14151,#14159,#14167,#14175,#14183,#14191,#14199,#14207,#14215,#14223,#14231,#14239,#14247,#14255,#14263,#14271,#14279,#14287,#14295,#14303,#14311,#14319,#14327,#14335,#14343,#14351,#14359,#14367,#14375,#14383,#14391,#14399,#14407,#14415,#14423,#14431,#14439,#14447,#14455,#14463,#14471,#14479,#14487,#14495,#14503,#14511,#14519,#14527,#14535,#14543,#14551,#14559,#14567,#14575,#14583,#14591,#14599,#14607,#14615,#14623,#14631,#14639,#14647,#14655,#14663,#14671,#14679,#14687,#14695,#14703,#14711,#14719,#14727,#14735,#14743,#14751,#14759,#14767,#14775,#14783,#14791,#14799,#14807,#14815,#14823,#14831,#14839,#14847,#14855,#14863,#14871,#14879,#14887,#14895,#14903,#14911,#14919,#14927,#14935,#14943,#14951,#14959,#14967,#14975,#14983,#14991,#14999,#15007,#15015,#15023,#15031,#15039,#15047,#15055,#15063,#15071,#15079,#15087,#15095,#15103,#15111,#15119,#15127,#15135,#15143,#15151,#15159,#15167,#15175,#15183,#15191,#15199,#15207,#15215,#15223,#15231,#15239,#15247,#15255,#15263,#15271,#15279,#15287,#15295,#15303,#15311,#15319,#15327,#15335,#15343,#15351,#15359,#15367,#15375,#15383,#15391,#15399,#15407,#15415,#15423,#15431,#15439,#15447,#15455,#15463,#15471,#15479,#15487,#15495,#15503,#15511,#15519,#15527,#15535,#15543,#15551,#15559,#15567,#15575,#15583,#15591,#15599,#15607,#15615,#15623,#15631,#15639,#15647,#15655,#15663,#15671,#15679,#15687,#15695,#15703,#15711,#15719,#15727,#15735,#15743,#15751,#15759,#15767,#15775,#15783,#15791,#15799,#15807,#15815,#15823,#15831,#15839,#15847,#15855,#15863,#15871,#15879,#15887,#15895,#15903,#15911,#15919,#15927,#15935,#15943,#15951,#15959,#15967,#15975,#15983,#15991,#15999,#16007,#16015,#16023,#16031,#16039,#16047,#16055,#16063,#16071,#16079,#16087,#16095,#16103,#16111,#16119,#16127,#16135,#16143,#16151,#16159,#16167,#16175,#16183,#16191,#16199,#16207,#16215,#16223,#16231,#16239,#16247,#16255,#16263,#16271,#16279,#16287,#16295,#16303,#16311,#16319,#16327,#16335,#16343,#16351,#16359,#16367,#16375,#16383,#16391,#16399,#16407,#16415,#16423,#16431,#16439,#16447,#16455,#16463,#16471,#16479,#16487,#16495,#16503,#16511,#16519,#16527,#16535,#16543,#16551,#16559,#16567,#16575,#16583,#16591,#16599,#16607,#16615,#16623,#16631,#16639,#16647,#16655,#16663,#16671,#16679,#16687,#16695,#16703,#16711,#16719,#16727,#16735,#16743,#16751,#16759,#16767,#16775,#16783,#16791,#16799,#16807,#16815,#16823,#16831,#16839,#16847,#16855,#16863,#16871,#16879,#16887,#16895,#16903,#16911,#16919,#16927,#16935,#16943,#16951,#16959,#16967,#16975,#16983,#16991,#16999,#17007,#17015,#17023,#17031,#17039,#17047,#17055,#17063,#17071,#17079,#17087,#17095,#17103,#17111,#17119,#17127,#17135,#17143,#17151,#17159,#17167,#17175,#17183,#17191,#17199,#17207,#17215,#17223,#17231,#17239,#17247,#17255,#17263,#17271,#17279,#17287,#17295,#17303,#17311,#17319,#17327,#17335,#17343,#17351,#17359,#17367,#17375,#17383,#17391,#17399,#17407,#17415,#17423,#17431,#17439,#17447,#17455,#17463,#17471,#17479,#17487,#17495,#17503,#17511,#17519,#17527,#17535,#17543,#17551,#17559,#17567,#17575,#17583,#17591,#17599,#17607,#17615,#17623,#17631,#17639,#17647,#17655,#17663,#17671,#17679,#17687));
#17689=FACETED_BREP('backlight_web',#17688);
#17690=ADVANCED_BREP_SHAPE_REPRESENTATION('',(#17689),#14);
#17691=SHAPE_DEFINITION_REPRESENTATION(#9,#17690);
ENDSEC;
END-ISO-10303-21;
