ISO-10303-21;
HEADER;
FILE_DESCRIPTION(('replace-face cleaned mesh - faceted PLACEHOLDER, not parametric CAD, not a verified AP1 drop-in'),'2;1');
FILE_NAME('button_rocker.step','2026-09-08T03:58:20Z',('s2000-ap1-digital-dash'),(''),'cad/replace_face/blender_remesh.py','s2000-ap1-digital-dash','');
FILE_SCHEMA(('CONFIG_CONTROL_DESIGN'));
ENDSEC;
DATA;
#1=APPLICATION_CONTEXT('configuration controlled 3d designs of mechanical parts and assemblies');
#2=APPLICATION_PROTOCOL_DEFINITION('international standard','config_control_design',1994,#1);
#3=PRODUCT_CONTEXT('',#1,'mechanical');
#4=PRODUCT('button_rocker','button_rocker','PLACEHOLDER faceted mesh - OpenSCAD remains source of truth',(#3));
#5=PRODUCT_DEFINITION_FORMATION('','',#4);
#6=PRODUCT_DEFINITION_CONTEXT('part definition',#1,'design');
#7=PRODUCT_DEFINITION('design','',#5,#6);
#8=PRODUCT_RELATED_PRODUCT_CATEGORY('part',$,(#4));
#9=PRODUCT_DEFINITION_SHAPE('','',#7);
#10=(LENGTH_UNIT()NAMED_UNIT(*)SI_UNIT(.MILLI.,.METRE.));
#11=(NAMED_UNIT(*)PLANE_ANGLE_UNIT()SI_UNIT($,.RADIAN.));
#12=(NAMED_UNIT(*)SI_UNIT($,.STERADIAN.)SOLID_ANGLE_UNIT());
#13=UNCERTAINTY_MEASURE_WITH_UNIT(LENGTH_MEASURE(1.E-6),#10,'distance_accuracy_value','confusion accuracy');
#14=(GEOMETRIC_REPRESENTATION_CONTEXT(3)GLOBAL_UNCERTAINTY_ASSIGNED_CONTEXT((#13))GLOBAL_UNIT_ASSIGNED_CONTEXT((#10,#11,#12))REPRESENTATION_CONTEXT('Context #1','3D Context with UNIT and UNCERTAINTY'));
#20=CARTESIAN_POINT('',(16.88705826,1.26224995,3.5199995));
#21=CARTESIAN_POINT('',(15.40885258,1.87454319,0.));
#22=CARTESIAN_POINT('',(17.08201218,1.8365593,3.5199995));
#23=CARTESIAN_POINT('',(13.80344009,-1.44201088,3.5199995));
#24=CARTESIAN_POINT('',(14.37774944,-1.24705982,3.59999943));
#25=CARTESIAN_POINT('',(13.80344009,-1.44201088,3.59999943));
#26=CARTESIAN_POINT('',(14.37774944,-1.24705982,3.5199995));
#27=CARTESIAN_POINT('',(15.6140213,2.64024353,0.));
#28=CARTESIAN_POINT('',(17.20033264,2.43140221,3.5199995));
#29=CARTESIAN_POINT('',(13.20859718,-1.5603323,3.5199995));
#30=CARTESIAN_POINT('',(12.99975491,0.02597809,0.));
#31=CARTESIAN_POINT('',(13.38932991,0.10346889,0.));
#32=CARTESIAN_POINT('',(15.88197041,6.31517124,3.5199995));
#33=CARTESIAN_POINT('',(14.45196438,5.44569588,0.));
#34=CARTESIAN_POINT('',(15.42598248,6.71506119,3.5199995));
#35=CARTESIAN_POINT('',(16.61881256,5.35489941,3.59999943));
#36=CARTESIAN_POINT('',(16.28186035,5.85918236,3.5199995));
#37=CARTESIAN_POINT('',(16.28186035,5.85918236,3.59999943));
#38=CARTESIAN_POINT('',(16.61881256,5.35489941,3.5199995));
#39=CARTESIAN_POINT('',(1.26224995,-1.24705982,3.5199995));
#40=CARTESIAN_POINT('',(1.8365593,-1.44201088,3.59999943));
#41=CARTESIAN_POINT('',(1.26224995,-1.24705982,3.59999943));
#42=CARTESIAN_POINT('',(1.8365593,-1.44201088,3.5199995));
#43=CARTESIAN_POINT('',(15.53652954,3.82252979,0.));
#44=CARTESIAN_POINT('',(15.40885258,4.19865608,0.));
#45=CARTESIAN_POINT('',(17.08201218,4.23663998,3.5199995));
#46=CARTESIAN_POINT('',(15.6140213,3.43295574,0.));
#47=CARTESIAN_POINT('',(0.02597809,3.43295574,0.));
#48=CARTESIAN_POINT('',(-1.5603323,3.64179707,3.5199995));
#49=CARTESIAN_POINT('',(0.10346889,3.82252979,0.));
#50=CARTESIAN_POINT('',(14.37774944,7.32025909,3.5199995));
#51=CARTESIAN_POINT('',(13.80344009,7.51521111,3.59999943));
#52=CARTESIAN_POINT('',(14.37774944,7.32025909,3.59999943));
#53=CARTESIAN_POINT('',(13.80344009,7.51521111,3.5199995));
#54=CARTESIAN_POINT('',(2.43140221,-1.5603323,3.5199995));
#55=CARTESIAN_POINT('',(2.25066948,0.10346889,0.));
#56=CARTESIAN_POINT('',(0.23114681,4.19865608,0.));
#57=CARTESIAN_POINT('',(-0.97881317,5.35489941,3.5199995));
#58=CARTESIAN_POINT('',(0.40682697,4.55489922,0.));
#59=CARTESIAN_POINT('',(-1.24705982,1.26224995,3.5199995));
#60=CARTESIAN_POINT('',(-1.44201088,1.8365593,3.59999943));
#61=CARTESIAN_POINT('',(-1.44201088,1.8365593,3.5199995));
#62=CARTESIAN_POINT('',(-1.24705982,1.26224995,3.59999943));
#63=CARTESIAN_POINT('',(12.99975491,6.04722118,0.));
#64=CARTESIAN_POINT('',(13.20859718,7.63353252,3.5199995));
#65=CARTESIAN_POINT('',(-0.97881317,0.71829987,3.5199995));
#66=CARTESIAN_POINT('',(-0.97881317,0.71829987,3.59999943));
#67=CARTESIAN_POINT('',(0.62750244,4.88516426,0.));
#68=CARTESIAN_POINT('',(-0.64186192,5.85918236,3.5199995));
#69=CARTESIAN_POINT('',(1.5182991,5.6663723,0.));
#70=CARTESIAN_POINT('',(0.71829987,7.05201244,3.5199995));
#71=CARTESIAN_POINT('',(1.26224995,7.32025909,3.5199995));
#72=CARTESIAN_POINT('',(15.53652954,2.25066948,0.));
#73=CARTESIAN_POINT('',(0.40682697,1.5182991,0.));
#74=CARTESIAN_POINT('',(0.23114681,1.87454319,0.));
#75=CARTESIAN_POINT('',(0.21401596,-0.64186192,3.5199995));
#76=CARTESIAN_POINT('',(-0.24197102,-0.24197102,3.5199995));
#77=CARTESIAN_POINT('',(1.18803501,0.62750244,0.));
#78=CARTESIAN_POINT('',(12.60339928,7.67319965,3.5199995));
#79=CARTESIAN_POINT('',(0.21401596,-0.64186192,3.59999943));
#80=CARTESIAN_POINT('',(-0.24197102,-0.24197102,3.59999943));
#81=CARTESIAN_POINT('',(16.88705826,1.26224995,3.59999943));
#82=CARTESIAN_POINT('',(17.08201218,1.8365593,3.59999943));
#83=CARTESIAN_POINT('',(14.75059986,5.18379974,0.));
#84=CARTESIAN_POINT('',(3.03659916,-1.59999943,3.5199995));
#85=CARTESIAN_POINT('',(2.64024353,0.02597809,0.));
#86=CARTESIAN_POINT('',(3.03659916,0.,0.));
#87=CARTESIAN_POINT('',(12.60339928,-1.59999943,3.5199995));
#88=CARTESIAN_POINT('',(12.60339928,0.,0.));
#89=CARTESIAN_POINT('',(17.23999977,3.03659916,3.59999943));
#90=CARTESIAN_POINT('',(17.20033264,3.64179707,3.5199995));
#91=CARTESIAN_POINT('',(17.20033264,3.64179707,3.59999943));
#92=CARTESIAN_POINT('',(17.23999977,3.03659916,3.5199995));
#93=CARTESIAN_POINT('',(12.60339928,6.07319927,0.));
#94=CARTESIAN_POINT('',(-1.24705982,4.81094933,3.5199995));
#95=CARTESIAN_POINT('',(15.63999939,3.03659916,0.));
#96=CARTESIAN_POINT('',(1.87454319,5.84205246,0.));
#97=CARTESIAN_POINT('',(1.8365593,7.51521111,3.5199995));
#98=CARTESIAN_POINT('',(17.20033264,2.43140221,3.59999943));
#99=CARTESIAN_POINT('',(-1.44201088,4.23663998,3.5199995));
#100=CARTESIAN_POINT('',(-1.24705982,4.81094933,3.59999943));
#101=CARTESIAN_POINT('',(-1.44201088,4.23663998,3.59999943));
#102=CARTESIAN_POINT('',(0.88939953,0.88939953,0.));
#103=CARTESIAN_POINT('',(0.10346889,2.25066948,0.));
#104=CARTESIAN_POINT('',(-1.5603323,2.43140221,3.5199995));
#105=CARTESIAN_POINT('',(0.02597809,2.64024353,0.));
#106=CARTESIAN_POINT('',(13.20859718,7.63353252,3.59999943));
#107=CARTESIAN_POINT('',(7.41999912,-0.07999992,0.17599986));
#108=CARTESIAN_POINT('',(7.41999912,0.,0.));
#109=CARTESIAN_POINT('',(8.21999931,-0.07999992,0.17599986));
#110=CARTESIAN_POINT('',(8.21999931,0.,0.));
#111=CARTESIAN_POINT('',(14.92169952,-0.97881317,3.5199995));
#112=CARTESIAN_POINT('',(15.42598248,-0.64186192,3.59999943));
#113=CARTESIAN_POINT('',(14.92169952,-0.97881317,3.59999943));
#114=CARTESIAN_POINT('',(15.42598248,-0.64186192,3.5199995));
#115=CARTESIAN_POINT('',(0.88939953,5.18379974,0.));
#116=CARTESIAN_POINT('',(-0.24197102,6.31517124,3.5199995));
#117=CARTESIAN_POINT('',(0.21401596,6.71506119,3.5199995));
#118=CARTESIAN_POINT('',(1.18803501,5.44569588,0.));
#119=CARTESIAN_POINT('',(14.45196438,0.62750244,0.));
#120=CARTESIAN_POINT('',(15.88197041,-0.24197102,3.5199995));
#121=CARTESIAN_POINT('',(0.,3.03659916,0.));
#122=CARTESIAN_POINT('',(-1.59999943,3.03659916,3.5199995));
#123=CARTESIAN_POINT('',(17.08201218,4.23663998,3.59999943));
#124=CARTESIAN_POINT('',(15.01249599,4.88516426,0.));
#125=CARTESIAN_POINT('',(14.12169933,5.6663723,0.));
#126=CARTESIAN_POINT('',(14.92169952,7.05201244,3.5199995));
#127=CARTESIAN_POINT('',(0.62750244,1.18803501,0.));
#128=CARTESIAN_POINT('',(15.23317242,4.55489922,0.));
#129=CARTESIAN_POINT('',(13.38932991,5.96972942,0.));
#130=CARTESIAN_POINT('',(-0.64186192,5.85918236,3.59999943));
#131=CARTESIAN_POINT('',(-0.97881317,5.35489941,3.59999943));
#132=CARTESIAN_POINT('',(0.71829987,-0.97881317,3.59999943));
#133=CARTESIAN_POINT('',(0.71829987,-0.97881317,3.5199995));
#134=CARTESIAN_POINT('',(13.7654562,5.84205246,0.));
#135=CARTESIAN_POINT('',(15.23317242,1.5182991,0.));
#136=CARTESIAN_POINT('',(-0.64186192,0.21401596,3.5199995));
#137=CARTESIAN_POINT('',(13.20859718,-1.5603323,3.59999943));
#138=CARTESIAN_POINT('',(12.60339928,-1.59999943,3.59999943));
#139=CARTESIAN_POINT('',(14.92169952,7.05201244,3.59999943));
#140=CARTESIAN_POINT('',(15.42598248,6.71506119,3.59999943));
#141=CARTESIAN_POINT('',(3.03659916,-1.59999943,3.59999943));
#142=CARTESIAN_POINT('',(2.43140221,-1.5603323,3.59999943));
#143=CARTESIAN_POINT('',(-1.59999943,3.03659916,3.59999943));
#144=CARTESIAN_POINT('',(-1.5603323,2.43140221,3.59999943));
#145=CARTESIAN_POINT('',(16.28186035,0.21401596,3.5199995));
#146=CARTESIAN_POINT('',(15.01249599,1.18803501,0.));
#147=CARTESIAN_POINT('',(15.88197041,6.31517124,3.59999943));
#148=CARTESIAN_POINT('',(16.88705826,4.81094933,3.59999943));
#149=CARTESIAN_POINT('',(16.88705826,4.81094933,3.5199995));
#150=CARTESIAN_POINT('',(-1.5603323,3.64179707,3.59999943));
#151=CARTESIAN_POINT('',(14.75059986,0.88939953,0.));
#152=CARTESIAN_POINT('',(3.03659916,7.67319965,3.59999943));
#153=CARTESIAN_POINT('',(12.60339928,7.67319965,3.59999943));
#154=CARTESIAN_POINT('',(3.03659916,7.67319965,3.5199995));
#155=CARTESIAN_POINT('',(2.43140221,7.63353252,3.59999943));
#156=CARTESIAN_POINT('',(2.43140221,7.63353252,3.5199995));
#157=CARTESIAN_POINT('',(-0.64186192,0.21401596,3.59999943));
#158=CARTESIAN_POINT('',(1.87454319,0.23114681,0.));
#159=CARTESIAN_POINT('',(16.61881256,0.71829987,3.59999943));
#160=CARTESIAN_POINT('',(16.61881256,0.71829987,3.5199995));
#161=CARTESIAN_POINT('',(8.21999931,6.1531992,0.17599976));
#162=CARTESIAN_POINT('',(8.21999931,6.07319927,0.));
#163=CARTESIAN_POINT('',(7.41999912,6.1531992,0.17599976));
#164=CARTESIAN_POINT('',(3.03659916,6.07319927,0.));
#165=CARTESIAN_POINT('',(7.41999912,6.07319927,0.));
#166=CARTESIAN_POINT('',(1.5182991,0.40682697,0.));
#167=CARTESIAN_POINT('',(2.25066948,5.96972942,0.));
#168=CARTESIAN_POINT('',(2.64024353,6.04722118,0.));
#169=CARTESIAN_POINT('',(16.28186035,0.21401596,3.59999943));
#170=CARTESIAN_POINT('',(15.88197041,-0.24197102,3.59999943));
#171=CARTESIAN_POINT('',(1.8365593,7.51521111,3.59999943));
#172=CARTESIAN_POINT('',(1.26224995,7.32025909,3.59999943));
#173=CARTESIAN_POINT('',(0.71829987,7.05201244,3.59999943));
#174=CARTESIAN_POINT('',(0.21401596,6.71506119,3.59999943));
#175=CARTESIAN_POINT('',(-0.24197102,6.31517124,3.59999943));
#176=CARTESIAN_POINT('',(14.12169933,0.40682697,0.));
#177=CARTESIAN_POINT('',(13.7654562,0.23114681,0.));
#178=CARTESIAN_POINT('',(8.21999931,6.1531992,1.09999943));
#179=CARTESIAN_POINT('',(8.21999931,-0.07999992,1.09999943));
#180=CARTESIAN_POINT('',(7.41999912,-0.07999992,1.09999943));
#181=CARTESIAN_POINT('',(7.41999912,6.1531992,1.09999943));
#182=CARTESIAN_POINT('',(16.88705826,1.26224995,3.5199995));
#183=DIRECTION('',(0.86236843,-0.29273789,-0.41306805));
#184=DIRECTION('',(-0.38230377,0.15835551,-0.91036661));
#185=AXIS2_PLACEMENT_3D('',#182,#183,#184);
#186=PLANE('',#185);
#187=POLY_LOOP('',(#20,#21,#22));
#188=FACE_OUTER_BOUND('',#187,.T.);
#189=FACE_SURFACE('',(#188),#186,.T.);
#190=CARTESIAN_POINT('',(13.80344009,-1.44201088,3.5199995));
#191=DIRECTION('',(0.32143843,-0.94693048,0.));
#192=DIRECTION('',(0.93879863,0.31867805,0.13077241));
#193=AXIS2_PLACEMENT_3D('',#190,#191,#192);
#194=PLANE('',#193);
#195=POLY_LOOP('',(#23,#24,#25));
#196=FACE_OUTER_BOUND('',#195,.T.);
#197=FACE_SURFACE('',(#196),#194,.T.);
#198=CARTESIAN_POINT('',(14.37774944,-1.24705982,3.59999943));
#199=DIRECTION('',(0.32143843,-0.94693048,0.));
#200=DIRECTION('',(-0.93879863,-0.31867805,-0.13077241));
#201=AXIS2_PLACEMENT_3D('',#198,#199,#200);
#202=PLANE('',#201);
#203=POLY_LOOP('',(#24,#23,#26));
#204=FACE_OUTER_BOUND('',#203,.T.);
#205=FACE_SURFACE('',(#204),#202,.T.);
#206=CARTESIAN_POINT('',(17.08201218,1.8365593,3.5199995));
#207=DIRECTION('',(0.89320156,-0.17766712,-0.41306824));
#208=DIRECTION('',(-0.37663949,0.20619966,-0.90311926));
#209=AXIS2_PLACEMENT_3D('',#206,#207,#208);
#210=PLANE('',#209);
#211=POLY_LOOP('',(#22,#27,#28));
#212=FACE_OUTER_BOUND('',#211,.T.);
#213=FACE_SURFACE('',(#212),#210,.T.);
#214=CARTESIAN_POINT('',(13.20859718,-1.5603323,3.5199995));
#215=DIRECTION('',(0.17766773,-0.89320152,-0.41306806));
#216=DIRECTION('',(-0.05401223,0.41026255,-0.91036659));
#217=AXIS2_PLACEMENT_3D('',#214,#215,#216);
#218=PLANE('',#217);
#219=POLY_LOOP('',(#29,#30,#31));
#220=FACE_OUTER_BOUND('',#219,.T.);
#221=FACE_SURFACE('',(#220),#218,.T.);
#222=CARTESIAN_POINT('',(15.88197041,6.31517124,3.5199995));
#223=DIRECTION('',(0.60046564,0.6847011,-0.4130683));
#224=DIRECTION('',(-0.36689381,-0.22307957,-0.90311928));
#225=AXIS2_PLACEMENT_3D('',#222,#223,#224);
#226=PLANE('',#225);
#227=POLY_LOOP('',(#32,#33,#34));
#228=FACE_OUTER_BOUND('',#227,.T.);
#229=FACE_SURFACE('',(#228),#226,.T.);
#230=CARTESIAN_POINT('',(16.61881256,5.35489941,3.59999943));
#231=DIRECTION('',(0.83146876,0.5555715,0.));
#232=DIRECTION('',(-0.5508005,0.82432847,-0.13077225));
#233=AXIS2_PLACEMENT_3D('',#230,#231,#232);
#234=PLANE('',#233);
#235=POLY_LOOP('',(#35,#36,#37));
#236=FACE_OUTER_BOUND('',#235,.T.);
#237=FACE_SURFACE('',(#236),#234,.T.);
#238=CARTESIAN_POINT('',(16.28186035,5.85918236,3.5199995));
#239=DIRECTION('',(0.83146876,0.5555715,0.));
#240=DIRECTION('',(0.5508005,-0.82432847,0.13077225));
#241=AXIS2_PLACEMENT_3D('',#238,#239,#240);
#242=PLANE('',#241);
#243=POLY_LOOP('',(#36,#35,#38));
#244=FACE_OUTER_BOUND('',#243,.T.);
#245=FACE_SURFACE('',(#244),#242,.T.);
#246=CARTESIAN_POINT('',(1.26224995,-1.24705982,3.5199995));
#247=DIRECTION('',(-0.32143843,-0.94693048,0.));
#248=DIRECTION('',(0.93879863,-0.31867805,0.13077241));
#249=AXIS2_PLACEMENT_3D('',#246,#247,#248);
#250=PLANE('',#249);
#251=POLY_LOOP('',(#39,#40,#41));
#252=FACE_OUTER_BOUND('',#251,.T.);
#253=FACE_SURFACE('',(#252),#250,.T.);
#254=CARTESIAN_POINT('',(1.8365593,-1.44201088,3.59999943));
#255=DIRECTION('',(-0.32143843,-0.94693048,0.));
#256=DIRECTION('',(-0.93879863,0.31867805,-0.13077241));
#257=AXIS2_PLACEMENT_3D('',#254,#255,#256);
#258=PLANE('',#257);
#259=POLY_LOOP('',(#40,#39,#42));
#260=FACE_OUTER_BOUND('',#259,.T.);
#261=FACE_SURFACE('',(#260),#258,.T.);
#262=CARTESIAN_POINT('',(15.53652954,3.82252979,0.));
#263=DIRECTION('',(0.86236968,0.29273344,-0.4130686));
#264=DIRECTION('',(-0.32143787,0.94693067,0.));
#265=AXIS2_PLACEMENT_3D('',#262,#263,#264);
#266=PLANE('',#265);
#267=POLY_LOOP('',(#43,#44,#45));
#268=FACE_OUTER_BOUND('',#267,.T.);
#269=FACE_SURFACE('',(#268),#266,.T.);
#270=CARTESIAN_POINT('',(15.6140213,3.43295574,0.));
#271=DIRECTION('',(0.89320077,0.1776702,-0.41306862));
#272=DIRECTION('',(-0.19509193,0.98078496,0.));
#273=AXIS2_PLACEMENT_3D('',#270,#271,#272);
#274=PLANE('',#273);
#275=POLY_LOOP('',(#46,#43,#45));
#276=FACE_OUTER_BOUND('',#275,.T.);
#277=FACE_SURFACE('',(#276),#274,.T.);
#278=CARTESIAN_POINT('',(0.02597809,3.43295574,0.));
#279=DIRECTION('',(-0.89320146,0.17766815,-0.41306801));
#280=DIRECTION('',(-0.41026255,0.05401199,0.9103666));
#281=AXIS2_PLACEMENT_3D('',#278,#279,#280);
#282=PLANE('',#281);
#283=POLY_LOOP('',(#47,#48,#49));
#284=FACE_OUTER_BOUND('',#283,.T.);
#285=FACE_SURFACE('',(#284),#282,.T.);
#286=CARTESIAN_POINT('',(14.37774944,7.32025909,3.5199995));
#287=DIRECTION('',(0.32143984,0.94693,0.));
#288=DIRECTION('',(-0.93879817,0.31867946,0.13077235));
#289=AXIS2_PLACEMENT_3D('',#286,#287,#288);
#290=PLANE('',#289);
#291=POLY_LOOP('',(#50,#51,#52));
#292=FACE_OUTER_BOUND('',#291,.T.);
#293=FACE_SURFACE('',(#292),#290,.T.);
#294=CARTESIAN_POINT('',(13.80344009,7.51521111,3.59999943));
#295=DIRECTION('',(0.32143984,0.94693,0.));
#296=DIRECTION('',(0.93879817,-0.31867946,-0.13077235));
#297=AXIS2_PLACEMENT_3D('',#294,#295,#296);
#298=PLANE('',#297);
#299=POLY_LOOP('',(#51,#50,#53));
#300=FACE_OUTER_BOUND('',#299,.T.);
#301=FACE_SURFACE('',(#300),#298,.T.);
#302=CARTESIAN_POINT('',(2.43140221,-1.5603323,3.5199995));
#303=DIRECTION('',(-0.17766852,-0.89320141,-0.41306797));
#304=DIRECTION('',(-0.98078534,0.19509002,0.));
#305=AXIS2_PLACEMENT_3D('',#302,#303,#304);
#306=PLANE('',#305);
#307=POLY_LOOP('',(#54,#42,#55));
#308=FACE_OUTER_BOUND('',#307,.T.);
#309=FACE_SURFACE('',(#308),#306,.T.);
#310=CARTESIAN_POINT('',(0.23114681,4.19865608,0.));
#311=DIRECTION('',(-0.81678162,0.40279324,-0.41306826));
#312=DIRECTION('',(-0.31043706,0.29665508,0.90311937));
#313=AXIS2_PLACEMENT_3D('',#310,#311,#312);
#314=PLANE('',#313);
#315=POLY_LOOP('',(#56,#57,#58));
#316=FACE_OUTER_BOUND('',#315,.T.);
#317=FACE_SURFACE('',(#316),#314,.T.);
#318=CARTESIAN_POINT('',(-1.24705982,1.26224995,3.5199995));
#319=DIRECTION('',(-0.94693048,-0.32143843,0.));
#320=DIRECTION('',(-0.31867805,0.93879863,0.13077241));
#321=AXIS2_PLACEMENT_3D('',#318,#319,#320);
#322=PLANE('',#321);
#323=POLY_LOOP('',(#59,#60,#61));
#324=FACE_OUTER_BOUND('',#323,.T.);
#325=FACE_SURFACE('',(#324),#322,.T.);
#326=CARTESIAN_POINT('',(-1.44201088,1.8365593,3.59999943));
#327=DIRECTION('',(-0.94693048,-0.32143843,0.));
#328=DIRECTION('',(0.31867805,-0.93879863,-0.13077241));
#329=AXIS2_PLACEMENT_3D('',#326,#327,#328);
#330=PLANE('',#329);
#331=POLY_LOOP('',(#60,#59,#62));
#332=FACE_OUTER_BOUND('',#331,.T.);
#333=FACE_SURFACE('',(#332),#330,.T.);
#334=CARTESIAN_POINT('',(13.80344009,7.51521111,3.5199995));
#335=DIRECTION('',(0.17766849,0.89320128,-0.41306824));
#336=DIRECTION('',(-0.20619992,-0.37663926,-0.90311929));
#337=AXIS2_PLACEMENT_3D('',#334,#335,#336);
#338=PLANE('',#337);
#339=POLY_LOOP('',(#53,#63,#64));
#340=FACE_OUTER_BOUND('',#339,.T.);
#341=FACE_SURFACE('',(#340),#338,.T.);
#342=CARTESIAN_POINT('',(-0.97881317,0.71829987,3.5199995));
#343=DIRECTION('',(-0.89687264,-0.4422889,0.));
#344=DIRECTION('',(-0.43849071,0.88917069,0.13077227));
#345=AXIS2_PLACEMENT_3D('',#342,#343,#344);
#346=PLANE('',#345);
#347=POLY_LOOP('',(#65,#62,#59));
#348=FACE_OUTER_BOUND('',#347,.T.);
#349=FACE_SURFACE('',(#348),#346,.T.);
#350=CARTESIAN_POINT('',(-1.24705982,1.26224995,3.59999943));
#351=DIRECTION('',(-0.89687264,-0.4422889,0.));
#352=DIRECTION('',(0.43849071,-0.88917069,-0.13077227));
#353=AXIS2_PLACEMENT_3D('',#350,#351,#352);
#354=PLANE('',#353);
#355=POLY_LOOP('',(#62,#65,#66));
#356=FACE_OUTER_BOUND('',#355,.T.);
#357=FACE_SURFACE('',(#356),#354,.T.);
#358=CARTESIAN_POINT('',(0.62750244,4.88516426,0.));
#359=DIRECTION('',(-0.75721937,0.50595805,-0.41306812));
#360=DIRECTION('',(-0.41212926,0.12051903,0.90311939));
#361=AXIS2_PLACEMENT_3D('',#358,#359,#360);
#362=PLANE('',#361);
#363=POLY_LOOP('',(#67,#57,#68));
#364=FACE_OUTER_BOUND('',#363,.T.);
#365=FACE_SURFACE('',(#364),#362,.T.);
#366=CARTESIAN_POINT('',(1.5182991,5.6663723,0.));
#367=DIRECTION('',(-0.40279255,0.81678202,-0.41306815));
#368=DIRECTION('',(-0.20690132,0.35836381,0.91036653));
#369=AXIS2_PLACEMENT_3D('',#366,#367,#368);
#370=PLANE('',#369);
#371=POLY_LOOP('',(#69,#70,#71));
#372=FACE_OUTER_BOUND('',#371,.T.);
#373=FACE_SURFACE('',(#372),#370,.T.);
#374=CARTESIAN_POINT('',(17.08201218,1.8365593,3.5199995));
#375=DIRECTION('',(0.86236968,-0.29273344,-0.4130686));
#376=DIRECTION('',(-0.42927922,0.00974545,-0.90311925));
#377=AXIS2_PLACEMENT_3D('',#374,#375,#376);
#378=PLANE('',#377);
#379=POLY_LOOP('',(#22,#21,#72));
#380=FACE_OUTER_BOUND('',#379,.T.);
#381=FACE_SURFACE('',(#380),#378,.T.);
#382=CARTESIAN_POINT('',(0.40682697,1.5182991,0.));
#383=DIRECTION('',(-0.81678209,-0.40279239,-0.41306817));
#384=DIRECTION('',(-0.42433448,-0.06569403,0.90311934));
#385=AXIS2_PLACEMENT_3D('',#382,#383,#384);
#386=PLANE('',#385);
#387=POLY_LOOP('',(#73,#59,#74));
#388=FACE_OUTER_BOUND('',#387,.T.);
#389=FACE_SURFACE('',(#388),#386,.T.);
#390=CARTESIAN_POINT('',(0.21401596,-0.64186192,3.5199995));
#391=DIRECTION('',(-0.60046718,-0.68469979,-0.41306823));
#392=DIRECTION('',(-0.75183895,0.6593468,0.));
#393=AXIS2_PLACEMENT_3D('',#390,#391,#392);
#394=PLANE('',#393);
#395=POLY_LOOP('',(#75,#76,#77));
#396=FACE_OUTER_BOUND('',#395,.T.);
#397=FACE_SURFACE('',(#396),#394,.T.);
#398=CARTESIAN_POINT('',(12.99975491,6.04722118,0.));
#399=DIRECTION('',(0.05956318,0.90875016,-0.41306824));
#400=DIRECTION('',(-0.10169218,0.41717408,0.90311931));
#401=AXIS2_PLACEMENT_3D('',#398,#399,#400);
#402=PLANE('',#401);
#403=POLY_LOOP('',(#63,#78,#64));
#404=FACE_OUTER_BOUND('',#403,.T.);
#405=FACE_SURFACE('',(#404),#402,.T.);
#406=CARTESIAN_POINT('',(-0.24197102,-0.24197102,3.5199995));
#407=DIRECTION('',(-0.6593468,-0.75183895,0.));
#408=DIRECTION('',(0.74538246,-0.6536846,0.13077246));
#409=AXIS2_PLACEMENT_3D('',#406,#407,#408);
#410=PLANE('',#409);
#411=POLY_LOOP('',(#76,#79,#80));
#412=FACE_OUTER_BOUND('',#411,.T.);
#413=FACE_SURFACE('',(#412),#410,.T.);
#414=CARTESIAN_POINT('',(0.21401596,-0.64186192,3.59999943));
#415=DIRECTION('',(-0.6593468,-0.75183895,0.));
#416=DIRECTION('',(-0.74538246,0.6536846,-0.13077246));
#417=AXIS2_PLACEMENT_3D('',#414,#415,#416);
#418=PLANE('',#417);
#419=POLY_LOOP('',(#79,#76,#75));
#420=FACE_OUTER_BOUND('',#419,.T.);
#421=FACE_SURFACE('',(#420),#418,.T.);
#422=CARTESIAN_POINT('',(16.88705826,1.26224995,3.59999943));
#423=DIRECTION('',(0.94692904,-0.32144266,0.));
#424=DIRECTION('',(0.31868226,0.93879723,-0.13077222));
#425=AXIS2_PLACEMENT_3D('',#422,#423,#424);
#426=PLANE('',#425);
#427=POLY_LOOP('',(#81,#22,#82));
#428=FACE_OUTER_BOUND('',#427,.T.);
#429=FACE_SURFACE('',(#428),#426,.T.);
#430=CARTESIAN_POINT('',(17.08201218,1.8365593,3.5199995));
#431=DIRECTION('',(0.94692904,-0.32144266,0.));
#432=DIRECTION('',(-0.31868226,-0.93879723,0.13077222));
#433=AXIS2_PLACEMENT_3D('',#430,#431,#432);
#434=PLANE('',#433);
#435=POLY_LOOP('',(#22,#81,#20));
#436=FACE_OUTER_BOUND('',#435,.T.);
#437=FACE_SURFACE('',(#436),#434,.T.);
#438=CARTESIAN_POINT('',(-0.97881317,0.71829987,3.5199995));
#439=DIRECTION('',(-0.81678202,-0.40279255,-0.41306815));
#440=DIRECTION('',(-0.4422889,0.89687264,0.));
#441=AXIS2_PLACEMENT_3D('',#438,#439,#440);
#442=PLANE('',#441);
#443=POLY_LOOP('',(#65,#59,#73));
#444=FACE_OUTER_BOUND('',#443,.T.);
#445=FACE_SURFACE('',(#444),#442,.T.);
#446=CARTESIAN_POINT('',(14.75059986,5.18379974,0.));
#447=DIRECTION('',(0.60046604,0.6847007,-0.41306837));
#448=DIRECTION('',(-0.75184,0.65934559,0.));
#449=AXIS2_PLACEMENT_3D('',#446,#447,#448);
#450=PLANE('',#449);
#451=POLY_LOOP('',(#83,#33,#32));
#452=FACE_OUTER_BOUND('',#451,.T.);
#453=FACE_SURFACE('',(#452),#450,.T.);
#454=CARTESIAN_POINT('',(3.03659916,-1.59999943,3.5199995));
#455=DIRECTION('',(-0.05956165,-0.90875027,-0.41306822));
#456=DIRECTION('',(-0.10169219,0.41717388,-0.9031194));
#457=AXIS2_PLACEMENT_3D('',#454,#455,#456);
#458=PLANE('',#457);
#459=POLY_LOOP('',(#84,#85,#86));
#460=FACE_OUTER_BOUND('',#459,.T.);
#461=FACE_SURFACE('',(#460),#458,.T.);
#462=CARTESIAN_POINT('',(12.99975491,0.02597809,0.));
#463=DIRECTION('',(0.05956165,-0.90875027,-0.41306822));
#464=DIRECTION('',(-0.10169219,-0.41717388,0.9031194));
#465=AXIS2_PLACEMENT_3D('',#462,#463,#464);
#466=PLANE('',#465);
#467=POLY_LOOP('',(#30,#87,#88));
#468=FACE_OUTER_BOUND('',#467,.T.);
#469=FACE_SURFACE('',(#468),#466,.T.);
#470=CARTESIAN_POINT('',(17.23999977,3.03659916,3.59999943));
#471=DIRECTION('',(0.99785888,0.06540373,0.));
#472=DIRECTION('',(-0.06484207,0.98928971,-0.13077226));
#473=AXIS2_PLACEMENT_3D('',#470,#471,#472);
#474=PLANE('',#473);
#475=POLY_LOOP('',(#89,#90,#91));
#476=FACE_OUTER_BOUND('',#475,.T.);
#477=FACE_SURFACE('',(#476),#474,.T.);
#478=CARTESIAN_POINT('',(17.20033264,3.64179707,3.5199995));
#479=DIRECTION('',(0.99785888,0.06540373,0.));
#480=DIRECTION('',(0.06484207,-0.98928971,0.13077226));
#481=AXIS2_PLACEMENT_3D('',#478,#479,#480);
#482=PLANE('',#481);
#483=POLY_LOOP('',(#90,#89,#92));
#484=FACE_OUTER_BOUND('',#483,.T.);
#485=FACE_SURFACE('',(#484),#482,.T.);
#486=CARTESIAN_POINT('',(12.99975491,6.04722118,0.));
#487=DIRECTION('',(0.05956164,0.90875018,-0.41306842));
#488=DIRECTION('',(-0.99785899,0.06540205,0.));
#489=AXIS2_PLACEMENT_3D('',#486,#487,#488);
#490=PLANE('',#489);
#491=POLY_LOOP('',(#63,#93,#78));
#492=FACE_OUTER_BOUND('',#491,.T.);
#493=FACE_SURFACE('',(#492),#490,.T.);
#494=CARTESIAN_POINT('',(0.23114681,4.19865608,0.));
#495=DIRECTION('',(-0.81678201,0.40279255,-0.41306817));
#496=DIRECTION('',(-0.38230398,0.1583555,0.91036652));
#497=AXIS2_PLACEMENT_3D('',#494,#495,#496);
#498=PLANE('',#497);
#499=POLY_LOOP('',(#56,#94,#57));
#500=FACE_OUTER_BOUND('',#499,.T.);
#501=FACE_SURFACE('',(#500),#498,.T.);
#502=CARTESIAN_POINT('',(17.23999977,3.03659916,3.5199995));
#503=DIRECTION('',(0.90875018,-0.05956164,-0.41306842));
#504=DIRECTION('',(-0.41717408,-0.10169218,-0.90311931));
#505=AXIS2_PLACEMENT_3D('',#502,#503,#504);
#506=PLANE('',#505);
#507=POLY_LOOP('',(#92,#27,#95));
#508=FACE_OUTER_BOUND('',#507,.T.);
#509=FACE_SURFACE('',(#508),#506,.T.);
#510=CARTESIAN_POINT('',(1.87454319,5.84205246,0.));
#511=DIRECTION('',(-0.2927353,0.86236925,-0.41306818));
#512=DIRECTION('',(-0.1583555,0.38230398,0.91036652));
#513=AXIS2_PLACEMENT_3D('',#510,#511,#512);
#514=PLANE('',#513);
#515=POLY_LOOP('',(#96,#71,#97));
#516=FACE_OUTER_BOUND('',#515,.T.);
#517=FACE_SURFACE('',(#516),#514,.T.);
#518=CARTESIAN_POINT('',(17.08201218,1.8365593,3.59999943));
#519=DIRECTION('',(0.98078564,-0.1950885,0.));
#520=DIRECTION('',(0.19341317,0.97236308,-0.13077229));
#521=AXIS2_PLACEMENT_3D('',#518,#519,#520);
#522=PLANE('',#521);
#523=POLY_LOOP('',(#82,#28,#98));
#524=FACE_OUTER_BOUND('',#523,.T.);
#525=FACE_SURFACE('',(#524),#522,.T.);
#526=CARTESIAN_POINT('',(17.20033264,2.43140221,3.5199995));
#527=DIRECTION('',(0.98078564,-0.1950885,0.));
#528=DIRECTION('',(-0.19341317,-0.97236308,0.13077229));
#529=AXIS2_PLACEMENT_3D('',#526,#527,#528);
#530=PLANE('',#529);
#531=POLY_LOOP('',(#28,#82,#22));
#532=FACE_OUTER_BOUND('',#531,.T.);
#533=FACE_SURFACE('',(#532),#530,.T.);
#534=CARTESIAN_POINT('',(-1.44201088,4.23663998,3.5199995));
#535=DIRECTION('',(-0.94693048,0.32143843,0.));
#536=DIRECTION('',(0.31867805,0.93879863,0.13077241));
#537=AXIS2_PLACEMENT_3D('',#534,#535,#536);
#538=PLANE('',#537);
#539=POLY_LOOP('',(#99,#100,#94));
#540=FACE_OUTER_BOUND('',#539,.T.);
#541=FACE_SURFACE('',(#540),#538,.T.);
#542=CARTESIAN_POINT('',(-1.24705982,4.81094933,3.59999943));
#543=DIRECTION('',(-0.94693048,0.32143843,0.));
#544=DIRECTION('',(-0.31867805,-0.93879863,-0.13077241));
#545=AXIS2_PLACEMENT_3D('',#542,#543,#544);
#546=PLANE('',#545);
#547=POLY_LOOP('',(#100,#99,#101));
#548=FACE_OUTER_BOUND('',#547,.T.);
#549=FACE_SURFACE('',(#548),#546,.T.);
#550=CARTESIAN_POINT('',(1.18803501,0.62750244,0.));
#551=DIRECTION('',(-0.60046731,-0.68469966,-0.41306826));
#552=DIRECTION('',(-0.36689385,-0.2230791,0.90311938));
#553=AXIS2_PLACEMENT_3D('',#550,#551,#552);
#554=PLANE('',#553);
#555=POLY_LOOP('',(#77,#76,#102));
#556=FACE_OUTER_BOUND('',#555,.T.);
#557=FACE_SURFACE('',(#556),#554,.T.);
#558=CARTESIAN_POINT('',(0.10346889,2.25066948,0.));
#559=DIRECTION('',(-0.89320146,-0.17766815,-0.41306801));
#560=DIRECTION('',(-0.42687825,0.04637025,0.90311946));
#561=AXIS2_PLACEMENT_3D('',#558,#559,#560);
#562=PLANE('',#561);
#563=POLY_LOOP('',(#103,#104,#105));
#564=FACE_OUTER_BOUND('',#563,.T.);
#565=FACE_SURFACE('',(#564),#562,.T.);
#566=CARTESIAN_POINT('',(13.80344009,7.51521111,3.5199995));
#567=DIRECTION('',(0.19509002,0.98078534,0.));
#568=DIRECTION('',(-0.97236278,0.19341467,0.13077225));
#569=AXIS2_PLACEMENT_3D('',#566,#567,#568);
#570=PLANE('',#569);
#571=POLY_LOOP('',(#53,#106,#51));
#572=FACE_OUTER_BOUND('',#571,.T.);
#573=FACE_SURFACE('',(#572),#570,.T.);
#574=CARTESIAN_POINT('',(13.20859718,7.63353252,3.59999943));
#575=DIRECTION('',(0.19509002,0.98078534,0.));
#576=DIRECTION('',(0.97236278,-0.19341467,-0.13077225));
#577=AXIS2_PLACEMENT_3D('',#574,#575,#576);
#578=PLANE('',#577);
#579=POLY_LOOP('',(#106,#53,#64));
#580=FACE_OUTER_BOUND('',#579,.T.);
#581=FACE_SURFACE('',(#580),#578,.T.);
#582=CARTESIAN_POINT('',(3.03659916,-1.59999943,3.5199995));
#583=DIRECTION('',(0.,-0.91036651,-0.41380287));
#584=DIRECTION('',(0.76646306,0.26578078,-0.58471785));
#585=AXIS2_PLACEMENT_3D('',#582,#583,#584);
#586=PLANE('',#585);
#587=POLY_LOOP('',(#84,#107,#87));
#588=FACE_OUTER_BOUND('',#587,.T.);
#589=FACE_SURFACE('',(#588),#586,.T.);
#590=CARTESIAN_POINT('',(3.03659916,0.,0.));
#591=DIRECTION('',(0.,-0.91036651,-0.41380287));
#592=DIRECTION('',(0.9990288,-0.01823293,0.04011246));
#593=AXIS2_PLACEMENT_3D('',#590,#591,#592);
#594=PLANE('',#593);
#595=POLY_LOOP('',(#86,#107,#84));
#596=FACE_OUTER_BOUND('',#595,.T.);
#597=FACE_SURFACE('',(#596),#594,.T.);
#598=CARTESIAN_POINT('',(7.41999912,-0.07999992,0.17599986));
#599=DIRECTION('',(0.,-0.91036651,-0.41380288));
#600=DIRECTION('',(-0.9990288,0.01823293,-0.04011246));
#601=AXIS2_PLACEMENT_3D('',#598,#599,#600);
#602=PLANE('',#601);
#603=POLY_LOOP('',(#107,#86,#108));
#604=FACE_OUTER_BOUND('',#603,.T.);
#605=FACE_SURFACE('',(#604),#602,.T.);
#606=CARTESIAN_POINT('',(8.21999931,-0.07999992,0.17599986));
#607=DIRECTION('',(0.,-0.91036651,-0.41380287));
#608=DIRECTION('',(0.76646306,-0.26578078,0.58471785));
#609=AXIS2_PLACEMENT_3D('',#606,#607,#608);
#610=PLANE('',#609);
#611=POLY_LOOP('',(#109,#87,#107));
#612=FACE_OUTER_BOUND('',#611,.T.);
#613=FACE_SURFACE('',(#612),#610,.T.);
#614=CARTESIAN_POINT('',(12.60339928,0.,0.));
#615=DIRECTION('',(0.,-0.91036651,-0.41380288));
#616=DIRECTION('',(-0.9990288,-0.01823293,0.04011246));
#617=AXIS2_PLACEMENT_3D('',#614,#615,#616);
#618=PLANE('',#617);
#619=POLY_LOOP('',(#88,#109,#110));
#620=FACE_OUTER_BOUND('',#619,.T.);
#621=FACE_SURFACE('',(#620),#618,.T.);
#622=CARTESIAN_POINT('',(8.21999931,-0.07999992,0.17599986));
#623=DIRECTION('',(0.,-0.91036651,-0.41380287));
#624=DIRECTION('',(0.9990288,0.01823293,-0.04011246));
#625=AXIS2_PLACEMENT_3D('',#622,#623,#624);
#626=PLANE('',#625);
#627=POLY_LOOP('',(#109,#88,#87));
#628=FACE_OUTER_BOUND('',#627,.T.);
#629=FACE_SURFACE('',(#628),#626,.T.);
#630=CARTESIAN_POINT('',(14.92169952,-0.97881317,3.5199995));
#631=DIRECTION('',(0.55557042,-0.83146949,0.));
#632=DIRECTION('',(0.82432918,0.55079941,0.13077236));
#633=AXIS2_PLACEMENT_3D('',#630,#631,#632);
#634=PLANE('',#633);
#635=POLY_LOOP('',(#111,#112,#113));
#636=FACE_OUTER_BOUND('',#635,.T.);
#637=FACE_SURFACE('',(#636),#634,.T.);
#638=CARTESIAN_POINT('',(15.42598248,-0.64186192,3.59999943));
#639=DIRECTION('',(0.55557042,-0.83146949,0.));
#640=DIRECTION('',(-0.82432918,-0.55079941,-0.13077236));
#641=AXIS2_PLACEMENT_3D('',#638,#639,#640);
#642=PLANE('',#641);
#643=POLY_LOOP('',(#112,#111,#114));
#644=FACE_OUTER_BOUND('',#643,.T.);
#645=FACE_SURFACE('',(#644),#642,.T.);
#646=CARTESIAN_POINT('',(0.88939953,5.18379974,0.));
#647=DIRECTION('',(-0.60046633,0.68470045,-0.41306838));
#648=DIRECTION('',(-0.29260282,0.29260306,0.91036643));
#649=AXIS2_PLACEMENT_3D('',#646,#647,#648);
#650=PLANE('',#649);
#651=POLY_LOOP('',(#115,#116,#117));
#652=FACE_OUTER_BOUND('',#651,.T.);
#653=FACE_SURFACE('',(#652),#650,.T.);
#654=CARTESIAN_POINT('',(13.20859718,-1.5603323,3.5199995));
#655=DIRECTION('',(0.05956318,-0.90875025,-0.41306804));
#656=DIRECTION('',(-0.99785888,-0.06540373,0.));
#657=AXIS2_PLACEMENT_3D('',#654,#655,#656);
#658=PLANE('',#657);
#659=POLY_LOOP('',(#29,#87,#30));
#660=FACE_OUTER_BOUND('',#659,.T.);
#661=FACE_SURFACE('',(#660),#658,.T.);
#662=CARTESIAN_POINT('',(0.88939953,5.18379974,0.));
#663=DIRECTION('',(-0.60046603,0.68470068,-0.41306842));
#664=DIRECTION('',(-0.17328182,0.39287271,0.90311929));
#665=AXIS2_PLACEMENT_3D('',#662,#663,#664);
#666=PLANE('',#665);
#667=POLY_LOOP('',(#115,#117,#118));
#668=FACE_OUTER_BOUND('',#667,.T.);
#669=FACE_SURFACE('',(#668),#666,.T.);
#670=CARTESIAN_POINT('',(15.42598248,-0.64186192,3.5199995));
#671=DIRECTION('',(0.6004665,-0.68470045,-0.41306812));
#672=DIRECTION('',(-0.25190728,0.32829176,-0.91036654));
#673=AXIS2_PLACEMENT_3D('',#670,#671,#672);
#674=PLANE('',#673);
#675=POLY_LOOP('',(#114,#119,#120));
#676=FACE_OUTER_BOUND('',#675,.T.);
#677=FACE_SURFACE('',(#676),#674,.T.);
#678=CARTESIAN_POINT('',(0.,3.03659916,0.));
#679=DIRECTION('',(-0.90875028,0.05956151,-0.41306822));
#680=DIRECTION('',(-0.41380287,0.,0.91036651));
#681=AXIS2_PLACEMENT_3D('',#678,#679,#680);
#682=PLANE('',#681);
#683=POLY_LOOP('',(#121,#122,#47));
#684=FACE_OUTER_BOUND('',#683,.T.);
#685=FACE_SURFACE('',(#684),#682,.T.);
#686=CARTESIAN_POINT('',(17.20033264,3.64179707,3.59999943));
#687=DIRECTION('',(0.98078564,0.1950885,0.));
#688=DIRECTION('',(-0.19341317,0.97236308,-0.13077229));
#689=AXIS2_PLACEMENT_3D('',#686,#687,#688);
#690=PLANE('',#689);
#691=POLY_LOOP('',(#91,#45,#123));
#692=FACE_OUTER_BOUND('',#691,.T.);
#693=FACE_SURFACE('',(#692),#690,.T.);
#694=CARTESIAN_POINT('',(17.08201218,4.23663998,3.5199995));
#695=DIRECTION('',(0.98078564,0.1950885,0.));
#696=DIRECTION('',(0.19341317,-0.97236308,0.13077229));
#697=AXIS2_PLACEMENT_3D('',#694,#695,#696);
#698=PLANE('',#697);
#699=POLY_LOOP('',(#45,#91,#90));
#700=FACE_OUTER_BOUND('',#699,.T.);
#701=FACE_SURFACE('',(#700),#698,.T.);
#702=CARTESIAN_POINT('',(15.01249599,4.88516426,0.));
#703=DIRECTION('',(0.68470071,0.60046605,-0.41306835));
#704=DIRECTION('',(-0.65934559,0.75184,0.));
#705=AXIS2_PLACEMENT_3D('',#702,#703,#704);
#706=PLANE('',#705);
#707=POLY_LOOP('',(#124,#83,#32));
#708=FACE_OUTER_BOUND('',#707,.T.);
#709=FACE_SURFACE('',(#708),#706,.T.);
#710=CARTESIAN_POINT('',(15.63999939,3.03659916,0.));
#711=DIRECTION('',(0.90875019,0.0595615,-0.41306842));
#712=DIRECTION('',(-0.06540189,0.997859,0.));
#713=AXIS2_PLACEMENT_3D('',#710,#711,#712);
#714=PLANE('',#713);
#715=POLY_LOOP('',(#95,#46,#92));
#716=FACE_OUTER_BOUND('',#715,.T.);
#717=FACE_SURFACE('',(#716),#714,.T.);
#718=CARTESIAN_POINT('',(15.42598248,6.71506119,3.5199995));
#719=DIRECTION('',(0.50595802,0.75721933,-0.41306824));
#720=DIRECTION('',(-0.33463736,-0.26906004,-0.90311934));
#721=AXIS2_PLACEMENT_3D('',#718,#719,#720);
#722=PLANE('',#721);
#723=POLY_LOOP('',(#34,#125,#126));
#724=FACE_OUTER_BOUND('',#723,.T.);
#725=FACE_SURFACE('',(#724),#722,.T.);
#726=CARTESIAN_POINT('',(0.88939953,0.88939953,0.));
#727=DIRECTION('',(-0.68469966,-0.60046731,-0.41306826));
#728=DIRECTION('',(-0.29260284,-0.29260284,0.9103665));
#729=AXIS2_PLACEMENT_3D('',#726,#727,#728);
#730=PLANE('',#729);
#731=POLY_LOOP('',(#102,#76,#127));
#732=FACE_OUTER_BOUND('',#731,.T.);
#733=FACE_SURFACE('',(#732),#730,.T.);
#734=CARTESIAN_POINT('',(0.23114681,1.87454319,0.));
#735=DIRECTION('',(-0.86236919,-0.29273546,-0.41306819));
#736=DIRECTION('',(-0.38230398,-0.1583555,0.91036652));
#737=AXIS2_PLACEMENT_3D('',#734,#735,#736);
#738=PLANE('',#737);
#739=POLY_LOOP('',(#74,#59,#103));
#740=FACE_OUTER_BOUND('',#739,.T.);
#741=FACE_SURFACE('',(#740),#738,.T.);
#742=CARTESIAN_POINT('',(15.23317242,4.55489922,0.));
#743=DIRECTION('',(0.75721908,0.50595847,-0.41306813));
#744=DIRECTION('',(-0.55557088,0.83146918,0.));
#745=AXIS2_PLACEMENT_3D('',#742,#743,#744);
#746=PLANE('',#745);
#747=POLY_LOOP('',(#128,#124,#36));
#748=FACE_OUTER_BOUND('',#747,.T.);
#749=FACE_SURFACE('',(#748),#746,.T.);
#750=CARTESIAN_POINT('',(13.38932991,5.96972942,0.));
#751=DIRECTION('',(0.1776698,0.89320095,-0.4130684));
#752=DIRECTION('',(-0.98078505,0.19509147,0.));
#753=AXIS2_PLACEMENT_3D('',#750,#751,#752);
#754=PLANE('',#753);
#755=POLY_LOOP('',(#129,#63,#53));
#756=FACE_OUTER_BOUND('',#755,.T.);
#757=FACE_SURFACE('',(#756),#754,.T.);
#758=CARTESIAN_POINT('',(-0.97881317,5.35489941,3.5199995));
#759=DIRECTION('',(-0.83146949,0.55557042,0.));
#760=DIRECTION('',(0.55079941,0.82432918,0.13077236));
#761=AXIS2_PLACEMENT_3D('',#758,#759,#760);
#762=PLANE('',#761);
#763=POLY_LOOP('',(#57,#130,#68));
#764=FACE_OUTER_BOUND('',#763,.T.);
#765=FACE_SURFACE('',(#764),#762,.T.);
#766=CARTESIAN_POINT('',(-0.64186192,5.85918236,3.59999943));
#767=DIRECTION('',(-0.83146949,0.55557042,0.));
#768=DIRECTION('',(-0.55079941,-0.82432918,-0.13077236));
#769=AXIS2_PLACEMENT_3D('',#766,#767,#768);
#770=PLANE('',#769);
#771=POLY_LOOP('',(#130,#57,#131));
#772=FACE_OUTER_BOUND('',#771,.T.);
#773=FACE_SURFACE('',(#772),#770,.T.);
#774=CARTESIAN_POINT('',(0.21401596,-0.64186192,3.5199995));
#775=DIRECTION('',(-0.55556969,-0.83146998,0.));
#776=DIRECTION('',(0.82432968,-0.5507987,0.13077219));
#777=AXIS2_PLACEMENT_3D('',#774,#775,#776);
#778=PLANE('',#777);
#779=POLY_LOOP('',(#75,#132,#79));
#780=FACE_OUTER_BOUND('',#779,.T.);
#781=FACE_SURFACE('',(#780),#778,.T.);
#782=CARTESIAN_POINT('',(0.71829987,-0.97881317,3.59999943));
#783=DIRECTION('',(-0.55556969,-0.83146998,0.));
#784=DIRECTION('',(-0.82432968,0.5507987,-0.13077219));
#785=AXIS2_PLACEMENT_3D('',#782,#783,#784);
#786=PLANE('',#785);
#787=POLY_LOOP('',(#132,#75,#133));
#788=FACE_OUTER_BOUND('',#787,.T.);
#789=FACE_SURFACE('',(#788),#786,.T.);
#790=CARTESIAN_POINT('',(14.37774944,7.32025909,3.5199995));
#791=DIRECTION('',(0.2927353,0.86236925,-0.41306818));
#792=DIRECTION('',(-0.1583555,-0.38230398,-0.91036652));
#793=AXIS2_PLACEMENT_3D('',#790,#791,#792);
#794=PLANE('',#793);
#795=POLY_LOOP('',(#50,#134,#53));
#796=FACE_OUTER_BOUND('',#795,.T.);
#797=FACE_SURFACE('',(#796),#794,.T.);
#798=CARTESIAN_POINT('',(17.20033264,2.43140221,3.5199995));
#799=DIRECTION('',(0.90875016,-0.05956327,-0.41306823));
#800=DIRECTION('',(-0.41026276,0.05401198,-0.91036651));
#801=AXIS2_PLACEMENT_3D('',#798,#799,#800);
#802=PLANE('',#801);
#803=POLY_LOOP('',(#28,#27,#92));
#804=FACE_OUTER_BOUND('',#803,.T.);
#805=FACE_SURFACE('',(#804),#802,.T.);
#806=CARTESIAN_POINT('',(16.88705826,1.26224995,3.5199995));
#807=DIRECTION('',(0.81678216,-0.40279243,-0.41306799));
#808=DIRECTION('',(-0.42433428,0.06569403,-0.90311944));
#809=AXIS2_PLACEMENT_3D('',#806,#807,#808);
#810=PLANE('',#809);
#811=POLY_LOOP('',(#20,#135,#21));
#812=FACE_OUTER_BOUND('',#811,.T.);
#813=FACE_SURFACE('',(#812),#810,.T.);
#814=CARTESIAN_POINT('',(-0.24197102,-0.24197102,3.5199995));
#815=DIRECTION('',(-0.68469979,-0.60046718,-0.41306823));
#816=DIRECTION('',(-0.6593468,0.75183895,0.));
#817=AXIS2_PLACEMENT_3D('',#814,#815,#816);
#818=PLANE('',#817);
#819=POLY_LOOP('',(#76,#136,#127));
#820=FACE_OUTER_BOUND('',#819,.T.);
#821=FACE_SURFACE('',(#820),#818,.T.);
#822=CARTESIAN_POINT('',(12.60339928,-1.59999943,3.5199995));
#823=DIRECTION('',(0.06540373,-0.99785888,0.));
#824=DIRECTION('',(0.98928971,0.06484207,0.13077226));
#825=AXIS2_PLACEMENT_3D('',#822,#823,#824);
#826=PLANE('',#825);
#827=POLY_LOOP('',(#87,#137,#138));
#828=FACE_OUTER_BOUND('',#827,.T.);
#829=FACE_SURFACE('',(#828),#826,.T.);
#830=CARTESIAN_POINT('',(13.20859718,-1.5603323,3.59999943));
#831=DIRECTION('',(0.06540373,-0.99785888,0.));
#832=DIRECTION('',(-0.98928971,-0.06484207,-0.13077226));
#833=AXIS2_PLACEMENT_3D('',#830,#831,#832);
#834=PLANE('',#833);
#835=POLY_LOOP('',(#137,#87,#29));
#836=FACE_OUTER_BOUND('',#835,.T.);
#837=FACE_SURFACE('',(#836),#834,.T.);
#838=CARTESIAN_POINT('',(14.12169933,5.6663723,0.));
#839=DIRECTION('',(0.40279324,0.81678162,-0.41306826));
#840=DIRECTION('',(-0.89687225,0.44228968,0.));
#841=AXIS2_PLACEMENT_3D('',#838,#839,#840);
#842=PLANE('',#841);
#843=POLY_LOOP('',(#125,#134,#126));
#844=FACE_OUTER_BOUND('',#843,.T.);
#845=FACE_SURFACE('',(#844),#842,.T.);
#846=CARTESIAN_POINT('',(15.42598248,6.71506119,3.5199995));
#847=DIRECTION('',(0.55557042,0.83146949,0.));
#848=DIRECTION('',(-0.82432918,0.55079941,0.13077236));
#849=AXIS2_PLACEMENT_3D('',#846,#847,#848);
#850=PLANE('',#849);
#851=POLY_LOOP('',(#34,#139,#140));
#852=FACE_OUTER_BOUND('',#851,.T.);
#853=FACE_SURFACE('',(#852),#850,.T.);
#854=CARTESIAN_POINT('',(14.92169952,7.05201244,3.59999943));
#855=DIRECTION('',(0.55557042,0.83146949,0.));
#856=DIRECTION('',(0.82432918,-0.55079941,-0.13077236));
#857=AXIS2_PLACEMENT_3D('',#854,#855,#856);
#858=PLANE('',#857);
#859=POLY_LOOP('',(#139,#34,#126));
#860=FACE_OUTER_BOUND('',#859,.T.);
#861=FACE_SURFACE('',(#860),#858,.T.);
#862=CARTESIAN_POINT('',(-1.24705982,4.81094933,3.5199995));
#863=DIRECTION('',(-0.89687264,0.4422889,0.));
#864=DIRECTION('',(0.43849071,0.88917069,0.13077227));
#865=AXIS2_PLACEMENT_3D('',#862,#863,#864);
#866=PLANE('',#865);
#867=POLY_LOOP('',(#94,#131,#57));
#868=FACE_OUTER_BOUND('',#867,.T.);
#869=FACE_SURFACE('',(#868),#866,.T.);
#870=CARTESIAN_POINT('',(-0.97881317,5.35489941,3.59999943));
#871=DIRECTION('',(-0.89687264,0.4422889,0.));
#872=DIRECTION('',(-0.43849071,-0.88917069,-0.13077227));
#873=AXIS2_PLACEMENT_3D('',#870,#871,#872);
#874=PLANE('',#873);
#875=POLY_LOOP('',(#131,#94,#100));
#876=FACE_OUTER_BOUND('',#875,.T.);
#877=FACE_SURFACE('',(#876),#874,.T.);
#878=CARTESIAN_POINT('',(16.28186035,5.85918236,3.5199995));
#879=DIRECTION('',(0.68470176,0.60046497,-0.41306817));
#880=DIRECTION('',(-0.32829176,-0.25190728,-0.91036654));
#881=AXIS2_PLACEMENT_3D('',#878,#879,#880);
#882=PLANE('',#881);
#883=POLY_LOOP('',(#36,#124,#32));
#884=FACE_OUTER_BOUND('',#883,.T.);
#885=FACE_SURFACE('',(#884),#882,.T.);
#886=CARTESIAN_POINT('',(2.43140221,-1.5603323,3.5199995));
#887=DIRECTION('',(-0.06540383,-0.99785888,0.));
#888=DIRECTION('',(0.98928967,-0.06484217,0.13077247));
#889=AXIS2_PLACEMENT_3D('',#886,#887,#888);
#890=PLANE('',#889);
#891=POLY_LOOP('',(#54,#141,#142));
#892=FACE_OUTER_BOUND('',#891,.T.);
#893=FACE_SURFACE('',(#892),#890,.T.);
#894=CARTESIAN_POINT('',(3.03659916,-1.59999943,3.59999943));
#895=DIRECTION('',(-0.06540383,-0.99785888,0.));
#896=DIRECTION('',(-0.98928967,0.06484217,-0.13077247));
#897=AXIS2_PLACEMENT_3D('',#894,#895,#896);
#898=PLANE('',#897);
#899=POLY_LOOP('',(#141,#54,#84));
#900=FACE_OUTER_BOUND('',#899,.T.);
#901=FACE_SURFACE('',(#900),#898,.T.);
#902=CARTESIAN_POINT('',(3.03659916,-1.59999943,3.5199995));
#903=DIRECTION('',(-0.05956328,-0.90875025,-0.41306802));
#904=DIRECTION('',(-0.99785888,0.06540383,0.));
#905=AXIS2_PLACEMENT_3D('',#902,#903,#904);
#906=PLANE('',#905);
#907=POLY_LOOP('',(#84,#54,#85));
#908=FACE_OUTER_BOUND('',#907,.T.);
#909=FACE_SURFACE('',(#908),#906,.T.);
#910=CARTESIAN_POINT('',(-1.5603323,2.43140221,3.5199995));
#911=DIRECTION('',(-0.99785888,-0.06540383,0.));
#912=DIRECTION('',(-0.06484217,0.98928967,0.13077247));
#913=AXIS2_PLACEMENT_3D('',#910,#911,#912);
#914=PLANE('',#913);
#915=POLY_LOOP('',(#104,#143,#122));
#916=FACE_OUTER_BOUND('',#915,.T.);
#917=FACE_SURFACE('',(#916),#914,.T.);
#918=CARTESIAN_POINT('',(-1.59999943,3.03659916,3.59999943));
#919=DIRECTION('',(-0.99785888,-0.06540383,0.));
#920=DIRECTION('',(0.06484217,-0.98928967,-0.13077247));
#921=AXIS2_PLACEMENT_3D('',#918,#919,#920);
#922=PLANE('',#921);
#923=POLY_LOOP('',(#143,#104,#144));
#924=FACE_OUTER_BOUND('',#923,.T.);
#925=FACE_SURFACE('',(#924),#922,.T.);
#926=CARTESIAN_POINT('',(0.10346889,3.82252979,0.));
#927=DIRECTION('',(-0.89320141,0.17766852,-0.41306797));
#928=DIRECTION('',(-0.42687825,-0.04637025,0.90311946));
#929=AXIS2_PLACEMENT_3D('',#926,#927,#928);
#930=PLANE('',#929);
#931=POLY_LOOP('',(#49,#48,#99));
#932=FACE_OUTER_BOUND('',#931,.T.);
#933=FACE_SURFACE('',(#932),#930,.T.);
#934=CARTESIAN_POINT('',(13.20859718,-1.5603323,3.5199995));
#935=DIRECTION('',(0.19509002,-0.98078534,0.));
#936=DIRECTION('',(0.97236278,0.19341467,0.13077225));
#937=AXIS2_PLACEMENT_3D('',#934,#935,#936);
#938=PLANE('',#937);
#939=POLY_LOOP('',(#29,#25,#137));
#940=FACE_OUTER_BOUND('',#939,.T.);
#941=FACE_SURFACE('',(#940),#938,.T.);
#942=CARTESIAN_POINT('',(13.80344009,-1.44201088,3.59999943));
#943=DIRECTION('',(0.19509002,-0.98078534,0.));
#944=DIRECTION('',(-0.97236278,-0.19341467,-0.13077225));
#945=AXIS2_PLACEMENT_3D('',#942,#943,#944);
#946=PLANE('',#945);
#947=POLY_LOOP('',(#25,#29,#23));
#948=FACE_OUTER_BOUND('',#947,.T.);
#949=FACE_SURFACE('',(#948),#946,.T.);
#950=CARTESIAN_POINT('',(13.80344009,-1.44201088,3.5199995));
#951=DIRECTION('',(0.17766852,-0.89320141,-0.41306797));
#952=DIRECTION('',(-0.98078534,-0.19509002,0.));
#953=AXIS2_PLACEMENT_3D('',#950,#951,#952);
#954=PLANE('',#953);
#955=POLY_LOOP('',(#23,#29,#31));
#956=FACE_OUTER_BOUND('',#955,.T.);
#957=FACE_SURFACE('',(#956),#954,.T.);
#958=CARTESIAN_POINT('',(15.40885258,4.19865608,0.));
#959=DIRECTION('',(0.81678162,0.40279324,-0.41306826));
#960=DIRECTION('',(-0.44228968,0.89687225,0.));
#961=AXIS2_PLACEMENT_3D('',#958,#959,#960);
#962=PLANE('',#961);
#963=POLY_LOOP('',(#44,#128,#38));
#964=FACE_OUTER_BOUND('',#963,.T.);
#965=FACE_SURFACE('',(#964),#962,.T.);
#966=CARTESIAN_POINT('',(16.61881256,5.35489941,3.5199995));
#967=DIRECTION('',(0.75721868,0.50595902,-0.41306821));
#968=DIRECTION('',(-0.35836379,-0.20690155,-0.91036649));
#969=AXIS2_PLACEMENT_3D('',#966,#967,#968);
#970=PLANE('',#969);
#971=POLY_LOOP('',(#38,#128,#36));
#972=FACE_OUTER_BOUND('',#971,.T.);
#973=FACE_SURFACE('',(#972),#970,.T.);
#974=CARTESIAN_POINT('',(16.28186035,0.21401596,3.5199995));
#975=DIRECTION('',(0.75721835,-0.50595945,-0.41306828));
#976=DIRECTION('',(-0.32829174,0.25190751,-0.91036649));
#977=AXIS2_PLACEMENT_3D('',#974,#975,#976);
#978=PLANE('',#977);
#979=POLY_LOOP('',(#145,#146,#135));
#980=FACE_OUTER_BOUND('',#979,.T.);
#981=FACE_SURFACE('',(#980),#978,.T.);
#982=CARTESIAN_POINT('',(15.88197041,6.31517124,3.5199995));
#983=DIRECTION('',(0.65934513,0.75184041,0.));
#984=DIRECTION('',(-0.74538391,0.65368294,0.13077244));
#985=AXIS2_PLACEMENT_3D('',#982,#983,#984);
#986=PLANE('',#985);
#987=POLY_LOOP('',(#32,#140,#147));
#988=FACE_OUTER_BOUND('',#987,.T.);
#989=FACE_SURFACE('',(#988),#986,.T.);
#990=CARTESIAN_POINT('',(15.42598248,6.71506119,3.59999943));
#991=DIRECTION('',(0.65934513,0.75184041,0.));
#992=DIRECTION('',(0.74538391,-0.65368294,-0.13077244));
#993=AXIS2_PLACEMENT_3D('',#990,#991,#992);
#994=PLANE('',#993);
#995=POLY_LOOP('',(#140,#32,#34));
#996=FACE_OUTER_BOUND('',#995,.T.);
#997=FACE_SURFACE('',(#996),#994,.T.);
#998=CARTESIAN_POINT('',(0.10346889,3.82252979,0.));
#999=DIRECTION('',(-0.86236919,0.29273546,-0.41306819));
#1000=DIRECTION('',(-0.34650251,0.25359687,0.90311939));
#1001=AXIS2_PLACEMENT_3D('',#998,#999,#1000);
#1002=PLANE('',#1001);
#1003=POLY_LOOP('',(#49,#94,#56));
#1004=FACE_OUTER_BOUND('',#1003,.T.);
#1005=FACE_SURFACE('',(#1004),#1002,.T.);
#1006=CARTESIAN_POINT('',(16.88705826,4.81094933,3.59999943));
#1007=DIRECTION('',(0.89687326,0.44228763,0.));
#1008=DIRECTION('',(-0.43848945,0.88917129,-0.13077236));
#1009=AXIS2_PLACEMENT_3D('',#1006,#1007,#1008);
#1010=PLANE('',#1009);
#1011=POLY_LOOP('',(#148,#38,#35));
#1012=FACE_OUTER_BOUND('',#1011,.T.);
#1013=FACE_SURFACE('',(#1012),#1010,.T.);
#1014=CARTESIAN_POINT('',(16.61881256,5.35489941,3.5199995));
#1015=DIRECTION('',(0.89687326,0.44228763,0.));
#1016=DIRECTION('',(0.43848945,-0.88917129,0.13077236));
#1017=AXIS2_PLACEMENT_3D('',#1014,#1015,#1016);
#1018=PLANE('',#1017);
#1019=POLY_LOOP('',(#38,#148,#149));
#1020=FACE_OUTER_BOUND('',#1019,.T.);
#1021=FACE_SURFACE('',(#1020),#1018,.T.);
#1022=CARTESIAN_POINT('',(17.08201218,1.8365593,3.5199995));
#1023=DIRECTION('',(0.89320077,-0.1776702,-0.41306862));
#1024=DIRECTION('',(-0.39970329,0.10710001,-0.91036634));
#1025=AXIS2_PLACEMENT_3D('',#1022,#1023,#1024);
#1026=PLANE('',#1025);
#1027=POLY_LOOP('',(#22,#72,#27));
#1028=FACE_OUTER_BOUND('',#1027,.T.);
#1029=FACE_SURFACE('',(#1028),#1026,.T.);
#1030=CARTESIAN_POINT('',(-1.5603323,3.64179707,3.5199995));
#1031=DIRECTION('',(-0.98078534,0.19509002,0.));
#1032=DIRECTION('',(0.19341467,0.97236278,0.13077225));
#1033=AXIS2_PLACEMENT_3D('',#1030,#1031,#1032);
#1034=PLANE('',#1033);
#1035=POLY_LOOP('',(#48,#101,#99));
#1036=FACE_OUTER_BOUND('',#1035,.T.);
#1037=FACE_SURFACE('',(#1036),#1034,.T.);
#1038=CARTESIAN_POINT('',(-1.44201088,4.23663998,3.59999943));
#1039=DIRECTION('',(-0.98078534,0.19509002,0.));
#1040=DIRECTION('',(-0.19341467,-0.97236278,-0.13077225));
#1041=AXIS2_PLACEMENT_3D('',#1038,#1039,#1040);
#1042=PLANE('',#1041);
#1043=POLY_LOOP('',(#101,#48,#150));
#1044=FACE_OUTER_BOUND('',#1043,.T.);
#1045=FACE_SURFACE('',(#1044),#1042,.T.);
#1046=CARTESIAN_POINT('',(13.7654562,5.84205246,0.));
#1047=DIRECTION('',(0.29273347,0.86236976,-0.41306841));
#1048=DIRECTION('',(-0.94693067,0.32143787,0.));
#1049=AXIS2_PLACEMENT_3D('',#1046,#1047,#1048);
#1050=PLANE('',#1049);
#1051=POLY_LOOP('',(#134,#129,#53));
#1052=FACE_OUTER_BOUND('',#1051,.T.);
#1053=FACE_SURFACE('',(#1052),#1050,.T.);
#1054=CARTESIAN_POINT('',(0.62750244,1.18803501,0.));
#1055=DIRECTION('',(-0.75721938,-0.50595795,-0.41306823));
#1056=DIRECTION('',(-0.32829174,-0.25190751,0.91036649));
#1057=AXIS2_PLACEMENT_3D('',#1054,#1055,#1056);
#1058=PLANE('',#1057);
#1059=POLY_LOOP('',(#127,#136,#73));
#1060=FACE_OUTER_BOUND('',#1059,.T.);
#1061=FACE_SURFACE('',(#1060),#1058,.T.);
#1062=CARTESIAN_POINT('',(16.28186035,0.21401596,3.5199995));
#1063=DIRECTION('',(0.68470074,-0.60046607,-0.41306827));
#1064=DIRECTION('',(-0.3928725,0.17328184,-0.90311937));
#1065=AXIS2_PLACEMENT_3D('',#1062,#1063,#1064);
#1066=PLANE('',#1065);
#1067=POLY_LOOP('',(#145,#151,#146));
#1068=FACE_OUTER_BOUND('',#1067,.T.);
#1069=FACE_SURFACE('',(#1068),#1066,.T.);
#1070=CARTESIAN_POINT('',(12.60339928,7.67319965,3.5199995));
#1071=DIRECTION('',(0.,1.,0.));
#1072=DIRECTION('',(-0.99996504,0.,0.00836195));
#1073=AXIS2_PLACEMENT_3D('',#1070,#1071,#1072);
#1074=PLANE('',#1073);
#1075=POLY_LOOP('',(#78,#152,#153));
#1076=FACE_OUTER_BOUND('',#1075,.T.);
#1077=FACE_SURFACE('',(#1076),#1074,.T.);
#1078=CARTESIAN_POINT('',(3.03659916,7.67319965,3.59999943));
#1079=DIRECTION('',(0.,1.,0.));
#1080=DIRECTION('',(0.99996504,0.,-0.00836195));
#1081=AXIS2_PLACEMENT_3D('',#1078,#1079,#1080);
#1082=PLANE('',#1081);
#1083=POLY_LOOP('',(#152,#78,#154));
#1084=FACE_OUTER_BOUND('',#1083,.T.);
#1085=FACE_SURFACE('',(#1084),#1082,.T.);
#1086=CARTESIAN_POINT('',(3.03659916,7.67319965,3.5199995));
#1087=DIRECTION('',(-0.06540383,0.99785888,0.));
#1088=DIRECTION('',(-0.98928967,-0.06484217,0.13077247));
#1089=AXIS2_PLACEMENT_3D('',#1086,#1087,#1088);
#1090=PLANE('',#1089);
#1091=POLY_LOOP('',(#154,#155,#152));
#1092=FACE_OUTER_BOUND('',#1091,.T.);
#1093=FACE_SURFACE('',(#1092),#1090,.T.);
#1094=CARTESIAN_POINT('',(2.43140221,7.63353252,3.59999943));
#1095=DIRECTION('',(-0.06540383,0.99785888,0.));
#1096=DIRECTION('',(0.98928967,0.06484217,-0.13077247));
#1097=AXIS2_PLACEMENT_3D('',#1094,#1095,#1096);
#1098=PLANE('',#1097);
#1099=POLY_LOOP('',(#155,#154,#156));
#1100=FACE_OUTER_BOUND('',#1099,.T.);
#1101=FACE_SURFACE('',(#1100),#1098,.T.);
#1102=CARTESIAN_POINT('',(13.20859718,7.63353252,3.5199995));
#1103=DIRECTION('',(0.06540373,0.99785888,0.));
#1104=DIRECTION('',(-0.98928971,0.06484207,0.13077226));
#1105=AXIS2_PLACEMENT_3D('',#1102,#1103,#1104);
#1106=PLANE('',#1105);
#1107=POLY_LOOP('',(#64,#153,#106));
#1108=FACE_OUTER_BOUND('',#1107,.T.);
#1109=FACE_SURFACE('',(#1108),#1106,.T.);
#1110=CARTESIAN_POINT('',(12.60339928,7.67319965,3.59999943));
#1111=DIRECTION('',(0.06540373,0.99785888,0.));
#1112=DIRECTION('',(0.98928971,-0.06484207,-0.13077226));
#1113=AXIS2_PLACEMENT_3D('',#1110,#1111,#1112);
#1114=PLANE('',#1113);
#1115=POLY_LOOP('',(#153,#64,#78));
#1116=FACE_OUTER_BOUND('',#1115,.T.);
#1117=FACE_SURFACE('',(#1116),#1114,.T.);
#1118=CARTESIAN_POINT('',(0.10346889,3.82252979,0.));
#1119=DIRECTION('',(-0.86236976,0.29273404,-0.413068));
#1120=DIRECTION('',(-0.39970266,0.10710004,0.91036661));
#1121=AXIS2_PLACEMENT_3D('',#1118,#1119,#1120);
#1122=PLANE('',#1121);
#1123=POLY_LOOP('',(#49,#99,#94));
#1124=FACE_OUTER_BOUND('',#1123,.T.);
#1125=FACE_SURFACE('',(#1124),#1122,.T.);
#1126=CARTESIAN_POINT('',(-1.5603323,2.43140221,3.5199995));
#1127=DIRECTION('',(-0.90875025,-0.05956328,-0.41306802));
#1128=DIRECTION('',(-0.06540383,0.99785888,0.));
#1129=AXIS2_PLACEMENT_3D('',#1126,#1127,#1128);
#1130=PLANE('',#1129);
#1131=POLY_LOOP('',(#104,#122,#105));
#1132=FACE_OUTER_BOUND('',#1131,.T.);
#1133=FACE_SURFACE('',(#1132),#1130,.T.);
#1134=CARTESIAN_POINT('',(-0.24197102,-0.24197102,3.5199995));
#1135=DIRECTION('',(-0.75183895,-0.6593468,0.));
#1136=DIRECTION('',(-0.6536846,0.74538246,0.13077246));
#1137=AXIS2_PLACEMENT_3D('',#1134,#1135,#1136);
#1138=PLANE('',#1137);
#1139=POLY_LOOP('',(#76,#157,#136));
#1140=FACE_OUTER_BOUND('',#1139,.T.);
#1141=FACE_SURFACE('',(#1140),#1138,.T.);
#1142=CARTESIAN_POINT('',(-0.64186192,0.21401596,3.59999943));
#1143=DIRECTION('',(-0.75183895,-0.6593468,0.));
#1144=DIRECTION('',(0.6536846,-0.74538246,-0.13077246));
#1145=AXIS2_PLACEMENT_3D('',#1142,#1143,#1144);
#1146=PLANE('',#1145);
#1147=POLY_LOOP('',(#157,#76,#80));
#1148=FACE_OUTER_BOUND('',#1147,.T.);
#1149=FACE_SURFACE('',(#1148),#1146,.T.);
#1150=CARTESIAN_POINT('',(17.08201218,4.23663998,3.5199995));
#1151=DIRECTION('',(0.86236843,0.29273789,-0.41306805));
#1152=DIRECTION('',(-0.42927922,-0.00974545,-0.90311925));
#1153=AXIS2_PLACEMENT_3D('',#1150,#1151,#1152);
#1154=PLANE('',#1153);
#1155=POLY_LOOP('',(#45,#44,#149));
#1156=FACE_OUTER_BOUND('',#1155,.T.);
#1157=FACE_SURFACE('',(#1156),#1154,.T.);
#1158=CARTESIAN_POINT('',(2.25066948,0.10346889,0.));
#1159=DIRECTION('',(-0.29273546,-0.86236919,-0.41306819));
#1160=DIRECTION('',(-0.25359687,-0.34650251,0.90311939));
#1161=AXIS2_PLACEMENT_3D('',#1158,#1159,#1160);
#1162=PLANE('',#1161);
#1163=POLY_LOOP('',(#55,#39,#158));
#1164=FACE_OUTER_BOUND('',#1163,.T.);
#1165=FACE_SURFACE('',(#1164),#1162,.T.);
#1166=CARTESIAN_POINT('',(17.08201218,4.23663998,3.59999943));
#1167=DIRECTION('',(0.94692904,0.32144266,0.));
#1168=DIRECTION('',(-0.31868226,0.93879723,-0.13077222));
#1169=AXIS2_PLACEMENT_3D('',#1166,#1167,#1168);
#1170=PLANE('',#1169);
#1171=POLY_LOOP('',(#123,#149,#148));
#1172=FACE_OUTER_BOUND('',#1171,.T.);
#1173=FACE_SURFACE('',(#1172),#1170,.T.);
#1174=CARTESIAN_POINT('',(16.88705826,4.81094933,3.5199995));
#1175=DIRECTION('',(0.94692904,0.32144266,0.));
#1176=DIRECTION('',(0.31868226,-0.93879723,0.13077222));
#1177=AXIS2_PLACEMENT_3D('',#1174,#1175,#1176);
#1178=PLANE('',#1177);
#1179=POLY_LOOP('',(#149,#123,#45));
#1180=FACE_OUTER_BOUND('',#1179,.T.);
#1181=FACE_SURFACE('',(#1180),#1178,.T.);
#1182=CARTESIAN_POINT('',(16.61881256,0.71829987,3.59999943));
#1183=DIRECTION('',(0.89687326,-0.44228763,0.));
#1184=DIRECTION('',(0.43848945,0.88917129,-0.13077236));
#1185=AXIS2_PLACEMENT_3D('',#1182,#1183,#1184);
#1186=PLANE('',#1185);
#1187=POLY_LOOP('',(#159,#20,#81));
#1188=FACE_OUTER_BOUND('',#1187,.T.);
#1189=FACE_SURFACE('',(#1188),#1186,.T.);
#1190=CARTESIAN_POINT('',(16.88705826,1.26224995,3.5199995));
#1191=DIRECTION('',(0.89687326,-0.44228763,0.));
#1192=DIRECTION('',(-0.43848945,-0.88917129,0.13077236));
#1193=AXIS2_PLACEMENT_3D('',#1190,#1191,#1192);
#1194=PLANE('',#1193);
#1195=POLY_LOOP('',(#20,#159,#160));
#1196=FACE_OUTER_BOUND('',#1195,.T.);
#1197=FACE_SURFACE('',(#1196),#1194,.T.);
#1198=CARTESIAN_POINT('',(12.60339928,7.67319965,3.5199995));
#1199=DIRECTION('',(0.,0.91036642,-0.41380307));
#1200=DIRECTION('',(-0.76646301,-0.26578093,-0.58471783));
#1201=AXIS2_PLACEMENT_3D('',#1198,#1199,#1200);
#1202=PLANE('',#1201);
#1203=POLY_LOOP('',(#78,#161,#154));
#1204=FACE_OUTER_BOUND('',#1203,.T.);
#1205=FACE_SURFACE('',(#1204),#1202,.T.);
#1206=CARTESIAN_POINT('',(12.60339928,6.07319927,0.));
#1207=DIRECTION('',(0.,0.91036642,-0.41380307));
#1208=DIRECTION('',(-0.9990288,0.01823293,0.04011243));
#1209=AXIS2_PLACEMENT_3D('',#1206,#1207,#1208);
#1210=PLANE('',#1209);
#1211=POLY_LOOP('',(#93,#161,#78));
#1212=FACE_OUTER_BOUND('',#1211,.T.);
#1213=FACE_SURFACE('',(#1212),#1210,.T.);
#1214=CARTESIAN_POINT('',(8.21999931,6.1531992,0.17599976));
#1215=DIRECTION('',(0.,0.91036641,-0.41380308));
#1216=DIRECTION('',(0.9990288,-0.01823293,-0.04011243));
#1217=AXIS2_PLACEMENT_3D('',#1214,#1215,#1216);
#1218=PLANE('',#1217);
#1219=POLY_LOOP('',(#161,#93,#162));
#1220=FACE_OUTER_BOUND('',#1219,.T.);
#1221=FACE_SURFACE('',(#1220),#1218,.T.);
#1222=CARTESIAN_POINT('',(7.41999912,6.1531992,0.17599976));
#1223=DIRECTION('',(0.,0.91036642,-0.41380307));
#1224=DIRECTION('',(-0.76646301,0.26578093,0.58471783));
#1225=AXIS2_PLACEMENT_3D('',#1222,#1223,#1224);
#1226=PLANE('',#1225);
#1227=POLY_LOOP('',(#163,#154,#161));
#1228=FACE_OUTER_BOUND('',#1227,.T.);
#1229=FACE_SURFACE('',(#1228),#1226,.T.);
#1230=CARTESIAN_POINT('',(3.03659916,6.07319927,0.));
#1231=DIRECTION('',(0.,0.91036641,-0.41380308));
#1232=DIRECTION('',(0.9990288,0.01823293,0.04011243));
#1233=AXIS2_PLACEMENT_3D('',#1230,#1231,#1232);
#1234=PLANE('',#1233);
#1235=POLY_LOOP('',(#164,#163,#165));
#1236=FACE_OUTER_BOUND('',#1235,.T.);
#1237=FACE_SURFACE('',(#1236),#1234,.T.);
#1238=CARTESIAN_POINT('',(7.41999912,6.1531992,0.17599976));
#1239=DIRECTION('',(0.,0.91036642,-0.41380307));
#1240=DIRECTION('',(-0.9990288,-0.01823293,-0.04011243));
#1241=AXIS2_PLACEMENT_3D('',#1238,#1239,#1240);
#1242=PLANE('',#1241);
#1243=POLY_LOOP('',(#163,#164,#154));
#1244=FACE_OUTER_BOUND('',#1243,.T.);
#1245=FACE_SURFACE('',(#1244),#1242,.T.);
#1246=CARTESIAN_POINT('',(17.20033264,2.43140221,3.59999943));
#1247=DIRECTION('',(0.99785888,-0.06540383,0.));
#1248=DIRECTION('',(0.06484217,0.98928967,-0.13077247));
#1249=AXIS2_PLACEMENT_3D('',#1246,#1247,#1248);
#1250=PLANE('',#1249);
#1251=POLY_LOOP('',(#98,#92,#89));
#1252=FACE_OUTER_BOUND('',#1251,.T.);
#1253=FACE_SURFACE('',(#1252),#1250,.T.);
#1254=CARTESIAN_POINT('',(17.23999977,3.03659916,3.5199995));
#1255=DIRECTION('',(0.99785888,-0.06540383,0.));
#1256=DIRECTION('',(-0.06484217,-0.98928967,0.13077247));
#1257=AXIS2_PLACEMENT_3D('',#1254,#1255,#1256);
#1258=PLANE('',#1257);
#1259=POLY_LOOP('',(#92,#98,#28));
#1260=FACE_OUTER_BOUND('',#1259,.T.);
#1261=FACE_SURFACE('',(#1260),#1258,.T.);
#1262=CARTESIAN_POINT('',(1.87454319,0.23114681,0.));
#1263=DIRECTION('',(-0.40279239,-0.81678209,-0.41306817));
#1264=DIRECTION('',(-0.1583555,-0.38230398,0.91036652));
#1265=AXIS2_PLACEMENT_3D('',#1262,#1263,#1264);
#1266=PLANE('',#1265);
#1267=POLY_LOOP('',(#158,#39,#166));
#1268=FACE_OUTER_BOUND('',#1267,.T.);
#1269=FACE_SURFACE('',(#1268),#1266,.T.);
#1270=CARTESIAN_POINT('',(0.40682697,4.55489922,0.));
#1271=DIRECTION('',(-0.75722004,0.50595693,-0.41306827));
#1272=DIRECTION('',(-0.35836379,0.20690155,0.91036649));
#1273=AXIS2_PLACEMENT_3D('',#1270,#1271,#1272);
#1274=PLANE('',#1273);
#1275=POLY_LOOP('',(#58,#57,#67));
#1276=FACE_OUTER_BOUND('',#1275,.T.);
#1277=FACE_SURFACE('',(#1276),#1274,.T.);
#1278=CARTESIAN_POINT('',(1.5182991,0.40682697,0.));
#1279=DIRECTION('',(-0.50595795,-0.75721938,-0.41306823));
#1280=DIRECTION('',(-0.33463736,-0.26906004,0.90311934));
#1281=AXIS2_PLACEMENT_3D('',#1278,#1279,#1280);
#1282=PLANE('',#1281);
#1283=POLY_LOOP('',(#166,#75,#77));
#1284=FACE_OUTER_BOUND('',#1283,.T.);
#1285=FACE_SURFACE('',(#1284),#1282,.T.);
#1286=CARTESIAN_POINT('',(2.25066948,5.96972942,0.));
#1287=DIRECTION('',(-0.17767022,0.89320086,-0.41306841));
#1288=DIRECTION('',(-0.10710002,0.39970308,0.91036643));
#1289=AXIS2_PLACEMENT_3D('',#1286,#1287,#1288);
#1290=PLANE('',#1289);
#1291=POLY_LOOP('',(#167,#97,#168));
#1292=FACE_OUTER_BOUND('',#1291,.T.);
#1293=FACE_SURFACE('',(#1292),#1290,.T.);
#1294=CARTESIAN_POINT('',(1.18803501,5.44569588,0.));
#1295=DIRECTION('',(-0.5059594,0.75721829,-0.41306845));
#1296=DIRECTION('',(-0.25190749,0.32829196,0.91036641));
#1297=AXIS2_PLACEMENT_3D('',#1294,#1295,#1296);
#1298=PLANE('',#1297);
#1299=POLY_LOOP('',(#118,#117,#69));
#1300=FACE_OUTER_BOUND('',#1299,.T.);
#1301=FACE_SURFACE('',(#1300),#1298,.T.);
#1302=CARTESIAN_POINT('',(-1.44201088,1.8365593,3.5199995));
#1303=DIRECTION('',(-0.98078534,-0.19509002,0.));
#1304=DIRECTION('',(-0.19341467,0.97236278,0.13077225));
#1305=AXIS2_PLACEMENT_3D('',#1302,#1303,#1304);
#1306=PLANE('',#1305);
#1307=POLY_LOOP('',(#61,#144,#104));
#1308=FACE_OUTER_BOUND('',#1307,.T.);
#1309=FACE_SURFACE('',(#1308),#1306,.T.);
#1310=CARTESIAN_POINT('',(-1.5603323,2.43140221,3.59999943));
#1311=DIRECTION('',(-0.98078534,-0.19509002,0.));
#1312=DIRECTION('',(0.19341467,-0.97236278,-0.13077225));
#1313=AXIS2_PLACEMENT_3D('',#1310,#1311,#1312);
#1314=PLANE('',#1313);
#1315=POLY_LOOP('',(#144,#61,#60));
#1316=FACE_OUTER_BOUND('',#1315,.T.);
#1317=FACE_SURFACE('',(#1316),#1314,.T.);
#1318=CARTESIAN_POINT('',(16.28186035,0.21401596,3.5199995));
#1319=DIRECTION('',(0.75721915,-0.50595838,-0.41306812));
#1320=DIRECTION('',(-0.26905981,0.33463738,-0.9031194));
#1321=AXIS2_PLACEMENT_3D('',#1318,#1319,#1320);
#1322=PLANE('',#1321);
#1323=POLY_LOOP('',(#145,#135,#160));
#1324=FACE_OUTER_BOUND('',#1323,.T.);
#1325=FACE_SURFACE('',(#1324),#1322,.T.);
#1326=CARTESIAN_POINT('',(16.61881256,0.71829987,3.5199995));
#1327=DIRECTION('',(0.8167826,-0.40279141,-0.41306812));
#1328=DIRECTION('',(-0.35836381,0.20690132,-0.91036653));
#1329=AXIS2_PLACEMENT_3D('',#1326,#1327,#1328);
#1330=PLANE('',#1329);
#1331=POLY_LOOP('',(#160,#135,#20));
#1332=FACE_OUTER_BOUND('',#1331,.T.);
#1333=FACE_SURFACE('',(#1332),#1330,.T.);
#1334=CARTESIAN_POINT('',(3.03659916,-1.59999943,3.5199995));
#1335=DIRECTION('',(0.,-1.,0.));
#1336=DIRECTION('',(0.99996504,0.,0.00836195));
#1337=AXIS2_PLACEMENT_3D('',#1334,#1335,#1336);
#1338=PLANE('',#1337);
#1339=POLY_LOOP('',(#84,#138,#141));
#1340=FACE_OUTER_BOUND('',#1339,.T.);
#1341=FACE_SURFACE('',(#1340),#1338,.T.);
#1342=CARTESIAN_POINT('',(12.60339928,-1.59999943,3.59999943));
#1343=DIRECTION('',(0.,-1.,0.));
#1344=DIRECTION('',(-0.99996504,0.,-0.00836195));
#1345=AXIS2_PLACEMENT_3D('',#1342,#1343,#1344);
#1346=PLANE('',#1345);
#1347=POLY_LOOP('',(#138,#84,#87));
#1348=FACE_OUTER_BOUND('',#1347,.T.);
#1349=FACE_SURFACE('',(#1348),#1346,.T.);
#1350=CARTESIAN_POINT('',(13.80344009,-1.44201088,3.5199995));
#1351=DIRECTION('',(0.29273404,-0.86236976,-0.413068));
#1352=DIRECTION('',(-0.10710004,0.39970266,-0.91036661));
#1353=AXIS2_PLACEMENT_3D('',#1350,#1351,#1352);
#1354=PLANE('',#1353);
#1355=POLY_LOOP('',(#23,#31,#26));
#1356=FACE_OUTER_BOUND('',#1355,.T.);
#1357=FACE_SURFACE('',(#1356),#1354,.T.);
#1358=CARTESIAN_POINT('',(0.02597809,2.64024353,0.));
#1359=DIRECTION('',(-0.90875027,-0.05956165,-0.41306822));
#1360=DIRECTION('',(-0.41717388,0.10169219,0.9031194));
#1361=AXIS2_PLACEMENT_3D('',#1358,#1359,#1360);
#1362=PLANE('',#1361);
#1363=POLY_LOOP('',(#105,#122,#121));
#1364=FACE_OUTER_BOUND('',#1363,.T.);
#1365=FACE_SURFACE('',(#1364),#1362,.T.);
#1366=CARTESIAN_POINT('',(0.71829987,-0.97881317,3.5199995));
#1367=DIRECTION('',(-0.4422889,-0.89687264,0.));
#1368=DIRECTION('',(0.88917069,-0.43849071,0.13077227));
#1369=AXIS2_PLACEMENT_3D('',#1366,#1367,#1368);
#1370=PLANE('',#1369);
#1371=POLY_LOOP('',(#133,#41,#132));
#1372=FACE_OUTER_BOUND('',#1371,.T.);
#1373=FACE_SURFACE('',(#1372),#1370,.T.);
#1374=CARTESIAN_POINT('',(1.26224995,-1.24705982,3.59999943));
#1375=DIRECTION('',(-0.4422889,-0.89687264,0.));
#1376=DIRECTION('',(-0.88917069,0.43849071,-0.13077227));
#1377=AXIS2_PLACEMENT_3D('',#1374,#1375,#1376);
#1378=PLANE('',#1377);
#1379=POLY_LOOP('',(#41,#133,#39));
#1380=FACE_OUTER_BOUND('',#1379,.T.);
#1381=FACE_SURFACE('',(#1380),#1378,.T.);
#1382=CARTESIAN_POINT('',(16.28186035,0.21401596,3.59999943));
#1383=DIRECTION('',(0.83146925,-0.55557078,0.));
#1384=DIRECTION('',(0.55079979,0.82432897,-0.13077208));
#1385=AXIS2_PLACEMENT_3D('',#1382,#1383,#1384);
#1386=PLANE('',#1385);
#1387=POLY_LOOP('',(#169,#160,#159));
#1388=FACE_OUTER_BOUND('',#1387,.T.);
#1389=FACE_SURFACE('',(#1388),#1386,.T.);
#1390=CARTESIAN_POINT('',(16.61881256,0.71829987,3.5199995));
#1391=DIRECTION('',(0.83146925,-0.55557078,0.));
#1392=DIRECTION('',(-0.55079979,-0.82432897,0.13077208));
#1393=AXIS2_PLACEMENT_3D('',#1390,#1391,#1392);
#1394=PLANE('',#1393);
#1395=POLY_LOOP('',(#160,#169,#145));
#1396=FACE_OUTER_BOUND('',#1395,.T.);
#1397=FACE_SURFACE('',(#1396),#1394,.T.);
#1398=CARTESIAN_POINT('',(2.64024353,6.04722118,0.));
#1399=DIRECTION('',(-0.1776685,0.8932013,-0.4130682));
#1400=DIRECTION('',(-0.20619968,0.37663928,0.90311934));
#1401=AXIS2_PLACEMENT_3D('',#1398,#1399,#1400);
#1402=PLANE('',#1401);
#1403=POLY_LOOP('',(#168,#97,#156));
#1404=FACE_OUTER_BOUND('',#1403,.T.);
#1405=FACE_SURFACE('',(#1404),#1402,.T.);
#1406=CARTESIAN_POINT('',(1.5182991,5.6663723,0.));
#1407=DIRECTION('',(-0.40279239,0.81678209,-0.41306817));
#1408=DIRECTION('',(-0.06569403,0.42433448,0.90311934));
#1409=AXIS2_PLACEMENT_3D('',#1406,#1407,#1408);
#1410=PLANE('',#1409);
#1411=POLY_LOOP('',(#69,#71,#96));
#1412=FACE_OUTER_BOUND('',#1411,.T.);
#1413=FACE_SURFACE('',(#1412),#1410,.T.);
#1414=CARTESIAN_POINT('',(2.43140221,-1.5603323,3.5199995));
#1415=DIRECTION('',(-0.17766815,-0.89320146,-0.41306801));
#1416=DIRECTION('',(-0.04637025,0.42687825,-0.90311946));
#1417=AXIS2_PLACEMENT_3D('',#1414,#1415,#1416);
#1418=PLANE('',#1417);
#1419=POLY_LOOP('',(#54,#55,#85));
#1420=FACE_OUTER_BOUND('',#1419,.T.);
#1421=FACE_SURFACE('',(#1420),#1418,.T.);
#1422=CARTESIAN_POINT('',(14.45196438,5.44569588,0.));
#1423=DIRECTION('',(0.50595843,0.75721902,-0.4130683));
#1424=DIRECTION('',(-0.83146918,0.55557088,0.));
#1425=AXIS2_PLACEMENT_3D('',#1422,#1423,#1424);
#1426=PLANE('',#1425);
#1427=POLY_LOOP('',(#33,#125,#34));
#1428=FACE_OUTER_BOUND('',#1427,.T.);
#1429=FACE_SURFACE('',(#1428),#1426,.T.);
#1430=CARTESIAN_POINT('',(17.20033264,3.64179707,3.59999943));
#1431=DIRECTION('',(0.,0.,1.));
#1432=DIRECTION('',(0.,-1.,0.));
#1433=AXIS2_PLACEMENT_3D('',#1430,#1431,#1432);
#1434=PLANE('',#1433);
#1435=POLY_LOOP('',(#91,#98,#89));
#1436=FACE_OUTER_BOUND('',#1435,.T.);
#1437=FACE_SURFACE('',(#1436),#1434,.T.);
#1438=CARTESIAN_POINT('',(17.08201218,4.23663998,3.59999943));
#1439=DIRECTION('',(0.,0.,1.));
#1440=DIRECTION('',(0.06540254,-0.99785896,0.));
#1441=AXIS2_PLACEMENT_3D('',#1438,#1439,#1440);
#1442=PLANE('',#1441);
#1443=POLY_LOOP('',(#123,#98,#91));
#1444=FACE_OUTER_BOUND('',#1443,.T.);
#1445=FACE_SURFACE('',(#1444),#1442,.T.);
#1446=CARTESIAN_POINT('',(17.08201218,4.23663998,3.59999943));
#1447=DIRECTION('',(0.,0.,1.));
#1448=DIRECTION('',(0.,-1.,0.));
#1449=AXIS2_PLACEMENT_3D('',#1446,#1447,#1448);
#1450=PLANE('',#1449);
#1451=POLY_LOOP('',(#123,#82,#98));
#1452=FACE_OUTER_BOUND('',#1451,.T.);
#1453=FACE_SURFACE('',(#1452),#1450,.T.);
#1454=CARTESIAN_POINT('',(16.88705826,4.81094933,3.59999943));
#1455=DIRECTION('',(0.,0.,1.));
#1456=DIRECTION('',(0.06540383,-0.99785888,0.));
#1457=AXIS2_PLACEMENT_3D('',#1454,#1455,#1456);
#1458=PLANE('',#1457);
#1459=POLY_LOOP('',(#148,#82,#123));
#1460=FACE_OUTER_BOUND('',#1459,.T.);
#1461=FACE_SURFACE('',(#1460),#1458,.T.);
#1462=CARTESIAN_POINT('',(16.88705826,4.81094933,3.59999943));
#1463=DIRECTION('',(0.,0.,1.));
#1464=DIRECTION('',(0.,-1.,0.));
#1465=AXIS2_PLACEMENT_3D('',#1462,#1463,#1464);
#1466=PLANE('',#1465);
#1467=POLY_LOOP('',(#148,#81,#82));
#1468=FACE_OUTER_BOUND('',#1467,.T.);
#1469=FACE_SURFACE('',(#1468),#1466,.T.);
#1470=CARTESIAN_POINT('',(16.61881256,5.35489941,3.59999943));
#1471=DIRECTION('',(0.,0.,1.));
#1472=DIRECTION('',(0.06540295,-0.99785893,0.));
#1473=AXIS2_PLACEMENT_3D('',#1470,#1471,#1472);
#1474=PLANE('',#1473);
#1475=POLY_LOOP('',(#35,#81,#148));
#1476=FACE_OUTER_BOUND('',#1475,.T.);
#1477=FACE_SURFACE('',(#1476),#1474,.T.);
#1478=CARTESIAN_POINT('',(16.61881256,5.35489941,3.59999943));
#1479=DIRECTION('',(0.,0.,1.));
#1480=DIRECTION('',(0.,-1.,0.));
#1481=AXIS2_PLACEMENT_3D('',#1478,#1479,#1480);
#1482=PLANE('',#1481);
#1483=POLY_LOOP('',(#35,#159,#81));
#1484=FACE_OUTER_BOUND('',#1483,.T.);
#1485=FACE_SURFACE('',(#1484),#1482,.T.);
#1486=CARTESIAN_POINT('',(16.28186035,5.85918236,3.59999943));
#1487=DIRECTION('',(0.,0.,1.));
#1488=DIRECTION('',(0.06540332,-0.99785891,0.));
#1489=AXIS2_PLACEMENT_3D('',#1486,#1487,#1488);
#1490=PLANE('',#1489);
#1491=POLY_LOOP('',(#37,#159,#35));
#1492=FACE_OUTER_BOUND('',#1491,.T.);
#1493=FACE_SURFACE('',(#1492),#1490,.T.);
#1494=CARTESIAN_POINT('',(16.28186035,5.85918236,3.59999943));
#1495=DIRECTION('',(0.,0.,1.));
#1496=DIRECTION('',(0.,-1.,0.));
#1497=AXIS2_PLACEMENT_3D('',#1494,#1495,#1496);
#1498=PLANE('',#1497);
#1499=POLY_LOOP('',(#37,#169,#159));
#1500=FACE_OUTER_BOUND('',#1499,.T.);
#1501=FACE_SURFACE('',(#1500),#1498,.T.);
#1502=CARTESIAN_POINT('',(15.88197041,6.31517124,3.59999943));
#1503=DIRECTION('',(0.,0.,1.));
#1504=DIRECTION('',(0.06540298,-0.99785893,0.));
#1505=AXIS2_PLACEMENT_3D('',#1502,#1503,#1504);
#1506=PLANE('',#1505);
#1507=POLY_LOOP('',(#147,#169,#37));
#1508=FACE_OUTER_BOUND('',#1507,.T.);
#1509=FACE_SURFACE('',(#1508),#1506,.T.);
#1510=CARTESIAN_POINT('',(15.88197041,6.31517124,3.59999943));
#1511=DIRECTION('',(0.,0.,1.));
#1512=DIRECTION('',(0.,-1.,0.));
#1513=AXIS2_PLACEMENT_3D('',#1510,#1511,#1512);
#1514=PLANE('',#1513);
#1515=POLY_LOOP('',(#147,#170,#169));
#1516=FACE_OUTER_BOUND('',#1515,.T.);
#1517=FACE_SURFACE('',(#1516),#1514,.T.);
#1518=CARTESIAN_POINT('',(15.42598248,6.71506119,3.59999943));
#1519=DIRECTION('',(0.,0.,1.));
#1520=DIRECTION('',(0.06540312,-0.99785892,0.));
#1521=AXIS2_PLACEMENT_3D('',#1518,#1519,#1520);
#1522=PLANE('',#1521);
#1523=POLY_LOOP('',(#140,#170,#147));
#1524=FACE_OUTER_BOUND('',#1523,.T.);
#1525=FACE_SURFACE('',(#1524),#1522,.T.);
#1526=CARTESIAN_POINT('',(15.42598248,6.71506119,3.59999943));
#1527=DIRECTION('',(0.,0.,1.));
#1528=DIRECTION('',(0.,-1.,0.));
#1529=AXIS2_PLACEMENT_3D('',#1526,#1527,#1528);
#1530=PLANE('',#1529);
#1531=POLY_LOOP('',(#140,#112,#170));
#1532=FACE_OUTER_BOUND('',#1531,.T.);
#1533=FACE_SURFACE('',(#1532),#1530,.T.);
#1534=CARTESIAN_POINT('',(14.92169952,7.05201244,3.59999943));
#1535=DIRECTION('',(0.,0.,1.));
#1536=DIRECTION('',(0.0654031,-0.99785893,0.));
#1537=AXIS2_PLACEMENT_3D('',#1534,#1535,#1536);
#1538=PLANE('',#1537);
#1539=POLY_LOOP('',(#139,#112,#140));
#1540=FACE_OUTER_BOUND('',#1539,.T.);
#1541=FACE_SURFACE('',(#1540),#1538,.T.);
#1542=CARTESIAN_POINT('',(14.92169952,7.05201244,3.59999943));
#1543=DIRECTION('',(0.,0.,1.));
#1544=DIRECTION('',(0.,-1.,0.));
#1545=AXIS2_PLACEMENT_3D('',#1542,#1543,#1544);
#1546=PLANE('',#1545);
#1547=POLY_LOOP('',(#139,#113,#112));
#1548=FACE_OUTER_BOUND('',#1547,.T.);
#1549=FACE_SURFACE('',(#1548),#1546,.T.);
#1550=CARTESIAN_POINT('',(14.37774944,7.32025909,3.59999943));
#1551=DIRECTION('',(0.,0.,1.));
#1552=DIRECTION('',(0.06540315,-0.99785892,0.));
#1553=AXIS2_PLACEMENT_3D('',#1550,#1551,#1552);
#1554=PLANE('',#1553);
#1555=POLY_LOOP('',(#52,#113,#139));
#1556=FACE_OUTER_BOUND('',#1555,.T.);
#1557=FACE_SURFACE('',(#1556),#1554,.T.);
#1558=CARTESIAN_POINT('',(14.37774944,7.32025909,3.59999943));
#1559=DIRECTION('',(0.,0.,1.));
#1560=DIRECTION('',(0.,-1.,0.));
#1561=AXIS2_PLACEMENT_3D('',#1558,#1559,#1560);
#1562=PLANE('',#1561);
#1563=POLY_LOOP('',(#52,#24,#113));
#1564=FACE_OUTER_BOUND('',#1563,.T.);
#1565=FACE_SURFACE('',(#1564),#1562,.T.);
#1566=CARTESIAN_POINT('',(13.80344009,7.51521111,3.59999943));
#1567=DIRECTION('',(0.,0.,1.));
#1568=DIRECTION('',(0.0654031,-0.99785892,0.));
#1569=AXIS2_PLACEMENT_3D('',#1566,#1567,#1568);
#1570=PLANE('',#1569);
#1571=POLY_LOOP('',(#51,#24,#52));
#1572=FACE_OUTER_BOUND('',#1571,.T.);
#1573=FACE_SURFACE('',(#1572),#1570,.T.);
#1574=CARTESIAN_POINT('',(13.80344009,7.51521111,3.59999943));
#1575=DIRECTION('',(0.,0.,1.));
#1576=DIRECTION('',(0.,-1.,0.));
#1577=AXIS2_PLACEMENT_3D('',#1574,#1575,#1576);
#1578=PLANE('',#1577);
#1579=POLY_LOOP('',(#51,#25,#24));
#1580=FACE_OUTER_BOUND('',#1579,.T.);
#1581=FACE_SURFACE('',(#1580),#1578,.T.);
#1582=CARTESIAN_POINT('',(13.20859718,7.63353252,3.59999943));
#1583=DIRECTION('',(0.,0.,1.));
#1584=DIRECTION('',(0.06540317,-0.99785892,0.));
#1585=AXIS2_PLACEMENT_3D('',#1582,#1583,#1584);
#1586=PLANE('',#1585);
#1587=POLY_LOOP('',(#106,#25,#51));
#1588=FACE_OUTER_BOUND('',#1587,.T.);
#1589=FACE_SURFACE('',(#1588),#1586,.T.);
#1590=CARTESIAN_POINT('',(13.20859718,7.63353252,3.59999943));
#1591=DIRECTION('',(0.,0.,1.));
#1592=DIRECTION('',(0.,-1.,0.));
#1593=AXIS2_PLACEMENT_3D('',#1590,#1591,#1592);
#1594=PLANE('',#1593);
#1595=POLY_LOOP('',(#106,#137,#25));
#1596=FACE_OUTER_BOUND('',#1595,.T.);
#1597=FACE_SURFACE('',(#1596),#1594,.T.);
#1598=CARTESIAN_POINT('',(12.60339928,7.67319965,3.59999943));
#1599=DIRECTION('',(0.,0.,1.));
#1600=DIRECTION('',(0.06540316,-0.99785892,0.));
#1601=AXIS2_PLACEMENT_3D('',#1598,#1599,#1600);
#1602=PLANE('',#1601);
#1603=POLY_LOOP('',(#153,#137,#106));
#1604=FACE_OUTER_BOUND('',#1603,.T.);
#1605=FACE_SURFACE('',(#1604),#1602,.T.);
#1606=CARTESIAN_POINT('',(12.60339928,7.67319965,3.59999943));
#1607=DIRECTION('',(0.,0.,1.));
#1608=DIRECTION('',(0.,-1.,0.));
#1609=AXIS2_PLACEMENT_3D('',#1606,#1607,#1608);
#1610=PLANE('',#1609);
#1611=POLY_LOOP('',(#153,#138,#137));
#1612=FACE_OUTER_BOUND('',#1611,.T.);
#1613=FACE_SURFACE('',(#1612),#1610,.T.);
#1614=CARTESIAN_POINT('',(3.03659916,7.67319965,3.59999943));
#1615=DIRECTION('',(0.,0.,1.));
#1616=DIRECTION('',(0.71803909,-0.69600278,0.));
#1617=AXIS2_PLACEMENT_3D('',#1614,#1615,#1616);
#1618=PLANE('',#1617);
#1619=POLY_LOOP('',(#152,#138,#153));
#1620=FACE_OUTER_BOUND('',#1619,.T.);
#1621=FACE_SURFACE('',(#1620),#1618,.T.);
#1622=CARTESIAN_POINT('',(3.03659916,7.67319965,3.59999943));
#1623=DIRECTION('',(0.,0.,1.));
#1624=DIRECTION('',(0.,-1.,0.));
#1625=AXIS2_PLACEMENT_3D('',#1622,#1623,#1624);
#1626=PLANE('',#1625);
#1627=POLY_LOOP('',(#152,#141,#138));
#1628=FACE_OUTER_BOUND('',#1627,.T.);
#1629=FACE_SURFACE('',(#1628),#1626,.T.);
#1630=CARTESIAN_POINT('',(2.43140221,7.63353252,3.59999943));
#1631=DIRECTION('',(0.,0.,1.));
#1632=DIRECTION('',(0.06540305,-0.99785893,0.));
#1633=AXIS2_PLACEMENT_3D('',#1630,#1631,#1632);
#1634=PLANE('',#1633);
#1635=POLY_LOOP('',(#155,#141,#152));
#1636=FACE_OUTER_BOUND('',#1635,.T.);
#1637=FACE_SURFACE('',(#1636),#1634,.T.);
#1638=CARTESIAN_POINT('',(2.43140221,7.63353252,3.59999943));
#1639=DIRECTION('',(0.,0.,1.));
#1640=DIRECTION('',(0.,-1.,0.));
#1641=AXIS2_PLACEMENT_3D('',#1638,#1639,#1640);
#1642=PLANE('',#1641);
#1643=POLY_LOOP('',(#155,#142,#141));
#1644=FACE_OUTER_BOUND('',#1643,.T.);
#1645=FACE_SURFACE('',(#1644),#1642,.T.);
#1646=CARTESIAN_POINT('',(1.8365593,7.51521111,3.59999943));
#1647=DIRECTION('',(0.,0.,1.));
#1648=DIRECTION('',(0.06540317,-0.99785892,0.));
#1649=AXIS2_PLACEMENT_3D('',#1646,#1647,#1648);
#1650=PLANE('',#1649);
#1651=POLY_LOOP('',(#171,#142,#155));
#1652=FACE_OUTER_BOUND('',#1651,.T.);
#1653=FACE_SURFACE('',(#1652),#1650,.T.);
#1654=CARTESIAN_POINT('',(1.8365593,7.51521111,3.59999943));
#1655=DIRECTION('',(0.,0.,1.));
#1656=DIRECTION('',(0.,-1.,0.));
#1657=AXIS2_PLACEMENT_3D('',#1654,#1655,#1656);
#1658=PLANE('',#1657);
#1659=POLY_LOOP('',(#171,#40,#142));
#1660=FACE_OUTER_BOUND('',#1659,.T.);
#1661=FACE_SURFACE('',(#1660),#1658,.T.);
#1662=CARTESIAN_POINT('',(1.26224995,7.32025909,3.59999943));
#1663=DIRECTION('',(0.,0.,1.));
#1664=DIRECTION('',(0.06540311,-0.99785892,0.));
#1665=AXIS2_PLACEMENT_3D('',#1662,#1663,#1664);
#1666=PLANE('',#1665);
#1667=POLY_LOOP('',(#172,#40,#171));
#1668=FACE_OUTER_BOUND('',#1667,.T.);
#1669=FACE_SURFACE('',(#1668),#1666,.T.);
#1670=CARTESIAN_POINT('',(1.26224995,7.32025909,3.59999943));
#1671=DIRECTION('',(0.,0.,1.));
#1672=DIRECTION('',(0.,-1.,0.));
#1673=AXIS2_PLACEMENT_3D('',#1670,#1671,#1672);
#1674=PLANE('',#1673);
#1675=POLY_LOOP('',(#172,#41,#40));
#1676=FACE_OUTER_BOUND('',#1675,.T.);
#1677=FACE_SURFACE('',(#1676),#1674,.T.);
#1678=CARTESIAN_POINT('',(0.71829987,7.05201244,3.59999943));
#1679=DIRECTION('',(0.,0.,1.));
#1680=DIRECTION('',(0.06540315,-0.99785892,0.));
#1681=AXIS2_PLACEMENT_3D('',#1678,#1679,#1680);
#1682=PLANE('',#1681);
#1683=POLY_LOOP('',(#173,#41,#172));
#1684=FACE_OUTER_BOUND('',#1683,.T.);
#1685=FACE_SURFACE('',(#1684),#1682,.T.);
#1686=CARTESIAN_POINT('',(0.71829987,7.05201244,3.59999943));
#1687=DIRECTION('',(0.,0.,1.));
#1688=DIRECTION('',(0.,-1.,0.));
#1689=AXIS2_PLACEMENT_3D('',#1686,#1687,#1688);
#1690=PLANE('',#1689);
#1691=POLY_LOOP('',(#173,#132,#41));
#1692=FACE_OUTER_BOUND('',#1691,.T.);
#1693=FACE_SURFACE('',(#1692),#1690,.T.);
#1694=CARTESIAN_POINT('',(0.21401596,6.71506119,3.59999943));
#1695=DIRECTION('',(0.,0.,1.));
#1696=DIRECTION('',(0.06540322,-0.99785892,0.));
#1697=AXIS2_PLACEMENT_3D('',#1694,#1695,#1696);
#1698=PLANE('',#1697);
#1699=POLY_LOOP('',(#174,#132,#173));
#1700=FACE_OUTER_BOUND('',#1699,.T.);
#1701=FACE_SURFACE('',(#1700),#1698,.T.);
#1702=CARTESIAN_POINT('',(0.21401596,6.71506119,3.59999943));
#1703=DIRECTION('',(0.,0.,1.));
#1704=DIRECTION('',(0.,-1.,0.));
#1705=AXIS2_PLACEMENT_3D('',#1702,#1703,#1704);
#1706=PLANE('',#1705);
#1707=POLY_LOOP('',(#174,#79,#132));
#1708=FACE_OUTER_BOUND('',#1707,.T.);
#1709=FACE_SURFACE('',(#1708),#1706,.T.);
#1710=CARTESIAN_POINT('',(-0.24197102,6.31517124,3.59999943));
#1711=DIRECTION('',(0.,0.,1.));
#1712=DIRECTION('',(0.06540298,-0.99785893,0.));
#1713=AXIS2_PLACEMENT_3D('',#1710,#1711,#1712);
#1714=PLANE('',#1713);
#1715=POLY_LOOP('',(#175,#79,#174));
#1716=FACE_OUTER_BOUND('',#1715,.T.);
#1717=FACE_SURFACE('',(#1716),#1714,.T.);
#1718=CARTESIAN_POINT('',(-0.24197102,6.31517124,3.59999943));
#1719=DIRECTION('',(0.,0.,1.));
#1720=DIRECTION('',(0.,-1.,0.));
#1721=AXIS2_PLACEMENT_3D('',#1718,#1719,#1720);
#1722=PLANE('',#1721);
#1723=POLY_LOOP('',(#175,#80,#79));
#1724=FACE_OUTER_BOUND('',#1723,.T.);
#1725=FACE_SURFACE('',(#1724),#1722,.T.);
#1726=CARTESIAN_POINT('',(-0.64186192,5.85918236,3.59999943));
#1727=DIRECTION('',(0.,0.,1.));
#1728=DIRECTION('',(0.06540316,-0.99785892,0.));
#1729=AXIS2_PLACEMENT_3D('',#1726,#1727,#1728);
#1730=PLANE('',#1729);
#1731=POLY_LOOP('',(#130,#80,#175));
#1732=FACE_OUTER_BOUND('',#1731,.T.);
#1733=FACE_SURFACE('',(#1732),#1730,.T.);
#1734=CARTESIAN_POINT('',(-0.64186192,5.85918236,3.59999943));
#1735=DIRECTION('',(0.,0.,1.));
#1736=DIRECTION('',(0.,-1.,0.));
#1737=AXIS2_PLACEMENT_3D('',#1734,#1735,#1736);
#1738=PLANE('',#1737);
#1739=POLY_LOOP('',(#130,#157,#80));
#1740=FACE_OUTER_BOUND('',#1739,.T.);
#1741=FACE_SURFACE('',(#1740),#1738,.T.);
#1742=CARTESIAN_POINT('',(-0.97881317,5.35489941,3.59999943));
#1743=DIRECTION('',(0.,0.,1.));
#1744=DIRECTION('',(0.06540312,-0.99785892,0.));
#1745=AXIS2_PLACEMENT_3D('',#1742,#1743,#1744);
#1746=PLANE('',#1745);
#1747=POLY_LOOP('',(#131,#157,#130));
#1748=FACE_OUTER_BOUND('',#1747,.T.);
#1749=FACE_SURFACE('',(#1748),#1746,.T.);
#1750=CARTESIAN_POINT('',(-0.97881317,5.35489941,3.59999943));
#1751=DIRECTION('',(0.,0.,1.));
#1752=DIRECTION('',(0.,-1.,0.));
#1753=AXIS2_PLACEMENT_3D('',#1750,#1751,#1752);
#1754=PLANE('',#1753);
#1755=POLY_LOOP('',(#131,#66,#157));
#1756=FACE_OUTER_BOUND('',#1755,.T.);
#1757=FACE_SURFACE('',(#1756),#1754,.T.);
#1758=CARTESIAN_POINT('',(-1.24705982,4.81094933,3.59999943));
#1759=DIRECTION('',(0.,0.,1.));
#1760=DIRECTION('',(0.06540319,-0.99785892,0.));
#1761=AXIS2_PLACEMENT_3D('',#1758,#1759,#1760);
#1762=PLANE('',#1761);
#1763=POLY_LOOP('',(#100,#66,#131));
#1764=FACE_OUTER_BOUND('',#1763,.T.);
#1765=FACE_SURFACE('',(#1764),#1762,.T.);
#1766=CARTESIAN_POINT('',(-1.24705982,4.81094933,3.59999943));
#1767=DIRECTION('',(0.,0.,1.));
#1768=DIRECTION('',(0.,-1.,0.));
#1769=AXIS2_PLACEMENT_3D('',#1766,#1767,#1768);
#1770=PLANE('',#1769);
#1771=POLY_LOOP('',(#100,#62,#66));
#1772=FACE_OUTER_BOUND('',#1771,.T.);
#1773=FACE_SURFACE('',(#1772),#1770,.T.);
#1774=CARTESIAN_POINT('',(-1.44201088,4.23663998,3.59999943));
#1775=DIRECTION('',(0.,0.,1.));
#1776=DIRECTION('',(0.06540287,-0.99785894,0.));
#1777=AXIS2_PLACEMENT_3D('',#1774,#1775,#1776);
#1778=PLANE('',#1777);
#1779=POLY_LOOP('',(#101,#62,#100));
#1780=FACE_OUTER_BOUND('',#1779,.T.);
#1781=FACE_SURFACE('',(#1780),#1778,.T.);
#1782=CARTESIAN_POINT('',(-1.44201088,4.23663998,3.59999943));
#1783=DIRECTION('',(0.,0.,1.));
#1784=DIRECTION('',(0.,-1.,0.));
#1785=AXIS2_PLACEMENT_3D('',#1782,#1783,#1784);
#1786=PLANE('',#1785);
#1787=POLY_LOOP('',(#101,#60,#62));
#1788=FACE_OUTER_BOUND('',#1787,.T.);
#1789=FACE_SURFACE('',(#1788),#1786,.T.);
#1790=CARTESIAN_POINT('',(-1.5603323,3.64179707,3.59999943));
#1791=DIRECTION('',(0.,0.,1.));
#1792=DIRECTION('',(0.06540307,-0.99785893,0.));
#1793=AXIS2_PLACEMENT_3D('',#1790,#1791,#1792);
#1794=PLANE('',#1793);
#1795=POLY_LOOP('',(#150,#60,#101));
#1796=FACE_OUTER_BOUND('',#1795,.T.);
#1797=FACE_SURFACE('',(#1796),#1794,.T.);
#1798=CARTESIAN_POINT('',(-1.5603323,3.64179707,3.59999943));
#1799=DIRECTION('',(0.,0.,1.));
#1800=DIRECTION('',(0.,-1.,0.));
#1801=AXIS2_PLACEMENT_3D('',#1798,#1799,#1800);
#1802=PLANE('',#1801);
#1803=POLY_LOOP('',(#150,#144,#60));
#1804=FACE_OUTER_BOUND('',#1803,.T.);
#1805=FACE_SURFACE('',(#1804),#1802,.T.);
#1806=CARTESIAN_POINT('',(-1.5603323,2.43140221,3.59999943));
#1807=DIRECTION('',(0.,0.,1.));
#1808=DIRECTION('',(0.,1.,0.));
#1809=AXIS2_PLACEMENT_3D('',#1806,#1807,#1808);
#1810=PLANE('',#1809);
#1811=POLY_LOOP('',(#144,#150,#143));
#1812=FACE_OUTER_BOUND('',#1811,.T.);
#1813=FACE_SURFACE('',(#1812),#1810,.T.);
#1814=CARTESIAN_POINT('',(2.64024353,6.04722118,0.));
#1815=DIRECTION('',(-0.05956327,0.90875016,-0.41306823));
#1816=DIRECTION('',(-0.05401198,0.41026276,0.91036651));
#1817=AXIS2_PLACEMENT_3D('',#1814,#1815,#1816);
#1818=PLANE('',#1817);
#1819=POLY_LOOP('',(#168,#156,#154));
#1820=FACE_OUTER_BOUND('',#1819,.T.);
#1821=FACE_SURFACE('',(#1820),#1818,.T.);
#1822=CARTESIAN_POINT('',(3.03659916,6.07319927,0.));
#1823=DIRECTION('',(-0.05956164,0.90875018,-0.41306842));
#1824=DIRECTION('',(-0.99785899,-0.06540205,0.));
#1825=AXIS2_PLACEMENT_3D('',#1822,#1823,#1824);
#1826=PLANE('',#1825);
#1827=POLY_LOOP('',(#164,#168,#154));
#1828=FACE_OUTER_BOUND('',#1827,.T.);
#1829=FACE_SURFACE('',(#1828),#1826,.T.);
#1830=CARTESIAN_POINT('',(0.62750244,4.88516426,0.));
#1831=DIRECTION('',(-0.68469961,0.60046727,-0.41306839));
#1832=DIRECTION('',(-0.22307908,0.36689406,0.9031193));
#1833=AXIS2_PLACEMENT_3D('',#1830,#1831,#1832);
#1834=PLANE('',#1833);
#1835=POLY_LOOP('',(#67,#116,#115));
#1836=FACE_OUTER_BOUND('',#1835,.T.);
#1837=FACE_SURFACE('',(#1836),#1834,.T.);
#1838=CARTESIAN_POINT('',(0.62750244,4.88516426,0.));
#1839=DIRECTION('',(-0.68470106,0.60046579,-0.41306815));
#1840=DIRECTION('',(-0.32829176,0.25190728,0.91036654));
#1841=AXIS2_PLACEMENT_3D('',#1838,#1839,#1840);
#1842=PLANE('',#1841);
#1843=POLY_LOOP('',(#67,#68,#116));
#1844=FACE_OUTER_BOUND('',#1843,.T.);
#1845=FACE_SURFACE('',(#1844),#1842,.T.);
#1846=CARTESIAN_POINT('',(1.87454319,5.84205246,0.));
#1847=DIRECTION('',(-0.29273347,0.86236976,-0.41306841));
#1848=DIRECTION('',(-0.00974545,0.42927902,0.90311934));
#1849=AXIS2_PLACEMENT_3D('',#1846,#1847,#1848);
#1850=PLANE('',#1849);
#1851=POLY_LOOP('',(#96,#97,#167));
#1852=FACE_OUTER_BOUND('',#1851,.T.);
#1853=FACE_SURFACE('',(#1852),#1850,.T.);
#1854=CARTESIAN_POINT('',(17.20033264,3.64179707,3.5199995));
#1855=DIRECTION('',(0.89320156,0.17766712,-0.41306824));
#1856=DIRECTION('',(-0.41026276,-0.05401198,-0.91036651));
#1857=AXIS2_PLACEMENT_3D('',#1854,#1855,#1856);
#1858=PLANE('',#1857);
#1859=POLY_LOOP('',(#90,#46,#45));
#1860=FACE_OUTER_BOUND('',#1859,.T.);
#1861=FACE_SURFACE('',(#1860),#1858,.T.);
#1862=CARTESIAN_POINT('',(17.23999977,3.03659916,3.5199995));
#1863=DIRECTION('',(0.90875017,0.05956318,-0.41306823));
#1864=DIRECTION('',(-0.41717407,0.10169242,-0.90311929));
#1865=AXIS2_PLACEMENT_3D('',#1862,#1863,#1864);
#1866=PLANE('',#1865);
#1867=POLY_LOOP('',(#92,#46,#90));
#1868=FACE_OUTER_BOUND('',#1867,.T.);
#1869=FACE_SURFACE('',(#1868),#1866,.T.);
#1870=CARTESIAN_POINT('',(14.92169952,7.05201244,3.5199995));
#1871=DIRECTION('',(0.40279255,0.81678201,-0.41306817));
#1872=DIRECTION('',(-0.29665508,-0.31043706,-0.90311937));
#1873=AXIS2_PLACEMENT_3D('',#1870,#1871,#1872);
#1874=PLANE('',#1873);
#1875=POLY_LOOP('',(#126,#134,#50));
#1876=FACE_OUTER_BOUND('',#1875,.T.);
#1877=FACE_SURFACE('',(#1876),#1874,.T.);
#1878=CARTESIAN_POINT('',(14.92169952,7.05201244,3.5199995));
#1879=DIRECTION('',(0.4422889,0.89687264,0.));
#1880=DIRECTION('',(-0.88917069,0.43849071,0.13077227));
#1881=AXIS2_PLACEMENT_3D('',#1878,#1879,#1880);
#1882=PLANE('',#1881);
#1883=POLY_LOOP('',(#126,#52,#139));
#1884=FACE_OUTER_BOUND('',#1883,.T.);
#1885=FACE_SURFACE('',(#1884),#1882,.T.);
#1886=CARTESIAN_POINT('',(14.37774944,7.32025909,3.59999943));
#1887=DIRECTION('',(0.4422889,0.89687264,0.));
#1888=DIRECTION('',(0.88917069,-0.43849071,-0.13077227));
#1889=AXIS2_PLACEMENT_3D('',#1886,#1887,#1888);
#1890=PLANE('',#1889);
#1891=POLY_LOOP('',(#52,#126,#50));
#1892=FACE_OUTER_BOUND('',#1891,.T.);
#1893=FACE_SURFACE('',(#1892),#1890,.T.);
#1894=CARTESIAN_POINT('',(16.28186035,5.85918236,3.59999943));
#1895=DIRECTION('',(0.75184109,0.65934435,0.));
#1896=DIRECTION('',(-0.65368218,0.74538461,-0.13077229));
#1897=AXIS2_PLACEMENT_3D('',#1894,#1895,#1896);
#1898=PLANE('',#1897);
#1899=POLY_LOOP('',(#37,#32,#147));
#1900=FACE_OUTER_BOUND('',#1899,.T.);
#1901=FACE_SURFACE('',(#1900),#1898,.T.);
#1902=CARTESIAN_POINT('',(15.88197041,6.31517124,3.5199995));
#1903=DIRECTION('',(0.75184109,0.65934435,0.));
#1904=DIRECTION('',(0.65368218,-0.74538461,0.13077229));
#1905=AXIS2_PLACEMENT_3D('',#1902,#1903,#1904);
#1906=PLANE('',#1905);
#1907=POLY_LOOP('',(#32,#37,#36));
#1908=FACE_OUTER_BOUND('',#1907,.T.);
#1909=FACE_SURFACE('',(#1908),#1906,.T.);
#1910=CARTESIAN_POINT('',(16.88705826,4.81094933,3.5199995));
#1911=DIRECTION('',(0.81678264,0.40279143,-0.41306802));
#1912=DIRECTION('',(-0.38230377,-0.15835551,-0.91036661));
#1913=AXIS2_PLACEMENT_3D('',#1910,#1911,#1912);
#1914=PLANE('',#1913);
#1915=POLY_LOOP('',(#149,#44,#38));
#1916=FACE_OUTER_BOUND('',#1915,.T.);
#1917=FACE_SURFACE('',(#1916),#1914,.T.);
#1918=CARTESIAN_POINT('',(1.8365593,-1.44201088,3.5199995));
#1919=DIRECTION('',(-0.19509002,-0.98078534,0.));
#1920=DIRECTION('',(0.97236278,-0.19341467,0.13077225));
#1921=AXIS2_PLACEMENT_3D('',#1918,#1919,#1920);
#1922=PLANE('',#1921);
#1923=POLY_LOOP('',(#42,#142,#40));
#1924=FACE_OUTER_BOUND('',#1923,.T.);
#1925=FACE_SURFACE('',(#1924),#1922,.T.);
#1926=CARTESIAN_POINT('',(2.43140221,-1.5603323,3.59999943));
#1927=DIRECTION('',(-0.19509002,-0.98078534,0.));
#1928=DIRECTION('',(-0.97236278,0.19341467,-0.13077225));
#1929=AXIS2_PLACEMENT_3D('',#1926,#1927,#1928);
#1930=PLANE('',#1929);
#1931=POLY_LOOP('',(#142,#42,#54));
#1932=FACE_OUTER_BOUND('',#1931,.T.);
#1933=FACE_SURFACE('',(#1932),#1930,.T.);
#1934=CARTESIAN_POINT('',(1.8365593,-1.44201088,3.5199995));
#1935=DIRECTION('',(-0.29273404,-0.86236976,-0.413068));
#1936=DIRECTION('',(-0.94693048,0.32143843,0.));
#1937=AXIS2_PLACEMENT_3D('',#1934,#1935,#1936);
#1938=PLANE('',#1937);
#1939=POLY_LOOP('',(#42,#39,#55));
#1940=FACE_OUTER_BOUND('',#1939,.T.);
#1941=FACE_SURFACE('',(#1940),#1938,.T.);
#1942=CARTESIAN_POINT('',(15.6140213,2.64024353,0.));
#1943=DIRECTION('',(0.,0.,-1.));
#1944=DIRECTION('',(0.,1.,0.));
#1945=AXIS2_PLACEMENT_3D('',#1942,#1943,#1944);
#1946=PLANE('',#1945);
#1947=POLY_LOOP('',(#27,#46,#95));
#1948=FACE_OUTER_BOUND('',#1947,.T.);
#1949=FACE_SURFACE('',(#1948),#1946,.T.);
#1950=CARTESIAN_POINT('',(15.53652954,2.25066948,0.));
#1951=DIRECTION('',(0.,0.,-1.));
#1952=DIRECTION('',(0.06540365,0.99785889,0.));
#1953=AXIS2_PLACEMENT_3D('',#1950,#1951,#1952);
#1954=PLANE('',#1953);
#1955=POLY_LOOP('',(#72,#46,#27));
#1956=FACE_OUTER_BOUND('',#1955,.T.);
#1957=FACE_SURFACE('',(#1956),#1954,.T.);
#1958=CARTESIAN_POINT('',(15.53652954,2.25066948,0.));
#1959=DIRECTION('',(0.,0.,-1.));
#1960=DIRECTION('',(0.,1.,0.));
#1961=AXIS2_PLACEMENT_3D('',#1958,#1959,#1960);
#1962=PLANE('',#1961);
#1963=POLY_LOOP('',(#72,#43,#46));
#1964=FACE_OUTER_BOUND('',#1963,.T.);
#1965=FACE_SURFACE('',(#1964),#1962,.T.);
#1966=CARTESIAN_POINT('',(15.40885258,1.87454319,0.));
#1967=DIRECTION('',(0.,0.,-1.));
#1968=DIRECTION('',(0.06540271,0.99785895,0.));
#1969=AXIS2_PLACEMENT_3D('',#1966,#1967,#1968);
#1970=PLANE('',#1969);
#1971=POLY_LOOP('',(#21,#43,#72));
#1972=FACE_OUTER_BOUND('',#1971,.T.);
#1973=FACE_SURFACE('',(#1972),#1970,.T.);
#1974=CARTESIAN_POINT('',(15.40885258,1.87454319,0.));
#1975=DIRECTION('',(0.,0.,-1.));
#1976=DIRECTION('',(0.,1.,0.));
#1977=AXIS2_PLACEMENT_3D('',#1974,#1975,#1976);
#1978=PLANE('',#1977);
#1979=POLY_LOOP('',(#21,#44,#43));
#1980=FACE_OUTER_BOUND('',#1979,.T.);
#1981=FACE_SURFACE('',(#1980),#1978,.T.);
#1982=CARTESIAN_POINT('',(15.23317242,1.5182991,0.));
#1983=DIRECTION('',(0.,0.,-1.));
#1984=DIRECTION('',(0.06540323,0.99785892,0.));
#1985=AXIS2_PLACEMENT_3D('',#1982,#1983,#1984);
#1986=PLANE('',#1985);
#1987=POLY_LOOP('',(#135,#44,#21));
#1988=FACE_OUTER_BOUND('',#1987,.T.);
#1989=FACE_SURFACE('',(#1988),#1986,.T.);
#1990=CARTESIAN_POINT('',(15.23317242,1.5182991,0.));
#1991=DIRECTION('',(0.,0.,-1.));
#1992=DIRECTION('',(0.,1.,0.));
#1993=AXIS2_PLACEMENT_3D('',#1990,#1991,#1992);
#1994=PLANE('',#1993);
#1995=POLY_LOOP('',(#135,#128,#44));
#1996=FACE_OUTER_BOUND('',#1995,.T.);
#1997=FACE_SURFACE('',(#1996),#1994,.T.);
#1998=CARTESIAN_POINT('',(15.01249599,1.18803501,0.));
#1999=DIRECTION('',(0.,0.,-1.));
#2000=DIRECTION('',(0.06540327,0.99785891,0.));
#2001=AXIS2_PLACEMENT_3D('',#1998,#1999,#2000);
#2002=PLANE('',#2001);
#2003=POLY_LOOP('',(#146,#128,#135));
#2004=FACE_OUTER_BOUND('',#2003,.T.);
#2005=FACE_SURFACE('',(#2004),#2002,.T.);
#2006=CARTESIAN_POINT('',(15.01249599,1.18803501,0.));
#2007=DIRECTION('',(0.,0.,-1.));
#2008=DIRECTION('',(0.,1.,0.));
#2009=AXIS2_PLACEMENT_3D('',#2006,#2007,#2008);
#2010=PLANE('',#2009);
#2011=POLY_LOOP('',(#146,#124,#128));
#2012=FACE_OUTER_BOUND('',#2011,.T.);
#2013=FACE_SURFACE('',(#2012),#2010,.T.);
#2014=CARTESIAN_POINT('',(14.75059986,0.88939953,0.));
#2015=DIRECTION('',(0.,0.,-1.));
#2016=DIRECTION('',(0.0654031,0.99785893,0.));
#2017=AXIS2_PLACEMENT_3D('',#2014,#2015,#2016);
#2018=PLANE('',#2017);
#2019=POLY_LOOP('',(#151,#124,#146));
#2020=FACE_OUTER_BOUND('',#2019,.T.);
#2021=FACE_SURFACE('',(#2020),#2018,.T.);
#2022=CARTESIAN_POINT('',(14.75059986,0.88939953,0.));
#2023=DIRECTION('',(0.,0.,-1.));
#2024=DIRECTION('',(0.,1.,0.));
#2025=AXIS2_PLACEMENT_3D('',#2022,#2023,#2024);
#2026=PLANE('',#2025);
#2027=POLY_LOOP('',(#151,#83,#124));
#2028=FACE_OUTER_BOUND('',#2027,.T.);
#2029=FACE_SURFACE('',(#2028),#2026,.T.);
#2030=CARTESIAN_POINT('',(14.45196438,0.62750244,0.));
#2031=DIRECTION('',(0.,0.,-1.));
#2032=DIRECTION('',(0.06540312,0.99785892,0.));
#2033=AXIS2_PLACEMENT_3D('',#2030,#2031,#2032);
#2034=PLANE('',#2033);
#2035=POLY_LOOP('',(#119,#83,#151));
#2036=FACE_OUTER_BOUND('',#2035,.T.);
#2037=FACE_SURFACE('',(#2036),#2034,.T.);
#2038=CARTESIAN_POINT('',(14.45196438,0.62750244,0.));
#2039=DIRECTION('',(0.,0.,-1.));
#2040=DIRECTION('',(0.,1.,0.));
#2041=AXIS2_PLACEMENT_3D('',#2038,#2039,#2040);
#2042=PLANE('',#2041);
#2043=POLY_LOOP('',(#119,#33,#83));
#2044=FACE_OUTER_BOUND('',#2043,.T.);
#2045=FACE_SURFACE('',(#2044),#2042,.T.);
#2046=CARTESIAN_POINT('',(14.12169933,0.40682697,0.));
#2047=DIRECTION('',(0.,0.,-1.));
#2048=DIRECTION('',(0.06540315,0.99785892,0.));
#2049=AXIS2_PLACEMENT_3D('',#2046,#2047,#2048);
#2050=PLANE('',#2049);
#2051=POLY_LOOP('',(#176,#33,#119));
#2052=FACE_OUTER_BOUND('',#2051,.T.);
#2053=FACE_SURFACE('',(#2052),#2050,.T.);
#2054=CARTESIAN_POINT('',(14.12169933,0.40682697,0.));
#2055=DIRECTION('',(0.,0.,-1.));
#2056=DIRECTION('',(0.,1.,0.));
#2057=AXIS2_PLACEMENT_3D('',#2054,#2055,#2056);
#2058=PLANE('',#2057);
#2059=POLY_LOOP('',(#176,#125,#33));
#2060=FACE_OUTER_BOUND('',#2059,.T.);
#2061=FACE_SURFACE('',(#2060),#2058,.T.);
#2062=CARTESIAN_POINT('',(13.7654562,0.23114681,0.));
#2063=DIRECTION('',(0.,0.,-1.));
#2064=DIRECTION('',(0.06540306,0.99785893,0.));
#2065=AXIS2_PLACEMENT_3D('',#2062,#2063,#2064);
#2066=PLANE('',#2065);
#2067=POLY_LOOP('',(#177,#125,#176));
#2068=FACE_OUTER_BOUND('',#2067,.T.);
#2069=FACE_SURFACE('',(#2068),#2066,.T.);
#2070=CARTESIAN_POINT('',(13.7654562,0.23114681,0.));
#2071=DIRECTION('',(0.,0.,-1.));
#2072=DIRECTION('',(0.,1.,0.));
#2073=AXIS2_PLACEMENT_3D('',#2070,#2071,#2072);
#2074=PLANE('',#2073);
#2075=POLY_LOOP('',(#177,#134,#125));
#2076=FACE_OUTER_BOUND('',#2075,.T.);
#2077=FACE_SURFACE('',(#2076),#2074,.T.);
#2078=CARTESIAN_POINT('',(13.38932991,0.10346889,0.));
#2079=DIRECTION('',(0.,0.,-1.));
#2080=DIRECTION('',(0.06540307,0.99785893,0.));
#2081=AXIS2_PLACEMENT_3D('',#2078,#2079,#2080);
#2082=PLANE('',#2081);
#2083=POLY_LOOP('',(#31,#134,#177));
#2084=FACE_OUTER_BOUND('',#2083,.T.);
#2085=FACE_SURFACE('',(#2084),#2082,.T.);
#2086=CARTESIAN_POINT('',(13.38932991,0.10346889,0.));
#2087=DIRECTION('',(0.,0.,-1.));
#2088=DIRECTION('',(0.,1.,0.));
#2089=AXIS2_PLACEMENT_3D('',#2086,#2087,#2088);
#2090=PLANE('',#2089);
#2091=POLY_LOOP('',(#31,#129,#134));
#2092=FACE_OUTER_BOUND('',#2091,.T.);
#2093=FACE_SURFACE('',(#2092),#2090,.T.);
#2094=CARTESIAN_POINT('',(12.99975491,0.02597809,0.));
#2095=DIRECTION('',(0.,0.,-1.));
#2096=DIRECTION('',(0.06540329,0.99785891,0.));
#2097=AXIS2_PLACEMENT_3D('',#2094,#2095,#2096);
#2098=PLANE('',#2097);
#2099=POLY_LOOP('',(#30,#129,#31));
#2100=FACE_OUTER_BOUND('',#2099,.T.);
#2101=FACE_SURFACE('',(#2100),#2098,.T.);
#2102=CARTESIAN_POINT('',(12.99975491,0.02597809,0.));
#2103=DIRECTION('',(0.,0.,-1.));
#2104=DIRECTION('',(0.,1.,0.));
#2105=AXIS2_PLACEMENT_3D('',#2102,#2103,#2104);
#2106=PLANE('',#2105);
#2107=POLY_LOOP('',(#30,#63,#129));
#2108=FACE_OUTER_BOUND('',#2107,.T.);
#2109=FACE_SURFACE('',(#2108),#2106,.T.);
#2110=CARTESIAN_POINT('',(12.60339928,0.,0.));
#2111=DIRECTION('',(0.,0.,-1.));
#2112=DIRECTION('',(0.0654031,0.99785893,0.));
#2113=AXIS2_PLACEMENT_3D('',#2110,#2111,#2112);
#2114=PLANE('',#2113);
#2115=POLY_LOOP('',(#88,#63,#30));
#2116=FACE_OUTER_BOUND('',#2115,.T.);
#2117=FACE_SURFACE('',(#2116),#2114,.T.);
#2118=CARTESIAN_POINT('',(12.60339928,0.,0.));
#2119=DIRECTION('',(0.,0.,-1.));
#2120=DIRECTION('',(0.,1.,0.));
#2121=AXIS2_PLACEMENT_3D('',#2118,#2119,#2120);
#2122=PLANE('',#2121);
#2123=POLY_LOOP('',(#88,#93,#63));
#2124=FACE_OUTER_BOUND('',#2123,.T.);
#2125=FACE_SURFACE('',(#2124),#2122,.T.);
#2126=CARTESIAN_POINT('',(8.21999931,0.,0.));
#2127=DIRECTION('',(0.,0.,-1.));
#2128=DIRECTION('',(0.58524488,0.8108566,0.));
#2129=AXIS2_PLACEMENT_3D('',#2126,#2127,#2128);
#2130=PLANE('',#2129);
#2131=POLY_LOOP('',(#110,#93,#88));
#2132=FACE_OUTER_BOUND('',#2131,.T.);
#2133=FACE_SURFACE('',(#2132),#2130,.T.);
#2134=CARTESIAN_POINT('',(12.60339928,6.07319927,0.));
#2135=DIRECTION('',(0.,0.,-1.));
#2136=DIRECTION('',(-0.58524488,-0.8108566,0.));
#2137=AXIS2_PLACEMENT_3D('',#2134,#2135,#2136);
#2138=PLANE('',#2137);
#2139=POLY_LOOP('',(#93,#110,#162));
#2140=FACE_OUTER_BOUND('',#2139,.T.);
#2141=FACE_SURFACE('',(#2140),#2138,.T.);
#2142=CARTESIAN_POINT('',(3.03659916,0.,0.));
#2143=DIRECTION('',(0.,0.,-1.));
#2144=DIRECTION('',(0.58524488,0.8108566,0.));
#2145=AXIS2_PLACEMENT_3D('',#2142,#2143,#2144);
#2146=PLANE('',#2145);
#2147=POLY_LOOP('',(#86,#165,#108));
#2148=FACE_OUTER_BOUND('',#2147,.T.);
#2149=FACE_SURFACE('',(#2148),#2146,.T.);
#2150=CARTESIAN_POINT('',(3.03659916,0.,0.));
#2151=DIRECTION('',(0.,0.,-1.));
#2152=DIRECTION('',(0.,1.,0.));
#2153=AXIS2_PLACEMENT_3D('',#2150,#2151,#2152);
#2154=PLANE('',#2153);
#2155=POLY_LOOP('',(#86,#164,#165));
#2156=FACE_OUTER_BOUND('',#2155,.T.);
#2157=FACE_SURFACE('',(#2156),#2154,.T.);
#2158=CARTESIAN_POINT('',(2.64024353,0.02597809,0.));
#2159=DIRECTION('',(0.,0.,-1.));
#2160=DIRECTION('',(0.0654031,0.99785893,0.));
#2161=AXIS2_PLACEMENT_3D('',#2158,#2159,#2160);
#2162=PLANE('',#2161);
#2163=POLY_LOOP('',(#85,#164,#86));
#2164=FACE_OUTER_BOUND('',#2163,.T.);
#2165=FACE_SURFACE('',(#2164),#2162,.T.);
#2166=CARTESIAN_POINT('',(2.64024353,0.02597809,0.));
#2167=DIRECTION('',(0.,0.,-1.));
#2168=DIRECTION('',(0.,1.,0.));
#2169=AXIS2_PLACEMENT_3D('',#2166,#2167,#2168);
#2170=PLANE('',#2169);
#2171=POLY_LOOP('',(#85,#168,#164));
#2172=FACE_OUTER_BOUND('',#2171,.T.);
#2173=FACE_SURFACE('',(#2172),#2170,.T.);
#2174=CARTESIAN_POINT('',(2.25066948,0.10346889,0.));
#2175=DIRECTION('',(0.,0.,-1.));
#2176=DIRECTION('',(0.06540312,0.99785892,0.));
#2177=AXIS2_PLACEMENT_3D('',#2174,#2175,#2176);
#2178=PLANE('',#2177);
#2179=POLY_LOOP('',(#55,#168,#85));
#2180=FACE_OUTER_BOUND('',#2179,.T.);
#2181=FACE_SURFACE('',(#2180),#2178,.T.);
#2182=CARTESIAN_POINT('',(2.25066948,0.10346889,0.));
#2183=DIRECTION('',(0.,0.,-1.));
#2184=DIRECTION('',(0.,1.,0.));
#2185=AXIS2_PLACEMENT_3D('',#2182,#2183,#2184);
#2186=PLANE('',#2185);
#2187=POLY_LOOP('',(#55,#167,#168));
#2188=FACE_OUTER_BOUND('',#2187,.T.);
#2189=FACE_SURFACE('',(#2188),#2186,.T.);
#2190=CARTESIAN_POINT('',(1.87454319,0.23114681,0.));
#2191=DIRECTION('',(0.,0.,-1.));
#2192=DIRECTION('',(0.06540308,0.99785893,0.));
#2193=AXIS2_PLACEMENT_3D('',#2190,#2191,#2192);
#2194=PLANE('',#2193);
#2195=POLY_LOOP('',(#158,#167,#55));
#2196=FACE_OUTER_BOUND('',#2195,.T.);
#2197=FACE_SURFACE('',(#2196),#2194,.T.);
#2198=CARTESIAN_POINT('',(1.87454319,0.23114681,0.));
#2199=DIRECTION('',(0.,0.,-1.));
#2200=DIRECTION('',(0.,1.,0.));
#2201=AXIS2_PLACEMENT_3D('',#2198,#2199,#2200);
#2202=PLANE('',#2201);
#2203=POLY_LOOP('',(#158,#96,#167));
#2204=FACE_OUTER_BOUND('',#2203,.T.);
#2205=FACE_SURFACE('',(#2204),#2202,.T.);
#2206=CARTESIAN_POINT('',(1.5182991,0.40682697,0.));
#2207=DIRECTION('',(0.,0.,-1.));
#2208=DIRECTION('',(0.06540324,0.99785892,0.));
#2209=AXIS2_PLACEMENT_3D('',#2206,#2207,#2208);
#2210=PLANE('',#2209);
#2211=POLY_LOOP('',(#166,#96,#158));
#2212=FACE_OUTER_BOUND('',#2211,.T.);
#2213=FACE_SURFACE('',(#2212),#2210,.T.);
#2214=CARTESIAN_POINT('',(1.5182991,0.40682697,0.));
#2215=DIRECTION('',(0.,0.,-1.));
#2216=DIRECTION('',(0.,1.,0.));
#2217=AXIS2_PLACEMENT_3D('',#2214,#2215,#2216);
#2218=PLANE('',#2217);
#2219=POLY_LOOP('',(#166,#69,#96));
#2220=FACE_OUTER_BOUND('',#2219,.T.);
#2221=FACE_SURFACE('',(#2220),#2218,.T.);
#2222=CARTESIAN_POINT('',(1.18803501,0.62750244,0.));
#2223=DIRECTION('',(0.,0.,-1.));
#2224=DIRECTION('',(0.06540295,0.99785893,0.));
#2225=AXIS2_PLACEMENT_3D('',#2222,#2223,#2224);
#2226=PLANE('',#2225);
#2227=POLY_LOOP('',(#77,#69,#166));
#2228=FACE_OUTER_BOUND('',#2227,.T.);
#2229=FACE_SURFACE('',(#2228),#2226,.T.);
#2230=CARTESIAN_POINT('',(1.18803501,0.62750244,0.));
#2231=DIRECTION('',(0.,0.,-1.));
#2232=DIRECTION('',(0.,1.,0.));
#2233=AXIS2_PLACEMENT_3D('',#2230,#2231,#2232);
#2234=PLANE('',#2233);
#2235=POLY_LOOP('',(#77,#118,#69));
#2236=FACE_OUTER_BOUND('',#2235,.T.);
#2237=FACE_SURFACE('',(#2236),#2234,.T.);
#2238=CARTESIAN_POINT('',(0.88939953,0.88939953,0.));
#2239=DIRECTION('',(0.,0.,-1.));
#2240=DIRECTION('',(0.06540314,0.99785892,0.));
#2241=AXIS2_PLACEMENT_3D('',#2238,#2239,#2240);
#2242=PLANE('',#2241);
#2243=POLY_LOOP('',(#102,#118,#77));
#2244=FACE_OUTER_BOUND('',#2243,.T.);
#2245=FACE_SURFACE('',(#2244),#2242,.T.);
#2246=CARTESIAN_POINT('',(0.88939953,0.88939953,0.));
#2247=DIRECTION('',(0.,0.,-1.));
#2248=DIRECTION('',(0.,1.,0.));
#2249=AXIS2_PLACEMENT_3D('',#2246,#2247,#2248);
#2250=PLANE('',#2249);
#2251=POLY_LOOP('',(#102,#115,#118));
#2252=FACE_OUTER_BOUND('',#2251,.T.);
#2253=FACE_SURFACE('',(#2252),#2250,.T.);
#2254=CARTESIAN_POINT('',(0.62750244,1.18803501,0.));
#2255=DIRECTION('',(0.,0.,-1.));
#2256=DIRECTION('',(0.06540334,0.99785891,0.));
#2257=AXIS2_PLACEMENT_3D('',#2254,#2255,#2256);
#2258=PLANE('',#2257);
#2259=POLY_LOOP('',(#127,#115,#102));
#2260=FACE_OUTER_BOUND('',#2259,.T.);
#2261=FACE_SURFACE('',(#2260),#2258,.T.);
#2262=CARTESIAN_POINT('',(0.62750244,1.18803501,0.));
#2263=DIRECTION('',(0.,0.,-1.));
#2264=DIRECTION('',(0.,1.,0.));
#2265=AXIS2_PLACEMENT_3D('',#2262,#2263,#2264);
#2266=PLANE('',#2265);
#2267=POLY_LOOP('',(#127,#67,#115));
#2268=FACE_OUTER_BOUND('',#2267,.T.);
#2269=FACE_SURFACE('',(#2268),#2266,.T.);
#2270=CARTESIAN_POINT('',(0.40682697,1.5182991,0.));
#2271=DIRECTION('',(0.,0.,-1.));
#2272=DIRECTION('',(0.06540297,0.99785893,0.));
#2273=AXIS2_PLACEMENT_3D('',#2270,#2271,#2272);
#2274=PLANE('',#2273);
#2275=POLY_LOOP('',(#73,#67,#127));
#2276=FACE_OUTER_BOUND('',#2275,.T.);
#2277=FACE_SURFACE('',(#2276),#2274,.T.);
#2278=CARTESIAN_POINT('',(0.40682697,1.5182991,0.));
#2279=DIRECTION('',(0.,0.,-1.));
#2280=DIRECTION('',(0.,1.,0.));
#2281=AXIS2_PLACEMENT_3D('',#2278,#2279,#2280);
#2282=PLANE('',#2281);
#2283=POLY_LOOP('',(#73,#58,#67));
#2284=FACE_OUTER_BOUND('',#2283,.T.);
#2285=FACE_SURFACE('',(#2284),#2282,.T.);
#2286=CARTESIAN_POINT('',(0.23114681,1.87454319,0.));
#2287=DIRECTION('',(0.,0.,-1.));
#2288=DIRECTION('',(0.06540326,0.99785891,0.));
#2289=AXIS2_PLACEMENT_3D('',#2286,#2287,#2288);
#2290=PLANE('',#2289);
#2291=POLY_LOOP('',(#74,#58,#73));
#2292=FACE_OUTER_BOUND('',#2291,.T.);
#2293=FACE_SURFACE('',(#2292),#2290,.T.);
#2294=CARTESIAN_POINT('',(0.23114681,1.87454319,0.));
#2295=DIRECTION('',(0.,0.,-1.));
#2296=DIRECTION('',(0.,1.,0.));
#2297=AXIS2_PLACEMENT_3D('',#2294,#2295,#2296);
#2298=PLANE('',#2297);
#2299=POLY_LOOP('',(#74,#56,#58));
#2300=FACE_OUTER_BOUND('',#2299,.T.);
#2301=FACE_SURFACE('',(#2300),#2298,.T.);
#2302=CARTESIAN_POINT('',(0.10346889,2.25066948,0.));
#2303=DIRECTION('',(0.,0.,-1.));
#2304=DIRECTION('',(0.0654032,0.99785892,0.));
#2305=AXIS2_PLACEMENT_3D('',#2302,#2303,#2304);
#2306=PLANE('',#2305);
#2307=POLY_LOOP('',(#103,#56,#74));
#2308=FACE_OUTER_BOUND('',#2307,.T.);
#2309=FACE_SURFACE('',(#2308),#2306,.T.);
#2310=CARTESIAN_POINT('',(0.10346889,2.25066948,0.));
#2311=DIRECTION('',(0.,0.,-1.));
#2312=DIRECTION('',(0.,1.,0.));
#2313=AXIS2_PLACEMENT_3D('',#2310,#2311,#2312);
#2314=PLANE('',#2313);
#2315=POLY_LOOP('',(#103,#49,#56));
#2316=FACE_OUTER_BOUND('',#2315,.T.);
#2317=FACE_SURFACE('',(#2316),#2314,.T.);
#2318=CARTESIAN_POINT('',(0.02597809,2.64024353,0.));
#2319=DIRECTION('',(0.,0.,-1.));
#2320=DIRECTION('',(0.06540285,0.99785894,0.));
#2321=AXIS2_PLACEMENT_3D('',#2318,#2319,#2320);
#2322=PLANE('',#2321);
#2323=POLY_LOOP('',(#105,#49,#103));
#2324=FACE_OUTER_BOUND('',#2323,.T.);
#2325=FACE_SURFACE('',(#2324),#2322,.T.);
#2326=CARTESIAN_POINT('',(0.02597809,2.64024353,0.));
#2327=DIRECTION('',(0.,0.,-1.));
#2328=DIRECTION('',(0.,1.,0.));
#2329=AXIS2_PLACEMENT_3D('',#2326,#2327,#2328);
#2330=PLANE('',#2329);
#2331=POLY_LOOP('',(#105,#47,#49));
#2332=FACE_OUTER_BOUND('',#2331,.T.);
#2333=FACE_SURFACE('',(#2332),#2330,.T.);
#2334=CARTESIAN_POINT('',(0.02597809,3.43295574,0.));
#2335=DIRECTION('',(0.,0.,-1.));
#2336=DIRECTION('',(0.,-1.,0.));
#2337=AXIS2_PLACEMENT_3D('',#2334,#2335,#2336);
#2338=PLANE('',#2337);
#2339=POLY_LOOP('',(#47,#105,#121));
#2340=FACE_OUTER_BOUND('',#2339,.T.);
#2341=FACE_SURFACE('',(#2340),#2338,.T.);
#2342=CARTESIAN_POINT('',(-0.64186192,5.85918236,3.5199995));
#2343=DIRECTION('',(-0.75184031,0.65934524,0.));
#2344=DIRECTION('',(0.65368308,0.74538385,0.13077216));
#2345=AXIS2_PLACEMENT_3D('',#2342,#2343,#2344);
#2346=PLANE('',#2345);
#2347=POLY_LOOP('',(#68,#175,#116));
#2348=FACE_OUTER_BOUND('',#2347,.T.);
#2349=FACE_SURFACE('',(#2348),#2346,.T.);
#2350=CARTESIAN_POINT('',(-0.24197102,6.31517124,3.59999943));
#2351=DIRECTION('',(-0.75184031,0.65934524,0.));
#2352=DIRECTION('',(-0.65368308,-0.74538385,-0.13077216));
#2353=AXIS2_PLACEMENT_3D('',#2350,#2351,#2352);
#2354=PLANE('',#2353);
#2355=POLY_LOOP('',(#175,#68,#130));
#2356=FACE_OUTER_BOUND('',#2355,.T.);
#2357=FACE_SURFACE('',(#2356),#2354,.T.);
#2358=CARTESIAN_POINT('',(14.37774944,-1.24705982,3.5199995));
#2359=DIRECTION('',(0.29273546,-0.86236919,-0.41306819));
#2360=DIRECTION('',(-0.25359687,0.34650251,-0.90311939));
#2361=AXIS2_PLACEMENT_3D('',#2358,#2359,#2360);
#2362=PLANE('',#2361);
#2363=POLY_LOOP('',(#26,#31,#177));
#2364=FACE_OUTER_BOUND('',#2363,.T.);
#2365=FACE_SURFACE('',(#2364),#2362,.T.);
#2366=CARTESIAN_POINT('',(14.37774944,-1.24705982,3.5199995));
#2367=DIRECTION('',(0.40279255,-0.81678201,-0.41306817));
#2368=DIRECTION('',(-0.1583555,0.38230398,-0.91036652));
#2369=AXIS2_PLACEMENT_3D('',#2366,#2367,#2368);
#2370=PLANE('',#2369);
#2371=POLY_LOOP('',(#26,#177,#111));
#2372=FACE_OUTER_BOUND('',#2371,.T.);
#2373=FACE_SURFACE('',(#2372),#2370,.T.);
#2374=CARTESIAN_POINT('',(-1.44201088,1.8365593,3.5199995));
#2375=DIRECTION('',(-0.89320141,-0.17766852,-0.41306797));
#2376=DIRECTION('',(-0.19509002,0.98078534,0.));
#2377=AXIS2_PLACEMENT_3D('',#2374,#2375,#2376);
#2378=PLANE('',#2377);
#2379=POLY_LOOP('',(#61,#104,#103));
#2380=FACE_OUTER_BOUND('',#2379,.T.);
#2381=FACE_SURFACE('',(#2380),#2378,.T.);
#2382=CARTESIAN_POINT('',(15.42598248,-0.64186192,3.5199995));
#2383=DIRECTION('',(0.65934602,-0.75183963,0.));
#2384=DIRECTION('',(0.74538315,0.65368384,0.13077231));
#2385=AXIS2_PLACEMENT_3D('',#2382,#2383,#2384);
#2386=PLANE('',#2385);
#2387=POLY_LOOP('',(#114,#170,#112));
#2388=FACE_OUTER_BOUND('',#2387,.T.);
#2389=FACE_SURFACE('',(#2388),#2386,.T.);
#2390=CARTESIAN_POINT('',(15.88197041,-0.24197102,3.59999943));
#2391=DIRECTION('',(0.65934602,-0.75183963,0.));
#2392=DIRECTION('',(-0.74538315,-0.65368384,-0.13077231));
#2393=AXIS2_PLACEMENT_3D('',#2390,#2391,#2392);
#2394=PLANE('',#2393);
#2395=POLY_LOOP('',(#170,#114,#120));
#2396=FACE_OUTER_BOUND('',#2395,.T.);
#2397=FACE_SURFACE('',(#2396),#2394,.T.);
#2398=CARTESIAN_POINT('',(0.02597809,3.43295574,0.));
#2399=DIRECTION('',(-0.90875026,0.05956318,-0.41306802));
#2400=DIRECTION('',(-0.41717387,-0.10169243,0.90311938));
#2401=AXIS2_PLACEMENT_3D('',#2398,#2399,#2400);
#2402=PLANE('',#2401);
#2403=POLY_LOOP('',(#47,#122,#48));
#2404=FACE_OUTER_BOUND('',#2403,.T.);
#2405=FACE_SURFACE('',(#2404),#2402,.T.);
#2406=CARTESIAN_POINT('',(-1.59999943,3.03659916,3.5199995));
#2407=DIRECTION('',(-0.99785888,0.06540373,0.));
#2408=DIRECTION('',(0.06484207,0.98928971,0.13077226));
#2409=AXIS2_PLACEMENT_3D('',#2406,#2407,#2408);
#2410=PLANE('',#2409);
#2411=POLY_LOOP('',(#122,#150,#48));
#2412=FACE_OUTER_BOUND('',#2411,.T.);
#2413=FACE_SURFACE('',(#2412),#2410,.T.);
#2414=CARTESIAN_POINT('',(-1.5603323,3.64179707,3.59999943));
#2415=DIRECTION('',(-0.99785888,0.06540373,0.));
#2416=DIRECTION('',(-0.06484207,-0.98928971,-0.13077226));
#2417=AXIS2_PLACEMENT_3D('',#2414,#2415,#2416);
#2418=PLANE('',#2417);
#2419=POLY_LOOP('',(#150,#122,#143));
#2420=FACE_OUTER_BOUND('',#2419,.T.);
#2421=FACE_SURFACE('',(#2420),#2418,.T.);
#2422=CARTESIAN_POINT('',(1.26224995,7.32025909,3.5199995));
#2423=DIRECTION('',(-0.4422889,0.89687264,0.));
#2424=DIRECTION('',(-0.88917069,-0.43849071,0.13077227));
#2425=AXIS2_PLACEMENT_3D('',#2422,#2423,#2424);
#2426=PLANE('',#2425);
#2427=POLY_LOOP('',(#71,#173,#172));
#2428=FACE_OUTER_BOUND('',#2427,.T.);
#2429=FACE_SURFACE('',(#2428),#2426,.T.);
#2430=CARTESIAN_POINT('',(0.71829987,7.05201244,3.59999943));
#2431=DIRECTION('',(-0.4422889,0.89687264,0.));
#2432=DIRECTION('',(0.88917069,0.43849071,-0.13077227));
#2433=AXIS2_PLACEMENT_3D('',#2430,#2431,#2432);
#2434=PLANE('',#2433);
#2435=POLY_LOOP('',(#173,#71,#70));
#2436=FACE_OUTER_BOUND('',#2435,.T.);
#2437=FACE_SURFACE('',(#2436),#2434,.T.);
#2438=CARTESIAN_POINT('',(1.8365593,7.51521111,3.5199995));
#2439=DIRECTION('',(-0.32143984,0.94693,0.));
#2440=DIRECTION('',(-0.93879817,-0.31867946,0.13077235));
#2441=AXIS2_PLACEMENT_3D('',#2438,#2439,#2440);
#2442=PLANE('',#2441);
#2443=POLY_LOOP('',(#97,#172,#171));
#2444=FACE_OUTER_BOUND('',#2443,.T.);
#2445=FACE_SURFACE('',(#2444),#2442,.T.);
#2446=CARTESIAN_POINT('',(1.26224995,7.32025909,3.59999943));
#2447=DIRECTION('',(-0.32143984,0.94693,0.));
#2448=DIRECTION('',(0.93879817,0.31867946,-0.13077235));
#2449=AXIS2_PLACEMENT_3D('',#2446,#2447,#2448);
#2450=PLANE('',#2449);
#2451=POLY_LOOP('',(#172,#97,#71));
#2452=FACE_OUTER_BOUND('',#2451,.T.);
#2453=FACE_SURFACE('',(#2452),#2450,.T.);
#2454=CARTESIAN_POINT('',(0.71829987,-0.97881317,3.5199995));
#2455=DIRECTION('',(-0.50595738,-0.7572198,-0.41306815));
#2456=DIRECTION('',(-0.83146998,0.55556969,0.));
#2457=AXIS2_PLACEMENT_3D('',#2454,#2455,#2456);
#2458=PLANE('',#2457);
#2459=POLY_LOOP('',(#133,#75,#166));
#2460=FACE_OUTER_BOUND('',#2459,.T.);
#2461=FACE_SURFACE('',(#2460),#2458,.T.);
#2462=CARTESIAN_POINT('',(1.26224995,-1.24705982,3.5199995));
#2463=DIRECTION('',(-0.40279255,-0.81678202,-0.41306815));
#2464=DIRECTION('',(-0.89687264,0.4422889,0.));
#2465=AXIS2_PLACEMENT_3D('',#2462,#2463,#2464);
#2466=PLANE('',#2465);
#2467=POLY_LOOP('',(#39,#133,#166));
#2468=FACE_OUTER_BOUND('',#2467,.T.);
#2469=FACE_SURFACE('',(#2468),#2466,.T.);
#2470=CARTESIAN_POINT('',(14.92169952,-0.97881317,3.5199995));
#2471=DIRECTION('',(0.50595805,-0.75721937,-0.41306812));
#2472=DIRECTION('',(-0.12051903,0.41212926,-0.90311939));
#2473=AXIS2_PLACEMENT_3D('',#2470,#2471,#2472);
#2474=PLANE('',#2473);
#2475=POLY_LOOP('',(#111,#119,#114));
#2476=FACE_OUTER_BOUND('',#2475,.T.);
#2477=FACE_SURFACE('',(#2476),#2474,.T.);
#2478=CARTESIAN_POINT('',(15.88197041,-0.24197102,3.59999943));
#2479=DIRECTION('',(0.75183973,-0.65934591,0.));
#2480=DIRECTION('',(0.6536837,0.74538322,-0.1307726));
#2481=AXIS2_PLACEMENT_3D('',#2478,#2479,#2480);
#2482=PLANE('',#2481);
#2483=POLY_LOOP('',(#170,#145,#169));
#2484=FACE_OUTER_BOUND('',#2483,.T.);
#2485=FACE_SURFACE('',(#2484),#2482,.T.);
#2486=CARTESIAN_POINT('',(16.28186035,0.21401596,3.5199995));
#2487=DIRECTION('',(0.75183973,-0.65934591,0.));
#2488=DIRECTION('',(-0.6536837,-0.74538322,0.1307726));
#2489=AXIS2_PLACEMENT_3D('',#2486,#2487,#2488);
#2490=PLANE('',#2489);
#2491=POLY_LOOP('',(#145,#170,#120));
#2492=FACE_OUTER_BOUND('',#2491,.T.);
#2493=FACE_SURFACE('',(#2492),#2490,.T.);
#2494=CARTESIAN_POINT('',(-1.24705982,1.26224995,3.5199995));
#2495=DIRECTION('',(-0.86236976,-0.29273404,-0.413068));
#2496=DIRECTION('',(-0.32143843,0.94693048,0.));
#2497=AXIS2_PLACEMENT_3D('',#2494,#2495,#2496);
#2498=PLANE('',#2497);
#2499=POLY_LOOP('',(#59,#61,#103));
#2500=FACE_OUTER_BOUND('',#2499,.T.);
#2501=FACE_SURFACE('',(#2500),#2498,.T.);
#2502=CARTESIAN_POINT('',(-0.64186192,0.21401596,3.5199995));
#2503=DIRECTION('',(-0.7572198,-0.50595738,-0.41306815));
#2504=DIRECTION('',(-0.55556969,0.83146998,0.));
#2505=AXIS2_PLACEMENT_3D('',#2502,#2503,#2504);
#2506=PLANE('',#2505);
#2507=POLY_LOOP('',(#136,#65,#73));
#2508=FACE_OUTER_BOUND('',#2507,.T.);
#2509=FACE_SURFACE('',(#2508),#2506,.T.);
#2510=CARTESIAN_POINT('',(-0.64186192,0.21401596,3.5199995));
#2511=DIRECTION('',(-0.83146998,-0.55556969,0.));
#2512=DIRECTION('',(-0.5507987,0.82432968,0.13077219));
#2513=AXIS2_PLACEMENT_3D('',#2510,#2511,#2512);
#2514=PLANE('',#2513);
#2515=POLY_LOOP('',(#136,#66,#65));
#2516=FACE_OUTER_BOUND('',#2515,.T.);
#2517=FACE_SURFACE('',(#2516),#2514,.T.);
#2518=CARTESIAN_POINT('',(-0.97881317,0.71829987,3.59999943));
#2519=DIRECTION('',(-0.83146998,-0.55556969,0.));
#2520=DIRECTION('',(0.5507987,-0.82432968,-0.13077219));
#2521=AXIS2_PLACEMENT_3D('',#2518,#2519,#2520);
#2522=PLANE('',#2521);
#2523=POLY_LOOP('',(#66,#136,#157));
#2524=FACE_OUTER_BOUND('',#2523,.T.);
#2525=FACE_SURFACE('',(#2524),#2522,.T.);
#2526=CARTESIAN_POINT('',(14.92169952,-0.97881317,3.5199995));
#2527=DIRECTION('',(0.40279324,-0.81678162,-0.41306826));
#2528=DIRECTION('',(-0.29665508,0.31043706,-0.90311937));
#2529=AXIS2_PLACEMENT_3D('',#2526,#2527,#2528);
#2530=PLANE('',#2529);
#2531=POLY_LOOP('',(#111,#177,#176));
#2532=FACE_OUTER_BOUND('',#2531,.T.);
#2533=FACE_SURFACE('',(#2532),#2530,.T.);
#2534=CARTESIAN_POINT('',(0.21401596,6.71506119,3.5199995));
#2535=DIRECTION('',(-0.65934591,0.75183973,0.));
#2536=DIRECTION('',(-0.74538322,-0.6536837,0.1307726));
#2537=AXIS2_PLACEMENT_3D('',#2534,#2535,#2536);
#2538=PLANE('',#2537);
#2539=POLY_LOOP('',(#117,#175,#174));
#2540=FACE_OUTER_BOUND('',#2539,.T.);
#2541=FACE_SURFACE('',(#2540),#2538,.T.);
#2542=CARTESIAN_POINT('',(-0.24197102,6.31517124,3.59999943));
#2543=DIRECTION('',(-0.65934591,0.75183973,0.));
#2544=DIRECTION('',(0.74538322,0.6536837,-0.1307726));
#2545=AXIS2_PLACEMENT_3D('',#2542,#2543,#2544);
#2546=PLANE('',#2545);
#2547=POLY_LOOP('',(#175,#117,#116));
#2548=FACE_OUTER_BOUND('',#2547,.T.);
#2549=FACE_SURFACE('',(#2548),#2546,.T.);
#2550=CARTESIAN_POINT('',(14.92169952,-0.97881317,3.5199995));
#2551=DIRECTION('',(0.50595693,-0.75722004,-0.41306827));
#2552=DIRECTION('',(-0.20690155,0.35836379,-0.91036649));
#2553=AXIS2_PLACEMENT_3D('',#2550,#2551,#2552);
#2554=PLANE('',#2553);
#2555=POLY_LOOP('',(#111,#176,#119));
#2556=FACE_OUTER_BOUND('',#2555,.T.);
#2557=FACE_SURFACE('',(#2556),#2554,.T.);
#2558=CARTESIAN_POINT('',(15.88197041,-0.24197102,3.5199995));
#2559=DIRECTION('',(0.60046731,-0.68469966,-0.41306826));
#2560=DIRECTION('',(-0.36689385,0.2230791,-0.90311938));
#2561=AXIS2_PLACEMENT_3D('',#2558,#2559,#2560);
#2562=PLANE('',#2561);
#2563=POLY_LOOP('',(#120,#119,#151));
#2564=FACE_OUTER_BOUND('',#2563,.T.);
#2565=FACE_SURFACE('',(#2564),#2562,.T.);
#2566=CARTESIAN_POINT('',(15.88197041,-0.24197102,3.5199995));
#2567=DIRECTION('',(0.6847005,-0.60046637,-0.41306822));
#2568=DIRECTION('',(-0.29260284,0.29260284,-0.9103665));
#2569=AXIS2_PLACEMENT_3D('',#2566,#2567,#2568);
#2570=PLANE('',#2569);
#2571=POLY_LOOP('',(#120,#151,#145));
#2572=FACE_OUTER_BOUND('',#2571,.T.);
#2573=FACE_SURFACE('',(#2572),#2570,.T.);
#2574=CARTESIAN_POINT('',(2.43140221,7.63353252,3.5199995));
#2575=DIRECTION('',(-0.19509002,0.98078534,0.));
#2576=DIRECTION('',(-0.97236278,-0.19341467,0.13077225));
#2577=AXIS2_PLACEMENT_3D('',#2574,#2575,#2576);
#2578=PLANE('',#2577);
#2579=POLY_LOOP('',(#156,#171,#155));
#2580=FACE_OUTER_BOUND('',#2579,.T.);
#2581=FACE_SURFACE('',(#2580),#2578,.T.);
#2582=CARTESIAN_POINT('',(1.8365593,7.51521111,3.59999943));
#2583=DIRECTION('',(-0.19509002,0.98078534,0.));
#2584=DIRECTION('',(0.97236278,0.19341467,-0.13077225));
#2585=AXIS2_PLACEMENT_3D('',#2582,#2583,#2584);
#2586=PLANE('',#2585);
#2587=POLY_LOOP('',(#171,#156,#97));
#2588=FACE_OUTER_BOUND('',#2587,.T.);
#2589=FACE_SURFACE('',(#2588),#2586,.T.);
#2590=CARTESIAN_POINT('',(1.5182991,5.6663723,0.));
#2591=DIRECTION('',(-0.50595738,0.7572198,-0.41306815));
#2592=DIRECTION('',(-0.33463736,0.26906004,0.90311934));
#2593=AXIS2_PLACEMENT_3D('',#2590,#2591,#2592);
#2594=PLANE('',#2593);
#2595=POLY_LOOP('',(#69,#117,#70));
#2596=FACE_OUTER_BOUND('',#2595,.T.);
#2597=FACE_SURFACE('',(#2596),#2594,.T.);
#2598=CARTESIAN_POINT('',(0.71829987,7.05201244,3.5199995));
#2599=DIRECTION('',(-0.55556969,0.83146998,0.));
#2600=DIRECTION('',(-0.82432968,-0.5507987,0.13077219));
#2601=AXIS2_PLACEMENT_3D('',#2598,#2599,#2600);
#2602=PLANE('',#2601);
#2603=POLY_LOOP('',(#70,#174,#173));
#2604=FACE_OUTER_BOUND('',#2603,.T.);
#2605=FACE_SURFACE('',(#2604),#2602,.T.);
#2606=CARTESIAN_POINT('',(0.21401596,6.71506119,3.59999943));
#2607=DIRECTION('',(-0.55556969,0.83146998,0.));
#2608=DIRECTION('',(0.82432968,0.5507987,-0.13077219));
#2609=AXIS2_PLACEMENT_3D('',#2606,#2607,#2608);
#2610=PLANE('',#2609);
#2611=POLY_LOOP('',(#174,#70,#117));
#2612=FACE_OUTER_BOUND('',#2611,.T.);
#2613=FACE_SURFACE('',(#2612),#2610,.T.);
#2614=CARTESIAN_POINT('',(14.37774944,-1.24705982,3.5199995));
#2615=DIRECTION('',(0.4422889,-0.89687264,0.));
#2616=DIRECTION('',(0.88917069,0.43849071,0.13077227));
#2617=AXIS2_PLACEMENT_3D('',#2614,#2615,#2616);
#2618=PLANE('',#2617);
#2619=POLY_LOOP('',(#26,#113,#24));
#2620=FACE_OUTER_BOUND('',#2619,.T.);
#2621=FACE_SURFACE('',(#2620),#2618,.T.);
#2622=CARTESIAN_POINT('',(14.92169952,-0.97881317,3.59999943));
#2623=DIRECTION('',(0.4422889,-0.89687264,0.));
#2624=DIRECTION('',(-0.88917069,-0.43849071,-0.13077227));
#2625=AXIS2_PLACEMENT_3D('',#2622,#2623,#2624);
#2626=PLANE('',#2625);
#2627=POLY_LOOP('',(#113,#26,#111));
#2628=FACE_OUTER_BOUND('',#2627,.T.);
#2629=FACE_SURFACE('',(#2628),#2626,.T.);
#2630=CARTESIAN_POINT('',(8.21999931,6.07319927,0.));
#2631=DIRECTION('',(-1.,0.,0.));
#2632=DIRECTION('',(0.,0.07253566,0.99736582));
#2633=AXIS2_PLACEMENT_3D('',#2630,#2631,#2632);
#2634=PLANE('',#2633);
#2635=POLY_LOOP('',(#162,#178,#161));
#2636=FACE_OUTER_BOUND('',#2635,.T.);
#2637=FACE_SURFACE('',(#2636),#2634,.T.);
#2638=CARTESIAN_POINT('',(8.21999931,0.,0.));
#2639=DIRECTION('',(-1.,0.,0.));
#2640=DIRECTION('',(0.,0.98439395,0.17597883));
#2641=AXIS2_PLACEMENT_3D('',#2638,#2639,#2640);
#2642=PLANE('',#2641);
#2643=POLY_LOOP('',(#110,#178,#162));
#2644=FACE_OUTER_BOUND('',#2643,.T.);
#2645=FACE_SURFACE('',(#2644),#2642,.T.);
#2646=CARTESIAN_POINT('',(8.21999931,-0.07999992,1.09999943));
#2647=DIRECTION('',(-1.,0.,0.));
#2648=DIRECTION('',(0.,0.07253566,-0.99736582));
#2649=AXIS2_PLACEMENT_3D('',#2646,#2647,#2648);
#2650=PLANE('',#2649);
#2651=POLY_LOOP('',(#179,#110,#109));
#2652=FACE_OUTER_BOUND('',#2651,.T.);
#2653=FACE_SURFACE('',(#2652),#2650,.T.);
#2654=CARTESIAN_POINT('',(8.21999931,0.,0.));
#2655=DIRECTION('',(-1.,0.,0.));
#2656=DIRECTION('',(0.,-0.07253566,0.99736582));
#2657=AXIS2_PLACEMENT_3D('',#2654,#2655,#2656);
#2658=PLANE('',#2657);
#2659=POLY_LOOP('',(#110,#179,#178));
#2660=FACE_OUTER_BOUND('',#2659,.T.);
#2661=FACE_SURFACE('',(#2660),#2658,.T.);
#2662=CARTESIAN_POINT('',(7.41999912,-0.07999992,1.09999943));
#2663=DIRECTION('',(0.,0.,-1.));
#2664=DIRECTION('',(0.12730084,0.99186415,0.));
#2665=AXIS2_PLACEMENT_3D('',#2662,#2663,#2664);
#2666=PLANE('',#2665);
#2667=POLY_LOOP('',(#180,#178,#179));
#2668=FACE_OUTER_BOUND('',#2667,.T.);
#2669=FACE_SURFACE('',(#2668),#2666,.T.);
#2670=CARTESIAN_POINT('',(8.21999931,6.1531992,1.09999943));
#2671=DIRECTION('',(0.,0.,-1.));
#2672=DIRECTION('',(-0.12730084,-0.99186415,0.));
#2673=AXIS2_PLACEMENT_3D('',#2670,#2671,#2672);
#2674=PLANE('',#2673);
#2675=POLY_LOOP('',(#178,#180,#181));
#2676=FACE_OUTER_BOUND('',#2675,.T.);
#2677=FACE_SURFACE('',(#2676),#2674,.T.);
#2678=CARTESIAN_POINT('',(7.41999912,6.1531992,1.09999943));
#2679=DIRECTION('',(1.,0.,0.));
#2680=DIRECTION('',(0.,-0.07253566,-0.99736582));
#2681=AXIS2_PLACEMENT_3D('',#2678,#2679,#2680);
#2682=PLANE('',#2681);
#2683=POLY_LOOP('',(#181,#165,#163));
#2684=FACE_OUTER_BOUND('',#2683,.T.);
#2685=FACE_SURFACE('',(#2684),#2682,.T.);
#2686=CARTESIAN_POINT('',(7.41999912,6.1531992,1.09999943));
#2687=DIRECTION('',(1.,0.,0.));
#2688=DIRECTION('',(0.,-0.98439395,-0.17597883));
#2689=AXIS2_PLACEMENT_3D('',#2686,#2687,#2688);
#2690=PLANE('',#2689);
#2691=POLY_LOOP('',(#181,#108,#165));
#2692=FACE_OUTER_BOUND('',#2691,.T.);
#2693=FACE_SURFACE('',(#2692),#2690,.T.);
#2694=CARTESIAN_POINT('',(7.41999912,-0.07999992,1.09999943));
#2695=DIRECTION('',(1.,0.,0.));
#2696=DIRECTION('',(0.,0.07253566,-0.99736582));
#2697=AXIS2_PLACEMENT_3D('',#2694,#2695,#2696);
#2698=PLANE('',#2697);
#2699=POLY_LOOP('',(#180,#108,#181));
#2700=FACE_OUTER_BOUND('',#2699,.T.);
#2701=FACE_SURFACE('',(#2700),#2698,.T.);
#2702=CARTESIAN_POINT('',(7.41999912,0.,0.));
#2703=DIRECTION('',(1.,0.,0.));
#2704=DIRECTION('',(0.,-0.07253566,0.99736582));
#2705=AXIS2_PLACEMENT_3D('',#2702,#2703,#2704);
#2706=PLANE('',#2705);
#2707=POLY_LOOP('',(#108,#180,#107));
#2708=FACE_OUTER_BOUND('',#2707,.T.);
#2709=FACE_SURFACE('',(#2708),#2706,.T.);
#2710=CARTESIAN_POINT('',(7.41999912,6.1531992,0.17599976));
#2711=DIRECTION('',(0.,-1.,0.));
#2712=DIRECTION('',(0.65455689,0.,0.75601275));
#2713=AXIS2_PLACEMENT_3D('',#2710,#2711,#2712);
#2714=PLANE('',#2713);
#2715=POLY_LOOP('',(#163,#178,#181));
#2716=FACE_OUTER_BOUND('',#2715,.T.);
#2717=FACE_SURFACE('',(#2716),#2714,.T.);
#2718=CARTESIAN_POINT('',(8.21999931,6.1531992,1.09999943));
#2719=DIRECTION('',(0.,-1.,0.));
#2720=DIRECTION('',(-0.65455689,0.,-0.75601275));
#2721=AXIS2_PLACEMENT_3D('',#2718,#2719,#2720);
#2722=PLANE('',#2721);
#2723=POLY_LOOP('',(#178,#163,#161));
#2724=FACE_OUTER_BOUND('',#2723,.T.);
#2725=FACE_SURFACE('',(#2724),#2722,.T.);
#2726=CARTESIAN_POINT('',(8.21999931,-0.07999992,0.17599986));
#2727=DIRECTION('',(0.,1.,0.));
#2728=DIRECTION('',(-0.65455693,0.,0.75601272));
#2729=AXIS2_PLACEMENT_3D('',#2726,#2727,#2728);
#2730=PLANE('',#2729);
#2731=POLY_LOOP('',(#109,#180,#179));
#2732=FACE_OUTER_BOUND('',#2731,.T.);
#2733=FACE_SURFACE('',(#2732),#2730,.T.);
#2734=CARTESIAN_POINT('',(7.41999912,-0.07999992,1.09999943));
#2735=DIRECTION('',(0.,1.,0.));
#2736=DIRECTION('',(0.65455693,0.,-0.75601272));
#2737=AXIS2_PLACEMENT_3D('',#2734,#2735,#2736);
#2738=PLANE('',#2737);
#2739=POLY_LOOP('',(#180,#109,#107));
#2740=FACE_OUTER_BOUND('',#2739,.T.);
#2741=FACE_SURFACE('',(#2740),#2738,.T.);
#2742=CLOSED_SHELL('',(#189,#197,#205,#213,#221,#229,#237,#245,#253,#261,#269,#277,#285,#293,#301,#309,#317,#325,#333,#341,#349,#357,#365,#373,#381,#389,#397,#405,#413,#421,#429,#437,#445,#453,#461,#469,#477,#485,#493,#501,#509,#517,#525,#533,#541,#549,#557,#565,#573,#581,#589,#597,#605,#613,#621,#629,#637,#645,#653,#661,#669,#677,#685,#693,#701,#709,#717,#725,#733,#741,#749,#757,#765,#773,#781,#789,#797,#805,#813,#821,#829,#837,#845,#853,#861,#869,#877,#885,#893,#901,#909,#917,#925,#933,#941,#949,#957,#965,#973,#981,#989,#997,#1005,#1013,#1021,#1029,#1037,#1045,#1053,#1061,#1069,#1077,#1085,#1093,#1101,#1109,#1117,#1125,#1133,#1141,#1149,#1157,#1165,#1173,#1181,#1189,#1197,#1205,#1213,#1221,#1229,#1237,#1245,#1253,#1261,#1269,#1277,#1285,#1293,#1301,#1309,#1317,#1325,#1333,#1341,#1349,#1357,#1365,#1373,#1381,#1389,#1397,#1405,#1413,#1421,#1429,#1437,#1445,#1453,#1461,#1469,#1477,#1485,#1493,#1501,#1509,#1517,#1525,#1533,#1541,#1549,#1557,#1565,#1573,#1581,#1589,#1597,#1605,#1613,#1621,#1629,#1637,#1645,#1653,#1661,#1669,#1677,#1685,#1693,#1701,#1709,#1717,#1725,#1733,#1741,#1749,#1757,#1765,#1773,#1781,#1789,#1797,#1805,#1813,#1821,#1829,#1837,#1845,#1853,#1861,#1869,#1877,#1885,#1893,#1901,#1909,#1917,#1925,#1933,#1941,#1949,#1957,#1965,#1973,#1981,#1989,#1997,#2005,#2013,#2021,#2029,#2037,#2045,#2053,#2061,#2069,#2077,#2085,#2093,#2101,#2109,#2117,#2125,#2133,#2141,#2149,#2157,#2165,#2173,#2181,#2189,#2197,#2205,#2213,#2221,#2229,#2237,#2245,#2253,#2261,#2269,#2277,#2285,#2293,#2301,#2309,#2317,#2325,#2333,#2341,#2349,#2357,#2365,#2373,#2381,#2389,#2397,#2405,#2413,#2421,#2429,#2437,#2445,#2453,#2461,#2469,#2477,#2485,#2493,#2501,#2509,#2517,#2525,#2533,#2541,#2549,#2557,#2565,#2573,#2581,#2589,#2597,#2605,#2613,#2621,#2629,#2637,#2645,#2653,#2661,#2669,#2677,#2685,#2693,#2701,#2709,#2717,#2725,#2733,#2741));
#2743=FACETED_BREP('button_rocker',#2742);
#2744=ADVANCED_BREP_SHAPE_REPRESENTATION('',(#2743),#14);
#2745=SHAPE_DEFINITION_REPRESENTATION(#9,#2744);
ENDSEC;
END-ISO-10303-21;
