ISO-10303-21;
HEADER;
FILE_DESCRIPTION(('replace-face cleaned mesh - faceted PLACEHOLDER, not parametric CAD, not a verified AP1 drop-in'),'2;1');
FILE_NAME('button_trip.step','2026-09-08T03:58:20Z',('s2000-ap1-digital-dash'),(''),'cad/replace_face/blender_remesh.py','s2000-ap1-digital-dash','');
FILE_SCHEMA(('CONFIG_CONTROL_DESIGN'));
ENDSEC;
DATA;
#1=APPLICATION_CONTEXT('configuration controlled 3d designs of mechanical parts and assemblies');
#2=APPLICATION_PROTOCOL_DEFINITION('international standard','config_control_design',1994,#1);
#3=PRODUCT_CONTEXT('',#1,'mechanical');
#4=PRODUCT('button_trip','button_trip','PLACEHOLDER faceted mesh - OpenSCAD remains source of truth',(#3));
#5=PRODUCT_DEFINITION_FORMATION('','',#4);
#6=PRODUCT_DEFINITION_CONTEXT('part definition',#1,'design');
#7=PRODUCT_DEFINITION('design','',#5,#6);
#8=PRODUCT_RELATED_PRODUCT_CATEGORY('part',$,(#4));
#9=PRODUCT_DEFINITION_SHAPE('','',#7);
#10=(LENGTH_UNIT()NAMED_UNIT(*)SI_UNIT(.MILLI.,.METRE.));
#11=(NAMED_UNIT(*)PLANE_ANGLE_UNIT()SI_UNIT($,.RADIAN.));
#12=(NAMED_UNIT(*)SI_UNIT($,.STERADIAN.)SOLID_ANGLE_UNIT());
#13=UNCERTAINTY_MEASURE_WITH_UNIT(LENGTH_MEASURE(1.E-6),#10,'distance_accuracy_value','confusion accuracy');
#14=(GEOMETRIC_REPRESENTATION_CONTEXT(3)GLOBAL_UNCERTAINTY_ASSIGNED_CONTEXT((#13))GLOBAL_UNIT_ASSIGNED_CONTEXT((#10,#11,#12))REPRESENTATION_CONTEXT('Context #1','3D Context with UNIT and UNCERTAINTY'));
#20=CARTESIAN_POINT('',(0.94453049,5.76303816,3.51999998));
#21=CARTESIAN_POINT('',(0.88939953,5.18380022,0.));
#22=CARTESIAN_POINT('',(0.60655683,5.46664333,3.51999998));
#23=CARTESIAN_POINT('',(9.65060043,0.88939953,0.));
#24=CARTESIAN_POINT('',(10.22983837,0.94453049,3.51999998));
#25=CARTESIAN_POINT('',(9.93344307,0.60655683,3.51999998));
#26=CARTESIAN_POINT('',(-0.37059942,3.48516631,3.5999999));
#27=CARTESIAN_POINT('',(-0.37059942,3.48516631,3.51999998));
#28=CARTESIAN_POINT('',(-0.40000001,3.03660011,3.5999999));
#29=CARTESIAN_POINT('',(-0.37059942,2.58803368,3.51999998));
#30=CARTESIAN_POINT('',(-0.28290069,2.14714241,3.51999998));
#31=CARTESIAN_POINT('',(-0.37059942,2.58803368,3.5999999));
#32=CARTESIAN_POINT('',(-0.40000001,3.03660011,3.51999998));
#33=CARTESIAN_POINT('',(0.,3.03660011,0.));
#34=CARTESIAN_POINT('',(0.02597853,2.64024425,0.));
#35=CARTESIAN_POINT('',(3.03660011,-0.40000001,3.5999999));
#36=CARTESIAN_POINT('',(3.03660011,-0.40000001,3.51999998));
#37=CARTESIAN_POINT('',(7.50339985,-0.40000001,3.5999999));
#38=CARTESIAN_POINT('',(0.88939953,0.88939953,0.));
#39=CARTESIAN_POINT('',(0.60655683,0.60655683,3.51999998));
#40=CARTESIAN_POINT('',(0.31016192,0.94453049,3.51999998));
#41=CARTESIAN_POINT('',(7.50339985,0.,0.));
#42=CARTESIAN_POINT('',(3.03660011,0.,0.));
#43=CARTESIAN_POINT('',(2.58803368,-0.37059942,3.51999998));
#44=CARTESIAN_POINT('',(2.64024425,0.02597853,0.));
#45=CARTESIAN_POINT('',(9.59546947,0.31016192,3.51999998));
#46=CARTESIAN_POINT('',(9.35196495,0.62750328,0.));
#47=CARTESIAN_POINT('',(8.81853008,6.2116046,3.51999998));
#48=CARTESIAN_POINT('',(8.66545677,5.84205246,0.));
#49=CARTESIAN_POINT('',(8.39285755,6.35610056,3.51999998));
#50=CARTESIAN_POINT('',(9.22169971,6.01278305,3.51999998));
#51=CARTESIAN_POINT('',(9.93344307,5.46664333,3.5999999));
#52=CARTESIAN_POINT('',(10.22983837,5.12866974,3.5999999));
#53=CARTESIAN_POINT('',(9.93344307,5.46664333,3.51999998));
#54=CARTESIAN_POINT('',(9.22169971,0.0604171,3.5999999));
#55=CARTESIAN_POINT('',(8.39285755,-0.28290069,3.5999999));
#56=CARTESIAN_POINT('',(8.81853008,-0.1384044,3.5999999));
#57=CARTESIAN_POINT('',(0.02597853,3.43295574,0.));
#58=CARTESIAN_POINT('',(0.94453049,5.76303816,3.5999999));
#59=CARTESIAN_POINT('',(1.31830001,6.01278305,3.5999999));
#60=CARTESIAN_POINT('',(10.67840481,4.35172987,3.51999998));
#61=CARTESIAN_POINT('',(10.47958279,4.75489998,3.5999999));
#62=CARTESIAN_POINT('',(10.67840481,4.35172987,3.5999999));
#63=CARTESIAN_POINT('',(10.91059971,3.48516631,3.51999998));
#64=CARTESIAN_POINT('',(10.82290077,3.92605758,3.51999998));
#65=CARTESIAN_POINT('',(10.91059971,3.48516631,3.5999999));
#66=CARTESIAN_POINT('',(8.81853008,-0.1384044,3.51999998));
#67=CARTESIAN_POINT('',(9.22169971,0.0604171,3.51999998));
#68=CARTESIAN_POINT('',(1.31830001,6.01278305,3.51999998));
#69=CARTESIAN_POINT('',(2.14714241,-0.28290069,3.51999998));
#70=CARTESIAN_POINT('',(2.25067019,0.10346963,0.));
#71=CARTESIAN_POINT('',(0.0604171,1.31830001,3.51999998));
#72=CARTESIAN_POINT('',(0.40682727,1.51830006,0.));
#73=CARTESIAN_POINT('',(0.0604171,4.75489998,3.5999999));
#74=CARTESIAN_POINT('',(0.31016192,5.12866974,3.5999999));
#75=CARTESIAN_POINT('',(0.94453049,0.31016192,3.5999999));
#76=CARTESIAN_POINT('',(0.94453049,0.31016192,3.51999998));
#77=CARTESIAN_POINT('',(9.91249657,1.18803501,0.));
#78=CARTESIAN_POINT('',(2.14714241,-0.28290069,3.5999999));
#79=CARTESIAN_POINT('',(1.72147012,-0.1384044,3.51999998));
#80=CARTESIAN_POINT('',(0.31016192,5.12866974,3.51999998));
#81=CARTESIAN_POINT('',(0.62750328,4.88516474,0.));
#82=CARTESIAN_POINT('',(3.03660011,6.07320023,0.));
#83=CARTESIAN_POINT('',(2.58803368,6.4437995,3.51999998));
#84=CARTESIAN_POINT('',(3.03660011,6.47319984,3.51999998));
#85=CARTESIAN_POINT('',(1.31830001,0.0604171,3.5999999));
#86=CARTESIAN_POINT('',(1.31830001,0.0604171,3.51999998));
#87=CARTESIAN_POINT('',(2.58803368,6.4437995,3.5999999));
#88=CARTESIAN_POINT('',(3.03660011,6.47319984,3.5999999));
#89=CARTESIAN_POINT('',(7.89975595,6.04722166,0.));
#90=CARTESIAN_POINT('',(10.43653011,3.82253003,0.));
#91=CARTESIAN_POINT('',(7.50339985,6.07320023,0.));
#92=CARTESIAN_POINT('',(1.18803501,0.62750328,0.));
#93=CARTESIAN_POINT('',(2.64024425,6.04722166,0.));
#94=CARTESIAN_POINT('',(-0.28290069,3.92605758,3.51999998));
#95=CARTESIAN_POINT('',(-0.28290069,3.92605758,3.5999999));
#96=CARTESIAN_POINT('',(-0.1384044,4.35172987,3.51999998));
#97=CARTESIAN_POINT('',(2.25067019,5.96973038,0.));
#98=CARTESIAN_POINT('',(7.95196629,6.4437995,3.51999998));
#99=CARTESIAN_POINT('',(7.95196629,6.4437995,3.5999999));
#100=CARTESIAN_POINT('',(0.0604171,1.31830001,3.5999999));
#101=CARTESIAN_POINT('',(-0.1384044,1.72147012,3.5999999));
#102=CARTESIAN_POINT('',(10.93999958,3.03660011,3.51999998));
#103=CARTESIAN_POINT('',(10.93999958,3.03660011,3.5999999));
#104=CARTESIAN_POINT('',(1.87454355,0.23114741,0.));
#105=CARTESIAN_POINT('',(-0.1384044,4.35172987,3.5999999));
#106=CARTESIAN_POINT('',(0.0604171,4.75489998,3.51999998));
#107=CARTESIAN_POINT('',(0.10346963,2.25067019,0.));
#108=CARTESIAN_POINT('',(0.23114741,4.19865656,0.));
#109=CARTESIAN_POINT('',(0.10346963,3.82253003,0.));
#110=CARTESIAN_POINT('',(10.43653011,2.25067019,0.));
#111=CARTESIAN_POINT('',(10.51402187,2.64024425,0.));
#112=CARTESIAN_POINT('',(8.66545677,0.23114741,0.));
#113=CARTESIAN_POINT('',(9.02169991,0.40682727,0.));
#114=CARTESIAN_POINT('',(1.18803501,5.44569683,0.));
#115=CARTESIAN_POINT('',(1.51830006,0.40682727,0.));
#116=CARTESIAN_POINT('',(10.91059971,2.58803368,3.51999998));
#117=CARTESIAN_POINT('',(7.50339985,6.47319984,3.51999998));
#118=CARTESIAN_POINT('',(8.39285755,6.35610056,3.5999999));
#119=CARTESIAN_POINT('',(8.81853008,6.2116046,3.5999999));
#120=CARTESIAN_POINT('',(10.13317299,1.51830006,0.));
#121=CARTESIAN_POINT('',(10.47958279,1.31830001,3.51999998));
#122=CARTESIAN_POINT('',(10.67840481,1.72147012,3.5999999));
#123=CARTESIAN_POINT('',(10.47958279,1.31830001,3.5999999));
#124=CARTESIAN_POINT('',(10.67840481,1.72147012,3.51999998));
#125=CARTESIAN_POINT('',(0.62750328,1.18803501,0.));
#126=CARTESIAN_POINT('',(1.72147012,-0.1384044,3.5999999));
#127=CARTESIAN_POINT('',(7.95196629,-0.37059942,3.51999998));
#128=CARTESIAN_POINT('',(7.50339985,-0.40000001,3.51999998));
#129=CARTESIAN_POINT('',(2.14714241,6.35610056,3.5999999));
#130=CARTESIAN_POINT('',(8.39285755,-0.28290069,3.51999998));
#131=CARTESIAN_POINT('',(7.89975595,0.02597853,0.));
#132=CARTESIAN_POINT('',(8.28932953,0.10346963,0.));
#133=CARTESIAN_POINT('',(0.40682727,4.55490017,0.));
#134=CARTESIAN_POINT('',(10.53999996,3.03660011,0.));
#135=CARTESIAN_POINT('',(1.72147012,6.2116046,3.5999999));
#136=CARTESIAN_POINT('',(1.72147012,6.2116046,3.51999998));
#137=CARTESIAN_POINT('',(10.3088522,4.19865656,0.));
#138=CARTESIAN_POINT('',(10.13317299,4.55490017,0.));
#139=CARTESIAN_POINT('',(7.95196629,-0.37059942,3.5999999));
#140=CARTESIAN_POINT('',(2.14714241,6.35610056,3.51999998));
#141=CARTESIAN_POINT('',(1.87454355,5.84205246,0.));
#142=CARTESIAN_POINT('',(8.28932953,5.96973038,0.));
#143=CARTESIAN_POINT('',(0.60655683,0.60655683,3.5999999));
#144=CARTESIAN_POINT('',(-0.28290069,2.14714241,3.5999999));
#145=CARTESIAN_POINT('',(-0.1384044,1.72147012,3.51999998));
#146=CARTESIAN_POINT('',(0.23114741,1.87454355,0.));
#147=CARTESIAN_POINT('',(10.47958279,4.75489998,3.51999998));
#148=CARTESIAN_POINT('',(9.91249657,4.88516474,0.));
#149=CARTESIAN_POINT('',(10.22983837,5.12866974,3.51999998));
#150=CARTESIAN_POINT('',(10.82290077,2.14714241,3.51999998));
#151=CARTESIAN_POINT('',(10.82290077,3.92605758,3.5999999));
#152=CARTESIAN_POINT('',(9.93344307,0.60655683,3.5999999));
#153=CARTESIAN_POINT('',(9.65060043,5.18380022,0.));
#154=CARTESIAN_POINT('',(9.59546947,0.31016192,3.5999999));
#155=CARTESIAN_POINT('',(2.58803368,-0.37059942,3.5999999));
#156=CARTESIAN_POINT('',(9.22169971,6.01278305,3.5999999));
#157=CARTESIAN_POINT('',(0.60655683,5.46664333,3.5999999));
#158=CARTESIAN_POINT('',(10.3088522,1.87454355,0.));
#159=CARTESIAN_POINT('',(9.02169991,5.66637278,0.));
#160=CARTESIAN_POINT('',(0.31016192,0.94453049,3.5999999));
#161=CARTESIAN_POINT('',(9.59546947,5.76303816,3.51999998));
#162=CARTESIAN_POINT('',(9.35196495,5.44569683,0.));
#163=CARTESIAN_POINT('',(9.59546947,5.76303816,3.5999999));
#164=CARTESIAN_POINT('',(10.91059971,2.58803368,3.5999999));
#165=CARTESIAN_POINT('',(7.50339985,6.47319984,3.5999999));
#166=CARTESIAN_POINT('',(10.22983837,0.94453049,3.5999999));
#167=CARTESIAN_POINT('',(10.82290077,2.14714241,3.5999999));
#168=CARTESIAN_POINT('',(10.51402187,3.43295574,0.));
#169=CARTESIAN_POINT('',(1.51830006,5.66637278,0.));
#170=CARTESIAN_POINT('',(0.94453049,5.76303816,3.51999998));
#171=DIRECTION('',(-0.65514718,0.74705247,-0.11267109));
#172=DIRECTION('',(-0.01545251,-0.16235311,-0.98661172));
#173=AXIS2_PLACEMENT_3D('',#170,#171,#172);
#174=PLANE('',#173);
#175=POLY_LOOP('',(#20,#21,#22));
#176=FACE_OUTER_BOUND('',#175,.T.);
#177=FACE_SURFACE('',(#176),#174,.T.);
#178=CARTESIAN_POINT('',(9.65060043,0.88939953,0.));
#179=DIRECTION('',(0.74705196,-0.65514778,-0.112671));
#180=DIRECTION('',(0.16235311,0.01545251,0.98661172));
#181=AXIS2_PLACEMENT_3D('',#178,#179,#180);
#182=PLANE('',#181);
#183=POLY_LOOP('',(#23,#24,#25));
#184=FACE_OUTER_BOUND('',#183,.T.);
#185=FACE_SURFACE('',(#184),#182,.T.);
#186=CARTESIAN_POINT('',(-0.37059942,3.48516631,3.5999999));
#187=DIRECTION('',(-0.99785892,0.06540314,0.));
#188=DIRECTION('',(0.,0.,-1.));
#189=AXIS2_PLACEMENT_3D('',#186,#187,#188);
#190=PLANE('',#189);
#191=POLY_LOOP('',(#26,#27,#28));
#192=FACE_OUTER_BOUND('',#191,.T.);
#193=FACE_SURFACE('',(#192),#190,.T.);
#194=CARTESIAN_POINT('',(-0.37059942,2.58803368,3.51999998));
#195=DIRECTION('',(-0.98078528,-0.19509033,0.));
#196=DIRECTION('',(0.19509033,-0.98078528,0.));
#197=AXIS2_PLACEMENT_3D('',#194,#195,#196);
#198=PLANE('',#197);
#199=POLY_LOOP('',(#29,#30,#31));
#200=FACE_OUTER_BOUND('',#199,.T.);
#201=FACE_SURFACE('',(#200),#198,.T.);
#202=CARTESIAN_POINT('',(-0.37059942,2.58803368,3.51999998));
#203=DIRECTION('',(-0.99150491,-0.06498664,-0.11267101));
#204=DIRECTION('',(-0.06540311,0.99785892,0.));
#205=AXIS2_PLACEMENT_3D('',#202,#203,#204);
#206=PLANE('',#205);
#207=POLY_LOOP('',(#29,#32,#33));
#208=FACE_OUTER_BOUND('',#207,.T.);
#209=FACE_SURFACE('',(#208),#206,.T.);
#210=CARTESIAN_POINT('',(0.02597853,2.64024425,0.));
#211=DIRECTION('',(-0.9915049,-0.06498666,-0.11267102));
#212=DIRECTION('',(-0.11194373,-0.0147377,0.99360525));
#213=AXIS2_PLACEMENT_3D('',#210,#211,#212);
#214=PLANE('',#213);
#215=POLY_LOOP('',(#34,#29,#33));
#216=FACE_OUTER_BOUND('',#215,.T.);
#217=FACE_SURFACE('',(#216),#214,.T.);
#218=CARTESIAN_POINT('',(3.03660011,-0.40000001,3.5999999));
#219=DIRECTION('',(0.,-1.,0.));
#220=DIRECTION('',(0.,0.,-1.));
#221=AXIS2_PLACEMENT_3D('',#218,#219,#220);
#222=PLANE('',#221);
#223=POLY_LOOP('',(#35,#36,#37));
#224=FACE_OUTER_BOUND('',#223,.T.);
#225=FACE_SURFACE('',(#224),#222,.T.);
#226=CARTESIAN_POINT('',(0.88939953,0.88939953,0.));
#227=DIRECTION('',(-0.74705238,-0.6551473,-0.11267101));
#228=DIRECTION('',(-0.0798392,-0.0798392,0.99360526));
#229=AXIS2_PLACEMENT_3D('',#226,#227,#228);
#230=PLANE('',#229);
#231=POLY_LOOP('',(#38,#39,#40));
#232=FACE_OUTER_BOUND('',#231,.T.);
#233=FACE_SURFACE('',(#232),#230,.T.);
#234=CARTESIAN_POINT('',(-0.40000001,3.03660011,3.51999998));
#235=DIRECTION('',(-0.9915049,0.06498668,-0.11267101));
#236=DIRECTION('',(0.06540314,0.99785892,0.));
#237=AXIS2_PLACEMENT_3D('',#234,#235,#236);
#238=PLANE('',#237);
#239=POLY_LOOP('',(#32,#27,#33));
#240=FACE_OUTER_BOUND('',#239,.T.);
#241=FACE_SURFACE('',(#240),#238,.T.);
#242=CARTESIAN_POINT('',(-0.40000001,3.03660011,3.5999999));
#243=DIRECTION('',(-0.99785892,0.06540314,0.));
#244=DIRECTION('',(0.06439141,0.98242294,-0.17521106));
#245=AXIS2_PLACEMENT_3D('',#242,#243,#244);
#246=PLANE('',#245);
#247=POLY_LOOP('',(#28,#27,#32));
#248=FACE_OUTER_BOUND('',#247,.T.);
#249=FACE_SURFACE('',(#248),#246,.T.);
#250=CARTESIAN_POINT('',(7.50339985,0.,0.));
#251=DIRECTION('',(0.,-0.99360525,-0.11290969));
#252=DIRECTION('',(-0.78349596,-0.07016173,0.6174232));
#253=AXIS2_PLACEMENT_3D('',#250,#251,#252);
#254=PLANE('',#253);
#255=POLY_LOOP('',(#41,#36,#42));
#256=FACE_OUTER_BOUND('',#255,.T.);
#257=FACE_SURFACE('',(#256),#254,.T.);
#258=CARTESIAN_POINT('',(2.58803368,-0.37059942,3.51999998));
#259=DIRECTION('',(-0.06498666,-0.9915049,-0.11267102));
#260=DIRECTION('',(0.0147377,0.11194373,-0.99360525));
#261=AXIS2_PLACEMENT_3D('',#258,#259,#260);
#262=PLANE('',#261);
#263=POLY_LOOP('',(#43,#44,#42));
#264=FACE_OUTER_BOUND('',#263,.T.);
#265=FACE_SURFACE('',(#264),#262,.T.);
#266=CARTESIAN_POINT('',(9.65060043,0.88939953,0.));
#267=DIRECTION('',(0.65514728,-0.7470524,-0.11267101));
#268=DIRECTION('',(-0.01545251,-0.16235302,0.98661174));
#269=AXIS2_PLACEMENT_3D('',#266,#267,#268);
#270=PLANE('',#269);
#271=POLY_LOOP('',(#23,#45,#46));
#272=FACE_OUTER_BOUND('',#271,.T.);
#273=FACE_SURFACE('',(#272),#270,.T.);
#274=CARTESIAN_POINT('',(8.81853008,6.2116046,3.51999998));
#275=DIRECTION('',(0.31939188,0.94090066,-0.11267109));
#276=DIRECTION('',(-0.04320865,-0.10431504,-0.99360525));
#277=AXIS2_PLACEMENT_3D('',#274,#275,#276);
#278=PLANE('',#277);
#279=POLY_LOOP('',(#47,#48,#49));
#280=FACE_OUTER_BOUND('',#279,.T.);
#281=FACE_SURFACE('',(#280),#278,.T.);
#282=CARTESIAN_POINT('',(9.22169971,6.01278305,3.51999998));
#283=DIRECTION('',(0.43947285,0.89116151,-0.11267108));
#284=DIRECTION('',(-0.15590791,-0.04785364,-0.98661175));
#285=AXIS2_PLACEMENT_3D('',#282,#283,#284);
#286=PLANE('',#285);
#287=POLY_LOOP('',(#50,#48,#47));
#288=FACE_OUTER_BOUND('',#287,.T.);
#289=FACE_SURFACE('',(#288),#286,.T.);
#290=CARTESIAN_POINT('',(9.93344307,5.46664333,3.5999999));
#291=DIRECTION('',(0.75183935,0.65934634,0.));
#292=DIRECTION('',(0.65934634,-0.75183935,0.));
#293=AXIS2_PLACEMENT_3D('',#290,#291,#292);
#294=PLANE('',#293);
#295=POLY_LOOP('',(#51,#52,#53));
#296=FACE_OUTER_BOUND('',#295,.T.);
#297=FACE_SURFACE('',(#296),#294,.T.);
#298=CARTESIAN_POINT('',(9.22169971,0.0604171,3.5999999));
#299=DIRECTION('',(0.,0.,1.));
#300=DIRECTION('',(-0.92387948,-0.38268355,0.));
#301=AXIS2_PLACEMENT_3D('',#298,#299,#300);
#302=PLANE('',#301);
#303=POLY_LOOP('',(#54,#55,#56));
#304=FACE_OUTER_BOUND('',#303,.T.);
#305=FACE_SURFACE('',(#304),#302,.T.);
#306=CARTESIAN_POINT('',(0.,3.03660011,0.));
#307=DIRECTION('',(-0.9915049,0.0649867,-0.11267102));
#308=DIRECTION('',(-0.10387436,0.12572747,0.98661174));
#309=AXIS2_PLACEMENT_3D('',#306,#307,#308);
#310=PLANE('',#309);
#311=POLY_LOOP('',(#33,#27,#57));
#312=FACE_OUTER_BOUND('',#311,.T.);
#313=FACE_SURFACE('',(#312),#310,.T.);
#314=CARTESIAN_POINT('',(0.94453049,5.76303816,3.5999999));
#315=DIRECTION('',(0.,0.,1.));
#316=DIRECTION('',(0.77641118,-0.63022669,0.));
#317=AXIS2_PLACEMENT_3D('',#314,#315,#316);
#318=PLANE('',#317);
#319=POLY_LOOP('',(#58,#55,#59));
#320=FACE_OUTER_BOUND('',#319,.T.);
#321=FACE_SURFACE('',(#320),#318,.T.);
#322=CARTESIAN_POINT('',(10.67840481,4.35172987,3.51999998));
#323=DIRECTION('',(0.89687228,0.44228963,0.));
#324=DIRECTION('',(-0.43544782,0.88299849,0.17521093));
#325=AXIS2_PLACEMENT_3D('',#322,#323,#324);
#326=PLANE('',#325);
#327=POLY_LOOP('',(#60,#61,#62));
#328=FACE_OUTER_BOUND('',#327,.T.);
#329=FACE_SURFACE('',(#328),#326,.T.);
#330=CARTESIAN_POINT('',(10.91059971,3.48516631,3.51999998));
#331=DIRECTION('',(0.98078519,0.19509077,0.));
#332=DIRECTION('',(-0.19509077,0.98078519,0.));
#333=AXIS2_PLACEMENT_3D('',#330,#331,#332);
#334=PLANE('',#333);
#335=POLY_LOOP('',(#63,#64,#65));
#336=FACE_OUTER_BOUND('',#335,.T.);
#337=FACE_SURFACE('',(#336),#334,.T.);
#338=CARTESIAN_POINT('',(9.22169971,0.0604171,3.5999999));
#339=DIRECTION('',(0.44228911,-0.89687253,0.));
#340=DIRECTION('',(-0.8829987,-0.43544729,-0.17521118));
#341=AXIS2_PLACEMENT_3D('',#338,#339,#340);
#342=PLANE('',#341);
#343=POLY_LOOP('',(#54,#66,#67));
#344=FACE_OUTER_BOUND('',#343,.T.);
#345=FACE_SURFACE('',(#344),#342,.T.);
#346=CARTESIAN_POINT('',(1.31830001,6.01278305,3.5999999));
#347=DIRECTION('',(-0.55557036,0.83146953,0.));
#348=DIRECTION('',(0.,0.,-1.));
#349=AXIS2_PLACEMENT_3D('',#346,#347,#348);
#350=PLANE('',#349);
#351=POLY_LOOP('',(#59,#68,#58));
#352=FACE_OUTER_BOUND('',#351,.T.);
#353=FACE_SURFACE('',(#352),#350,.T.);
#354=CARTESIAN_POINT('',(2.58803368,-0.37059942,3.51999998));
#355=DIRECTION('',(-0.19384806,-0.97453998,-0.11267102));
#356=DIRECTION('',(-0.98078528,0.19509033,0.));
#357=AXIS2_PLACEMENT_3D('',#354,#355,#356);
#358=PLANE('',#357);
#359=POLY_LOOP('',(#43,#69,#70));
#360=FACE_OUTER_BOUND('',#359,.T.);
#361=FACE_SURFACE('',(#360),#358,.T.);
#362=CARTESIAN_POINT('',(0.0604171,1.31830001,3.51999998));
#363=DIRECTION('',(-0.82617509,-0.55203257,-0.11267102));
#364=DIRECTION('',(0.09778266,0.05645486,-0.99360525));
#365=AXIS2_PLACEMENT_3D('',#362,#363,#364);
#366=PLANE('',#365);
#367=POLY_LOOP('',(#71,#72,#40));
#368=FACE_OUTER_BOUND('',#367,.T.);
#369=FACE_SURFACE('',(#368),#366,.T.);
#370=CARTESIAN_POINT('',(0.0604171,4.75489998,3.5999999));
#371=DIRECTION('',(0.,0.,1.));
#372=DIRECTION('',(0.85575104,-0.51738782,0.));
#373=AXIS2_PLACEMENT_3D('',#370,#371,#372);
#374=PLANE('',#373);
#375=POLY_LOOP('',(#73,#55,#74));
#376=FACE_OUTER_BOUND('',#375,.T.);
#377=FACE_SURFACE('',(#376),#374,.T.);
#378=CARTESIAN_POINT('',(0.94453049,0.31016192,3.5999999));
#379=DIRECTION('',(-0.65934578,-0.75183984,0.));
#380=DIRECTION('',(-0.74020955,0.6491463,-0.17521102));
#381=AXIS2_PLACEMENT_3D('',#378,#379,#380);
#382=PLANE('',#381);
#383=POLY_LOOP('',(#75,#39,#76));
#384=FACE_OUTER_BOUND('',#383,.T.);
#385=FACE_SURFACE('',(#384),#382,.T.);
#386=CARTESIAN_POINT('',(3.03660011,0.,0.));
#387=DIRECTION('',(-0.06498664,-0.99150491,-0.11267101));
#388=DIRECTION('',(0.,-0.11290969,0.99360525));
#389=AXIS2_PLACEMENT_3D('',#386,#387,#388);
#390=PLANE('',#389);
#391=POLY_LOOP('',(#42,#36,#43));
#392=FACE_OUTER_BOUND('',#391,.T.);
#393=FACE_SURFACE('',(#392),#390,.T.);
#394=CARTESIAN_POINT('',(9.65060043,0.88939953,0.));
#395=DIRECTION('',(0.74705254,-0.6551471,-0.1126711));
#396=DIRECTION('',(0.65934559,0.75184,0.));
#397=AXIS2_PLACEMENT_3D('',#394,#395,#396);
#398=PLANE('',#397);
#399=POLY_LOOP('',(#23,#77,#24));
#400=FACE_OUTER_BOUND('',#399,.T.);
#401=FACE_SURFACE('',(#400),#398,.T.);
#402=CARTESIAN_POINT('',(2.14714241,-0.28290069,3.51999998));
#403=DIRECTION('',(-0.3214395,-0.94693012,0.));
#404=DIRECTION('',(0.,0.,1.));
#405=AXIS2_PLACEMENT_3D('',#402,#403,#404);
#406=PLANE('',#405);
#407=POLY_LOOP('',(#69,#78,#79));
#408=FACE_OUTER_BOUND('',#407,.T.);
#409=FACE_SURFACE('',(#408),#406,.T.);
#410=CARTESIAN_POINT('',(0.31016192,5.12866974,3.51999998));
#411=DIRECTION('',(-0.74705239,0.65514727,-0.1126711));
#412=DIRECTION('',(0.16235302,0.01545238,-0.98661174));
#413=AXIS2_PLACEMENT_3D('',#410,#411,#412);
#414=PLANE('',#413);
#415=POLY_LOOP('',(#80,#21,#81));
#416=FACE_OUTER_BOUND('',#415,.T.);
#417=FACE_SURFACE('',(#416),#414,.T.);
#418=CARTESIAN_POINT('',(3.03660011,6.07320023,0.));
#419=DIRECTION('',(-0.06498612,0.99150495,-0.11267091));
#420=DIRECTION('',(-0.12572753,0.10387432,0.98661173));
#421=AXIS2_PLACEMENT_3D('',#418,#419,#420);
#422=PLANE('',#421);
#423=POLY_LOOP('',(#82,#83,#84));
#424=FACE_OUTER_BOUND('',#423,.T.);
#425=FACE_SURFACE('',(#424),#422,.T.);
#426=CARTESIAN_POINT('',(-0.37059942,2.58803368,3.51999998));
#427=DIRECTION('',(-0.99785892,-0.06540311,0.));
#428=DIRECTION('',(0.,0.,1.));
#429=AXIS2_PLACEMENT_3D('',#426,#427,#428);
#430=PLANE('',#429);
#431=POLY_LOOP('',(#29,#31,#32));
#432=FACE_OUTER_BOUND('',#431,.T.);
#433=FACE_SURFACE('',(#432),#430,.T.);
#434=CARTESIAN_POINT('',(1.72147012,-0.1384044,3.51999998));
#435=DIRECTION('',(-0.44228869,-0.89687274,0.));
#436=DIRECTION('',(-0.88299893,0.43544689,0.17521102));
#437=AXIS2_PLACEMENT_3D('',#434,#435,#436);
#438=PLANE('',#437);
#439=POLY_LOOP('',(#79,#85,#86));
#440=FACE_OUTER_BOUND('',#439,.T.);
#441=FACE_SURFACE('',(#440),#438,.T.);
#442=CARTESIAN_POINT('',(3.03660011,6.47319984,3.51999998));
#443=DIRECTION('',(-0.06540258,0.99785896,0.));
#444=DIRECTION('',(-0.98242299,-0.06439086,0.17521098));
#445=AXIS2_PLACEMENT_3D('',#442,#443,#444);
#446=PLANE('',#445);
#447=POLY_LOOP('',(#84,#87,#88));
#448=FACE_OUTER_BOUND('',#447,.T.);
#449=FACE_SURFACE('',(#448),#446,.T.);
#450=CARTESIAN_POINT('',(7.89975595,6.04722166,0.));
#451=DIRECTION('',(0.,0.,-1.));
#452=DIRECTION('',(0.75183975,-0.65934588,0.));
#453=AXIS2_PLACEMENT_3D('',#450,#451,#452);
#454=PLANE('',#453);
#455=POLY_LOOP('',(#89,#90,#91));
#456=FACE_OUTER_BOUND('',#455,.T.);
#457=FACE_SURFACE('',(#456),#454,.T.);
#458=CARTESIAN_POINT('',(2.58803368,6.4437995,3.5999999));
#459=DIRECTION('',(0.,0.,1.));
#460=DIRECTION('',(0.65332334,-0.757079,0.));
#461=AXIS2_PLACEMENT_3D('',#458,#459,#460);
#462=PLANE('',#461);
#463=POLY_LOOP('',(#87,#55,#88));
#464=FACE_OUTER_BOUND('',#463,.T.);
#465=FACE_SURFACE('',(#464),#462,.T.);
#466=CARTESIAN_POINT('',(0.88939953,0.88939953,0.));
#467=DIRECTION('',(-0.65514728,-0.7470524,-0.11267101));
#468=DIRECTION('',(0.75183985,-0.65934576,0.));
#469=AXIS2_PLACEMENT_3D('',#466,#467,#468);
#470=PLANE('',#469);
#471=POLY_LOOP('',(#38,#92,#76));
#472=FACE_OUTER_BOUND('',#471,.T.);
#473=FACE_SURFACE('',(#472),#470,.T.);
#474=CARTESIAN_POINT('',(0.94453049,5.76303816,3.5999999));
#475=DIRECTION('',(-0.55557036,0.83146953,0.));
#476=DIRECTION('',(0.81860745,0.54697619,-0.175211));
#477=AXIS2_PLACEMENT_3D('',#474,#475,#476);
#478=PLANE('',#477);
#479=POLY_LOOP('',(#58,#68,#20));
#480=FACE_OUTER_BOUND('',#479,.T.);
#481=FACE_SURFACE('',(#480),#478,.T.);
#482=CARTESIAN_POINT('',(3.03660011,6.07320023,0.));
#483=DIRECTION('',(0.,0.,-1.));
#484=DIRECTION('',(0.95672725,-0.2909862,0.));
#485=AXIS2_PLACEMENT_3D('',#482,#483,#484);
#486=PLANE('',#485);
#487=POLY_LOOP('',(#82,#90,#93));
#488=FACE_OUTER_BOUND('',#487,.T.);
#489=FACE_SURFACE('',(#488),#486,.T.);
#490=CARTESIAN_POINT('',(-0.28290069,3.92605758,3.51999998));
#491=DIRECTION('',(-0.94693012,0.3214395,0.));
#492=DIRECTION('',(0.,0.,1.));
#493=AXIS2_PLACEMENT_3D('',#490,#491,#492);
#494=PLANE('',#493);
#495=POLY_LOOP('',(#94,#95,#96));
#496=FACE_OUTER_BOUND('',#495,.T.);
#497=FACE_SURFACE('',(#496),#494,.T.);
#498=CARTESIAN_POINT('',(2.64024425,6.04722166,0.));
#499=DIRECTION('',(0.,0.,-1.));
#500=DIRECTION('',(0.96161573,-0.27439969,0.));
#501=AXIS2_PLACEMENT_3D('',#498,#499,#500);
#502=PLANE('',#501);
#503=POLY_LOOP('',(#93,#90,#97));
#504=FACE_OUTER_BOUND('',#503,.T.);
#505=FACE_SURFACE('',(#504),#502,.T.);
#506=CARTESIAN_POINT('',(7.95196629,6.4437995,3.51999998));
#507=DIRECTION('',(0.19509077,0.98078519,0.));
#508=DIRECTION('',(0.,0.,1.));
#509=AXIS2_PLACEMENT_3D('',#506,#507,#508);
#510=PLANE('',#509);
#511=POLY_LOOP('',(#98,#99,#49));
#512=FACE_OUTER_BOUND('',#511,.T.);
#513=FACE_SURFACE('',(#512),#510,.T.);
#514=CARTESIAN_POINT('',(0.0604171,1.31830001,3.5999999));
#515=DIRECTION('',(0.,0.,1.));
#516=DIRECTION('',(0.98203248,-0.18871195,0.));
#517=AXIS2_PLACEMENT_3D('',#514,#515,#516);
#518=PLANE('',#517);
#519=POLY_LOOP('',(#100,#55,#101));
#520=FACE_OUTER_BOUND('',#519,.T.);
#521=FACE_SURFACE('',(#520),#518,.T.);
#522=CARTESIAN_POINT('',(10.93999958,3.03660011,3.51999998));
#523=DIRECTION('',(0.99785903,0.06540156,0.));
#524=DIRECTION('',(-0.06438985,0.98242304,0.17521108));
#525=AXIS2_PLACEMENT_3D('',#522,#523,#524);
#526=PLANE('',#525);
#527=POLY_LOOP('',(#102,#65,#103));
#528=FACE_OUTER_BOUND('',#527,.T.);
#529=FACE_SURFACE('',(#528),#526,.T.);
#530=CARTESIAN_POINT('',(1.87454355,0.23114741,0.));
#531=DIRECTION('',(-0.31939261,-0.94090042,-0.11267102));
#532=DIRECTION('',(0.94693014,-0.32143943,0.));
#533=AXIS2_PLACEMENT_3D('',#530,#531,#532);
#534=PLANE('',#533);
#535=POLY_LOOP('',(#104,#70,#79));
#536=FACE_OUTER_BOUND('',#535,.T.);
#537=FACE_SURFACE('',(#536),#534,.T.);
#538=CARTESIAN_POINT('',(-0.1384044,4.35172987,3.51999998));
#539=DIRECTION('',(-0.94693012,0.3214395,0.));
#540=DIRECTION('',(-0.31646712,-0.93228196,0.17521104));
#541=AXIS2_PLACEMENT_3D('',#538,#539,#540);
#542=PLANE('',#541);
#543=POLY_LOOP('',(#96,#95,#105));
#544=FACE_OUTER_BOUND('',#543,.T.);
#545=FACE_SURFACE('',(#544),#542,.T.);
#546=CARTESIAN_POINT('',(0.62750328,4.88516474,0.));
#547=DIRECTION('',(-0.82617525,0.55203232,-0.11267108));
#548=DIRECTION('',(-0.15894713,-0.03651157,0.98661174));
#549=AXIS2_PLACEMENT_3D('',#546,#547,#548);
#550=PLANE('',#549);
#551=POLY_LOOP('',(#81,#106,#80));
#552=FACE_OUTER_BOUND('',#551,.T.);
#553=FACE_SURFACE('',(#552),#550,.T.);
#554=CARTESIAN_POINT('',(0.02597853,2.64024425,0.));
#555=DIRECTION('',(-0.97453998,-0.19384806,-0.11267102));
#556=DIRECTION('',(0.19509033,-0.98078528,0.));
#557=AXIS2_PLACEMENT_3D('',#554,#555,#556);
#558=PLANE('',#557);
#559=POLY_LOOP('',(#34,#107,#29));
#560=FACE_OUTER_BOUND('',#559,.T.);
#561=FACE_SURFACE('',(#560),#558,.T.);
#562=CARTESIAN_POINT('',(0.88939953,0.88939953,0.));
#563=DIRECTION('',(0.,0.,-1.));
#564=DIRECTION('',(0.95590411,0.29367897,0.));
#565=AXIS2_PLACEMENT_3D('',#562,#563,#564);
#566=PLANE('',#565);
#567=POLY_LOOP('',(#38,#90,#92));
#568=FACE_OUTER_BOUND('',#567,.T.);
#569=FACE_SURFACE('',(#568),#566,.T.);
#570=CARTESIAN_POINT('',(0.23114741,4.19865656,0.));
#571=DIRECTION('',(-0.94090039,0.31939271,-0.11267101));
#572=DIRECTION('',(-0.32143952,-0.94693011,0.));
#573=AXIS2_PLACEMENT_3D('',#570,#571,#572);
#574=PLANE('',#573);
#575=POLY_LOOP('',(#108,#109,#96));
#576=FACE_OUTER_BOUND('',#575,.T.);
#577=FACE_SURFACE('',(#576),#574,.T.);
#578=CARTESIAN_POINT('',(10.43653011,2.25067019,0.));
#579=DIRECTION('',(0.,0.,-1.));
#580=DIRECTION('',(0.,1.,0.));
#581=AXIS2_PLACEMENT_3D('',#578,#579,#580);
#582=PLANE('',#581);
#583=POLY_LOOP('',(#110,#90,#111));
#584=FACE_OUTER_BOUND('',#583,.T.);
#585=FACE_SURFACE('',(#584),#582,.T.);
#586=CARTESIAN_POINT('',(8.66545677,0.23114741,0.));
#587=DIRECTION('',(0.,0.,-1.));
#588=DIRECTION('',(0.44228858,0.8968728,0.));
#589=AXIS2_PLACEMENT_3D('',#586,#587,#588);
#590=PLANE('',#589);
#591=POLY_LOOP('',(#112,#90,#113));
#592=FACE_OUTER_BOUND('',#591,.T.);
#593=FACE_SURFACE('',(#592),#590,.T.);
#594=CARTESIAN_POINT('',(-0.40000001,3.03660011,3.51999998));
#595=DIRECTION('',(-0.99785892,-0.06540311,0.));
#596=DIRECTION('',(0.06439138,-0.98242296,0.17521097));
#597=AXIS2_PLACEMENT_3D('',#594,#595,#596);
#598=PLANE('',#597);
#599=POLY_LOOP('',(#32,#31,#28));
#600=FACE_OUTER_BOUND('',#599,.T.);
#601=FACE_SURFACE('',(#600),#598,.T.);
#602=CARTESIAN_POINT('',(1.18803501,5.44569683,0.));
#603=DIRECTION('',(0.,0.,-1.));
#604=DIRECTION('',(0.98494572,-0.17286393,0.));
#605=AXIS2_PLACEMENT_3D('',#602,#603,#604);
#606=PLANE('',#605);
#607=POLY_LOOP('',(#114,#90,#21));
#608=FACE_OUTER_BOUND('',#607,.T.);
#609=FACE_SURFACE('',(#608),#606,.T.);
#610=CARTESIAN_POINT('',(8.81853008,-0.1384044,3.51999998));
#611=DIRECTION('',(0.43947277,-0.89116156,-0.112671));
#612=DIRECTION('',(-0.04320865,0.10431495,-0.99360526));
#613=AXIS2_PLACEMENT_3D('',#610,#611,#612);
#614=PLANE('',#613);
#615=POLY_LOOP('',(#66,#112,#67));
#616=FACE_OUTER_BOUND('',#615,.T.);
#617=FACE_SURFACE('',(#616),#614,.T.);
#618=CARTESIAN_POINT('',(1.51830006,0.40682727,0.));
#619=DIRECTION('',(0.,0.,-1.));
#620=DIRECTION('',(0.93384939,0.35766648,0.));
#621=AXIS2_PLACEMENT_3D('',#618,#619,#620);
#622=PLANE('',#621);
#623=POLY_LOOP('',(#115,#90,#104));
#624=FACE_OUTER_BOUND('',#623,.T.);
#625=FACE_SURFACE('',(#624),#622,.T.);
#626=CARTESIAN_POINT('',(10.91059971,2.58803368,3.51999998));
#627=DIRECTION('',(0.99150501,-0.06498507,-0.11267097));
#628=DIRECTION('',(-0.1119437,0.0147377,-0.99360526));
#629=AXIS2_PLACEMENT_3D('',#626,#627,#628);
#630=PLANE('',#629);
#631=POLY_LOOP('',(#116,#111,#102));
#632=FACE_OUTER_BOUND('',#631,.T.);
#633=FACE_SURFACE('',(#632),#630,.T.);
#634=CARTESIAN_POINT('',(3.03660011,6.47319984,3.51999998));
#635=DIRECTION('',(0.,1.,0.));
#636=DIRECTION('',(0.,0.,1.));
#637=AXIS2_PLACEMENT_3D('',#634,#635,#636);
#638=PLANE('',#637);
#639=POLY_LOOP('',(#84,#88,#117));
#640=FACE_OUTER_BOUND('',#639,.T.);
#641=FACE_SURFACE('',(#640),#638,.T.);
#642=CARTESIAN_POINT('',(8.81853008,-0.1384044,3.5999999));
#643=DIRECTION('',(0.32143934,-0.94693017,0.));
#644=DIRECTION('',(-0.94693017,-0.32143934,0.));
#645=AXIS2_PLACEMENT_3D('',#642,#643,#644);
#646=PLANE('',#645);
#647=POLY_LOOP('',(#56,#55,#66));
#648=FACE_OUTER_BOUND('',#647,.T.);
#649=FACE_SURFACE('',(#648),#646,.T.);
#650=CARTESIAN_POINT('',(8.39285755,6.35610056,3.5999999));
#651=DIRECTION('',(0.,0.,1.));
#652=DIRECTION('',(0.,-1.,0.));
#653=AXIS2_PLACEMENT_3D('',#650,#651,#652);
#654=PLANE('',#653);
#655=POLY_LOOP('',(#118,#55,#119));
#656=FACE_OUTER_BOUND('',#655,.T.);
#657=FACE_SURFACE('',(#656),#654,.T.);
#658=CARTESIAN_POINT('',(10.22983837,5.12866974,3.5999999));
#659=DIRECTION('',(0.,0.,1.));
#660=DIRECTION('',(-0.3214395,-0.94693012,0.));
#661=AXIS2_PLACEMENT_3D('',#658,#659,#660);
#662=PLANE('',#661);
#663=POLY_LOOP('',(#52,#55,#61));
#664=FACE_OUTER_BOUND('',#663,.T.);
#665=FACE_SURFACE('',(#664),#662,.T.);
#666=CARTESIAN_POINT('',(9.91249657,1.18803501,0.));
#667=DIRECTION('',(0.82617468,-0.55203321,-0.11267093));
#668=DIRECTION('',(0.55557088,0.83146918,0.));
#669=AXIS2_PLACEMENT_3D('',#666,#667,#668);
#670=PLANE('',#669);
#671=POLY_LOOP('',(#77,#120,#121));
#672=FACE_OUTER_BOUND('',#671,.T.);
#673=FACE_SURFACE('',(#672),#670,.T.);
#674=CARTESIAN_POINT('',(10.67840481,1.72147012,3.5999999));
#675=DIRECTION('',(0.89687228,-0.44228963,0.));
#676=DIRECTION('',(-0.44228963,-0.89687228,0.));
#677=AXIS2_PLACEMENT_3D('',#674,#675,#676);
#678=PLANE('',#677);
#679=POLY_LOOP('',(#122,#123,#124));
#680=FACE_OUTER_BOUND('',#679,.T.);
#681=FACE_SURFACE('',(#680),#678,.T.);
#682=CARTESIAN_POINT('',(8.39285755,6.35610056,3.51999998));
#683=DIRECTION('',(0.19509077,0.98078519,0.));
#684=DIRECTION('',(-0.96561334,0.1920729,0.17521099));
#685=AXIS2_PLACEMENT_3D('',#682,#683,#684);
#686=PLANE('',#685);
#687=POLY_LOOP('',(#49,#99,#118));
#688=FACE_OUTER_BOUND('',#687,.T.);
#689=FACE_SURFACE('',(#688),#686,.T.);
#690=CARTESIAN_POINT('',(0.31016192,0.94453049,3.51999998));
#691=DIRECTION('',(-0.82617515,-0.55203248,-0.11267101));
#692=DIRECTION('',(0.02709408,0.1608204,-0.98661173));
#693=AXIS2_PLACEMENT_3D('',#690,#691,#692);
#694=PLANE('',#693);
#695=POLY_LOOP('',(#40,#72,#125));
#696=FACE_OUTER_BOUND('',#695,.T.);
#697=FACE_SURFACE('',(#696),#694,.T.);
#698=CARTESIAN_POINT('',(1.72147012,-0.1384044,3.5999999));
#699=DIRECTION('',(-0.44228869,-0.89687274,0.));
#700=DIRECTION('',(-0.89687274,0.44228869,0.));
#701=AXIS2_PLACEMENT_3D('',#698,#699,#700);
#702=PLANE('',#701);
#703=POLY_LOOP('',(#126,#85,#79));
#704=FACE_OUTER_BOUND('',#703,.T.);
#705=FACE_SURFACE('',(#704),#702,.T.);
#706=CARTESIAN_POINT('',(7.50339985,0.,0.));
#707=DIRECTION('',(0.06498664,-0.99150491,-0.11267101));
#708=DIRECTION('',(0.12572753,-0.10387436,0.98661173));
#709=AXIS2_PLACEMENT_3D('',#706,#707,#708);
#710=PLANE('',#709);
#711=POLY_LOOP('',(#41,#127,#128));
#712=FACE_OUTER_BOUND('',#711,.T.);
#713=FACE_SURFACE('',(#712),#710,.T.);
#714=CARTESIAN_POINT('',(2.14714241,6.35610056,3.5999999));
#715=DIRECTION('',(0.,0.,1.));
#716=DIRECTION('',(0.68520431,-0.72835091,0.));
#717=AXIS2_PLACEMENT_3D('',#714,#715,#716);
#718=PLANE('',#717);
#719=POLY_LOOP('',(#129,#55,#87));
#720=FACE_OUTER_BOUND('',#719,.T.);
#721=FACE_SURFACE('',(#720),#718,.T.);
#722=CARTESIAN_POINT('',(8.39285755,-0.28290069,3.51999998));
#723=DIRECTION('',(0.19509033,-0.98078528,0.));
#724=DIRECTION('',(0.,0.,1.));
#725=AXIS2_PLACEMENT_3D('',#722,#723,#724);
#726=PLANE('',#725);
#727=POLY_LOOP('',(#130,#55,#127));
#728=FACE_OUTER_BOUND('',#727,.T.);
#729=FACE_SURFACE('',(#728),#726,.T.);
#730=CARTESIAN_POINT('',(7.95196629,-0.37059942,3.51999998));
#731=DIRECTION('',(0.19384829,-0.97453994,-0.112671));
#732=DIRECTION('',(-0.01473763,0.11194373,-0.99360526));
#733=AXIS2_PLACEMENT_3D('',#730,#731,#732);
#734=PLANE('',#733);
#735=POLY_LOOP('',(#127,#131,#132));
#736=FACE_OUTER_BOUND('',#735,.T.);
#737=FACE_SURFACE('',(#736),#734,.T.);
#738=CARTESIAN_POINT('',(-0.37059942,3.48516631,3.51999998));
#739=DIRECTION('',(-0.98078528,0.19509033,0.));
#740=DIRECTION('',(0.19207246,0.96561342,0.175211));
#741=AXIS2_PLACEMENT_3D('',#738,#739,#740);
#742=PLANE('',#741);
#743=POLY_LOOP('',(#27,#95,#94));
#744=FACE_OUTER_BOUND('',#743,.T.);
#745=FACE_SURFACE('',(#744),#742,.T.);
#746=CARTESIAN_POINT('',(0.23114741,4.19865656,0.));
#747=DIRECTION('',(0.,0.,-1.));
#748=DIRECTION('',(0.99932152,-0.03683069,0.));
#749=AXIS2_PLACEMENT_3D('',#746,#747,#748);
#750=PLANE('',#749);
#751=POLY_LOOP('',(#108,#90,#109));
#752=FACE_OUTER_BOUND('',#751,.T.);
#753=FACE_SURFACE('',(#752),#750,.T.);
#754=CARTESIAN_POINT('',(0.0604171,4.75489998,3.51999998));
#755=DIRECTION('',(-0.89116177,0.43947235,-0.11267099));
#756=DIRECTION('',(0.09778266,-0.05645479,-0.99360526));
#757=AXIS2_PLACEMENT_3D('',#754,#755,#756);
#758=PLANE('',#757);
#759=POLY_LOOP('',(#106,#133,#96));
#760=FACE_OUTER_BOUND('',#759,.T.);
#761=FACE_SURFACE('',(#760),#758,.T.);
#762=CARTESIAN_POINT('',(0.94453049,0.31016192,3.51999998));
#763=DIRECTION('',(-0.6551473,-0.74705238,-0.11267101));
#764=DIRECTION('',(-0.75183984,0.65934578,0.));
#765=AXIS2_PLACEMENT_3D('',#762,#763,#764);
#766=PLANE('',#765);
#767=POLY_LOOP('',(#76,#39,#38));
#768=FACE_OUTER_BOUND('',#767,.T.);
#769=FACE_SURFACE('',(#768),#766,.T.);
#770=CARTESIAN_POINT('',(10.51402187,2.64024425,0.));
#771=DIRECTION('',(0.,0.,-1.));
#772=DIRECTION('',(-0.06540368,0.99785889,0.));
#773=AXIS2_PLACEMENT_3D('',#770,#771,#772);
#774=PLANE('',#773);
#775=POLY_LOOP('',(#111,#90,#134));
#776=FACE_OUTER_BOUND('',#775,.T.);
#777=FACE_SURFACE('',(#776),#774,.T.);
#778=CARTESIAN_POINT('',(1.72147012,6.2116046,3.5999999));
#779=DIRECTION('',(-0.32143885,0.94693034,0.));
#780=DIRECTION('',(0.94693034,0.32143885,0.));
#781=AXIS2_PLACEMENT_3D('',#778,#779,#780);
#782=PLANE('',#781);
#783=POLY_LOOP('',(#135,#129,#136));
#784=FACE_OUTER_BOUND('',#783,.T.);
#785=FACE_SURFACE('',(#784),#782,.T.);
#786=CARTESIAN_POINT('',(10.3088522,4.19865656,0.));
#787=DIRECTION('',(0.,0.,-1.));
#788=DIRECTION('',(0.32143984,-0.94693,0.));
#789=AXIS2_PLACEMENT_3D('',#786,#787,#788);
#790=PLANE('',#789);
#791=POLY_LOOP('',(#137,#90,#138));
#792=FACE_OUTER_BOUND('',#791,.T.);
#793=FACE_SURFACE('',(#792),#790,.T.);
#794=CARTESIAN_POINT('',(1.72147012,6.2116046,3.51999998));
#795=DIRECTION('',(-0.44228878,0.8968727,0.));
#796=DIRECTION('',(-0.8968727,-0.44228878,0.));
#797=AXIS2_PLACEMENT_3D('',#794,#795,#796);
#798=PLANE('',#797);
#799=POLY_LOOP('',(#136,#68,#135));
#800=FACE_OUTER_BOUND('',#799,.T.);
#801=FACE_SURFACE('',(#800),#798,.T.);
#802=CARTESIAN_POINT('',(9.02169991,0.40682727,0.));
#803=DIRECTION('',(0.55203233,-0.82617526,-0.11267099));
#804=DIRECTION('',(0.1608204,-0.02709408,0.98661173));
#805=AXIS2_PLACEMENT_3D('',#802,#803,#804);
#806=PLANE('',#805);
#807=POLY_LOOP('',(#113,#45,#67));
#808=FACE_OUTER_BOUND('',#807,.T.);
#809=FACE_SURFACE('',(#808),#806,.T.);
#810=CARTESIAN_POINT('',(9.22169971,0.0604171,3.51999998));
#811=DIRECTION('',(0.55557001,-0.83146976,0.));
#812=DIRECTION('',(0.83146976,0.55557001,0.));
#813=AXIS2_PLACEMENT_3D('',#810,#811,#812);
#814=PLANE('',#813);
#815=POLY_LOOP('',(#67,#45,#54));
#816=FACE_OUTER_BOUND('',#815,.T.);
#817=FACE_SURFACE('',(#816),#814,.T.);
#818=CARTESIAN_POINT('',(7.95196629,-0.37059942,3.51999998));
#819=DIRECTION('',(0.19509033,-0.98078528,0.));
#820=DIRECTION('',(0.96561342,0.19207246,0.175211));
#821=AXIS2_PLACEMENT_3D('',#818,#819,#820);
#822=PLANE('',#821);
#823=POLY_LOOP('',(#127,#55,#139));
#824=FACE_OUTER_BOUND('',#823,.T.);
#825=FACE_SURFACE('',(#824),#822,.T.);
#826=CARTESIAN_POINT('',(1.72147012,6.2116046,3.51999998));
#827=DIRECTION('',(-0.31939204,0.94090061,-0.1126711));
#828=DIRECTION('',(0.94693034,0.32143885,0.));
#829=AXIS2_PLACEMENT_3D('',#826,#827,#828);
#830=PLANE('',#829);
#831=POLY_LOOP('',(#136,#140,#141));
#832=FACE_OUTER_BOUND('',#831,.T.);
#833=FACE_SURFACE('',(#832),#830,.T.);
#834=CARTESIAN_POINT('',(1.87454355,5.84205246,0.));
#835=DIRECTION('',(-0.43947243,0.89116172,-0.1126711));
#836=DIRECTION('',(-0.15590807,0.04785364,0.98661173));
#837=AXIS2_PLACEMENT_3D('',#834,#835,#836);
#838=PLANE('',#837);
#839=POLY_LOOP('',(#141,#68,#136));
#840=FACE_OUTER_BOUND('',#839,.T.);
#841=FACE_SURFACE('',(#840),#838,.T.);
#842=CARTESIAN_POINT('',(0.62750328,4.88516474,0.));
#843=DIRECTION('',(0.,0.,-1.));
#844=DIRECTION('',(0.9941832,-0.10770218,0.));
#845=AXIS2_PLACEMENT_3D('',#842,#843,#844);
#846=PLANE('',#845);
#847=POLY_LOOP('',(#81,#90,#133));
#848=FACE_OUTER_BOUND('',#847,.T.);
#849=FACE_SURFACE('',(#848),#846,.T.);
#850=CARTESIAN_POINT('',(8.39285755,6.35610056,3.51999998));
#851=DIRECTION('',(0.1938485,0.97453989,-0.112671));
#852=DIRECTION('',(-0.02922329,-0.10906234,-0.99360526));
#853=AXIS2_PLACEMENT_3D('',#850,#851,#852);
#854=PLANE('',#853);
#855=POLY_LOOP('',(#49,#142,#98));
#856=FACE_OUTER_BOUND('',#855,.T.);
#857=FACE_SURFACE('',(#856),#854,.T.);
#858=CARTESIAN_POINT('',(0.60655683,0.60655683,3.5999999));
#859=DIRECTION('',(-0.65934578,-0.75183984,0.));
#860=DIRECTION('',(0.,0.,-1.));
#861=AXIS2_PLACEMENT_3D('',#858,#859,#860);
#862=PLANE('',#861);
#863=POLY_LOOP('',(#143,#39,#75));
#864=FACE_OUTER_BOUND('',#863,.T.);
#865=FACE_SURFACE('',(#864),#862,.T.);
#866=CARTESIAN_POINT('',(-0.1384044,4.35172987,3.51999998));
#867=DIRECTION('',(-0.9409004,0.31939269,-0.112671));
#868=DIRECTION('',(0.06779425,-0.14832806,-0.98661174));
#869=AXIS2_PLACEMENT_3D('',#866,#867,#868);
#870=PLANE('',#869);
#871=POLY_LOOP('',(#96,#109,#94));
#872=FACE_OUTER_BOUND('',#871,.T.);
#873=FACE_SURFACE('',(#872),#870,.T.);
#874=CARTESIAN_POINT('',(-0.37059942,2.58803368,3.5999999));
#875=DIRECTION('',(-0.98078528,-0.19509033,0.));
#876=DIRECTION('',(0.19207246,-0.96561342,-0.175211));
#877=AXIS2_PLACEMENT_3D('',#874,#875,#876);
#878=PLANE('',#877);
#879=POLY_LOOP('',(#31,#30,#144));
#880=FACE_OUTER_BOUND('',#879,.T.);
#881=FACE_SURFACE('',(#880),#878,.T.);
#882=CARTESIAN_POINT('',(10.67840481,1.72147012,3.5999999));
#883=DIRECTION('',(0.,0.,1.));
#884=DIRECTION('',(-0.75183986,-0.65934575,0.));
#885=AXIS2_PLACEMENT_3D('',#882,#883,#884);
#886=PLANE('',#885);
#887=POLY_LOOP('',(#122,#55,#123));
#888=FACE_OUTER_BOUND('',#887,.T.);
#889=FACE_SURFACE('',(#888),#886,.T.);
#890=CARTESIAN_POINT('',(-0.1384044,1.72147012,3.51999998));
#891=DIRECTION('',(-0.94090042,-0.31939261,-0.11267102));
#892=DIRECTION('',(0.06779425,0.14832813,-0.98661173));
#893=AXIS2_PLACEMENT_3D('',#890,#891,#892);
#894=PLANE('',#893);
#895=POLY_LOOP('',(#145,#107,#146));
#896=FACE_OUTER_BOUND('',#895,.T.);
#897=FACE_SURFACE('',(#896),#894,.T.);
#898=CARTESIAN_POINT('',(-0.28290069,2.14714241,3.51999998));
#899=DIRECTION('',(-0.94090039,-0.31939269,-0.11267103));
#900=DIRECTION('',(0.10906238,0.02922322,-0.99360525));
#901=AXIS2_PLACEMENT_3D('',#898,#899,#900);
#902=PLANE('',#901);
#903=POLY_LOOP('',(#30,#107,#145));
#904=FACE_OUTER_BOUND('',#903,.T.);
#905=FACE_SURFACE('',(#904),#902,.T.);
#906=CARTESIAN_POINT('',(0.94453049,0.31016192,3.51999998));
#907=DIRECTION('',(-0.55203257,-0.82617509,-0.11267102));
#908=DIRECTION('',(0.1608204,0.02709408,-0.98661173));
#909=AXIS2_PLACEMENT_3D('',#906,#907,#908);
#910=PLANE('',#909);
#911=POLY_LOOP('',(#76,#115,#86));
#912=FACE_OUTER_BOUND('',#911,.T.);
#913=FACE_SURFACE('',(#912),#910,.T.);
#914=CARTESIAN_POINT('',(10.47958279,4.75489998,3.51999998));
#915=DIRECTION('',(0.82617565,0.5520317,-0.11267118));
#916=DIRECTION('',(-0.15894714,0.03651157,-0.98661173));
#917=AXIS2_PLACEMENT_3D('',#914,#915,#916);
#918=PLANE('',#917);
#919=POLY_LOOP('',(#147,#148,#149));
#920=FACE_OUTER_BOUND('',#919,.T.);
#921=FACE_SURFACE('',(#920),#918,.T.);
#922=CARTESIAN_POINT('',(10.91059971,2.58803368,3.51999998));
#923=DIRECTION('',(0.97453989,-0.1938485,-0.11267098));
#924=DIRECTION('',(-0.19509077,-0.98078519,0.));
#925=AXIS2_PLACEMENT_3D('',#922,#923,#924);
#926=PLANE('',#925);
#927=POLY_LOOP('',(#116,#150,#111));
#928=FACE_OUTER_BOUND('',#927,.T.);
#929=FACE_SURFACE('',(#928),#926,.T.);
#930=CARTESIAN_POINT('',(8.81853008,-0.1384044,3.51999998));
#931=DIRECTION('',(0.32143934,-0.94693017,0.));
#932=DIRECTION('',(-0.93228203,-0.31646697,0.17521096));
#933=AXIS2_PLACEMENT_3D('',#930,#931,#932);
#934=PLANE('',#933);
#935=POLY_LOOP('',(#66,#55,#130));
#936=FACE_OUTER_BOUND('',#935,.T.);
#937=FACE_SURFACE('',(#936),#934,.T.);
#938=CARTESIAN_POINT('',(7.50339985,6.47319984,3.51999998));
#939=DIRECTION('',(0.,0.99360527,-0.11290958));
#940=DIRECTION('',(-0.78349597,-0.07016166,-0.6174232));
#941=AXIS2_PLACEMENT_3D('',#938,#939,#940);
#942=PLANE('',#941);
#943=POLY_LOOP('',(#117,#82,#84));
#944=FACE_OUTER_BOUND('',#943,.T.);
#945=FACE_SURFACE('',(#944),#942,.T.);
#946=CARTESIAN_POINT('',(7.50339985,6.47319984,3.51999998));
#947=DIRECTION('',(0.06498612,0.99150495,-0.11267091));
#948=DIRECTION('',(0.99785896,-0.06540258,0.));
#949=AXIS2_PLACEMENT_3D('',#946,#947,#948);
#950=PLANE('',#949);
#951=POLY_LOOP('',(#117,#98,#91));
#952=FACE_OUTER_BOUND('',#951,.T.);
#953=FACE_SURFACE('',(#952),#950,.T.);
#954=CARTESIAN_POINT('',(-0.28290069,2.14714241,3.5999999));
#955=DIRECTION('',(0.,0.,1.));
#956=DIRECTION('',(0.96294007,-0.26971543,0.));
#957=AXIS2_PLACEMENT_3D('',#954,#955,#956);
#958=PLANE('',#957);
#959=POLY_LOOP('',(#144,#55,#31));
#960=FACE_OUTER_BOUND('',#959,.T.);
#961=FACE_SURFACE('',(#960),#958,.T.);
#962=CARTESIAN_POINT('',(10.82290077,3.92605758,3.5999999));
#963=DIRECTION('',(0.,0.,1.));
#964=DIRECTION('',(-0.5,-0.8660254,0.));
#965=AXIS2_PLACEMENT_3D('',#962,#963,#964);
#966=PLANE('',#965);
#967=POLY_LOOP('',(#151,#55,#65));
#968=FACE_OUTER_BOUND('',#967,.T.);
#969=FACE_SURFACE('',(#968),#966,.T.);
#970=CARTESIAN_POINT('',(10.22983837,0.94453049,3.51999998));
#971=DIRECTION('',(0.75183941,-0.65934627,0.));
#972=DIRECTION('',(-0.64914679,-0.74020914,0.17521092));
#973=AXIS2_PLACEMENT_3D('',#970,#971,#972);
#974=PLANE('',#973);
#975=POLY_LOOP('',(#24,#152,#25));
#976=FACE_OUTER_BOUND('',#975,.T.);
#977=FACE_SURFACE('',(#976),#974,.T.);
#978=CARTESIAN_POINT('',(7.50339985,-0.40000001,3.51999998));
#979=DIRECTION('',(0.06540311,-0.99785892,0.));
#980=DIRECTION('',(0.98242296,0.06439138,0.17521097));
#981=AXIS2_PLACEMENT_3D('',#978,#979,#980);
#982=PLANE('',#981);
#983=POLY_LOOP('',(#128,#139,#37));
#984=FACE_OUTER_BOUND('',#983,.T.);
#985=FACE_SURFACE('',(#984),#982,.T.);
#986=CARTESIAN_POINT('',(0.40682727,4.55490017,0.));
#987=DIRECTION('',(0.,0.,-1.));
#988=DIRECTION('',(0.99734464,-0.07282623,0.));
#989=AXIS2_PLACEMENT_3D('',#986,#987,#988);
#990=PLANE('',#989);
#991=POLY_LOOP('',(#133,#90,#108));
#992=FACE_OUTER_BOUND('',#991,.T.);
#993=FACE_SURFACE('',(#992),#990,.T.);
#994=CARTESIAN_POINT('',(9.93344307,5.46664333,3.51999998));
#995=DIRECTION('',(0.74705189,0.65514784,-0.11267108));
#996=DIRECTION('',(0.65934634,-0.75183935,0.));
#997=AXIS2_PLACEMENT_3D('',#994,#995,#996);
#998=PLANE('',#997);
#999=POLY_LOOP('',(#53,#149,#153));
#1000=FACE_OUTER_BOUND('',#999,.T.);
#1001=FACE_SURFACE('',(#1000),#998,.T.);
#1002=CARTESIAN_POINT('',(8.81853008,6.2116046,3.51999998));
#1003=DIRECTION('',(0.32143869,0.94693039,0.));
#1004=DIRECTION('',(-0.93228224,0.31646632,0.175211));
#1005=AXIS2_PLACEMENT_3D('',#1002,#1003,#1004);
#1006=PLANE('',#1005);
#1007=POLY_LOOP('',(#47,#118,#119));
#1008=FACE_OUTER_BOUND('',#1007,.T.);
#1009=FACE_SURFACE('',(#1008),#1006,.T.);
#1010=CARTESIAN_POINT('',(10.67840481,4.35172987,3.5999999));
#1011=DIRECTION('',(0.,0.,1.));
#1012=DIRECTION('',(-0.44228875,-0.89687271,0.));
#1013=AXIS2_PLACEMENT_3D('',#1010,#1011,#1012);
#1014=PLANE('',#1013);
#1015=POLY_LOOP('',(#62,#55,#151));
#1016=FACE_OUTER_BOUND('',#1015,.T.);
#1017=FACE_SURFACE('',(#1016),#1014,.T.);
#1018=CARTESIAN_POINT('',(8.28932953,0.10346963,0.));
#1019=DIRECTION('',(0.,0.,-1.));
#1020=DIRECTION('',(0.50000001,0.8660254,0.));
#1021=AXIS2_PLACEMENT_3D('',#1018,#1019,#1020);
#1022=PLANE('',#1021);
#1023=POLY_LOOP('',(#132,#90,#112));
#1024=FACE_OUTER_BOUND('',#1023,.T.);
#1025=FACE_SURFACE('',(#1024),#1022,.T.);
#1026=CARTESIAN_POINT('',(9.59546947,0.31016192,3.5999999));
#1027=DIRECTION('',(0.,0.,1.));
#1028=DIRECTION('',(-0.89687273,-0.44228871,0.));
#1029=AXIS2_PLACEMENT_3D('',#1026,#1027,#1028);
#1030=PLANE('',#1029);
#1031=POLY_LOOP('',(#154,#55,#54));
#1032=FACE_OUTER_BOUND('',#1031,.T.);
#1033=FACE_SURFACE('',(#1032),#1030,.T.);
#1034=CARTESIAN_POINT('',(7.95196629,6.4437995,3.51999998));
#1035=DIRECTION('',(0.0649867,0.99150491,-0.11267098));
#1036=DIRECTION('',(-0.01473763,-0.1119437,-0.99360526));
#1037=AXIS2_PLACEMENT_3D('',#1034,#1035,#1036);
#1038=PLANE('',#1037);
#1039=POLY_LOOP('',(#98,#89,#91));
#1040=FACE_OUTER_BOUND('',#1039,.T.);
#1041=FACE_SURFACE('',(#1040),#1038,.T.);
#1042=CARTESIAN_POINT('',(9.02169991,0.40682727,0.));
#1043=DIRECTION('',(0.,0.,-1.));
#1044=DIRECTION('',(0.38268339,0.92387955,0.));
#1045=AXIS2_PLACEMENT_3D('',#1042,#1043,#1044);
#1046=PLANE('',#1045);
#1047=POLY_LOOP('',(#113,#90,#46));
#1048=FACE_OUTER_BOUND('',#1047,.T.);
#1049=FACE_SURFACE('',(#1048),#1046,.T.);
#1050=CARTESIAN_POINT('',(7.95196629,-0.37059942,3.51999998));
#1051=DIRECTION('',(0.19384806,-0.97453998,-0.11267103));
#1052=DIRECTION('',(0.09455868,0.1328756,-0.98661174));
#1053=AXIS2_PLACEMENT_3D('',#1050,#1051,#1052);
#1054=PLANE('',#1053);
#1055=POLY_LOOP('',(#127,#132,#130));
#1056=FACE_OUTER_BOUND('',#1055,.T.);
#1057=FACE_SURFACE('',(#1056),#1054,.T.);
#1058=CARTESIAN_POINT('',(2.64024425,0.02597853,0.));
#1059=DIRECTION('',(0.,0.,-1.));
#1060=DIRECTION('',(0.89906428,0.43781666,0.));
#1061=AXIS2_PLACEMENT_3D('',#1058,#1059,#1060);
#1062=PLANE('',#1061);
#1063=POLY_LOOP('',(#44,#90,#42));
#1064=FACE_OUTER_BOUND('',#1063,.T.);
#1065=FACE_SURFACE('',(#1064),#1062,.T.);
#1066=CARTESIAN_POINT('',(7.95196629,6.4437995,3.5999999));
#1067=DIRECTION('',(0.,0.,1.));
#1068=DIRECTION('',(0.06540314,-0.99785892,0.));
#1069=AXIS2_PLACEMENT_3D('',#1066,#1067,#1068);
#1070=PLANE('',#1069);
#1071=POLY_LOOP('',(#99,#55,#118));
#1072=FACE_OUTER_BOUND('',#1071,.T.);
#1073=FACE_SURFACE('',(#1072),#1070,.T.);
#1074=CARTESIAN_POINT('',(9.35196495,0.62750328,0.));
#1075=DIRECTION('',(0.55203248,-0.82617515,-0.11267101));
#1076=DIRECTION('',(0.06873505,-0.08957728,0.99360526));
#1077=AXIS2_PLACEMENT_3D('',#1074,#1075,#1076);
#1078=PLANE('',#1077);
#1079=POLY_LOOP('',(#46,#45,#113));
#1080=FACE_OUTER_BOUND('',#1079,.T.);
#1081=FACE_SURFACE('',(#1080),#1078,.T.);
#1082=CARTESIAN_POINT('',(2.58803368,6.4437995,3.51999998));
#1083=DIRECTION('',(-0.1938485,0.97453989,-0.11267098));
#1084=DIRECTION('',(-0.09455874,-0.13287561,-0.98661174));
#1085=AXIS2_PLACEMENT_3D('',#1082,#1083,#1084);
#1086=PLANE('',#1085);
#1087=POLY_LOOP('',(#83,#97,#140));
#1088=FACE_OUTER_BOUND('',#1087,.T.);
#1089=FACE_SURFACE('',(#1088),#1086,.T.);
#1090=CARTESIAN_POINT('',(10.67840481,1.72147012,3.51999998));
#1091=DIRECTION('',(0.94693034,-0.32143885,0.));
#1092=DIRECTION('',(0.32143885,0.94693034,0.));
#1093=AXIS2_PLACEMENT_3D('',#1090,#1091,#1092);
#1094=PLANE('',#1093);
#1095=POLY_LOOP('',(#124,#150,#122));
#1096=FACE_OUTER_BOUND('',#1095,.T.);
#1097=FACE_SURFACE('',(#1096),#1094,.T.);
#1098=CARTESIAN_POINT('',(2.58803368,-0.37059942,3.51999998));
#1099=DIRECTION('',(-0.19509033,-0.98078528,0.));
#1100=DIRECTION('',(0.,0.,1.));
#1101=AXIS2_PLACEMENT_3D('',#1098,#1099,#1100);
#1102=PLANE('',#1101);
#1103=POLY_LOOP('',(#43,#155,#69));
#1104=FACE_OUTER_BOUND('',#1103,.T.);
#1105=FACE_SURFACE('',(#1104),#1102,.T.);
#1106=CARTESIAN_POINT('',(1.72147012,6.2116046,3.5999999));
#1107=DIRECTION('',(0.,0.,1.));
#1108=DIRECTION('',(0.71654201,-0.69754394,0.));
#1109=AXIS2_PLACEMENT_3D('',#1106,#1107,#1108);
#1110=PLANE('',#1109);
#1111=POLY_LOOP('',(#135,#55,#129));
#1112=FACE_OUTER_BOUND('',#1111,.T.);
#1113=FACE_SURFACE('',(#1112),#1110,.T.);
#1114=CARTESIAN_POINT('',(10.22983837,5.12866974,3.5999999));
#1115=DIRECTION('',(0.83147018,0.55556938,0.));
#1116=DIRECTION('',(0.55556938,-0.83147018,0.));
#1117=AXIS2_PLACEMENT_3D('',#1114,#1115,#1116);
#1118=PLANE('',#1117);
#1119=POLY_LOOP('',(#52,#61,#149));
#1120=FACE_OUTER_BOUND('',#1119,.T.);
#1121=FACE_SURFACE('',(#1120),#1118,.T.);
#1122=CARTESIAN_POINT('',(1.72147012,6.2116046,3.5999999));
#1123=DIRECTION('',(-0.44228878,0.8968727,0.));
#1124=DIRECTION('',(-0.88299889,-0.43544697,-0.17521101));
#1125=AXIS2_PLACEMENT_3D('',#1122,#1123,#1124);
#1126=PLANE('',#1125);
#1127=POLY_LOOP('',(#135,#68,#59));
#1128=FACE_OUTER_BOUND('',#1127,.T.);
#1129=FACE_SURFACE('',(#1128),#1126,.T.);
#1130=CARTESIAN_POINT('',(10.82290077,3.92605758,3.51999998));
#1131=DIRECTION('',(0.94090061,0.31939204,-0.1126711));
#1132=DIRECTION('',(-0.10906248,-0.02922316,-0.99360525));
#1133=AXIS2_PLACEMENT_3D('',#1130,#1131,#1132);
#1134=PLANE('',#1133);
#1135=POLY_LOOP('',(#64,#90,#60));
#1136=FACE_OUTER_BOUND('',#1135,.T.);
#1137=FACE_SURFACE('',(#1136),#1134,.T.);
#1138=CARTESIAN_POINT('',(8.81853008,6.2116046,3.51999998));
#1139=DIRECTION('',(0.4422892,0.89687249,0.));
#1140=DIRECTION('',(0.88299866,-0.43544737,0.17521118));
#1141=AXIS2_PLACEMENT_3D('',#1138,#1139,#1140);
#1142=PLANE('',#1141);
#1143=POLY_LOOP('',(#47,#156,#50));
#1144=FACE_OUTER_BOUND('',#1143,.T.);
#1145=FACE_SURFACE('',(#1144),#1142,.T.);
#1146=CARTESIAN_POINT('',(0.31016192,5.12866974,3.51999998));
#1147=DIRECTION('',(-0.75183978,0.65934585,0.));
#1148=DIRECTION('',(0.64914636,0.74020949,0.17521103));
#1149=AXIS2_PLACEMENT_3D('',#1146,#1147,#1148);
#1150=PLANE('',#1149);
#1151=POLY_LOOP('',(#80,#157,#22));
#1152=FACE_OUTER_BOUND('',#1151,.T.);
#1153=FACE_SURFACE('',(#1152),#1150,.T.);
#1154=CARTESIAN_POINT('',(1.31830001,6.01278305,3.51999998));
#1155=DIRECTION('',(-0.55203268,0.82617502,-0.112671));
#1156=DIRECTION('',(-0.03651164,-0.15894714,-0.98661173));
#1157=AXIS2_PLACEMENT_3D('',#1154,#1155,#1156);
#1158=PLANE('',#1157);
#1159=POLY_LOOP('',(#68,#114,#20));
#1160=FACE_OUTER_BOUND('',#1159,.T.);
#1161=FACE_SURFACE('',(#1160),#1158,.T.);
#1162=CARTESIAN_POINT('',(-0.1384044,4.35172987,3.5999999));
#1163=DIRECTION('',(-0.89687274,0.44228869,0.));
#1164=DIRECTION('',(0.44228869,0.89687274,0.));
#1165=AXIS2_PLACEMENT_3D('',#1162,#1163,#1164);
#1166=PLANE('',#1165);
#1167=POLY_LOOP('',(#105,#73,#96));
#1168=FACE_OUTER_BOUND('',#1167,.T.);
#1169=FACE_SURFACE('',(#1168),#1166,.T.);
#1170=CARTESIAN_POINT('',(1.72147012,-0.1384044,3.51999998));
#1171=DIRECTION('',(-0.3214395,-0.94693012,0.));
#1172=DIRECTION('',(0.93228196,-0.31646712,0.17521104));
#1173=AXIS2_PLACEMENT_3D('',#1170,#1171,#1172);
#1174=PLANE('',#1173);
#1175=POLY_LOOP('',(#79,#78,#126));
#1176=FACE_OUTER_BOUND('',#1175,.T.);
#1177=FACE_SURFACE('',(#1176),#1174,.T.);
#1178=CARTESIAN_POINT('',(7.50339985,-0.40000001,3.51999998));
#1179=DIRECTION('',(0.,-0.99360525,-0.11290969));
#1180=DIRECTION('',(-1.,0.,0.));
#1181=AXIS2_PLACEMENT_3D('',#1178,#1179,#1180);
#1182=PLANE('',#1181);
#1183=POLY_LOOP('',(#128,#36,#41));
#1184=FACE_OUTER_BOUND('',#1183,.T.);
#1185=FACE_SURFACE('',(#1184),#1182,.T.);
#1186=CARTESIAN_POINT('',(7.50339985,-0.40000001,3.5999999));
#1187=DIRECTION('',(0.,-1.,0.));
#1188=DIRECTION('',(-0.99983966,0.,-0.01790703));
#1189=AXIS2_PLACEMENT_3D('',#1186,#1187,#1188);
#1190=PLANE('',#1189);
#1191=POLY_LOOP('',(#37,#36,#128));
#1192=FACE_OUTER_BOUND('',#1191,.T.);
#1193=FACE_SURFACE('',(#1192),#1190,.T.);
#1194=CARTESIAN_POINT('',(10.47958279,4.75489998,3.51999998));
#1195=DIRECTION('',(0.82617431,0.55203376,-0.11267089));
#1196=DIRECTION('',(-0.09778256,-0.05645479,-0.99360527));
#1197=AXIS2_PLACEMENT_3D('',#1194,#1195,#1196);
#1198=PLANE('',#1197);
#1199=POLY_LOOP('',(#147,#138,#148));
#1200=FACE_OUTER_BOUND('',#1199,.T.);
#1201=FACE_SURFACE('',(#1200),#1198,.T.);
#1202=CARTESIAN_POINT('',(10.13317299,1.51830006,0.));
#1203=DIRECTION('',(0.,0.,-1.));
#1204=DIRECTION('',(0.13052598,0.99144489,0.));
#1205=AXIS2_PLACEMENT_3D('',#1202,#1203,#1204);
#1206=PLANE('',#1205);
#1207=POLY_LOOP('',(#120,#90,#158));
#1208=FACE_OUTER_BOUND('',#1207,.T.);
#1209=FACE_SURFACE('',(#1208),#1206,.T.);
#1210=CARTESIAN_POINT('',(2.25067019,0.10346963,0.));
#1211=DIRECTION('',(-0.19384806,-0.97453998,-0.11267102));
#1212=DIRECTION('',(0.98078528,-0.19509033,0.));
#1213=AXIS2_PLACEMENT_3D('',#1210,#1211,#1212);
#1214=PLANE('',#1213);
#1215=POLY_LOOP('',(#70,#44,#43));
#1216=FACE_OUTER_BOUND('',#1215,.T.);
#1217=FACE_SURFACE('',(#1216),#1214,.T.);
#1218=CARTESIAN_POINT('',(8.66545677,5.84205246,0.));
#1219=DIRECTION('',(0.31939248,0.94090047,-0.11267101));
#1220=DIRECTION('',(-0.94693019,0.32143929,0.));
#1221=AXIS2_PLACEMENT_3D('',#1218,#1219,#1220);
#1222=PLANE('',#1221);
#1223=POLY_LOOP('',(#48,#142,#49));
#1224=FACE_OUTER_BOUND('',#1223,.T.);
#1225=FACE_SURFACE('',(#1224),#1222,.T.);
#1226=CARTESIAN_POINT('',(10.22983837,0.94453049,3.51999998));
#1227=DIRECTION('',(0.8261755,-0.55203195,-0.11267111));
#1228=DIRECTION('',(-0.08957741,0.06873505,-0.99360524));
#1229=AXIS2_PLACEMENT_3D('',#1226,#1227,#1228);
#1230=PLANE('',#1229);
#1231=POLY_LOOP('',(#24,#77,#121));
#1232=FACE_OUTER_BOUND('',#1231,.T.);
#1233=FACE_SURFACE('',(#1232),#1230,.T.);
#1234=CARTESIAN_POINT('',(9.22169971,0.0604171,3.5999999));
#1235=DIRECTION('',(0.55557001,-0.83146976,0.));
#1236=DIRECTION('',(0.81860769,0.54697585,-0.17521094));
#1237=AXIS2_PLACEMENT_3D('',#1234,#1235,#1236);
#1238=PLANE('',#1237);
#1239=POLY_LOOP('',(#54,#45,#154));
#1240=FACE_OUTER_BOUND('',#1239,.T.);
#1241=FACE_SURFACE('',(#1240),#1238,.T.);
#1242=CARTESIAN_POINT('',(1.31830001,0.0604171,3.51999998));
#1243=DIRECTION('',(-0.55557025,-0.8314696,0.));
#1244=DIRECTION('',(0.,0.,1.));
#1245=AXIS2_PLACEMENT_3D('',#1242,#1243,#1244);
#1246=PLANE('',#1245);
#1247=POLY_LOOP('',(#86,#85,#76));
#1248=FACE_OUTER_BOUND('',#1247,.T.);
#1249=FACE_SURFACE('',(#1248),#1246,.T.);
#1250=CARTESIAN_POINT('',(2.25067019,0.10346963,0.));
#1251=DIRECTION('',(-0.31939269,-0.94090039,-0.11267103));
#1252=DIRECTION('',(-0.02922322,-0.10906238,0.99360525));
#1253=AXIS2_PLACEMENT_3D('',#1250,#1251,#1252);
#1254=PLANE('',#1253);
#1255=POLY_LOOP('',(#70,#69,#79));
#1256=FACE_OUTER_BOUND('',#1255,.T.);
#1257=FACE_SURFACE('',(#1256),#1254,.T.);
#1258=CARTESIAN_POINT('',(9.02169991,5.66637278,0.));
#1259=DIRECTION('',(0.,0.,-1.));
#1260=DIRECTION('',(0.6087614,-0.79335336,0.));
#1261=AXIS2_PLACEMENT_3D('',#1258,#1259,#1260);
#1262=PLANE('',#1261);
#1263=POLY_LOOP('',(#159,#90,#48));
#1264=FACE_OUTER_BOUND('',#1263,.T.);
#1265=FACE_SURFACE('',(#1264),#1262,.T.);
#1266=CARTESIAN_POINT('',(9.65060043,0.88939953,0.));
#1267=DIRECTION('',(0.,0.,-1.));
#1268=DIRECTION('',(0.25881896,0.96592585,0.));
#1269=AXIS2_PLACEMENT_3D('',#1266,#1267,#1268);
#1270=PLANE('',#1269);
#1271=POLY_LOOP('',(#23,#90,#77));
#1272=FACE_OUTER_BOUND('',#1271,.T.);
#1273=FACE_SURFACE('',(#1272),#1270,.T.);
#1274=CARTESIAN_POINT('',(1.72147012,6.2116046,3.51999998));
#1275=DIRECTION('',(-0.32143885,0.94693034,0.));
#1276=DIRECTION('',(0.93228217,0.31646648,0.17521108));
#1277=AXIS2_PLACEMENT_3D('',#1274,#1275,#1276);
#1278=PLANE('',#1277);
#1279=POLY_LOOP('',(#136,#129,#140));
#1280=FACE_OUTER_BOUND('',#1279,.T.);
#1281=FACE_SURFACE('',(#1280),#1278,.T.);
#1282=CARTESIAN_POINT('',(8.39285755,6.35610056,3.51999998));
#1283=DIRECTION('',(0.32143869,0.94693039,0.));
#1284=DIRECTION('',(0.,0.,1.));
#1285=AXIS2_PLACEMENT_3D('',#1282,#1283,#1284);
#1286=PLANE('',#1285);
#1287=POLY_LOOP('',(#49,#118,#47));
#1288=FACE_OUTER_BOUND('',#1287,.T.);
#1289=FACE_SURFACE('',(#1288),#1286,.T.);
#1290=CARTESIAN_POINT('',(0.62750328,1.18803501,0.));
#1291=DIRECTION('',(-0.7470524,-0.65514728,-0.11267101));
#1292=DIRECTION('',(0.65934576,-0.75183985,0.));
#1293=AXIS2_PLACEMENT_3D('',#1290,#1291,#1292);
#1294=PLANE('',#1293);
#1295=POLY_LOOP('',(#125,#38,#40));
#1296=FACE_OUTER_BOUND('',#1295,.T.);
#1297=FACE_SURFACE('',(#1296),#1294,.T.);
#1298=CARTESIAN_POINT('',(0.88939953,5.18380022,0.));
#1299=DIRECTION('',(0.,0.,-1.));
#1300=DIRECTION('',(0.98998728,-0.14115657,0.));
#1301=AXIS2_PLACEMENT_3D('',#1298,#1299,#1300);
#1302=PLANE('',#1301);
#1303=POLY_LOOP('',(#21,#90,#81));
#1304=FACE_OUTER_BOUND('',#1303,.T.);
#1305=FACE_SURFACE('',(#1304),#1302,.T.);
#1306=CARTESIAN_POINT('',(3.03660011,-0.40000001,3.51999998));
#1307=DIRECTION('',(-0.06540311,-0.99785892,0.));
#1308=DIRECTION('',(-0.98242296,0.06439138,0.17521097));
#1309=AXIS2_PLACEMENT_3D('',#1306,#1307,#1308);
#1310=PLANE('',#1309);
#1311=POLY_LOOP('',(#36,#155,#43));
#1312=FACE_OUTER_BOUND('',#1311,.T.);
#1313=FACE_SURFACE('',(#1312),#1310,.T.);
#1314=CARTESIAN_POINT('',(-0.28290069,2.14714241,3.5999999));
#1315=DIRECTION('',(-0.94693012,-0.3214395,0.));
#1316=DIRECTION('',(0.31646712,-0.93228196,-0.17521104));
#1317=AXIS2_PLACEMENT_3D('',#1314,#1315,#1316);
#1318=PLANE('',#1317);
#1319=POLY_LOOP('',(#144,#145,#101));
#1320=FACE_OUTER_BOUND('',#1319,.T.);
#1321=FACE_SURFACE('',(#1320),#1318,.T.);
#1322=CARTESIAN_POINT('',(0.31016192,0.94453049,3.5999999));
#1323=DIRECTION('',(-0.8314696,-0.55557025,0.));
#1324=DIRECTION('',(-0.55557025,0.8314696,0.));
#1325=AXIS2_PLACEMENT_3D('',#1322,#1323,#1324);
#1326=PLANE('',#1325);
#1327=POLY_LOOP('',(#160,#100,#40));
#1328=FACE_OUTER_BOUND('',#1327,.T.);
#1329=FACE_SURFACE('',(#1328),#1326,.T.);
#1330=CARTESIAN_POINT('',(-0.37059942,3.48516631,3.5999999));
#1331=DIRECTION('',(-0.98078528,0.19509033,0.));
#1332=DIRECTION('',(0.19509033,0.98078528,0.));
#1333=AXIS2_PLACEMENT_3D('',#1330,#1331,#1332);
#1334=PLANE('',#1333);
#1335=POLY_LOOP('',(#26,#95,#27));
#1336=FACE_OUTER_BOUND('',#1335,.T.);
#1337=FACE_SURFACE('',(#1336),#1334,.T.);
#1338=CARTESIAN_POINT('',(-0.28290069,2.14714241,3.51999998));
#1339=DIRECTION('',(-0.94693012,-0.3214395,0.));
#1340=DIRECTION('',(0.3214395,-0.94693012,0.));
#1341=AXIS2_PLACEMENT_3D('',#1338,#1339,#1340);
#1342=PLANE('',#1341);
#1343=POLY_LOOP('',(#30,#145,#144));
#1344=FACE_OUTER_BOUND('',#1343,.T.);
#1345=FACE_SURFACE('',(#1344),#1342,.T.);
#1346=CARTESIAN_POINT('',(-0.37059942,2.58803368,3.51999998));
#1347=DIRECTION('',(-0.97453998,-0.19384806,-0.11267102));
#1348=DIRECTION('',(0.13287559,-0.09455874,-0.98661174));
#1349=AXIS2_PLACEMENT_3D('',#1346,#1347,#1348);
#1350=PLANE('',#1349);
#1351=POLY_LOOP('',(#29,#107,#30));
#1352=FACE_OUTER_BOUND('',#1351,.T.);
#1353=FACE_SURFACE('',(#1352),#1350,.T.);
#1354=CARTESIAN_POINT('',(9.59546947,5.76303816,3.51999998));
#1355=DIRECTION('',(0.55203244,0.82617518,-0.112671));
#1356=DIRECTION('',(-0.06873505,-0.08957728,-0.99360526));
#1357=AXIS2_PLACEMENT_3D('',#1354,#1355,#1356);
#1358=PLANE('',#1357);
#1359=POLY_LOOP('',(#161,#162,#50));
#1360=FACE_OUTER_BOUND('',#1359,.T.);
#1361=FACE_SURFACE('',(#1360),#1358,.T.);
#1362=CARTESIAN_POINT('',(9.65060043,5.18380022,0.));
#1363=DIRECTION('',(0.65514779,0.74705196,-0.112671));
#1364=DIRECTION('',(-0.75183941,0.65934627,0.));
#1365=AXIS2_PLACEMENT_3D('',#1362,#1363,#1364);
#1366=PLANE('',#1365);
#1367=POLY_LOOP('',(#153,#162,#161));
#1368=FACE_OUTER_BOUND('',#1367,.T.);
#1369=FACE_SURFACE('',(#1368),#1366,.T.);
#1370=CARTESIAN_POINT('',(10.22983837,5.12866974,3.51999998));
#1371=DIRECTION('',(0.83147018,0.55556938,0.));
#1372=DIRECTION('',(0.54697522,-0.81860809,0.17521103));
#1373=AXIS2_PLACEMENT_3D('',#1370,#1371,#1372);
#1374=PLANE('',#1373);
#1375=POLY_LOOP('',(#149,#61,#147));
#1376=FACE_OUTER_BOUND('',#1375,.T.);
#1377=FACE_SURFACE('',(#1376),#1374,.T.);
#1378=CARTESIAN_POINT('',(8.81853008,6.2116046,3.5999999));
#1379=DIRECTION('',(0.4422892,0.89687249,0.));
#1380=DIRECTION('',(0.89687249,-0.4422892,0.));
#1381=AXIS2_PLACEMENT_3D('',#1378,#1379,#1380);
#1382=PLANE('',#1381);
#1383=POLY_LOOP('',(#119,#156,#47));
#1384=FACE_OUTER_BOUND('',#1383,.T.);
#1385=FACE_SURFACE('',(#1384),#1382,.T.);
#1386=CARTESIAN_POINT('',(9.22169971,6.01278305,3.51999998));
#1387=DIRECTION('',(0.55557011,0.83146969,0.));
#1388=DIRECTION('',(0.81860762,-0.54697596,0.17521093));
#1389=AXIS2_PLACEMENT_3D('',#1386,#1387,#1388);
#1390=PLANE('',#1389);
#1391=POLY_LOOP('',(#50,#163,#161));
#1392=FACE_OUTER_BOUND('',#1391,.T.);
#1393=FACE_SURFACE('',(#1392),#1390,.T.);
#1394=CARTESIAN_POINT('',(0.60655683,5.46664333,3.5999999));
#1395=DIRECTION('',(0.,0.,1.));
#1396=DIRECTION('',(0.80445003,-0.59402032,0.));
#1397=AXIS2_PLACEMENT_3D('',#1394,#1395,#1396);
#1398=PLANE('',#1397);
#1399=POLY_LOOP('',(#157,#55,#58));
#1400=FACE_OUTER_BOUND('',#1399,.T.);
#1401=FACE_SURFACE('',(#1400),#1398,.T.);
#1402=CARTESIAN_POINT('',(2.58803368,-0.37059942,3.5999999));
#1403=DIRECTION('',(0.,0.,1.));
#1404=DIRECTION('',(0.9998859,0.01510618,0.));
#1405=AXIS2_PLACEMENT_3D('',#1402,#1403,#1404);
#1406=PLANE('',#1405);
#1407=POLY_LOOP('',(#155,#55,#78));
#1408=FACE_OUTER_BOUND('',#1407,.T.);
#1409=FACE_SURFACE('',(#1408),#1406,.T.);
#1410=CARTESIAN_POINT('',(9.93344307,5.46664333,3.51999998));
#1411=DIRECTION('',(0.75183935,0.65934634,0.));
#1412=DIRECTION('',(0.64914685,-0.74020909,0.17521094));
#1413=AXIS2_PLACEMENT_3D('',#1410,#1411,#1412);
#1414=PLANE('',#1413);
#1415=POLY_LOOP('',(#53,#52,#149));
#1416=FACE_OUTER_BOUND('',#1415,.T.);
#1417=FACE_SURFACE('',(#1416),#1414,.T.);
#1418=CARTESIAN_POINT('',(9.65060043,5.18380022,0.));
#1419=DIRECTION('',(0.65514725,0.74705242,-0.11267108));
#1420=DIRECTION('',(-0.01545251,0.16235311,0.98661172));
#1421=AXIS2_PLACEMENT_3D('',#1418,#1419,#1420);
#1422=PLANE('',#1421);
#1423=POLY_LOOP('',(#153,#161,#53));
#1424=FACE_OUTER_BOUND('',#1423,.T.);
#1425=FACE_SURFACE('',(#1424),#1422,.T.);
#1426=CARTESIAN_POINT('',(7.50339985,6.07320023,0.));
#1427=DIRECTION('',(0.,0.99360527,-0.11290958));
#1428=DIRECTION('',(-1.,0.,0.));
#1429=AXIS2_PLACEMENT_3D('',#1426,#1427,#1428);
#1430=PLANE('',#1429);
#1431=POLY_LOOP('',(#91,#82,#117));
#1432=FACE_OUTER_BOUND('',#1431,.T.);
#1433=FACE_SURFACE('',(#1432),#1430,.T.);
#1434=CARTESIAN_POINT('',(10.93999958,3.03660011,3.5999999));
#1435=DIRECTION('',(0.99785903,-0.06540152,0.));
#1436=DIRECTION('',(-0.06540152,-0.99785903,0.));
#1437=AXIS2_PLACEMENT_3D('',#1434,#1435,#1436);
#1438=PLANE('',#1437);
#1439=POLY_LOOP('',(#103,#164,#102));
#1440=FACE_OUTER_BOUND('',#1439,.T.);
#1441=FACE_SURFACE('',(#1440),#1438,.T.);
#1442=CARTESIAN_POINT('',(7.50339985,6.47319984,3.51999998));
#1443=DIRECTION('',(0.,1.,0.));
#1444=DIRECTION('',(-0.99983966,0.,0.01790703));
#1445=AXIS2_PLACEMENT_3D('',#1442,#1443,#1444);
#1446=PLANE('',#1445);
#1447=POLY_LOOP('',(#117,#88,#165));
#1448=FACE_OUTER_BOUND('',#1447,.T.);
#1449=FACE_SURFACE('',(#1448),#1446,.T.);
#1450=CARTESIAN_POINT('',(7.95196629,-0.37059942,3.5999999));
#1451=DIRECTION('',(0.,0.,1.));
#1452=DIRECTION('',(0.98078528,0.19509033,0.));
#1453=AXIS2_PLACEMENT_3D('',#1450,#1451,#1452);
#1454=PLANE('',#1453);
#1455=POLY_LOOP('',(#139,#55,#37));
#1456=FACE_OUTER_BOUND('',#1455,.T.);
#1457=FACE_SURFACE('',(#1456),#1454,.T.);
#1458=CARTESIAN_POINT('',(9.22169971,6.01278305,3.5999999));
#1459=DIRECTION('',(0.55557011,0.83146969,0.));
#1460=DIRECTION('',(0.83146969,-0.55557011,0.));
#1461=AXIS2_PLACEMENT_3D('',#1458,#1459,#1460);
#1462=PLANE('',#1461);
#1463=POLY_LOOP('',(#156,#163,#50));
#1464=FACE_OUTER_BOUND('',#1463,.T.);
#1465=FACE_SURFACE('',(#1464),#1462,.T.);
#1466=CARTESIAN_POINT('',(0.94453049,5.76303816,3.51999998));
#1467=DIRECTION('',(-0.65514779,0.74705196,-0.112671));
#1468=DIRECTION('',(0.06873505,-0.08957728,-0.99360526));
#1469=AXIS2_PLACEMENT_3D('',#1466,#1467,#1468);
#1470=PLANE('',#1469);
#1471=POLY_LOOP('',(#20,#114,#21));
#1472=FACE_OUTER_BOUND('',#1471,.T.);
#1473=FACE_SURFACE('',(#1472),#1470,.T.);
#1474=CARTESIAN_POINT('',(8.28932953,5.96973038,0.));
#1475=DIRECTION('',(0.19384873,0.97453985,-0.11267097));
#1476=DIRECTION('',(-0.98078514,0.195091,0.));
#1477=AXIS2_PLACEMENT_3D('',#1474,#1475,#1476);
#1478=PLANE('',#1477);
#1479=POLY_LOOP('',(#142,#89,#98));
#1480=FACE_OUTER_BOUND('',#1479,.T.);
#1481=FACE_SURFACE('',(#1480),#1478,.T.);
#1482=CARTESIAN_POINT('',(0.60655683,0.60655683,3.5999999));
#1483=DIRECTION('',(0.,0.,1.));
#1484=DIRECTION('',(0.99353851,-0.11349553,0.));
#1485=AXIS2_PLACEMENT_3D('',#1482,#1483,#1484);
#1486=PLANE('',#1485);
#1487=POLY_LOOP('',(#143,#55,#160));
#1488=FACE_OUTER_BOUND('',#1487,.T.);
#1489=FACE_SURFACE('',(#1488),#1486,.T.);
#1490=CARTESIAN_POINT('',(10.91059971,3.48516631,3.5999999));
#1491=DIRECTION('',(0.,0.,1.));
#1492=DIRECTION('',(-0.55557028,-0.83146958,0.));
#1493=AXIS2_PLACEMENT_3D('',#1490,#1491,#1492);
#1494=PLANE('',#1493);
#1495=POLY_LOOP('',(#65,#55,#103));
#1496=FACE_OUTER_BOUND('',#1495,.T.);
#1497=FACE_SURFACE('',(#1496),#1494,.T.);
#1498=CARTESIAN_POINT('',(9.93344307,0.60655683,3.51999998));
#1499=DIRECTION('',(0.65514737,-0.74705233,-0.112671));
#1500=DIRECTION('',(-0.75183978,-0.65934585,0.));
#1501=AXIS2_PLACEMENT_3D('',#1498,#1499,#1500);
#1502=PLANE('',#1501);
#1503=POLY_LOOP('',(#25,#45,#23));
#1504=FACE_OUTER_BOUND('',#1503,.T.);
#1505=FACE_SURFACE('',(#1504),#1502,.T.);
#1506=CARTESIAN_POINT('',(7.50339985,6.47319984,3.51999998));
#1507=DIRECTION('',(0.06540258,0.99785896,0.));
#1508=DIRECTION('',(0.98242299,-0.06439086,0.17521098));
#1509=AXIS2_PLACEMENT_3D('',#1506,#1507,#1508);
#1510=PLANE('',#1509);
#1511=POLY_LOOP('',(#117,#99,#98));
#1512=FACE_OUTER_BOUND('',#1511,.T.);
#1513=FACE_SURFACE('',(#1512),#1510,.T.);
#1514=CARTESIAN_POINT('',(10.82290077,3.92605758,3.5999999));
#1515=DIRECTION('',(0.94693034,0.32143885,0.));
#1516=DIRECTION('',(0.,0.,-1.));
#1517=AXIS2_PLACEMENT_3D('',#1514,#1515,#1516);
#1518=PLANE('',#1517);
#1519=POLY_LOOP('',(#151,#64,#62));
#1520=FACE_OUTER_BOUND('',#1519,.T.);
#1521=FACE_SURFACE('',(#1520),#1518,.T.);
#1522=CARTESIAN_POINT('',(10.13317299,4.55490017,0.));
#1523=DIRECTION('',(0.,0.,-1.));
#1524=DIRECTION('',(0.38268287,-0.92387976,0.));
#1525=AXIS2_PLACEMENT_3D('',#1522,#1523,#1524);
#1526=PLANE('',#1525);
#1527=POLY_LOOP('',(#138,#90,#148));
#1528=FACE_OUTER_BOUND('',#1527,.T.);
#1529=FACE_SURFACE('',(#1528),#1526,.T.);
#1530=CARTESIAN_POINT('',(-0.28290069,3.92605758,3.51999998));
#1531=DIRECTION('',(-0.97453998,0.19384806,-0.11267101));
#1532=DIRECTION('',(0.10906238,-0.02922316,-0.99360526));
#1533=AXIS2_PLACEMENT_3D('',#1530,#1531,#1532);
#1534=PLANE('',#1533);
#1535=POLY_LOOP('',(#94,#109,#27));
#1536=FACE_OUTER_BOUND('',#1535,.T.);
#1537=FACE_SURFACE('',(#1536),#1534,.T.);
#1538=CARTESIAN_POINT('',(10.82290077,2.14714241,3.51999998));
#1539=DIRECTION('',(0.97453965,-0.19384965,-0.11267112));
#1540=DIRECTION('',(-0.10906248,0.02922322,-0.99360524));
#1541=AXIS2_PLACEMENT_3D('',#1538,#1539,#1540);
#1542=PLANE('',#1541);
#1543=POLY_LOOP('',(#150,#110,#111));
#1544=FACE_OUTER_BOUND('',#1543,.T.);
#1545=FACE_SURFACE('',(#1544),#1542,.T.);
#1546=CARTESIAN_POINT('',(10.91059971,3.48516631,3.5999999));
#1547=DIRECTION('',(0.98078519,0.19509077,0.));
#1548=DIRECTION('',(-0.1920729,0.96561334,-0.17521099));
#1549=AXIS2_PLACEMENT_3D('',#1546,#1547,#1548);
#1550=PLANE('',#1549);
#1551=POLY_LOOP('',(#65,#64,#151));
#1552=FACE_OUTER_BOUND('',#1551,.T.);
#1553=FACE_SURFACE('',(#1552),#1550,.T.);
#1554=CARTESIAN_POINT('',(0.60655683,5.46664333,3.51999998));
#1555=DIRECTION('',(-0.74705232,0.65514736,-0.11267108));
#1556=DIRECTION('',(0.0798392,-0.07983932,-0.99360525));
#1557=AXIS2_PLACEMENT_3D('',#1554,#1555,#1556);
#1558=PLANE('',#1557);
#1559=POLY_LOOP('',(#22,#21,#80));
#1560=FACE_OUTER_BOUND('',#1559,.T.);
#1561=FACE_SURFACE('',(#1560),#1558,.T.);
#1562=CARTESIAN_POINT('',(1.72147012,-0.1384044,3.51999998));
#1563=DIRECTION('',(-0.43947238,-0.89116175,-0.11267102));
#1564=DIRECTION('',(-0.05694601,0.15282158,-0.98661174));
#1565=AXIS2_PLACEMENT_3D('',#1562,#1563,#1564);
#1566=PLANE('',#1565);
#1567=POLY_LOOP('',(#79,#115,#104));
#1568=FACE_OUTER_BOUND('',#1567,.T.);
#1569=FACE_SURFACE('',(#1568),#1566,.T.);
#1570=CARTESIAN_POINT('',(2.14714241,6.35610056,3.51999998));
#1571=DIRECTION('',(-0.31939293,0.94090032,-0.11267099));
#1572=DIRECTION('',(0.02922322,-0.10906234,-0.99360526));
#1573=AXIS2_PLACEMENT_3D('',#1570,#1571,#1572);
#1574=PLANE('',#1573);
#1575=POLY_LOOP('',(#140,#97,#141));
#1576=FACE_OUTER_BOUND('',#1575,.T.);
#1577=FACE_SURFACE('',(#1576),#1574,.T.);
#1578=CARTESIAN_POINT('',(7.50339985,-0.40000001,3.5999999));
#1579=DIRECTION('',(0.,0.,1.));
#1580=DIRECTION('',(0.99144486,0.13052618,0.));
#1581=AXIS2_PLACEMENT_3D('',#1578,#1579,#1580);
#1582=PLANE('',#1581);
#1583=POLY_LOOP('',(#37,#55,#35));
#1584=FACE_OUTER_BOUND('',#1583,.T.);
#1585=FACE_SURFACE('',(#1584),#1582,.T.);
#1586=CARTESIAN_POINT('',(10.22983837,0.94453049,3.5999999));
#1587=DIRECTION('',(0.75183941,-0.65934627,0.));
#1588=DIRECTION('',(-0.65934627,-0.75183941,0.));
#1589=AXIS2_PLACEMENT_3D('',#1586,#1587,#1588);
#1590=PLANE('',#1589);
#1591=POLY_LOOP('',(#166,#152,#24));
#1592=FACE_OUTER_BOUND('',#1591,.T.);
#1593=FACE_SURFACE('',(#1592),#1590,.T.);
#1594=CARTESIAN_POINT('',(10.67840481,1.72147012,3.51999998));
#1595=DIRECTION('',(0.89116129,-0.43947328,-0.11267121));
#1596=DIRECTION('',(-0.44228963,-0.89687228,0.));
#1597=AXIS2_PLACEMENT_3D('',#1594,#1595,#1596);
#1598=PLANE('',#1597);
#1599=POLY_LOOP('',(#124,#121,#158));
#1600=FACE_OUTER_BOUND('',#1599,.T.);
#1601=FACE_SURFACE('',(#1600),#1598,.T.);
#1602=CARTESIAN_POINT('',(7.50339985,6.47319984,3.5999999));
#1603=DIRECTION('',(0.06540258,0.99785896,0.));
#1604=DIRECTION('',(0.99785896,-0.06540258,0.));
#1605=AXIS2_PLACEMENT_3D('',#1602,#1603,#1604);
#1606=PLANE('',#1605);
#1607=POLY_LOOP('',(#165,#99,#117));
#1608=FACE_OUTER_BOUND('',#1607,.T.);
#1609=FACE_SURFACE('',(#1608),#1606,.T.);
#1610=CARTESIAN_POINT('',(10.67840481,1.72147012,3.5999999));
#1611=DIRECTION('',(0.94693034,-0.32143885,0.));
#1612=DIRECTION('',(0.31646648,0.93228217,-0.17521108));
#1613=AXIS2_PLACEMENT_3D('',#1610,#1611,#1612);
#1614=PLANE('',#1613);
#1615=POLY_LOOP('',(#122,#150,#167));
#1616=FACE_OUTER_BOUND('',#1615,.T.);
#1617=FACE_SURFACE('',(#1616),#1614,.T.);
#1618=CARTESIAN_POINT('',(10.93999958,3.03660011,3.51999998));
#1619=DIRECTION('',(0.99150499,-0.06498555,-0.11267091));
#1620=DIRECTION('',(-0.1193962,-0.11109357,-0.98661176));
#1621=AXIS2_PLACEMENT_3D('',#1618,#1619,#1620);
#1622=PLANE('',#1621);
#1623=POLY_LOOP('',(#102,#111,#134));
#1624=FACE_OUTER_BOUND('',#1623,.T.);
#1625=FACE_SURFACE('',(#1624),#1622,.T.);
#1626=CARTESIAN_POINT('',(1.31830001,0.0604171,3.51999998));
#1627=DIRECTION('',(-0.43947235,-0.89116177,-0.11267102));
#1628=DIRECTION('',(0.05645486,0.09778266,-0.99360525));
#1629=AXIS2_PLACEMENT_3D('',#1626,#1627,#1628);
#1630=PLANE('',#1629);
#1631=POLY_LOOP('',(#86,#115,#79));
#1632=FACE_OUTER_BOUND('',#1631,.T.);
#1633=FACE_SURFACE('',(#1632),#1630,.T.);
#1634=CARTESIAN_POINT('',(8.28932953,5.96973038,0.));
#1635=DIRECTION('',(0.,0.,-1.));
#1636=DIRECTION('',(0.70710682,-0.70710674,0.));
#1637=AXIS2_PLACEMENT_3D('',#1634,#1635,#1636);
#1638=PLANE('',#1637);
#1639=POLY_LOOP('',(#142,#90,#89));
#1640=FACE_OUTER_BOUND('',#1639,.T.);
#1641=FACE_SURFACE('',(#1640),#1638,.T.);
#1642=CARTESIAN_POINT('',(10.93999958,3.03660011,3.51999998));
#1643=DIRECTION('',(0.99785903,-0.06540152,0.));
#1644=DIRECTION('',(-0.06438982,-0.98242306,0.17521099));
#1645=AXIS2_PLACEMENT_3D('',#1642,#1643,#1644);
#1646=PLANE('',#1645);
#1647=POLY_LOOP('',(#102,#164,#116));
#1648=FACE_OUTER_BOUND('',#1647,.T.);
#1649=FACE_SURFACE('',(#1648),#1646,.T.);
#1650=CARTESIAN_POINT('',(9.91249657,4.88516474,0.));
#1651=DIRECTION('',(0.,0.,-1.));
#1652=DIRECTION('',(0.44228876,-0.89687271,0.));
#1653=AXIS2_PLACEMENT_3D('',#1650,#1651,#1652);
#1654=PLANE('',#1653);
#1655=POLY_LOOP('',(#148,#90,#153));
#1656=FACE_OUTER_BOUND('',#1655,.T.);
#1657=FACE_SURFACE('',(#1656),#1654,.T.);
#1658=CARTESIAN_POINT('',(2.58803368,6.4437995,3.51999998));
#1659=DIRECTION('',(-0.1938485,0.97453989,-0.11267098));
#1660=DIRECTION('',(0.0147377,-0.1119437,-0.99360526));
#1661=AXIS2_PLACEMENT_3D('',#1658,#1659,#1660);
#1662=PLANE('',#1661);
#1663=POLY_LOOP('',(#83,#93,#97));
#1664=FACE_OUTER_BOUND('',#1663,.T.);
#1665=FACE_SURFACE('',(#1664),#1662,.T.);
#1666=CARTESIAN_POINT('',(0.62750328,4.88516474,0.));
#1667=DIRECTION('',(-0.82617479,0.55203303,-0.11267098));
#1668=DIRECTION('',(-0.55557071,-0.83146929,0.));
#1669=AXIS2_PLACEMENT_3D('',#1666,#1667,#1668);
#1670=PLANE('',#1669);
#1671=POLY_LOOP('',(#81,#133,#106));
#1672=FACE_OUTER_BOUND('',#1671,.T.);
#1673=FACE_SURFACE('',(#1672),#1670,.T.);
#1674=CARTESIAN_POINT('',(0.62750328,1.18803501,0.));
#1675=DIRECTION('',(0.,0.,-1.));
#1676=DIRECTION('',(0.96577369,0.25938618,0.));
#1677=AXIS2_PLACEMENT_3D('',#1674,#1675,#1676);
#1678=PLANE('',#1677);
#1679=POLY_LOOP('',(#125,#90,#38));
#1680=FACE_OUTER_BOUND('',#1679,.T.);
#1681=FACE_SURFACE('',(#1680),#1678,.T.);
#1682=CARTESIAN_POINT('',(2.14714241,-0.28290069,3.51999998));
#1683=DIRECTION('',(-0.19509033,-0.98078528,0.));
#1684=DIRECTION('',(0.96561342,-0.19207246,0.175211));
#1685=AXIS2_PLACEMENT_3D('',#1682,#1683,#1684);
#1686=PLANE('',#1685);
#1687=POLY_LOOP('',(#69,#155,#78));
#1688=FACE_OUTER_BOUND('',#1687,.T.);
#1689=FACE_SURFACE('',(#1688),#1686,.T.);
#1690=CARTESIAN_POINT('',(10.47958279,4.75489998,3.51999998));
#1691=DIRECTION('',(0.89687228,0.44228963,0.));
#1692=DIRECTION('',(0.,0.,1.));
#1693=AXIS2_PLACEMENT_3D('',#1690,#1691,#1692);
#1694=PLANE('',#1693);
#1695=POLY_LOOP('',(#147,#61,#60));
#1696=FACE_OUTER_BOUND('',#1695,.T.);
#1697=FACE_SURFACE('',(#1696),#1694,.T.);
#1698=CARTESIAN_POINT('',(10.93999958,3.03660011,3.5999999));
#1699=DIRECTION('',(0.,0.,1.));
#1700=DIRECTION('',(-0.60876135,-0.7933534,0.));
#1701=AXIS2_PLACEMENT_3D('',#1698,#1699,#1700);
#1702=PLANE('',#1701);
#1703=POLY_LOOP('',(#103,#55,#164));
#1704=FACE_OUTER_BOUND('',#1703,.T.);
#1705=FACE_SURFACE('',(#1704),#1702,.T.);
#1706=CARTESIAN_POINT('',(0.94453049,0.31016192,3.51999998));
#1707=DIRECTION('',(-0.55557025,-0.8314696,0.));
#1708=DIRECTION('',(0.81860752,-0.54697608,0.17521102));
#1709=AXIS2_PLACEMENT_3D('',#1706,#1707,#1708);
#1710=PLANE('',#1709);
#1711=POLY_LOOP('',(#76,#85,#75));
#1712=FACE_OUTER_BOUND('',#1711,.T.);
#1713=FACE_SURFACE('',(#1712),#1710,.T.);
#1714=CARTESIAN_POINT('',(-0.1384044,4.35172987,3.5999999));
#1715=DIRECTION('',(0.,0.,1.));
#1716=DIRECTION('',(0.87870768,-0.47736026,0.));
#1717=AXIS2_PLACEMENT_3D('',#1714,#1715,#1716);
#1718=PLANE('',#1717);
#1719=POLY_LOOP('',(#105,#55,#73));
#1720=FACE_OUTER_BOUND('',#1719,.T.);
#1721=FACE_SURFACE('',(#1720),#1718,.T.);
#1722=CARTESIAN_POINT('',(9.93344307,5.46664333,3.51999998));
#1723=DIRECTION('',(0.65934574,0.75183988,0.));
#1724=DIRECTION('',(-0.74020959,0.64914625,0.17521106));
#1725=AXIS2_PLACEMENT_3D('',#1722,#1723,#1724);
#1726=PLANE('',#1725);
#1727=POLY_LOOP('',(#53,#163,#51));
#1728=FACE_OUTER_BOUND('',#1727,.T.);
#1729=FACE_SURFACE('',(#1728),#1726,.T.);
#1730=CARTESIAN_POINT('',(10.47958279,1.31830001,3.5999999));
#1731=DIRECTION('',(0.,0.,1.));
#1732=DIRECTION('',(-0.79335332,-0.60876146,0.));
#1733=AXIS2_PLACEMENT_3D('',#1730,#1731,#1732);
#1734=PLANE('',#1733);
#1735=POLY_LOOP('',(#123,#55,#166));
#1736=FACE_OUTER_BOUND('',#1735,.T.);
#1737=FACE_SURFACE('',(#1736),#1734,.T.);
#1738=CARTESIAN_POINT('',(10.91059971,3.48516631,3.51999998));
#1739=DIRECTION('',(0.99785903,0.06540156,0.));
#1740=DIRECTION('',(0.,0.,1.));
#1741=AXIS2_PLACEMENT_3D('',#1738,#1739,#1740);
#1742=PLANE('',#1741);
#1743=POLY_LOOP('',(#63,#65,#102));
#1744=FACE_OUTER_BOUND('',#1743,.T.);
#1745=FACE_SURFACE('',(#1744),#1742,.T.);
#1746=CARTESIAN_POINT('',(10.67840481,1.72147012,3.51999998));
#1747=DIRECTION('',(0.89687228,-0.44228963,0.));
#1748=DIRECTION('',(-0.43544782,-0.88299849,0.17521093));
#1749=AXIS2_PLACEMENT_3D('',#1746,#1747,#1748);
#1750=PLANE('',#1749);
#1751=POLY_LOOP('',(#124,#123,#121));
#1752=FACE_OUTER_BOUND('',#1751,.T.);
#1753=FACE_SURFACE('',(#1752),#1750,.T.);
#1754=CARTESIAN_POINT('',(1.31830001,0.0604171,3.5999999));
#1755=DIRECTION('',(0.,0.,1.));
#1756=DIRECTION('',(0.99882457,-0.04847148,0.));
#1757=AXIS2_PLACEMENT_3D('',#1754,#1755,#1756);
#1758=PLANE('',#1757);
#1759=POLY_LOOP('',(#85,#55,#75));
#1760=FACE_OUTER_BOUND('',#1759,.T.);
#1761=FACE_SURFACE('',(#1760),#1758,.T.);
#1762=CARTESIAN_POINT('',(3.03660011,-0.40000001,3.5999999));
#1763=DIRECTION('',(0.,0.,1.));
#1764=DIRECTION('',(0.99976111,0.02185693,0.));
#1765=AXIS2_PLACEMENT_3D('',#1762,#1763,#1764);
#1766=PLANE('',#1765);
#1767=POLY_LOOP('',(#35,#55,#155));
#1768=FACE_OUTER_BOUND('',#1767,.T.);
#1769=FACE_SURFACE('',(#1768),#1766,.T.);
#1770=CARTESIAN_POINT('',(2.25067019,0.10346963,0.));
#1771=DIRECTION('',(0.,0.,-1.));
#1772=DIRECTION('',(0.91044125,0.4136384,0.));
#1773=AXIS2_PLACEMENT_3D('',#1770,#1771,#1772);
#1774=PLANE('',#1773);
#1775=POLY_LOOP('',(#70,#90,#44));
#1776=FACE_OUTER_BOUND('',#1775,.T.);
#1777=FACE_SURFACE('',(#1776),#1774,.T.);
#1778=CARTESIAN_POINT('',(10.47958279,1.31830001,3.51999998));
#1779=DIRECTION('',(0.89116241,-0.43947106,-0.11267092));
#1780=DIRECTION('',(-0.09778256,0.05645486,-0.99360526));
#1781=AXIS2_PLACEMENT_3D('',#1778,#1779,#1780);
#1782=PLANE('',#1781);
#1783=POLY_LOOP('',(#121,#120,#158));
#1784=FACE_OUTER_BOUND('',#1783,.T.);
#1785=FACE_SURFACE('',(#1784),#1782,.T.);
#1786=CARTESIAN_POINT('',(8.81853008,-0.1384044,3.5999999));
#1787=DIRECTION('',(0.44228911,-0.89687253,0.));
#1788=DIRECTION('',(0.,0.,-1.));
#1789=AXIS2_PLACEMENT_3D('',#1786,#1787,#1788);
#1790=PLANE('',#1789);
#1791=POLY_LOOP('',(#56,#66,#54));
#1792=FACE_OUTER_BOUND('',#1791,.T.);
#1793=FACE_SURFACE('',(#1792),#1790,.T.);
#1794=CARTESIAN_POINT('',(0.31016192,0.94453049,3.5999999));
#1795=DIRECTION('',(0.,0.,1.));
#1796=DIRECTION('',(0.98866508,-0.15013782,0.));
#1797=AXIS2_PLACEMENT_3D('',#1794,#1795,#1796);
#1798=PLANE('',#1797);
#1799=POLY_LOOP('',(#160,#55,#100));
#1800=FACE_OUTER_BOUND('',#1799,.T.);
#1801=FACE_SURFACE('',(#1800),#1798,.T.);
#1802=CARTESIAN_POINT('',(8.28932953,0.10346963,0.));
#1803=DIRECTION('',(0.31939216,-0.94090058,-0.112671));
#1804=DIRECTION('',(0.9469303,0.32143897,0.));
#1805=AXIS2_PLACEMENT_3D('',#1802,#1803,#1804);
#1806=PLANE('',#1805);
#1807=POLY_LOOP('',(#132,#112,#66));
#1808=FACE_OUTER_BOUND('',#1807,.T.);
#1809=FACE_SURFACE('',(#1808),#1806,.T.);
#1810=CARTESIAN_POINT('',(9.22169971,6.01278305,3.51999998));
#1811=DIRECTION('',(0.43947237,0.89116176,-0.11267102));
#1812=DIRECTION('',(-0.05645479,-0.09778269,-0.99360525));
#1813=AXIS2_PLACEMENT_3D('',#1810,#1811,#1812);
#1814=PLANE('',#1813);
#1815=POLY_LOOP('',(#50,#159,#48));
#1816=FACE_OUTER_BOUND('',#1815,.T.);
#1817=FACE_SURFACE('',(#1816),#1814,.T.);
#1818=CARTESIAN_POINT('',(10.3088522,1.87454355,0.));
#1819=DIRECTION('',(0.,0.,-1.));
#1820=DIRECTION('',(0.0654032,0.99785892,0.));
#1821=AXIS2_PLACEMENT_3D('',#1818,#1819,#1820);
#1822=PLANE('',#1821);
#1823=POLY_LOOP('',(#158,#90,#110));
#1824=FACE_OUTER_BOUND('',#1823,.T.);
#1825=FACE_SURFACE('',(#1824),#1822,.T.);
#1826=CARTESIAN_POINT('',(10.3088522,4.19865656,0.));
#1827=DIRECTION('',(0.89116248,0.43947095,-0.11267089));
#1828=DIRECTION('',(-0.44228727,0.89687344,0.));
#1829=AXIS2_PLACEMENT_3D('',#1826,#1827,#1828);
#1830=PLANE('',#1829);
#1831=POLY_LOOP('',(#137,#138,#147));
#1832=FACE_OUTER_BOUND('',#1831,.T.);
#1833=FACE_SURFACE('',(#1832),#1830,.T.);
#1834=CARTESIAN_POINT('',(-0.28290069,3.92605758,3.5999999));
#1835=DIRECTION('',(0.,0.,1.));
#1836=DIRECTION('',(0.89971108,-0.43648593,0.));
#1837=AXIS2_PLACEMENT_3D('',#1834,#1835,#1836);
#1838=PLANE('',#1837);
#1839=POLY_LOOP('',(#95,#55,#105));
#1840=FACE_OUTER_BOUND('',#1839,.T.);
#1841=FACE_SURFACE('',(#1840),#1838,.T.);
#1842=CARTESIAN_POINT('',(0.31016192,5.12866974,3.5999999));
#1843=DIRECTION('',(0.,0.,1.));
#1844=DIRECTION('',(0.83095228,-0.5563437,0.));
#1845=AXIS2_PLACEMENT_3D('',#1842,#1843,#1844);
#1846=PLANE('',#1845);
#1847=POLY_LOOP('',(#74,#55,#157));
#1848=FACE_OUTER_BOUND('',#1847,.T.);
#1849=FACE_SURFACE('',(#1848),#1846,.T.);
#1850=CARTESIAN_POINT('',(10.53999996,3.03660011,0.));
#1851=DIRECTION('',(0.99150499,0.06498559,-0.11267091));
#1852=DIRECTION('',(-0.06540205,0.99785899,0.));
#1853=AXIS2_PLACEMENT_3D('',#1850,#1851,#1852);
#1854=PLANE('',#1853);
#1855=POLY_LOOP('',(#134,#168,#102));
#1856=FACE_OUTER_BOUND('',#1855,.T.);
#1857=FACE_SURFACE('',(#1856),#1854,.T.);
#1858=CARTESIAN_POINT('',(10.67840481,4.35172987,3.51999998));
#1859=DIRECTION('',(0.89116129,0.43947328,-0.1126712));
#1860=DIRECTION('',(-0.10431517,-0.04320865,-0.99360523));
#1861=AXIS2_PLACEMENT_3D('',#1858,#1859,#1860);
#1862=PLANE('',#1861);
#1863=POLY_LOOP('',(#60,#137,#147));
#1864=FACE_OUTER_BOUND('',#1863,.T.);
#1865=FACE_SURFACE('',(#1864),#1862,.T.);
#1866=CARTESIAN_POINT('',(10.67840481,4.35172987,3.51999998));
#1867=DIRECTION('',(0.94090026,0.31939301,-0.11267122));
#1868=DIRECTION('',(-0.06779444,-0.14832806,-0.98661173));
#1869=AXIS2_PLACEMENT_3D('',#1866,#1867,#1868);
#1870=PLANE('',#1869);
#1871=POLY_LOOP('',(#60,#90,#137));
#1872=FACE_OUTER_BOUND('',#1871,.T.);
#1873=FACE_SURFACE('',(#1872),#1870,.T.);
#1874=CARTESIAN_POINT('',(9.91249657,1.18803501,0.));
#1875=DIRECTION('',(0.,0.,-1.));
#1876=DIRECTION('',(0.19509029,0.98078529,0.));
#1877=AXIS2_PLACEMENT_3D('',#1874,#1875,#1876);
#1878=PLANE('',#1877);
#1879=POLY_LOOP('',(#77,#90,#120));
#1880=FACE_OUTER_BOUND('',#1879,.T.);
#1881=FACE_SURFACE('',(#1880),#1878,.T.);
#1882=CARTESIAN_POINT('',(9.59546947,5.76303816,3.51999998));
#1883=DIRECTION('',(0.65934574,0.75183988,0.));
#1884=DIRECTION('',(0.,0.,1.));
#1885=AXIS2_PLACEMENT_3D('',#1882,#1883,#1884);
#1886=PLANE('',#1885);
#1887=POLY_LOOP('',(#161,#163,#53));
#1888=FACE_OUTER_BOUND('',#1887,.T.);
#1889=FACE_SURFACE('',(#1888),#1886,.T.);
#1890=CARTESIAN_POINT('',(-0.1384044,1.72147012,3.51999998));
#1891=DIRECTION('',(-0.89687274,-0.44228869,0.));
#1892=DIRECTION('',(0.43544689,-0.88299893,0.17521102));
#1893=AXIS2_PLACEMENT_3D('',#1890,#1891,#1892);
#1894=PLANE('',#1893);
#1895=POLY_LOOP('',(#145,#100,#101));
#1896=FACE_OUTER_BOUND('',#1895,.T.);
#1897=FACE_SURFACE('',(#1896),#1894,.T.);
#1898=CARTESIAN_POINT('',(2.14714241,-0.28290069,3.5999999));
#1899=DIRECTION('',(0.,0.,1.));
#1900=DIRECTION('',(1.,0.,0.));
#1901=AXIS2_PLACEMENT_3D('',#1898,#1899,#1900);
#1902=PLANE('',#1901);
#1903=POLY_LOOP('',(#78,#55,#126));
#1904=FACE_OUTER_BOUND('',#1903,.T.);
#1905=FACE_SURFACE('',(#1904),#1902,.T.);
#1906=CARTESIAN_POINT('',(10.47958279,4.75489998,3.5999999));
#1907=DIRECTION('',(0.,0.,1.));
#1908=DIRECTION('',(-0.38268341,-0.92387954,0.));
#1909=AXIS2_PLACEMENT_3D('',#1906,#1907,#1908);
#1910=PLANE('',#1909);
#1911=POLY_LOOP('',(#61,#55,#62));
#1912=FACE_OUTER_BOUND('',#1911,.T.);
#1913=FACE_SURFACE('',(#1912),#1910,.T.);
#1914=CARTESIAN_POINT('',(9.35196495,5.44569683,0.));
#1915=DIRECTION('',(0.55203238,0.82617522,-0.11267101));
#1916=DIRECTION('',(-0.83146973,0.55557005,0.));
#1917=AXIS2_PLACEMENT_3D('',#1914,#1915,#1916);
#1918=PLANE('',#1917);
#1919=POLY_LOOP('',(#162,#159,#50));
#1920=FACE_OUTER_BOUND('',#1919,.T.);
#1921=FACE_SURFACE('',(#1920),#1918,.T.);
#1922=CARTESIAN_POINT('',(-0.37059942,3.48516631,3.51999998));
#1923=DIRECTION('',(-0.97454,0.19384795,-0.11267102));
#1924=DIRECTION('',(0.13287559,0.09455881,-0.98661173));
#1925=AXIS2_PLACEMENT_3D('',#1922,#1923,#1924);
#1926=PLANE('',#1925);
#1927=POLY_LOOP('',(#27,#109,#57));
#1928=FACE_OUTER_BOUND('',#1927,.T.);
#1929=FACE_SURFACE('',(#1928),#1926,.T.);
#1930=CARTESIAN_POINT('',(0.31016192,0.94453049,3.5999999));
#1931=DIRECTION('',(-0.75183984,-0.65934578,0.));
#1932=DIRECTION('',(0.6491463,-0.74020955,-0.17521102));
#1933=AXIS2_PLACEMENT_3D('',#1930,#1931,#1932);
#1934=PLANE('',#1933);
#1935=POLY_LOOP('',(#160,#39,#143));
#1936=FACE_OUTER_BOUND('',#1935,.T.);
#1937=FACE_SURFACE('',(#1936),#1934,.T.);
#1938=CARTESIAN_POINT('',(0.31016192,0.94453049,3.51999998));
#1939=DIRECTION('',(-0.75183984,-0.65934578,0.));
#1940=DIRECTION('',(0.65934578,-0.75183984,0.));
#1941=AXIS2_PLACEMENT_3D('',#1938,#1939,#1940);
#1942=PLANE('',#1941);
#1943=POLY_LOOP('',(#40,#39,#160));
#1944=FACE_OUTER_BOUND('',#1943,.T.);
#1945=FACE_SURFACE('',(#1944),#1942,.T.);
#1946=CARTESIAN_POINT('',(-0.1384044,1.72147012,3.51999998));
#1947=DIRECTION('',(-0.89116177,-0.43947235,-0.11267102));
#1948=DIRECTION('',(0.15282158,-0.05694601,-0.98661174));
#1949=AXIS2_PLACEMENT_3D('',#1946,#1947,#1948);
#1950=PLANE('',#1949);
#1951=POLY_LOOP('',(#145,#72,#71));
#1952=FACE_OUTER_BOUND('',#1951,.T.);
#1953=FACE_SURFACE('',(#1952),#1950,.T.);
#1954=CARTESIAN_POINT('',(0.23114741,1.87454355,0.));
#1955=DIRECTION('',(-0.89116175,-0.43947238,-0.11267102));
#1956=DIRECTION('',(0.44228872,-0.89687273,0.));
#1957=AXIS2_PLACEMENT_3D('',#1954,#1955,#1956);
#1958=PLANE('',#1957);
#1959=POLY_LOOP('',(#146,#72,#145));
#1960=FACE_OUTER_BOUND('',#1959,.T.);
#1961=FACE_SURFACE('',(#1960),#1958,.T.);
#1962=CARTESIAN_POINT('',(0.0604171,1.31830001,3.51999998));
#1963=DIRECTION('',(-0.89687274,-0.44228869,0.));
#1964=DIRECTION('',(0.,0.,1.));
#1965=AXIS2_PLACEMENT_3D('',#1962,#1963,#1964);
#1966=PLANE('',#1965);
#1967=POLY_LOOP('',(#71,#100,#145));
#1968=FACE_OUTER_BOUND('',#1967,.T.);
#1969=FACE_SURFACE('',(#1968),#1966,.T.);
#1970=CARTESIAN_POINT('',(0.31016192,0.94453049,3.51999998));
#1971=DIRECTION('',(-0.8314696,-0.55557025,0.));
#1972=DIRECTION('',(-0.54697608,0.81860752,0.17521102));
#1973=AXIS2_PLACEMENT_3D('',#1970,#1971,#1972);
#1974=PLANE('',#1973);
#1975=POLY_LOOP('',(#40,#100,#71));
#1976=FACE_OUTER_BOUND('',#1975,.T.);
#1977=FACE_SURFACE('',(#1976),#1974,.T.);
#1978=CARTESIAN_POINT('',(0.31016192,5.12866974,3.51999998));
#1979=DIRECTION('',(-0.83146976,0.55557001,0.));
#1980=DIRECTION('',(-0.54697585,-0.81860769,0.17521094));
#1981=AXIS2_PLACEMENT_3D('',#1978,#1979,#1980);
#1982=PLANE('',#1981);
#1983=POLY_LOOP('',(#80,#73,#74));
#1984=FACE_OUTER_BOUND('',#1983,.T.);
#1985=FACE_SURFACE('',(#1984),#1982,.T.);
#1986=CARTESIAN_POINT('',(3.03660011,6.47319984,3.5999999));
#1987=DIRECTION('',(0.,0.,1.));
#1988=DIRECTION('',(0.62125022,-0.78361225,0.));
#1989=AXIS2_PLACEMENT_3D('',#1986,#1987,#1988);
#1990=PLANE('',#1989);
#1991=POLY_LOOP('',(#88,#55,#165));
#1992=FACE_OUTER_BOUND('',#1991,.T.);
#1993=FACE_SURFACE('',(#1992),#1990,.T.);
#1994=CARTESIAN_POINT('',(0.0604171,4.75489998,3.51999998));
#1995=DIRECTION('',(-0.83146976,0.55557001,0.));
#1996=DIRECTION('',(0.,0.,1.));
#1997=AXIS2_PLACEMENT_3D('',#1994,#1995,#1996);
#1998=PLANE('',#1997);
#1999=POLY_LOOP('',(#106,#73,#80));
#2000=FACE_OUTER_BOUND('',#1999,.T.);
#2001=FACE_SURFACE('',(#2000),#1998,.T.);
#2002=CARTESIAN_POINT('',(-0.1384044,4.35172987,3.51999998));
#2003=DIRECTION('',(-0.89687274,0.44228869,0.));
#2004=DIRECTION('',(0.43544689,0.88299893,0.17521102));
#2005=AXIS2_PLACEMENT_3D('',#2002,#2003,#2004);
#2006=PLANE('',#2005);
#2007=POLY_LOOP('',(#96,#73,#106));
#2008=FACE_OUTER_BOUND('',#2007,.T.);
#2009=FACE_SURFACE('',(#2008),#2006,.T.);
#2010=CARTESIAN_POINT('',(9.93344307,0.60655683,3.5999999));
#2011=DIRECTION('',(0.,0.,1.));
#2012=DIRECTION('',(-0.86602539,-0.50000003,0.));
#2013=AXIS2_PLACEMENT_3D('',#2010,#2011,#2012);
#2014=PLANE('',#2013);
#2015=POLY_LOOP('',(#152,#55,#154));
#2016=FACE_OUTER_BOUND('',#2015,.T.);
#2017=FACE_SURFACE('',(#2016),#2014,.T.);
#2018=CARTESIAN_POINT('',(0.60655683,5.46664333,3.51999998));
#2019=DIRECTION('',(-0.65934567,0.75183993,0.));
#2020=DIRECTION('',(0.,0.,1.));
#2021=AXIS2_PLACEMENT_3D('',#2018,#2019,#2020);
#2022=PLANE('',#2021);
#2023=POLY_LOOP('',(#22,#157,#20));
#2024=FACE_OUTER_BOUND('',#2023,.T.);
#2025=FACE_SURFACE('',(#2024),#2022,.T.);
#2026=CARTESIAN_POINT('',(9.59546947,5.76303816,3.5999999));
#2027=DIRECTION('',(0.,0.,1.));
#2028=DIRECTION('',(-0.19509031,-0.98078528,0.));
#2029=AXIS2_PLACEMENT_3D('',#2026,#2027,#2028);
#2030=PLANE('',#2029);
#2031=POLY_LOOP('',(#163,#55,#51));
#2032=FACE_OUTER_BOUND('',#2031,.T.);
#2033=FACE_SURFACE('',(#2032),#2030,.T.);
#2034=CARTESIAN_POINT('',(7.95196629,-0.37059942,3.51999998));
#2035=DIRECTION('',(0.06540311,-0.99785892,0.));
#2036=DIRECTION('',(0.,0.,1.));
#2037=AXIS2_PLACEMENT_3D('',#2034,#2035,#2036);
#2038=PLANE('',#2037);
#2039=POLY_LOOP('',(#127,#139,#128));
#2040=FACE_OUTER_BOUND('',#2039,.T.);
#2041=FACE_SURFACE('',(#2040),#2038,.T.);
#2042=CARTESIAN_POINT('',(10.47958279,1.31830001,3.51999998));
#2043=DIRECTION('',(0.83147002,-0.55556963,0.));
#2044=DIRECTION('',(0.,0.,1.));
#2045=AXIS2_PLACEMENT_3D('',#2042,#2043,#2044);
#2046=PLANE('',#2045);
#2047=POLY_LOOP('',(#121,#123,#24));
#2048=FACE_OUTER_BOUND('',#2047,.T.);
#2049=FACE_SURFACE('',(#2048),#2046,.T.);
#2050=CARTESIAN_POINT('',(3.03660011,-0.40000001,3.5999999));
#2051=DIRECTION('',(-0.06540311,-0.99785892,0.));
#2052=DIRECTION('',(-0.99785892,0.06540311,0.));
#2053=AXIS2_PLACEMENT_3D('',#2050,#2051,#2052);
#2054=PLANE('',#2053);
#2055=POLY_LOOP('',(#35,#155,#36));
#2056=FACE_OUTER_BOUND('',#2055,.T.);
#2057=FACE_SURFACE('',(#2056),#2054,.T.);
#2058=CARTESIAN_POINT('',(7.50339985,6.07320023,0.));
#2059=DIRECTION('',(0.,0.,-1.));
#2060=DIRECTION('',(0.79335332,-0.60876146,0.));
#2061=AXIS2_PLACEMENT_3D('',#2058,#2059,#2060);
#2062=PLANE('',#2061);
#2063=POLY_LOOP('',(#91,#90,#82));
#2064=FACE_OUTER_BOUND('',#2063,.T.);
#2065=FACE_SURFACE('',(#2064),#2062,.T.);
#2066=CARTESIAN_POINT('',(10.22983837,5.12866974,3.51999998));
#2067=DIRECTION('',(0.74705253,0.6551471,-0.11267119));
#2068=DIRECTION('',(-0.08957741,-0.06873518,-0.99360523));
#2069=AXIS2_PLACEMENT_3D('',#2066,#2067,#2068);
#2070=PLANE('',#2069);
#2071=POLY_LOOP('',(#149,#148,#153));
#2072=FACE_OUTER_BOUND('',#2071,.T.);
#2073=FACE_SURFACE('',(#2072),#2070,.T.);
#2074=CARTESIAN_POINT('',(8.39285755,-0.28290069,3.51999998));
#2075=DIRECTION('',(0.31939253,-0.94090045,-0.11267105));
#2076=DIRECTION('',(-0.02922329,0.10906238,-0.99360525));
#2077=AXIS2_PLACEMENT_3D('',#2074,#2075,#2076);
#2078=PLANE('',#2077);
#2079=POLY_LOOP('',(#130,#132,#66));
#2080=FACE_OUTER_BOUND('',#2079,.T.);
#2081=FACE_SURFACE('',(#2080),#2078,.T.);
#2082=CARTESIAN_POINT('',(10.93999958,3.03660011,3.51999998));
#2083=DIRECTION('',(0.99150501,0.0649851,-0.11267097));
#2084=DIRECTION('',(-0.1193962,0.1110935,-0.98661177));
#2085=AXIS2_PLACEMENT_3D('',#2082,#2083,#2084);
#2086=PLANE('',#2085);
#2087=POLY_LOOP('',(#102,#168,#63));
#2088=FACE_OUTER_BOUND('',#2087,.T.);
#2089=FACE_SURFACE('',(#2088),#2086,.T.);
#2090=CARTESIAN_POINT('',(0.94453049,5.76303816,3.51999998));
#2091=DIRECTION('',(-0.65934567,0.75183993,0.));
#2092=DIRECTION('',(-0.74020965,-0.64914619,0.17521104));
#2093=AXIS2_PLACEMENT_3D('',#2090,#2091,#2092);
#2094=PLANE('',#2093);
#2095=POLY_LOOP('',(#20,#157,#58));
#2096=FACE_OUTER_BOUND('',#2095,.T.);
#2097=FACE_SURFACE('',(#2096),#2094,.T.);
#2098=CARTESIAN_POINT('',(10.82290077,2.14714241,3.5999999));
#2099=DIRECTION('',(0.,0.,1.));
#2100=DIRECTION('',(-0.7071068,-0.70710676,0.));
#2101=AXIS2_PLACEMENT_3D('',#2098,#2099,#2100);
#2102=PLANE('',#2101);
#2103=POLY_LOOP('',(#167,#55,#122));
#2104=FACE_OUTER_BOUND('',#2103,.T.);
#2105=FACE_SURFACE('',(#2104),#2102,.T.);
#2106=CARTESIAN_POINT('',(-0.1384044,4.35172987,3.51999998));
#2107=DIRECTION('',(-0.89116181,0.43947226,-0.112671));
#2108=DIRECTION('',(0.15282158,0.05694608,-0.98661173));
#2109=AXIS2_PLACEMENT_3D('',#2106,#2107,#2108);
#2110=PLANE('',#2109);
#2111=POLY_LOOP('',(#96,#133,#108));
#2112=FACE_OUTER_BOUND('',#2111,.T.);
#2113=FACE_SURFACE('',(#2112),#2110,.T.);
#2114=CARTESIAN_POINT('',(1.51830006,5.66637278,0.));
#2115=DIRECTION('',(-0.55203238,0.82617522,-0.11267105));
#2116=DIRECTION('',(-0.83146973,-0.55557005,0.));
#2117=AXIS2_PLACEMENT_3D('',#2114,#2115,#2116);
#2118=PLANE('',#2117);
#2119=POLY_LOOP('',(#169,#114,#68));
#2120=FACE_OUTER_BOUND('',#2119,.T.);
#2121=FACE_SURFACE('',(#2120),#2118,.T.);
#2122=CARTESIAN_POINT('',(0.94453049,0.31016192,3.5999999));
#2123=DIRECTION('',(0.,0.,1.));
#2124=DIRECTION('',(0.99684503,-0.07937239,0.));
#2125=AXIS2_PLACEMENT_3D('',#2122,#2123,#2124);
#2126=PLANE('',#2125);
#2127=POLY_LOOP('',(#75,#55,#143));
#2128=FACE_OUTER_BOUND('',#2127,.T.);
#2129=FACE_SURFACE('',(#2128),#2126,.T.);
#2130=CARTESIAN_POINT('',(0.31016192,5.12866974,3.5999999));
#2131=DIRECTION('',(-0.75183978,0.65934585,0.));
#2132=DIRECTION('',(0.65934585,0.75183978,0.));
#2133=AXIS2_PLACEMENT_3D('',#2130,#2131,#2132);
#2134=PLANE('',#2133);
#2135=POLY_LOOP('',(#74,#157,#80));
#2136=FACE_OUTER_BOUND('',#2135,.T.);
#2137=FACE_SURFACE('',(#2136),#2134,.T.);
#2138=CARTESIAN_POINT('',(10.3088522,1.87454355,0.));
#2139=DIRECTION('',(0.94090029,-0.31939292,-0.11267123));
#2140=DIRECTION('',(0.32143975,0.94693003,0.));
#2141=AXIS2_PLACEMENT_3D('',#2138,#2139,#2140);
#2142=PLANE('',#2141);
#2143=POLY_LOOP('',(#158,#110,#124));
#2144=FACE_OUTER_BOUND('',#2143,.T.);
#2145=FACE_SURFACE('',(#2144),#2142,.T.);
#2146=CARTESIAN_POINT('',(7.50339985,0.,0.));
#2147=DIRECTION('',(0.,0.,-1.));
#2148=DIRECTION('',(0.6087614,0.79335336,0.));
#2149=AXIS2_PLACEMENT_3D('',#2146,#2147,#2148);
#2150=PLANE('',#2149);
#2151=POLY_LOOP('',(#41,#90,#131));
#2152=FACE_OUTER_BOUND('',#2151,.T.);
#2153=FACE_SURFACE('',(#2152),#2150,.T.);
#2154=CARTESIAN_POINT('',(2.14714241,6.35610056,3.51999998));
#2155=DIRECTION('',(-0.19509077,0.98078519,0.));
#2156=DIRECTION('',(0.96561334,0.1920729,0.17521099));
#2157=AXIS2_PLACEMENT_3D('',#2154,#2155,#2156);
#2158=PLANE('',#2157);
#2159=POLY_LOOP('',(#140,#87,#83));
#2160=FACE_OUTER_BOUND('',#2159,.T.);
#2161=FACE_SURFACE('',(#2160),#2158,.T.);
#2162=CARTESIAN_POINT('',(-0.37059942,3.48516631,3.5999999));
#2163=DIRECTION('',(0.,0.,1.));
#2164=DIRECTION('',(0.91867754,-0.39500833,0.));
#2165=AXIS2_PLACEMENT_3D('',#2162,#2163,#2164);
#2166=PLANE('',#2165);
#2167=POLY_LOOP('',(#26,#55,#95));
#2168=FACE_OUTER_BOUND('',#2167,.T.);
#2169=FACE_SURFACE('',(#2168),#2166,.T.);
#2170=CARTESIAN_POINT('',(1.18803501,0.62750328,0.));
#2171=DIRECTION('',(0.,0.,-1.));
#2172=DIRECTION('',(0.9451873,0.32652866,0.));
#2173=AXIS2_PLACEMENT_3D('',#2170,#2171,#2172);
#2174=PLANE('',#2173);
#2175=POLY_LOOP('',(#92,#90,#115));
#2176=FACE_OUTER_BOUND('',#2175,.T.);
#2177=FACE_SURFACE('',(#2176),#2174,.T.);
#2178=CARTESIAN_POINT('',(1.18803501,0.62750328,0.));
#2179=DIRECTION('',(-0.55203248,-0.82617515,-0.11267101));
#2180=DIRECTION('',(0.83146966,-0.55557016,0.));
#2181=AXIS2_PLACEMENT_3D('',#2178,#2179,#2180);
#2182=PLANE('',#2181);
#2183=POLY_LOOP('',(#92,#115,#76));
#2184=FACE_OUTER_BOUND('',#2183,.T.);
#2185=FACE_SURFACE('',(#2184),#2182,.T.);
#2186=CARTESIAN_POINT('',(1.31830001,6.01278305,3.5999999));
#2187=DIRECTION('',(0.,0.,1.));
#2188=DIRECTION('',(0.7470323,-0.66478774,0.));
#2189=AXIS2_PLACEMENT_3D('',#2186,#2187,#2188);
#2190=PLANE('',#2189);
#2191=POLY_LOOP('',(#59,#55,#135));
#2192=FACE_OUTER_BOUND('',#2191,.T.);
#2193=FACE_SURFACE('',(#2192),#2190,.T.);
#2194=CARTESIAN_POINT('',(8.81853008,6.2116046,3.5999999));
#2195=DIRECTION('',(0.,0.,1.));
#2196=DIRECTION('',(-0.06540315,-0.99785892,0.));
#2197=AXIS2_PLACEMENT_3D('',#2194,#2195,#2196);
#2198=PLANE('',#2197);
#2199=POLY_LOOP('',(#119,#55,#156));
#2200=FACE_OUTER_BOUND('',#2199,.T.);
#2201=FACE_SURFACE('',(#2200),#2198,.T.);
#2202=CARTESIAN_POINT('',(10.22983837,0.94453049,3.51999998));
#2203=DIRECTION('',(0.83147002,-0.55556963,0.));
#2204=DIRECTION('',(0.54697546,0.81860791,0.1752111));
#2205=AXIS2_PLACEMENT_3D('',#2202,#2203,#2204);
#2206=PLANE('',#2205);
#2207=POLY_LOOP('',(#24,#123,#166));
#2208=FACE_OUTER_BOUND('',#2207,.T.);
#2209=FACE_SURFACE('',(#2208),#2206,.T.);
#2210=CARTESIAN_POINT('',(7.50339985,6.47319984,3.5999999));
#2211=DIRECTION('',(0.,0.,1.));
#2212=DIRECTION('',(0.13052622,-0.99144486,0.));
#2213=AXIS2_PLACEMENT_3D('',#2210,#2211,#2212);
#2214=PLANE('',#2213);
#2215=POLY_LOOP('',(#165,#55,#99));
#2216=FACE_OUTER_BOUND('',#2215,.T.);
#2217=FACE_SURFACE('',(#2216),#2214,.T.);
#2218=CARTESIAN_POINT('',(0.10346963,3.82253003,0.));
#2219=DIRECTION('',(0.,0.,-1.));
#2220=DIRECTION('',(1.,0.,0.));
#2221=AXIS2_PLACEMENT_3D('',#2218,#2219,#2220);
#2222=PLANE('',#2221);
#2223=POLY_LOOP('',(#109,#90,#57));
#2224=FACE_OUTER_BOUND('',#2223,.T.);
#2225=FACE_SURFACE('',(#2224),#2222,.T.);
#2226=CARTESIAN_POINT('',(3.03660011,6.07320023,0.));
#2227=DIRECTION('',(-0.06498674,0.9915049,-0.11267098));
#2228=DIRECTION('',(-0.99785892,-0.0654032,0.));
#2229=AXIS2_PLACEMENT_3D('',#2226,#2227,#2228);
#2230=PLANE('',#2229);
#2231=POLY_LOOP('',(#82,#93,#83));
#2232=FACE_OUTER_BOUND('',#2231,.T.);
#2233=FACE_SURFACE('',(#2232),#2230,.T.);
#2234=CARTESIAN_POINT('',(1.72147012,-0.1384044,3.5999999));
#2235=DIRECTION('',(0.,0.,1.));
#2236=DIRECTION('',(0.99976552,-0.02165403,0.));
#2237=AXIS2_PLACEMENT_3D('',#2234,#2235,#2236);
#2238=PLANE('',#2237);
#2239=POLY_LOOP('',(#126,#55,#85));
#2240=FACE_OUTER_BOUND('',#2239,.T.);
#2241=FACE_SURFACE('',(#2240),#2238,.T.);
#2242=CARTESIAN_POINT('',(-0.1384044,1.72147012,3.5999999));
#2243=DIRECTION('',(0.,0.,1.));
#2244=DIRECTION('',(0.97349305,-0.22871658,0.));
#2245=AXIS2_PLACEMENT_3D('',#2242,#2243,#2244);
#2246=PLANE('',#2245);
#2247=POLY_LOOP('',(#101,#55,#144));
#2248=FACE_OUTER_BOUND('',#2247,.T.);
#2249=FACE_SURFACE('',(#2248),#2246,.T.);
#2250=CARTESIAN_POINT('',(9.93344307,0.60655683,3.5999999));
#2251=DIRECTION('',(0.65934585,-0.75183978,0.));
#2252=DIRECTION('',(-0.74020949,-0.64914636,-0.17521103));
#2253=AXIS2_PLACEMENT_3D('',#2250,#2251,#2252);
#2254=PLANE('',#2253);
#2255=POLY_LOOP('',(#152,#45,#25));
#2256=FACE_OUTER_BOUND('',#2255,.T.);
#2257=FACE_SURFACE('',(#2256),#2254,.T.);
#2258=CARTESIAN_POINT('',(9.59546947,0.31016192,3.5999999));
#2259=DIRECTION('',(0.65934585,-0.75183978,0.));
#2260=DIRECTION('',(0.,0.,-1.));
#2261=AXIS2_PLACEMENT_3D('',#2258,#2259,#2260);
#2262=PLANE('',#2261);
#2263=POLY_LOOP('',(#154,#45,#152));
#2264=FACE_OUTER_BOUND('',#2263,.T.);
#2265=FACE_SURFACE('',(#2264),#2262,.T.);
#2266=CARTESIAN_POINT('',(10.91059971,2.58803368,3.5999999));
#2267=DIRECTION('',(0.98078519,-0.19509077,0.));
#2268=DIRECTION('',(-0.1920729,-0.96561334,-0.17521099));
#2269=AXIS2_PLACEMENT_3D('',#2266,#2267,#2268);
#2270=PLANE('',#2269);
#2271=POLY_LOOP('',(#164,#150,#116));
#2272=FACE_OUTER_BOUND('',#2271,.T.);
#2273=FACE_SURFACE('',(#2272),#2270,.T.);
#2274=CARTESIAN_POINT('',(10.82290077,2.14714241,3.5999999));
#2275=DIRECTION('',(0.98078519,-0.19509077,0.));
#2276=DIRECTION('',(0.,0.,-1.));
#2277=AXIS2_PLACEMENT_3D('',#2274,#2275,#2276);
#2278=PLANE('',#2277);
#2279=POLY_LOOP('',(#167,#150,#164));
#2280=FACE_OUTER_BOUND('',#2279,.T.);
#2281=FACE_SURFACE('',(#2280),#2278,.T.);
#2282=CARTESIAN_POINT('',(2.58803368,6.4437995,3.51999998));
#2283=DIRECTION('',(-0.06540258,0.99785896,0.));
#2284=DIRECTION('',(0.,0.,1.));
#2285=AXIS2_PLACEMENT_3D('',#2282,#2283,#2284);
#2286=PLANE('',#2285);
#2287=POLY_LOOP('',(#83,#87,#84));
#2288=FACE_OUTER_BOUND('',#2287,.T.);
#2289=FACE_SURFACE('',(#2288),#2286,.T.);
#2290=CARTESIAN_POINT('',(2.14714241,6.35610056,3.5999999));
#2291=DIRECTION('',(-0.19509077,0.98078519,0.));
#2292=DIRECTION('',(0.98078519,0.19509077,0.));
#2293=AXIS2_PLACEMENT_3D('',#2290,#2291,#2292);
#2294=PLANE('',#2293);
#2295=POLY_LOOP('',(#129,#87,#140));
#2296=FACE_OUTER_BOUND('',#2295,.T.);
#2297=FACE_SURFACE('',(#2296),#2294,.T.);
#2298=CARTESIAN_POINT('',(9.22169971,0.0604171,3.51999998));
#2299=DIRECTION('',(0.43947273,-0.89116158,-0.112671));
#2300=DIRECTION('',(-0.15590791,0.04785356,-0.98661176));
#2301=AXIS2_PLACEMENT_3D('',#2298,#2299,#2300);
#2302=PLANE('',#2301);
#2303=POLY_LOOP('',(#67,#112,#113));
#2304=FACE_OUTER_BOUND('',#2303,.T.);
#2305=FACE_SURFACE('',(#2304),#2302,.T.);
#2306=CARTESIAN_POINT('',(10.91059971,3.48516631,3.51999998));
#2307=DIRECTION('',(0.97453989,0.1938485,-0.11267098));
#2308=DIRECTION('',(-0.1119437,-0.0147377,-0.99360526));
#2309=AXIS2_PLACEMENT_3D('',#2306,#2307,#2308);
#2310=PLANE('',#2309);
#2311=POLY_LOOP('',(#63,#168,#64));
#2312=FACE_OUTER_BOUND('',#2311,.T.);
#2313=FACE_SURFACE('',(#2312),#2310,.T.);
#2314=CARTESIAN_POINT('',(10.22983837,0.94453049,3.5999999));
#2315=DIRECTION('',(0.,0.,1.));
#2316=DIRECTION('',(-0.83146965,-0.55557018,0.));
#2317=AXIS2_PLACEMENT_3D('',#2314,#2315,#2316);
#2318=PLANE('',#2317);
#2319=POLY_LOOP('',(#166,#55,#152));
#2320=FACE_OUTER_BOUND('',#2319,.T.);
#2321=FACE_SURFACE('',(#2320),#2318,.T.);
#2322=CARTESIAN_POINT('',(10.91059971,2.58803368,3.5999999));
#2323=DIRECTION('',(0.,0.,1.));
#2324=DIRECTION('',(-0.65934586,-0.75183977,0.));
#2325=AXIS2_PLACEMENT_3D('',#2322,#2323,#2324);
#2326=PLANE('',#2325);
#2327=POLY_LOOP('',(#164,#55,#167));
#2328=FACE_OUTER_BOUND('',#2327,.T.);
#2329=FACE_SURFACE('',(#2328),#2326,.T.);
#2330=CARTESIAN_POINT('',(7.89975595,0.02597853,0.));
#2331=DIRECTION('',(0.,0.,-1.));
#2332=DIRECTION('',(0.55557016,0.83146966,0.));
#2333=AXIS2_PLACEMENT_3D('',#2330,#2331,#2332);
#2334=PLANE('',#2333);
#2335=POLY_LOOP('',(#131,#90,#132));
#2336=FACE_OUTER_BOUND('',#2335,.T.);
#2337=FACE_SURFACE('',(#2336),#2334,.T.);
#2338=CARTESIAN_POINT('',(9.35196495,0.62750328,0.));
#2339=DIRECTION('',(0.,0.,-1.));
#2340=DIRECTION('',(0.32143939,0.94693015,0.));
#2341=AXIS2_PLACEMENT_3D('',#2338,#2339,#2340);
#2342=PLANE('',#2341);
#2343=POLY_LOOP('',(#46,#90,#23));
#2344=FACE_OUTER_BOUND('',#2343,.T.);
#2345=FACE_SURFACE('',(#2344),#2342,.T.);
#2346=CARTESIAN_POINT('',(1.87454355,0.23114741,0.));
#2347=DIRECTION('',(0.,0.,-1.));
#2348=DIRECTION('',(0.92216088,0.38680656,0.));
#2349=AXIS2_PLACEMENT_3D('',#2346,#2347,#2348);
#2350=PLANE('',#2349);
#2351=POLY_LOOP('',(#104,#90,#70));
#2352=FACE_OUTER_BOUND('',#2351,.T.);
#2353=FACE_SURFACE('',(#2352),#2350,.T.);
#2354=CARTESIAN_POINT('',(3.03660011,0.,0.));
#2355=DIRECTION('',(0.,0.,-1.));
#2356=DIRECTION('',(0.88846346,0.45894735,0.));
#2357=AXIS2_PLACEMENT_3D('',#2354,#2355,#2356);
#2358=PLANE('',#2357);
#2359=POLY_LOOP('',(#42,#90,#41));
#2360=FACE_OUTER_BOUND('',#2359,.T.);
#2361=FACE_SURFACE('',(#2360),#2358,.T.);
#2362=CARTESIAN_POINT('',(0.,3.03660011,0.));
#2363=DIRECTION('',(0.,0.,-1.));
#2364=DIRECTION('',(0.99717653,0.07509305,0.));
#2365=AXIS2_PLACEMENT_3D('',#2362,#2363,#2364);
#2366=PLANE('',#2365);
#2367=POLY_LOOP('',(#33,#90,#34));
#2368=FACE_OUTER_BOUND('',#2367,.T.);
#2369=FACE_SURFACE('',(#2368),#2366,.T.);
#2370=CARTESIAN_POINT('',(10.67840481,4.35172987,3.5999999));
#2371=DIRECTION('',(0.94693034,0.32143885,0.));
#2372=DIRECTION('',(0.31646648,-0.93228217,-0.17521108));
#2373=AXIS2_PLACEMENT_3D('',#2370,#2371,#2372);
#2374=PLANE('',#2373);
#2375=POLY_LOOP('',(#62,#64,#60));
#2376=FACE_OUTER_BOUND('',#2375,.T.);
#2377=FACE_SURFACE('',(#2376),#2374,.T.);
#2378=CARTESIAN_POINT('',(0.02597853,3.43295574,0.));
#2379=DIRECTION('',(0.,0.,-1.));
#2380=DIRECTION('',(0.99930057,0.03739493,0.));
#2381=AXIS2_PLACEMENT_3D('',#2378,#2379,#2380);
#2382=PLANE('',#2381);
#2383=POLY_LOOP('',(#57,#90,#33));
#2384=FACE_OUTER_BOUND('',#2383,.T.);
#2385=FACE_SURFACE('',(#2384),#2382,.T.);
#2386=CARTESIAN_POINT('',(10.67840481,1.72147012,3.51999998));
#2387=DIRECTION('',(0.9409006,-0.31939204,-0.11267112));
#2388=DIRECTION('',(-0.06779443,0.14832812,-0.98661172));
#2389=AXIS2_PLACEMENT_3D('',#2386,#2387,#2388);
#2390=PLANE('',#2389);
#2391=POLY_LOOP('',(#124,#110,#150));
#2392=FACE_OUTER_BOUND('',#2391,.T.);
#2393=FACE_SURFACE('',(#2392),#2390,.T.);
#2394=CARTESIAN_POINT('',(9.22169971,6.01278305,3.5999999));
#2395=DIRECTION('',(0.,0.,1.));
#2396=DIRECTION('',(-0.13052614,-0.99144487,0.));
#2397=AXIS2_PLACEMENT_3D('',#2394,#2395,#2396);
#2398=PLANE('',#2397);
#2399=POLY_LOOP('',(#156,#55,#163));
#2400=FACE_OUTER_BOUND('',#2399,.T.);
#2401=FACE_SURFACE('',(#2400),#2398,.T.);
#2402=CARTESIAN_POINT('',(9.93344307,5.46664333,3.5999999));
#2403=DIRECTION('',(0.,0.,1.));
#2404=DIRECTION('',(-0.25881902,-0.96592583,0.));
#2405=AXIS2_PLACEMENT_3D('',#2402,#2403,#2404);
#2406=PLANE('',#2405);
#2407=POLY_LOOP('',(#51,#55,#52));
#2408=FACE_OUTER_BOUND('',#2407,.T.);
#2409=FACE_SURFACE('',(#2408),#2406,.T.);
#2410=CARTESIAN_POINT('',(1.51830006,5.66637278,0.));
#2411=DIRECTION('',(-0.43947202,0.89116193,-0.11267104));
#2412=DIRECTION('',(-0.05645486,0.09778269,0.99360525));
#2413=AXIS2_PLACEMENT_3D('',#2410,#2411,#2412);
#2414=PLANE('',#2413);
#2415=POLY_LOOP('',(#169,#68,#141));
#2416=FACE_OUTER_BOUND('',#2415,.T.);
#2417=FACE_SURFACE('',(#2416),#2414,.T.);
#2418=CARTESIAN_POINT('',(2.25067019,5.96973038,0.));
#2419=DIRECTION('',(0.,0.,-1.));
#2420=DIRECTION('',(0.96727703,-0.25372259,0.));
#2421=AXIS2_PLACEMENT_3D('',#2418,#2419,#2420);
#2422=PLANE('',#2421);
#2423=POLY_LOOP('',(#97,#90,#141));
#2424=FACE_OUTER_BOUND('',#2423,.T.);
#2425=FACE_SURFACE('',(#2424),#2422,.T.);
#2426=CARTESIAN_POINT('',(7.50339985,0.,0.));
#2427=DIRECTION('',(0.06498662,-0.99150491,-0.11267101));
#2428=DIRECTION('',(0.99785893,0.06540308,0.));
#2429=AXIS2_PLACEMENT_3D('',#2426,#2427,#2428);
#2430=PLANE('',#2429);
#2431=POLY_LOOP('',(#41,#131,#127));
#2432=FACE_OUTER_BOUND('',#2431,.T.);
#2433=FACE_SURFACE('',(#2432),#2430,.T.);
#2434=CARTESIAN_POINT('',(8.66545677,5.84205246,0.));
#2435=DIRECTION('',(0.,0.,-1.));
#2436=DIRECTION('',(0.65934575,-0.75183986,0.));
#2437=AXIS2_PLACEMENT_3D('',#2434,#2435,#2436);
#2438=PLANE('',#2437);
#2439=POLY_LOOP('',(#48,#90,#142));
#2440=FACE_OUTER_BOUND('',#2439,.T.);
#2441=FACE_SURFACE('',(#2440),#2438,.T.);
#2442=CARTESIAN_POINT('',(-0.40000001,3.03660011,3.5999999));
#2443=DIRECTION('',(0.,0.,1.));
#2444=DIRECTION('',(0.93555105,-0.35319149,0.));
#2445=AXIS2_PLACEMENT_3D('',#2442,#2443,#2444);
#2446=PLANE('',#2445);
#2447=POLY_LOOP('',(#28,#55,#26));
#2448=FACE_OUTER_BOUND('',#2447,.T.);
#2449=FACE_SURFACE('',(#2448),#2446,.T.);
#2450=CARTESIAN_POINT('',(-0.37059942,2.58803368,3.5999999));
#2451=DIRECTION('',(0.,0.,1.));
#2452=DIRECTION('',(0.95030432,-0.3113225,0.));
#2453=AXIS2_PLACEMENT_3D('',#2450,#2451,#2452);
#2454=PLANE('',#2453);
#2455=POLY_LOOP('',(#31,#55,#28));
#2456=FACE_OUTER_BOUND('',#2455,.T.);
#2457=FACE_SURFACE('',(#2456),#2454,.T.);
#2458=CARTESIAN_POINT('',(1.87454355,5.84205246,0.));
#2459=DIRECTION('',(0.,0.,-1.));
#2460=DIRECTION('',(0.97329189,-0.22957111,0.));
#2461=AXIS2_PLACEMENT_3D('',#2458,#2459,#2460);
#2462=PLANE('',#2461);
#2463=POLY_LOOP('',(#141,#90,#169));
#2464=FACE_OUTER_BOUND('',#2463,.T.);
#2465=FACE_SURFACE('',(#2464),#2462,.T.);
#2466=CARTESIAN_POINT('',(1.51830006,5.66637278,0.));
#2467=DIRECTION('',(0.,0.,-1.));
#2468=DIRECTION('',(0.97928891,-0.20246784,0.));
#2469=AXIS2_PLACEMENT_3D('',#2466,#2467,#2468);
#2470=PLANE('',#2469);
#2471=POLY_LOOP('',(#169,#90,#114));
#2472=FACE_OUTER_BOUND('',#2471,.T.);
#2473=FACE_SURFACE('',(#2472),#2470,.T.);
#2474=CARTESIAN_POINT('',(9.35196495,5.44569683,0.));
#2475=DIRECTION('',(0.,0.,-1.));
#2476=DIRECTION('',(0.55557016,-0.83146966,0.));
#2477=AXIS2_PLACEMENT_3D('',#2474,#2475,#2476);
#2478=PLANE('',#2477);
#2479=POLY_LOOP('',(#162,#90,#159));
#2480=FACE_OUTER_BOUND('',#2479,.T.);
#2481=FACE_SURFACE('',(#2480),#2478,.T.);
#2482=CARTESIAN_POINT('',(9.65060043,5.18380022,0.));
#2483=DIRECTION('',(0.,0.,-1.));
#2484=DIRECTION('',(0.49999999,-0.86602541,0.));
#2485=AXIS2_PLACEMENT_3D('',#2482,#2483,#2484);
#2486=PLANE('',#2485);
#2487=POLY_LOOP('',(#153,#90,#162));
#2488=FACE_OUTER_BOUND('',#2487,.T.);
#2489=FACE_SURFACE('',(#2488),#2486,.T.);
#2490=CARTESIAN_POINT('',(0.02597853,2.64024425,0.));
#2491=DIRECTION('',(0.,0.,-1.));
#2492=DIRECTION('',(0.99361308,0.11284077,0.));
#2493=AXIS2_PLACEMENT_3D('',#2490,#2491,#2492);
#2494=PLANE('',#2493);
#2495=POLY_LOOP('',(#34,#90,#107));
#2496=FACE_OUTER_BOUND('',#2495,.T.);
#2497=FACE_SURFACE('',(#2496),#2494,.T.);
#2498=CARTESIAN_POINT('',(0.10346963,2.25067019,0.));
#2499=DIRECTION('',(0.,0.,-1.));
#2500=DIRECTION('',(0.98862684,0.15038941,0.));
#2501=AXIS2_PLACEMENT_3D('',#2498,#2499,#2500);
#2502=PLANE('',#2501);
#2503=POLY_LOOP('',(#107,#90,#146));
#2504=FACE_OUTER_BOUND('',#2503,.T.);
#2505=FACE_SURFACE('',(#2504),#2502,.T.);
#2506=CARTESIAN_POINT('',(10.53999996,3.03660011,0.));
#2507=DIRECTION('',(0.,0.,-1.));
#2508=DIRECTION('',(-0.13052646,0.99144483,0.));
#2509=AXIS2_PLACEMENT_3D('',#2506,#2507,#2508);
#2510=PLANE('',#2509);
#2511=POLY_LOOP('',(#134,#90,#168));
#2512=FACE_OUTER_BOUND('',#2511,.T.);
#2513=FACE_SURFACE('',(#2512),#2510,.T.);
#2514=CARTESIAN_POINT('',(10.51402187,3.43295574,0.));
#2515=DIRECTION('',(0.97453968,0.19384954,-0.11267111));
#2516=DIRECTION('',(-0.19509181,0.98078498,0.));
#2517=AXIS2_PLACEMENT_3D('',#2514,#2515,#2516);
#2518=PLANE('',#2517);
#2519=POLY_LOOP('',(#168,#90,#64));
#2520=FACE_OUTER_BOUND('',#2519,.T.);
#2521=FACE_SURFACE('',(#2520),#2518,.T.);
#2522=CARTESIAN_POINT('',(0.40682727,1.51830006,0.));
#2523=DIRECTION('',(0.,0.,-1.));
#2524=DIRECTION('',(0.97461038,0.22390758,0.));
#2525=AXIS2_PLACEMENT_3D('',#2522,#2523,#2524);
#2526=PLANE('',#2525);
#2527=POLY_LOOP('',(#72,#90,#125));
#2528=FACE_OUTER_BOUND('',#2527,.T.);
#2529=FACE_SURFACE('',(#2528),#2526,.T.);
#2530=CARTESIAN_POINT('',(0.23114741,1.87454355,0.));
#2531=DIRECTION('',(0.,0.,-1.));
#2532=DIRECTION('',(0.98226589,0.18749328,0.));
#2533=AXIS2_PLACEMENT_3D('',#2530,#2531,#2532);
#2534=PLANE('',#2533);
#2535=POLY_LOOP('',(#146,#90,#72));
#2536=FACE_OUTER_BOUND('',#2535,.T.);
#2537=FACE_SURFACE('',(#2536),#2534,.T.);
#2538=CLOSED_SHELL('',(#177,#185,#193,#201,#209,#217,#225,#233,#241,#249,#257,#265,#273,#281,#289,#297,#305,#313,#321,#329,#337,#345,#353,#361,#369,#377,#385,#393,#401,#409,#417,#425,#433,#441,#449,#457,#465,#473,#481,#489,#497,#505,#513,#521,#529,#537,#545,#553,#561,#569,#577,#585,#593,#601,#609,#617,#625,#633,#641,#649,#657,#665,#673,#681,#689,#697,#705,#713,#721,#729,#737,#745,#753,#761,#769,#777,#785,#793,#801,#809,#817,#825,#833,#841,#849,#857,#865,#873,#881,#889,#897,#905,#913,#921,#929,#937,#945,#953,#961,#969,#977,#985,#993,#1001,#1009,#1017,#1025,#1033,#1041,#1049,#1057,#1065,#1073,#1081,#1089,#1097,#1105,#1113,#1121,#1129,#1137,#1145,#1153,#1161,#1169,#1177,#1185,#1193,#1201,#1209,#1217,#1225,#1233,#1241,#1249,#1257,#1265,#1273,#1281,#1289,#1297,#1305,#1313,#1321,#1329,#1337,#1345,#1353,#1361,#1369,#1377,#1385,#1393,#1401,#1409,#1417,#1425,#1433,#1441,#1449,#1457,#1465,#1473,#1481,#1489,#1497,#1505,#1513,#1521,#1529,#1537,#1545,#1553,#1561,#1569,#1577,#1585,#1593,#1601,#1609,#1617,#1625,#1633,#1641,#1649,#1657,#1665,#1673,#1681,#1689,#1697,#1705,#1713,#1721,#1729,#1737,#1745,#1753,#1761,#1769,#1777,#1785,#1793,#1801,#1809,#1817,#1825,#1833,#1841,#1849,#1857,#1865,#1873,#1881,#1889,#1897,#1905,#1913,#1921,#1929,#1937,#1945,#1953,#1961,#1969,#1977,#1985,#1993,#2001,#2009,#2017,#2025,#2033,#2041,#2049,#2057,#2065,#2073,#2081,#2089,#2097,#2105,#2113,#2121,#2129,#2137,#2145,#2153,#2161,#2169,#2177,#2185,#2193,#2201,#2209,#2217,#2225,#2233,#2241,#2249,#2257,#2265,#2273,#2281,#2289,#2297,#2305,#2313,#2321,#2329,#2337,#2345,#2353,#2361,#2369,#2377,#2385,#2393,#2401,#2409,#2417,#2425,#2433,#2441,#2449,#2457,#2465,#2473,#2481,#2489,#2497,#2505,#2513,#2521,#2529,#2537));
#2539=FACETED_BREP('button_trip',#2538);
#2540=ADVANCED_BREP_SHAPE_REPRESENTATION('',(#2539),#14);
#2541=SHAPE_DEFINITION_REPRESENTATION(#9,#2540);
ENDSEC;
END-ISO-10303-21;
